index,P(0),P(1),P(2)
0,-2.0,2.0,0.25
1,-1.9043291419087276,2.0,0.23096988312782168
2,-1.823223304703363,2.0,0.1767766952966369
3,-1.7690301168721783,2.0,0.09567085809127246
4,-1.75,2.0,1.5308084989341915e-17
5,-1.7690301168721783,2.0,-0.09567085809127243
6,-1.823223304703363,2.0,-0.17677669529663687
7,-1.9043291419087276,2.0,-0.23096988312782168
8,-2.0,2.0,-0.25
9,-2.0956708580912724,2.0,-0.2309698831278217
10,-2.176776695296637,2.0,-0.17677669529663692
11,-2.2309698831278215,2.0,-0.09567085809127258
12,-2.25,2.0,-4.592425496802574e-17
13,-2.2309698831278215,2.0,0.0956708580912725
14,-2.176776695296637,2.0,0.17677669529663684
15,-2.0956708580912724,2.0,0.23096988312782163
16,-2.0,1.9491525423728815,0.25
17,-1.9043291419087276,1.9491525423728815,0.23096988312782168
18,-1.823223304703363,1.9491525423728815,0.1767766952966369
19,-1.7690301168721783,1.9491525423728815,0.09567085809127246
20,-1.75,1.9491525423728815,1.5308084989341915e-17
21,-1.7690301168721783,1.9491525423728815,-0.09567085809127243
22,-1.823223304703363,1.9491525423728815,-0.17677669529663687
23,-1.9043291419087276,1.9491525423728815,-0.23096988312782168
24,-2.0,1.9491525423728815,-0.25
25,-2.0956708580912724,1.9491525423728815,-0.2309698831278217
26,-2.176776695296637,1.9491525423728815,-0.17677669529663692
27,-2.2309698831278215,1.9491525423728815,-0.09567085809127258
28,-2.25,1.9491525423728815,-4.592425496802574e-17
29,-2.2309698831278215,1.9491525423728815,0.0956708580912725
30,-2.176776695296637,1.9491525423728815,0.17677669529663684
31,-2.0956708580912724,1.9491525423728815,0.23096988312782163
32,-2.0,1.8983050847457628,0.25
33,-1.9043291419087276,1.8983050847457628,0.23096988312782168
34,-1.823223304703363,1.8983050847457628,0.1767766952966369
35,-1.7690301168721783,1.8983050847457628,0.09567085809127246
36,-1.75,1.8983050847457628,1.5308084989341915e-17
37,-1.7690301168721783,1.8983050847457628,-0.09567085809127243
38,-1.823223304703363,1.8983050847457628,-0.17677669529663687
39,-1.9043291419087276,1.8983050847457628,-0.23096988312782168
40,-2.0,1.8983050847457628,-0.25
41,-2.0956708580912724,1.8983050847457628,-0.2309698831278217
42,-2.176776695296637,1.8983050847457628,-0.17677669529663692
43,-2.2309698831278215,1.8983050847457628,-0.09567085809127258
44,-2.25,1.8983050847457628,-4.592425496802574e-17
45,-2.2309698831278215,1.8983050847457628,0.0956708580912725
46,-2.176776695296637,1.8983050847457628,0.17677669529663684
47,-2.0956708580912724,1.8983050847457628,0.23096988312782163
48,-2.0,1.8474576271186443,0.25
49,-1.9043291419087276,1.8474576271186443,0.23096988312782168
50,-1.823223304703363,1.8474576271186443,0.1767766952966369
51,-1.7690301168721783,1.8474576271186443,0.09567085809127246
52,-1.75,1.8474576271186443,1.5308084989341915e-17
53,-1.7690301168721783,1.8474576271186443,-0.09567085809127243
54,-1.823223304703363,1.8474576271186443,-0.17677669529663687
55,-1.9043291419087276,1.8474576271186443,-0.23096988312782168
56,-2.0,1.8474576271186443,-0.25
57,-2.0956708580912724,1.8474576271186443,-0.2309698831278217
58,-2.176776695296637,1.8474576271186443,-0.17677669529663692
59,-2.2309698831278215,1.8474576271186443,-0.09567085809127258
60,-2.25,1.8474576271186443,-4.592425496802574e-17
61,-2.2309698831278215,1.8474576271186443,0.0956708580912725
62,-2.176776695296637,1.8474576271186443,0.17677669529663684
63,-2.0956708580912724,1.8474576271186443,0.23096988312782163
64,-2.0,1.7966101694915257,0.25
65,-1.9043291419087276,1.7966101694915257,0.23096988312782168
66,-1.823223304703363,1.7966101694915257,0.1767766952966369
67,-1.7690301168721783,1.7966101694915257,0.09567085809127246
68,-1.75,1.7966101694915257,1.5308084989341915e-17
69,-1.7690301168721783,1.7966101694915257,-0.09567085809127243
70,-1.823223304703363,1.7966101694915257,-0.17677669529663687
71,-1.9043291419087276,1.7966101694915257,-0.23096988312782168
72,-2.0,1.7966101694915257,-0.25
73,-2.0956708580912724,1.7966101694915257,-0.2309698831278217
74,-2.176776695296637,1.7966101694915257,-0.17677669529663692
75,-2.2309698831278215,1.7966101694915257,-0.09567085809127258
76,-2.25,1.7966101694915257,-4.592425496802574e-17
77,-2.2309698831278215,1.7966101694915257,0.0956708580912725
78,-2.176776695296637,1.7966101694915257,0.17677669529663684
79,-2.0956708580912724,1.7966101694915257,0.23096988312782163
80,-2.0,1.745762711864407,0.25
81,-1.9043291419087276,1.745762711864407,0.23096988312782168
82,-1.823223304703363,1.745762711864407,0.1767766952966369
83,-1.7690301168721783,1.745762711864407,0.09567085809127246
84,-1.75,1.745762711864407,1.5308084989341915e-17
85,-1.7690301168721783,1.745762711864407,-0.09567085809127243
86,-1.823223304703363,1.745762711864407,-0.17677669529663687
87,-1.9043291419087276,1.745762711864407,-0.23096988312782168
88,-2.0,1.745762711864407,-0.25
89,-2.0956708580912724,1.745762711864407,-0.2309698831278217
90,-2.176776695296637,1.745762711864407,-0.17677669529663692
91,-2.2309698831278215,1.745762711864407,-0.09567085809127258
92,-2.25,1.745762711864407,-4.592425496802574e-17
93,-2.2309698831278215,1.745762711864407,0.0956708580912725
94,-2.176776695296637,1.745762711864407,0.17677669529663684
95,-2.0956708580912724,1.745762711864407,0.23096988312782163
96,-2.0,1.6949152542372885,0.25
97,-1.9043291419087276,1.6949152542372885,0.23096988312782168
98,-1.823223304703363,1.6949152542372885,0.1767766952966369
99,-1.7690301168721783,1.6949152542372885,0.09567085809127246
100,-1.75,1.6949152542372885,1.5308084989341915e-17
101,-1.7690301168721783,1.6949152542372885,-0.09567085809127243
102,-1.823223304703363,1.6949152542372885,-0.17677669529663687
103,-1.9043291419087276,1.6949152542372885,-0.23096988312782168
104,-2.0,1.6949152542372885,-0.25
105,-2.0956708580912724,1.6949152542372885,-0.2309698831278217
106,-2.176776695296637,1.6949152542372885,-0.17677669529663692
107,-2.2309698831278215,1.6949152542372885,-0.09567085809127258
108,-2.25,1.6949152542372885,-4.592425496802574e-17
109,-2.2309698831278215,1.6949152542372885,0.0956708580912725
110,-2.176776695296637,1.6949152542372885,0.17677669529663684
111,-2.0956708580912724,1.6949152542372885,0.23096988312782163
112,-2.0,1.64406779661017,0.25
113,-1.9043291419087276,1.64406779661017,0.23096988312782168
114,-1.823223304703363,1.64406779661017,0.1767766952966369
115,-1.7690301168721783,1.64406779661017,0.09567085809127246
116,-1.75,1.64406779661017,1.5308084989341915e-17
117,-1.7690301168721783,1.64406779661017,-0.09567085809127243
118,-1.823223304703363,1.64406779661017,-0.17677669529663687
119,-1.9043291419087276,1.64406779661017,-0.23096988312782168
120,-2.0,1.64406779661017,-0.25
121,-2.0956708580912724,1.64406779661017,-0.2309698831278217
122,-2.176776695296637,1.64406779661017,-0.17677669529663692
123,-2.2309698831278215,1.64406779661017,-0.09567085809127258
124,-2.25,1.64406779661017,-4.592425496802574e-17
125,-2.2309698831278215,1.64406779661017,0.0956708580912725
126,-2.176776695296637,1.64406779661017,0.17677669529663684
127,-2.0956708580912724,1.64406779661017,0.23096988312782163
128,-2.0,1.5932203389830513,0.25
129,-1.9043291419087276,1.5932203389830513,0.23096988312782168
130,-1.823223304703363,1.5932203389830513,0.1767766952966369
131,-1.7690301168721783,1.5932203389830513,0.09567085809127246
132,-1.75,1.5932203389830513,1.5308084989341915e-17
133,-1.7690301168721783,1.5932203389830513,-0.09567085809127243
134,-1.823223304703363,1.5932203389830513,-0.17677669529663687
135,-1.9043291419087276,1.5932203389830513,-0.23096988312782168
136,-2.0,1.5932203389830513,-0.25
137,-2.0956708580912724,1.5932203389830513,-0.2309698831278217
138,-2.176776695296637,1.5932203389830513,-0.17677669529663692
139,-2.2309698831278215,1.5932203389830513,-0.09567085809127258
140,-2.25,1.5932203389830513,-4.592425496802574e-17
141,-2.2309698831278215,1.5932203389830513,0.0956708580912725
142,-2.176776695296637,1.5932203389830513,0.17677669529663684
143,-2.0956708580912724,1.5932203389830513,0.23096988312782163
144,-2.0,1.5423728813559328,0.25
145,-1.9043291419087276,1.5423728813559328,0.23096988312782168
146,-1.823223304703363,1.5423728813559328,0.1767766952966369
147,-1.7690301168721783,1.5423728813559328,0.09567085809127246
148,-1.75,1.5423728813559328,1.5308084989341915e-17
149,-1.7690301168721783,1.5423728813559328,-0.09567085809127243
150,-1.823223304703363,1.5423728813559328,-0.17677669529663687
151,-1.9043291419087276,1.5423728813559328,-0.23096988312782168
152,-2.0,1.5423728813559328,-0.25
153,-2.0956708580912724,1.5423728813559328,-0.2309698831278217
154,-2.176776695296637,1.5423728813559328,-0.17677669529663692
155,-2.2309698831278215,1.5423728813559328,-0.09567085809127258
156,-2.25,1.5423728813559328,-4.592425496802574e-17
157,-2.2309698831278215,1.5423728813559328,0.0956708580912725
158,-2.176776695296637,1.5423728813559328,0.17677669529663684
159,-2.0956708580912724,1.5423728813559328,0.23096988312782163
160,-2.0,1.4915254237288142,0.25
161,-1.9043291419087276,1.4915254237288142,0.23096988312782168
162,-1.823223304703363,1.4915254237288142,0.1767766952966369
163,-1.7690301168721783,1.4915254237288142,0.09567085809127246
164,-1.75,1.4915254237288142,1.5308084989341915e-17
165,-1.7690301168721783,1.4915254237288142,-0.09567085809127243
166,-1.823223304703363,1.4915254237288142,-0.17677669529663687
167,-1.9043291419087276,1.4915254237288142,-0.23096988312782168
168,-2.0,1.4915254237288142,-0.25
169,-2.0956708580912724,1.4915254237288142,-0.2309698831278217
170,-2.176776695296637,1.4915254237288142,-0.17677669529663692
171,-2.2309698831278215,1.4915254237288142,-0.09567085809127258
172,-2.25,1.4915254237288142,-4.592425496802574e-17
173,-2.2309698831278215,1.4915254237288142,0.0956708580912725
174,-2.176776695296637,1.4915254237288142,0.17677669529663684
175,-2.0956708580912724,1.4915254237288142,0.23096988312782163
176,-2.0,1.4406779661016955,0.25
177,-1.9043291419087276,1.4406779661016955,0.23096988312782168
178,-1.823223304703363,1.4406779661016955,0.1767766952966369
179,-1.7690301168721783,1.4406779661016955,0.09567085809127246
180,-1.75,1.4406779661016955,1.5308084989341915e-17
181,-1.7690301168721783,1.4406779661016955,-0.09567085809127243
182,-1.823223304703363,1.4406779661016955,-0.17677669529663687
183,-1.9043291419087276,1.4406779661016955,-0.23096988312782168
184,-2.0,1.4406779661016955,-0.25
185,-2.0956708580912724,1.4406779661016955,-0.2309698831278217
186,-2.176776695296637,1.4406779661016955,-0.17677669529663692
187,-2.2309698831278215,1.4406779661016955,-0.09567085809127258
188,-2.25,1.4406779661016955,-4.592425496802574e-17
189,-2.2309698831278215,1.4406779661016955,0.0956708580912725
190,-2.176776695296637,1.4406779661016955,0.17677669529663684
191,-2.0956708580912724,1.4406779661016955,0.23096988312782163
192,-2.0,1.389830508474577,0.25
193,-1.9043291419087276,1.389830508474577,0.23096988312782168
194,-1.823223304703363,1.389830508474577,0.1767766952966369
195,-1.7690301168721783,1.389830508474577,0.09567085809127246
196,-1.75,1.389830508474577,1.5308084989341915e-17
197,-1.7690301168721783,1.389830508474577,-0.09567085809127243
198,-1.823223304703363,1.389830508474577,-0.17677669529663687
199,-1.9043291419087276,1.389830508474577,-0.23096988312782168
200,-2.0,1.389830508474577,-0.25
201,-2.0956708580912724,1.389830508474577,-0.2309698831278217
202,-2.176776695296637,1.389830508474577,-0.17677669529663692
203,-2.2309698831278215,1.389830508474577,-0.09567085809127258
204,-2.25,1.389830508474577,-4.592425496802574e-17
205,-2.2309698831278215,1.389830508474577,0.0956708580912725
206,-2.176776695296637,1.389830508474577,0.17677669529663684
207,-2.0956708580912724,1.389830508474577,0.23096988312782163
208,-2.0,1.3389830508474585,0.25
209,-1.9043291419087276,1.3389830508474585,0.23096988312782168
210,-1.823223304703363,1.3389830508474585,0.1767766952966369
211,-1.7690301168721783,1.3389830508474585,0.09567085809127246
212,-1.75,1.3389830508474585,1.5308084989341915e-17
213,-1.7690301168721783,1.3389830508474585,-0.09567085809127243
214,-1.823223304703363,1.3389830508474585,-0.17677669529663687
215,-1.9043291419087276,1.3389830508474585,-0.23096988312782168
216,-2.0,1.3389830508474585,-0.25
217,-2.0956708580912724,1.3389830508474585,-0.2309698831278217
218,-2.176776695296637,1.3389830508474585,-0.17677669529663692
219,-2.2309698831278215,1.3389830508474585,-0.09567085809127258
220,-2.25,1.3389830508474585,-4.592425496802574e-17
221,-2.2309698831278215,1.3389830508474585,0.0956708580912725
222,-2.176776695296637,1.3389830508474585,0.17677669529663684
223,-2.0956708580912724,1.3389830508474585,0.23096988312782163
224,-2.0,1.2881355932203398,0.25
225,-1.9043291419087276,1.2881355932203398,0.23096988312782168
226,-1.823223304703363,1.2881355932203398,0.1767766952966369
227,-1.7690301168721783,1.2881355932203398,0.09567085809127246
228,-1.75,1.2881355932203398,1.5308084989341915e-17
229,-1.7690301168721783,1.2881355932203398,-0.09567085809127243
230,-1.823223304703363,1.2881355932203398,-0.17677669529663687
231,-1.9043291419087276,1.2881355932203398,-0.23096988312782168
232,-2.0,1.2881355932203398,-0.25
233,-2.0956708580912724,1.2881355932203398,-0.2309698831278217
234,-2.176776695296637,1.2881355932203398,-0.17677669529663692
235,-2.2309698831278215,1.2881355932203398,-0.09567085809127258
236,-2.25,1.2881355932203398,-4.592425496802574e-17
237,-2.2309698831278215,1.2881355932203398,0.0956708580912725
238,-2.176776695296637,1.2881355932203398,0.17677669529663684
239,-2.0956708580912724,1.2881355932203398,0.23096988312782163
240,-2.0,1.2372881355932213,0.25
241,-1.9043291419087276,1.2372881355932213,0.23096988312782168
242,-1.823223304703363,1.2372881355932213,0.1767766952966369
243,-1.7690301168721783,1.2372881355932213,0.09567085809127246
244,-1.75,1.2372881355932213,1.5308084989341915e-17
245,-1.7690301168721783,1.2372881355932213,-0.09567085809127243
246,-1.823223304703363,1.2372881355932213,-0.17677669529663687
247,-1.9043291419087276,1.2372881355932213,-0.23096988312782168
248,-2.0,1.2372881355932213,-0.25
249,-2.0956708580912724,1.2372881355932213,-0.2309698831278217
250,-2.176776695296637,1.2372881355932213,-0.17677669529663692
251,-2.2309698831278215,1.2372881355932213,-0.09567085809127258
252,-2.25,1.2372881355932213,-4.592425496802574e-17
253,-2.2309698831278215,1.2372881355932213,0.0956708580912725
254,-2.176776695296637,1.2372881355932213,0.17677669529663684
255,-2.0956708580912724,1.2372881355932213,0.23096988312782163
256,-2.0,1.1864406779661025,0.25
257,-1.9043291419087276,1.1864406779661025,0.23096988312782168
258,-1.823223304703363,1.1864406779661025,0.1767766952966369
259,-1.7690301168721783,1.1864406779661025,0.09567085809127246
260,-1.75,1.1864406779661025,1.5308084989341915e-17
261,-1.7690301168721783,1.1864406779661025,-0.09567085809127243
262,-1.823223304703363,1.1864406779661025,-0.17677669529663687
263,-1.9043291419087276,1.1864406779661025,-0.23096988312782168
264,-2.0,1.1864406779661025,-0.25
265,-2.0956708580912724,1.1864406779661025,-0.2309698831278217
266,-2.176776695296637,1.1864406779661025,-0.17677669529663692
267,-2.2309698831278215,1.1864406779661025,-0.09567085809127258
268,-2.25,1.1864406779661025,-4.592425496802574e-17
269,-2.2309698831278215,1.1864406779661025,0.0956708580912725
270,-2.176776695296637,1.1864406779661025,0.17677669529663684
271,-2.0956708580912724,1.1864406779661025,0.23096988312782163
272,-2.0,1.135593220338984,0.25
273,-1.9043291419087276,1.135593220338984,0.23096988312782168
274,-1.823223304703363,1.135593220338984,0.1767766952966369
275,-1.7690301168721783,1.135593220338984,0.09567085809127246
276,-1.75,1.135593220338984,1.5308084989341915e-17
277,-1.7690301168721783,1.135593220338984,-0.09567085809127243
278,-1.823223304703363,1.135593220338984,-0.17677669529663687
279,-1.9043291419087276,1.135593220338984,-0.23096988312782168
280,-2.0,1.135593220338984,-0.25
281,-2.0956708580912724,1.135593220338984,-0.2309698831278217
282,-2.176776695296637,1.135593220338984,-0.17677669529663692
283,-2.2309698831278215,1.135593220338984,-0.09567085809127258
284,-2.25,1.135593220338984,-4.592425496802574e-17
285,-2.2309698831278215,1.135593220338984,0.0956708580912725
286,-2.176776695296637,1.135593220338984,0.17677669529663684
287,-2.0956708580912724,1.135593220338984,0.23096988312782163
288,-2.0,1.0847457627118655,0.25
289,-1.9043291419087276,1.0847457627118655,0.23096988312782168
290,-1.823223304703363,1.0847457627118655,0.1767766952966369
291,-1.7690301168721783,1.0847457627118655,0.09567085809127246
292,-1.75,1.0847457627118655,1.5308084989341915e-17
293,-1.7690301168721783,1.0847457627118655,-0.09567085809127243
294,-1.823223304703363,1.0847457627118655,-0.17677669529663687
295,-1.9043291419087276,1.0847457627118655,-0.23096988312782168
296,-2.0,1.0847457627118655,-0.25
297,-2.0956708580912724,1.0847457627118655,-0.2309698831278217
298,-2.176776695296637,1.0847457627118655,-0.17677669529663692
299,-2.2309698831278215,1.0847457627118655,-0.09567085809127258
300,-2.25,1.0847457627118655,-4.592425496802574e-17
301,-2.2309698831278215,1.0847457627118655,0.0956708580912725
302,-2.176776695296637,1.0847457627118655,0.17677669529663684
303,-2.0956708580912724,1.0847457627118655,0.23096988312782163
304,-2.0,1.033898305084747,0.25
305,-1.9043291419087276,1.033898305084747,0.23096988312782168
306,-1.823223304703363,1.033898305084747,0.1767766952966369
307,-1.7690301168721783,1.033898305084747,0.09567085809127246
308,-1.75,1.033898305084747,1.5308084989341915e-17
309,-1.7690301168721783,1.033898305084747,-0.09567085809127243
310,-1.823223304703363,1.033898305084747,-0.17677669529663687
311,-1.9043291419087276,1.033898305084747,-0.23096988312782168
312,-2.0,1.033898305084747,-0.25
313,-2.0956708580912724,1.033898305084747,-0.2309698831278217
314,-2.176776695296637,1.033898305084747,-0.17677669529663692
315,-2.2309698831278215,1.033898305084747,-0.09567085809127258
316,-2.25,1.033898305084747,-4.592425496802574e-17
317,-2.2309698831278215,1.033898305084747,0.0956708580912725
318,-2.176776695296637,1.033898305084747,0.17677669529663684
319,-2.0956708580912724,1.033898305084747,0.23096988312782163
320,-2.0,0.9830508474576284,0.25
321,-1.9043291419087276,0.9830508474576284,0.23096988312782168
322,-1.823223304703363,0.9830508474576284,0.1767766952966369
323,-1.7690301168721783,0.9830508474576284,0.09567085809127246
324,-1.75,0.9830508474576284,1.5308084989341915e-17
325,-1.7690301168721783,0.9830508474576284,-0.09567085809127243
326,-1.823223304703363,0.9830508474576284,-0.17677669529663687
327,-1.9043291419087276,0.9830508474576284,-0.23096988312782168
328,-2.0,0.9830508474576284,-0.25
329,-2.0956708580912724,0.9830508474576284,-0.2309698831278217
330,-2.176776695296637,0.9830508474576284,-0.17677669529663692
331,-2.2309698831278215,0.9830508474576284,-0.09567085809127258
332,-2.25,0.9830508474576284,-4.592425496802574e-17
333,-2.2309698831278215,0.9830508474576284,0.0956708580912725
334,-2.176776695296637,0.9830508474576284,0.17677669529663684
335,-2.0956708580912724,0.9830508474576284,0.23096988312782163
336,-2.0,0.9322033898305094,0.25
337,-1.9043291419087276,0.9322033898305094,0.23096988312782168
338,-1.823223304703363,0.9322033898305094,0.1767766952966369
339,-1.7690301168721783,0.9322033898305094,0.09567085809127246
340,-1.75,0.9322033898305094,1.5308084989341915e-17
341,-1.7690301168721783,0.9322033898305094,-0.09567085809127243
342,-1.823223304703363,0.9322033898305094,-0.17677669529663687
343,-1.9043291419087276,0.9322033898305094,-0.23096988312782168
344,-2.0,0.9322033898305094,-0.25
345,-2.0956708580912724,0.9322033898305094,-0.2309698831278217
346,-2.176776695296637,0.9322033898305094,-0.17677669529663692
347,-2.2309698831278215,0.9322033898305094,-0.09567085809127258
348,-2.25,0.9322033898305094,-4.592425496802574e-17
349,-2.2309698831278215,0.9322033898305094,0.0956708580912725
350,-2.176776695296637,0.9322033898305094,0.17677669529663684
351,-2.0956708580912724,0.9322033898305094,0.23096988312782163
352,-2.0,0.8813559322033901,0.25
353,-1.9043291419087276,0.8813559322033901,0.23096988312782168
354,-1.823223304703363,0.8813559322033901,0.1767766952966369
355,-1.7690301168721783,0.8813559322033901,0.09567085809127246
356,-1.75,0.8813559322033901,1.5308084989341915e-17
357,-1.7690301168721783,0.8813559322033901,-0.09567085809127243
358,-1.823223304703363,0.8813559322033901,-0.17677669529663687
359,-1.9043291419087276,0.8813559322033901,-0.23096988312782168
360,-2.0,0.8813559322033901,-0.25
361,-2.0956708580912724,0.8813559322033901,-0.2309698831278217
362,-2.176776695296637,0.8813559322033901,-0.17677669529663692
363,-2.2309698831278215,0.8813559322033901,-0.09567085809127258
364,-2.25,0.8813559322033901,-4.592425496802574e-17
365,-2.2309698831278215,0.8813559322033901,0.0956708580912725
366,-2.176776695296637,0.8813559322033901,0.17677669529663684
367,-2.0956708580912724,0.8813559322033901,0.23096988312782163
368,-2.0,0.8305084745762716,0.25
369,-1.9043291419087276,0.8305084745762716,0.23096988312782168
370,-1.823223304703363,0.8305084745762716,0.1767766952966369
371,-1.7690301168721783,0.8305084745762716,0.09567085809127246
372,-1.75,0.8305084745762716,1.5308084989341915e-17
373,-1.7690301168721783,0.8305084745762716,-0.09567085809127243
374,-1.823223304703363,0.8305084745762716,-0.17677669529663687
375,-1.9043291419087276,0.8305084745762716,-0.23096988312782168
376,-2.0,0.8305084745762716,-0.25
377,-2.0956708580912724,0.8305084745762716,-0.2309698831278217
378,-2.176776695296637,0.8305084745762716,-0.17677669529663692
379,-2.2309698831278215,0.8305084745762716,-0.09567085809127258
380,-2.25,0.8305084745762716,-4.592425496802574e-17
381,-2.2309698831278215,0.8305084745762716,0.0956708580912725
382,-2.176776695296637,0.8305084745762716,0.17677669529663684
383,-2.0956708580912724,0.8305084745762716,0.23096988312782163
384,-2.0,0.779661016949153,0.25
385,-1.9043291419087276,0.779661016949153,0.23096988312782168
386,-1.823223304703363,0.779661016949153,0.1767766952966369
387,-1.7690301168721783,0.779661016949153,0.09567085809127246
388,-1.75,0.779661016949153,1.5308084989341915e-17
389,-1.7690301168721783,0.779661016949153,-0.09567085809127243
390,-1.823223304703363,0.779661016949153,-0.17677669529663687
391,-1.9043291419087276,0.779661016949153,-0.23096988312782168
392,-2.0,0.779661016949153,-0.25
393,-2.0956708580912724,0.779661016949153,-0.2309698831278217
394,-2.176776695296637,0.779661016949153,-0.17677669529663692
395,-2.2309698831278215,0.779661016949153,-0.09567085809127258
396,-2.25,0.779661016949153,-4.592425496802574e-17
397,-2.2309698831278215,0.779661016949153,0.0956708580912725
398,-2.176776695296637,0.779661016949153,0.17677669529663684
399,-2.0956708580912724,0.779661016949153,0.23096988312782163
400,-2.0,0.7288135593220344,0.25
401,-1.9043291419087276,0.7288135593220344,0.23096988312782168
402,-1.823223304703363,0.7288135593220344,0.1767766952966369
403,-1.7690301168721783,0.7288135593220344,0.09567085809127246
404,-1.75,0.7288135593220344,1.5308084989341915e-17
405,-1.7690301168721783,0.7288135593220344,-0.09567085809127243
406,-1.823223304703363,0.7288135593220344,-0.17677669529663687
407,-1.9043291419087276,0.7288135593220344,-0.23096988312782168
408,-2.0,0.7288135593220344,-0.25
409,-2.0956708580912724,0.7288135593220344,-0.2309698831278217
410,-2.176776695296637,0.7288135593220344,-0.17677669529663692
411,-2.2309698831278215,0.7288135593220344,-0.09567085809127258
412,-2.25,0.7288135593220344,-4.592425496802574e-17
413,-2.2309698831278215,0.7288135593220344,0.0956708580912725
414,-2.176776695296637,0.7288135593220344,0.17677669529663684
415,-2.0956708580912724,0.7288135593220344,0.23096988312782163
416,-2.0,0.6779661016949154,0.25
417,-1.9043291419087276,0.6779661016949154,0.23096988312782168
418,-1.823223304703363,0.6779661016949154,0.1767766952966369
419,-1.7690301168721783,0.6779661016949154,0.09567085809127246
420,-1.75,0.6779661016949154,1.5308084989341915e-17
421,-1.7690301168721783,0.6779661016949154,-0.09567085809127243
422,-1.823223304703363,0.6779661016949154,-0.17677669529663687
423,-1.9043291419087276,0.6779661016949154,-0.23096988312782168
424,-2.0,0.6779661016949154,-0.25
425,-2.0956708580912724,0.6779661016949154,-0.2309698831278217
426,-2.176776695296637,0.6779661016949154,-0.17677669529663692
427,-2.2309698831278215,0.6779661016949154,-0.09567085809127258
428,-2.25,0.6779661016949154,-4.592425496802574e-17
429,-2.2309698831278215,0.6779661016949154,0.0956708580912725
430,-2.176776695296637,0.6779661016949154,0.17677669529663684
431,-2.0956708580912724,0.6779661016949154,0.23096988312782163
432,-2.0,0.6271186440677962,0.25
433,-1.9043291419087276,0.6271186440677962,0.23096988312782168
434,-1.823223304703363,0.6271186440677962,0.1767766952966369
435,-1.7690301168721783,0.6271186440677962,0.09567085809127246
436,-1.75,0.6271186440677962,1.5308084989341915e-17
437,-1.7690301168721783,0.6271186440677962,-0.09567085809127243
438,-1.823223304703363,0.6271186440677962,-0.17677669529663687
439,-1.9043291419087276,0.6271186440677962,-0.23096988312782168
440,-2.0,0.6271186440677962,-0.25
441,-2.0956708580912724,0.6271186440677962,-0.2309698831278217
442,-2.176776695296637,0.6271186440677962,-0.17677669529663692
443,-2.2309698831278215,0.6271186440677962,-0.09567085809127258
444,-2.25,0.6271186440677962,-4.592425496802574e-17
445,-2.2309698831278215,0.6271186440677962,0.0956708580912725
446,-2.176776695296637,0.6271186440677962,0.17677669529663684
447,-2.0956708580912724,0.6271186440677962,0.23096988312782163
448,-2.0,0.5762711864406767,0.25
449,-1.9043291419087276,0.5762711864406767,0.23096988312782168
450,-1.823223304703363,0.5762711864406767,0.1767766952966369
451,-1.7690301168721783,0.5762711864406767,0.09567085809127246
452,-1.75,0.5762711864406767,1.5308084989341915e-17
453,-1.7690301168721783,0.5762711864406767,-0.09567085809127243
454,-1.823223304703363,0.5762711864406767,-0.17677669529663687
455,-1.9043291419087276,0.5762711864406767,-0.23096988312782168
456,-2.0,0.5762711864406767,-0.25
457,-2.0956708580912724,0.5762711864406767,-0.2309698831278217
458,-2.176776695296637,0.5762711864406767,-0.17677669529663692
459,-2.2309698831278215,0.5762711864406767,-0.09567085809127258
460,-2.25,0.5762711864406767,-4.592425496802574e-17
461,-2.2309698831278215,0.5762711864406767,0.0956708580912725
462,-2.176776695296637,0.5762711864406767,0.17677669529663684
463,-2.0956708580912724,0.5762711864406767,0.23096988312782163
464,-2.0,0.5254237288135584,0.25
465,-1.9043291419087276,0.5254237288135584,0.23096988312782168
466,-1.823223304703363,0.5254237288135584,0.1767766952966369
467,-1.7690301168721783,0.5254237288135584,0.09567085809127246
468,-1.75,0.5254237288135584,1.5308084989341915e-17
469,-1.7690301168721783,0.5254237288135584,-0.09567085809127243
470,-1.823223304703363,0.5254237288135584,-0.17677669529663687
471,-1.9043291419087276,0.5254237288135584,-0.23096988312782168
472,-2.0,0.5254237288135584,-0.25
473,-2.0956708580912724,0.5254237288135584,-0.2309698831278217
474,-2.176776695296637,0.5254237288135584,-0.17677669529663692
475,-2.2309698831278215,0.5254237288135584,-0.09567085809127258
476,-2.25,0.5254237288135584,-4.592425496802574e-17
477,-2.2309698831278215,0.5254237288135584,0.0956708580912725
478,-2.176776695296637,0.5254237288135584,0.17677669529663684
479,-2.0956708580912724,0.5254237288135584,0.23096988312782163
480,-2.0,0.4745762711864407,0.25
481,-1.9043291419087276,0.4745762711864407,0.23096988312782168
482,-1.823223304703363,0.4745762711864407,0.1767766952966369
483,-1.7690301168721783,0.4745762711864407,0.09567085809127246
484,-1.75,0.4745762711864407,1.5308084989341915e-17
485,-1.7690301168721783,0.4745762711864407,-0.09567085809127243
486,-1.823223304703363,0.4745762711864407,-0.17677669529663687
487,-1.9043291419087276,0.4745762711864407,-0.23096988312782168
488,-2.0,0.4745762711864407,-0.25
489,-2.0956708580912724,0.4745762711864407,-0.2309698831278217
490,-2.176776695296637,0.4745762711864407,-0.17677669529663692
491,-2.2309698831278215,0.4745762711864407,-0.09567085809127258
492,-2.25,0.4745762711864407,-4.592425496802574e-17
493,-2.2309698831278215,0.4745762711864407,0.0956708580912725
494,-2.176776695296637,0.4745762711864407,0.17677669529663684
495,-2.0956708580912724,0.4745762711864407,0.23096988312782163
496,-2.0,0.4237288135593217,0.25
497,-1.9043291419087276,0.4237288135593217,0.23096988312782168
498,-1.823223304703363,0.4237288135593217,0.1767766952966369
499,-1.7690301168721783,0.4237288135593217,0.09567085809127246
500,-1.75,0.4237288135593217,1.5308084989341915e-17
501,-1.7690301168721783,0.4237288135593217,-0.09567085809127243
502,-1.823223304703363,0.4237288135593217,-0.17677669529663687
503,-1.9043291419087276,0.4237288135593217,-0.23096988312782168
504,-2.0,0.4237288135593217,-0.25
505,-2.0956708580912724,0.4237288135593217,-0.2309698831278217
506,-2.176776695296637,0.4237288135593217,-0.17677669529663692
507,-2.2309698831278215,0.4237288135593217,-0.09567085809127258
508,-2.25,0.4237288135593217,-4.592425496802574e-17
509,-2.2309698831278215,0.4237288135593217,0.0956708580912725
510,-2.176776695296637,0.4237288135593217,0.17677669529663684
511,-2.0956708580912724,0.4237288135593217,0.23096988312782163
512,-2.0,0.3728813559322029,0.25
513,-1.9043291419087276,0.3728813559322029,0.23096988312782168
514,-1.823223304703363,0.3728813559322029,0.1767766952966369
515,-1.7690301168721783,0.3728813559322029,0.09567085809127246
516,-1.75,0.3728813559322029,1.5308084989341915e-17
517,-1.7690301168721783,0.3728813559322029,-0.09567085809127243
518,-1.823223304703363,0.3728813559322029,-0.17677669529663687
519,-1.9043291419087276,0.3728813559322029,-0.23096988312782168
520,-2.0,0.3728813559322029,-0.25
521,-2.0956708580912724,0.3728813559322029,-0.2309698831278217
522,-2.176776695296637,0.3728813559322029,-0.17677669529663692
523,-2.2309698831278215,0.3728813559322029,-0.09567085809127258
524,-2.25,0.3728813559322029,-4.592425496802574e-17
525,-2.2309698831278215,0.3728813559322029,0.0956708580912725
526,-2.176776695296637,0.3728813559322029,0.17677669529663684
527,-2.0956708580912724,0.3728813559322029,0.23096988312782163
528,-2.0,0.32203389830508433,0.25
529,-1.9043291419087276,0.32203389830508433,0.23096988312782168
530,-1.823223304703363,0.32203389830508433,0.1767766952966369
531,-1.7690301168721783,0.32203389830508433,0.09567085809127246
532,-1.75,0.32203389830508433,1.5308084989341915e-17
533,-1.7690301168721783,0.32203389830508433,-0.09567085809127243
534,-1.823223304703363,0.32203389830508433,-0.17677669529663687
535,-1.9043291419087276,0.32203389830508433,-0.23096988312782168
536,-2.0,0.32203389830508433,-0.25
537,-2.0956708580912724,0.32203389830508433,-0.2309698831278217
538,-2.176776695296637,0.32203389830508433,-0.17677669529663692
539,-2.2309698831278215,0.32203389830508433,-0.09567085809127258
540,-2.25,0.32203389830508433,-4.592425496802574e-17
541,-2.2309698831278215,0.32203389830508433,0.0956708580912725
542,-2.176776695296637,0.32203389830508433,0.17677669529663684
543,-2.0956708580912724,0.32203389830508433,0.23096988312782163
544,-2.0,0.27118644067796505,0.25
545,-1.9043291419087276,0.27118644067796505,0.23096988312782168
546,-1.823223304703363,0.27118644067796505,0.1767766952966369
547,-1.7690301168721783,0.27118644067796505,0.09567085809127246
548,-1.75,0.27118644067796505,1.5308084989341915e-17
549,-1.7690301168721783,0.27118644067796505,-0.09567085809127243
550,-1.823223304703363,0.27118644067796505,-0.17677669529663687
551,-1.9043291419087276,0.27118644067796505,-0.23096988312782168
552,-2.0,0.27118644067796505,-0.25
553,-2.0956708580912724,0.27118644067796505,-0.2309698831278217
554,-2.176776695296637,0.27118644067796505,-0.17677669529663692
555,-2.2309698831278215,0.27118644067796505,-0.09567085809127258
556,-2.25,0.27118644067796505,-4.592425496802574e-17
557,-2.2309698831278215,0.27118644067796505,0.0956708580912725
558,-2.176776695296637,0.27118644067796505,0.17677669529663684
559,-2.0956708580912724,0.27118644067796505,0.23096988312782163
560,-2.0,0.22033898305084684,0.25
561,-1.9043291419087276,0.22033898305084684,0.23096988312782168
562,-1.823223304703363,0.22033898305084684,0.1767766952966369
563,-1.7690301168721783,0.22033898305084684,0.09567085809127246
564,-1.75,0.22033898305084684,1.5308084989341915e-17
565,-1.7690301168721783,0.22033898305084684,-0.09567085809127243
566,-1.823223304703363,0.22033898305084684,-0.17677669529663687
567,-1.9043291419087276,0.22033898305084684,-0.23096988312782168
568,-2.0,0.22033898305084684,-0.25
569,-2.0956708580912724,0.22033898305084684,-0.2309698831278217
570,-2.176776695296637,0.22033898305084684,-0.17677669529663692
571,-2.2309698831278215,0.22033898305084684,-0.09567085809127258
572,-2.25,0.22033898305084684,-4.592425496802574e-17
573,-2.2309698831278215,0.22033898305084684,0.0956708580912725
574,-2.176776695296637,0.22033898305084684,0.17677669529663684
575,-2.0956708580912724,0.22033898305084684,0.23096988312782163
576,-2.0,0.1694915254237287,0.25
577,-1.9043291419087276,0.1694915254237287,0.23096988312782168
578,-1.823223304703363,0.1694915254237287,0.1767766952966369
579,-1.7690301168721783,0.1694915254237287,0.09567085809127246
580,-1.75,0.1694915254237287,1.5308084989341915e-17
581,-1.7690301168721783,0.1694915254237287,-0.09567085809127243
582,-1.823223304703363,0.1694915254237287,-0.17677669529663687
583,-1.9043291419087276,0.1694915254237287,-0.23096988312782168
584,-2.0,0.1694915254237287,-0.25
585,-2.0956708580912724,0.1694915254237287,-0.2309698831278217
586,-2.176776695296637,0.1694915254237287,-0.17677669529663692
587,-2.2309698831278215,0.1694915254237287,-0.09567085809127258
588,-2.25,0.1694915254237287,-4.592425496802574e-17
589,-2.2309698831278215,0.1694915254237287,0.0956708580912725
590,-2.176776695296637,0.1694915254237287,0.17677669529663684
591,-2.0956708580912724,0.1694915254237287,0.23096988312782163
592,-2.0,0.11864406779660996,0.25
593,-1.9043291419087276,0.11864406779660996,0.23096988312782168
594,-1.823223304703363,0.11864406779660996,0.1767766952966369
595,-1.7690301168721783,0.11864406779660996,0.09567085809127246
596,-1.75,0.11864406779660996,1.5308084989341915e-17
597,-1.7690301168721783,0.11864406779660996,-0.09567085809127243
598,-1.823223304703363,0.11864406779660996,-0.17677669529663687
599,-1.9043291419087276,0.11864406779660996,-0.23096988312782168
600,-2.0,0.11864406779660996,-0.25
601,-2.0956708580912724,0.11864406779660996,-0.2309698831278217
602,-2.176776695296637,0.11864406779660996,-0.17677669529663692
603,-2.2309698831278215,0.11864406779660996,-0.09567085809127258
604,-2.25,0.11864406779660996,-4.592425496802574e-17
605,-2.2309698831278215,0.11864406779660996,0.0956708580912725
606,-2.176776695296637,0.11864406779660996,0.17677669529663684
607,-2.0956708580912724,0.11864406779660996,0.23096988312782163
608,-2.0,0.06779661016949118,0.25
609,-1.9043291419087276,0.06779661016949118,0.23096988312782168
610,-1.823223304703363,0.06779661016949118,0.1767766952966369
611,-1.7690301168721783,0.06779661016949118,0.09567085809127246
612,-1.75,0.06779661016949118,1.5308084989341915e-17
613,-1.7690301168721783,0.06779661016949118,-0.09567085809127243
614,-1.823223304703363,0.06779661016949118,-0.17677669529663687
615,-1.9043291419087276,0.06779661016949118,-0.23096988312782168
616,-2.0,0.06779661016949118,-0.25
617,-2.0956708580912724,0.06779661016949118,-0.2309698831278217
618,-2.176776695296637,0.06779661016949118,-0.17677669529663692
619,-2.2309698831278215,0.06779661016949118,-0.09567085809127258
620,-2.25,0.06779661016949118,-4.592425496802574e-17
621,-2.2309698831278215,0.06779661016949118,0.0956708580912725
622,-2.176776695296637,0.06779661016949118,0.17677669529663684
623,-2.0956708580912724,0.06779661016949118,0.23096988312782163
624,-2.0,0.016949152542372586,0.25
625,-1.9043291419087276,0.016949152542372586,0.23096988312782168
626,-1.823223304703363,0.016949152542372586,0.1767766952966369
627,-1.7690301168721783,0.016949152542372586,0.09567085809127246
628,-1.75,0.016949152542372586,1.5308084989341915e-17
629,-1.7690301168721783,0.016949152542372586,-0.09567085809127243
630,-1.823223304703363,0.016949152542372586,-0.17677669529663687
631,-1.9043291419087276,0.016949152542372586,-0.23096988312782168
632,-2.0,0.016949152542372586,-0.25
633,-2.0956708580912724,0.016949152542372586,-0.2309698831278217
634,-2.176776695296637,0.016949152542372586,-0.17677669529663692
635,-2.2309698831278215,0.016949152542372586,-0.09567085809127258
636,-2.25,0.016949152542372586,-4.592425496802574e-17
637,-2.2309698831278215,0.016949152542372586,0.0956708580912725
638,-2.176776695296637,0.016949152542372586,0.17677669529663684
639,-2.0956708580912724,0.016949152542372586,0.23096988312782163
640,-2.0,-0.03389830508474642,0.25
641,-1.9043291419087276,-0.03389830508474642,0.23096988312782168
642,-1.823223304703363,-0.03389830508474642,0.1767766952966369
643,-1.7690301168721783,-0.03389830508474642,0.09567085809127246
644,-1.75,-0.03389830508474642,1.5308084989341915e-17
645,-1.7690301168721783,-0.03389830508474642,-0.09567085809127243
646,-1.823223304703363,-0.03389830508474642,-0.17677669529663687
647,-1.9043291419087276,-0.03389830508474642,-0.23096988312782168
648,-2.0,-0.03389830508474642,-0.25
649,-2.0956708580912724,-0.03389830508474642,-0.2309698831278217
650,-2.176776695296637,-0.03389830508474642,-0.17677669529663692
651,-2.2309698831278215,-0.03389830508474642,-0.09567085809127258
652,-2.25,-0.03389830508474642,-4.592425496802574e-17
653,-2.2309698831278215,-0.03389830508474642,0.0956708580912725
654,-2.176776695296637,-0.03389830508474642,0.17677669529663684
655,-2.0956708580912724,-0.03389830508474642,0.23096988312782163
656,-2.0,-0.08474576271186526,0.25
657,-1.9043291419087276,-0.08474576271186526,0.23096988312782168
658,-1.823223304703363,-0.08474576271186526,0.1767766952966369
659,-1.7690301168721783,-0.08474576271186526,0.09567085809127246
660,-1.75,-0.08474576271186526,1.5308084989341915e-17
661,-1.7690301168721783,-0.08474576271186526,-0.09567085809127243
662,-1.823223304703363,-0.08474576271186526,-0.17677669529663687
663,-1.9043291419087276,-0.08474576271186526,-0.23096988312782168
664,-2.0,-0.08474576271186526,-0.25
665,-2.0956708580912724,-0.08474576271186526,-0.2309698831278217
666,-2.176776695296637,-0.08474576271186526,-0.17677669529663692
667,-2.2309698831278215,-0.08474576271186526,-0.09567085809127258
668,-2.25,-0.08474576271186526,-4.592425496802574e-17
669,-2.2309698831278215,-0.08474576271186526,0.0956708580912725
670,-2.176776695296637,-0.08474576271186526,0.17677669529663684
671,-2.0956708580912724,-0.08474576271186526,0.23096988312782163
672,-2.0,-0.1355932203389841,0.25
673,-1.9043291419087276,-0.1355932203389841,0.23096988312782168
674,-1.823223304703363,-0.1355932203389841,0.1767766952966369
675,-1.7690301168721783,-0.1355932203389841,0.09567085809127246
676,-1.75,-0.1355932203389841,1.5308084989341915e-17
677,-1.7690301168721783,-0.1355932203389841,-0.09567085809127243
678,-1.823223304703363,-0.1355932203389841,-0.17677669529663687
679,-1.9043291419087276,-0.1355932203389841,-0.23096988312782168
680,-2.0,-0.1355932203389841,-0.25
681,-2.0956708580912724,-0.1355932203389841,-0.2309698831278217
682,-2.176776695296637,-0.1355932203389841,-0.17677669529663692
683,-2.2309698831278215,-0.1355932203389841,-0.09567085809127258
684,-2.25,-0.1355932203389841,-4.592425496802574e-17
685,-2.2309698831278215,-0.1355932203389841,0.0956708580912725
686,-2.176776695296637,-0.1355932203389841,0.17677669529663684
687,-2.0956708580912724,-0.1355932203389841,0.23096988312782163
688,-2.0,-0.1864406779661012,0.25
689,-1.9043291419087276,-0.1864406779661012,0.23096988312782168
690,-1.823223304703363,-0.1864406779661012,0.1767766952966369
691,-1.7690301168721783,-0.1864406779661012,0.09567085809127246
692,-1.75,-0.1864406779661012,1.5308084989341915e-17
693,-1.7690301168721783,-0.1864406779661012,-0.09567085809127243
694,-1.823223304703363,-0.1864406779661012,-0.17677669529663687
695,-1.9043291419087276,-0.1864406779661012,-0.23096988312782168
696,-2.0,-0.1864406779661012,-0.25
697,-2.0956708580912724,-0.1864406779661012,-0.2309698831278217
698,-2.176776695296637,-0.1864406779661012,-0.17677669529663692
699,-2.2309698831278215,-0.1864406779661012,-0.09567085809127258
700,-2.25,-0.1864406779661012,-4.592425496802574e-17
701,-2.2309698831278215,-0.1864406779661012,0.0956708580912725
702,-2.176776695296637,-0.1864406779661012,0.17677669529663684
703,-2.0956708580912724,-0.1864406779661012,0.23096988312782163
704,-2.0,-0.23728813559322018,0.25
705,-1.9043291419087276,-0.23728813559322018,0.23096988312782168
706,-1.823223304703363,-0.23728813559322018,0.1767766952966369
707,-1.7690301168721783,-0.23728813559322018,0.09567085809127246
708,-1.75,-0.23728813559322018,1.5308084989341915e-17
709,-1.7690301168721783,-0.23728813559322018,-0.09567085809127243
710,-1.823223304703363,-0.23728813559322018,-0.17677669529663687
711,-1.9043291419087276,-0.23728813559322018,-0.23096988312782168
712,-2.0,-0.23728813559322018,-0.25
713,-2.0956708580912724,-0.23728813559322018,-0.2309698831278217
714,-2.176776695296637,-0.23728813559322018,-0.17677669529663692
715,-2.2309698831278215,-0.23728813559322018,-0.09567085809127258
716,-2.25,-0.23728813559322018,-4.592425496802574e-17
717,-2.2309698831278215,-0.23728813559322018,0.0956708580912725
718,-2.176776695296637,-0.23728813559322018,0.17677669529663684
719,-2.0956708580912724,-0.23728813559322018,0.23096988312782163
720,-2.0,-0.2881355932203381,0.25
721,-1.9043291419087276,-0.2881355932203381,0.23096988312782168
722,-1.823223304703363,-0.2881355932203381,0.1767766952966369
723,-1.7690301168721783,-0.2881355932203381,0.09567085809127246
724,-1.75,-0.2881355932203381,1.5308084989341915e-17
725,-1.7690301168721783,-0.2881355932203381,-0.09567085809127243
726,-1.823223304703363,-0.2881355932203381,-0.17677669529663687
727,-1.9043291419087276,-0.2881355932203381,-0.23096988312782168
728,-2.0,-0.2881355932203381,-0.25
729,-2.0956708580912724,-0.2881355932203381,-0.2309698831278217
730,-2.176776695296637,-0.2881355932203381,-0.17677669529663692
731,-2.2309698831278215,-0.2881355932203381,-0.09567085809127258
732,-2.25,-0.2881355932203381,-4.592425496802574e-17
733,-2.2309698831278215,-0.2881355932203381,0.0956708580912725
734,-2.176776695296637,-0.2881355932203381,0.17677669529663684
735,-2.0956708580912724,-0.2881355932203381,0.23096988312782163
736,-2.0,-0.3389830508474551,0.25
737,-1.9043291419087276,-0.3389830508474551,0.23096988312782168
738,-1.823223304703363,-0.3389830508474551,0.1767766952966369
739,-1.7690301168721783,-0.3389830508474551,0.09567085809127246
740,-1.75,-0.3389830508474551,1.5308084989341915e-17
741,-1.7690301168721783,-0.3389830508474551,-0.09567085809127243
742,-1.823223304703363,-0.3389830508474551,-0.17677669529663687
743,-1.9043291419087276,-0.3389830508474551,-0.23096988312782168
744,-2.0,-0.3389830508474551,-0.25
745,-2.0956708580912724,-0.3389830508474551,-0.2309698831278217
746,-2.176776695296637,-0.3389830508474551,-0.17677669529663692
747,-2.2309698831278215,-0.3389830508474551,-0.09567085809127258
748,-2.25,-0.3389830508474551,-4.592425496802574e-17
749,-2.2309698831278215,-0.3389830508474551,0.0956708580912725
750,-2.176776695296637,-0.3389830508474551,0.17677669529663684
751,-2.0956708580912724,-0.3389830508474551,0.23096988312782163
752,-2.0,-0.3898305084745744,0.25
753,-1.9043291419087276,-0.3898305084745744,0.23096988312782168
754,-1.823223304703363,-0.3898305084745744,0.1767766952966369
755,-1.7690301168721783,-0.3898305084745744,0.09567085809127246
756,-1.75,-0.3898305084745744,1.5308084989341915e-17
757,-1.7690301168721783,-0.3898305084745744,-0.09567085809127243
758,-1.823223304703363,-0.3898305084745744,-0.17677669529663687
759,-1.9043291419087276,-0.3898305084745744,-0.23096988312782168
760,-2.0,-0.3898305084745744,-0.25
761,-2.0956708580912724,-0.3898305084745744,-0.2309698831278217
762,-2.176776695296637,-0.3898305084745744,-0.17677669529663692
763,-2.2309698831278215,-0.3898305084745744,-0.09567085809127258
764,-2.25,-0.3898305084745744,-4.592425496802574e-17
765,-2.2309698831278215,-0.3898305084745744,0.0956708580912725
766,-2.176776695296637,-0.3898305084745744,0.17677669529663684
767,-2.0956708580912724,-0.3898305084745744,0.23096988312782163
768,-2.0,-0.44067796610169174,0.25
769,-1.9043291419087276,-0.44067796610169174,0.23096988312782168
770,-1.823223304703363,-0.44067796610169174,0.1767766952966369
771,-1.7690301168721783,-0.44067796610169174,0.09567085809127246
772,-1.75,-0.44067796610169174,1.5308084989341915e-17
773,-1.7690301168721783,-0.44067796610169174,-0.09567085809127243
774,-1.823223304703363,-0.44067796610169174,-0.17677669529663687
775,-1.9043291419087276,-0.44067796610169174,-0.23096988312782168
776,-2.0,-0.44067796610169174,-0.25
777,-2.0956708580912724,-0.44067796610169174,-0.2309698831278217
778,-2.176776695296637,-0.44067796610169174,-0.17677669529663692
779,-2.2309698831278215,-0.44067796610169174,-0.09567085809127258
780,-2.25,-0.44067796610169174,-4.592425496802574e-17
781,-2.2309698831278215,-0.44067796610169174,0.0956708580912725
782,-2.176776695296637,-0.44067796610169174,0.17677669529663684
783,-2.0956708580912724,-0.44067796610169174,0.23096988312782163
784,-2.0,-0.4915254237288109,0.25
785,-1.9043291419087276,-0.4915254237288109,0.23096988312782168
786,-1.823223304703363,-0.4915254237288109,0.1767766952966369
787,-1.7690301168721783,-0.4915254237288109,0.09567085809127246
788,-1.75,-0.4915254237288109,1.5308084989341915e-17
789,-1.7690301168721783,-0.4915254237288109,-0.09567085809127243
790,-1.823223304703363,-0.4915254237288109,-0.17677669529663687
791,-1.9043291419087276,-0.4915254237288109,-0.23096988312782168
792,-2.0,-0.4915254237288109,-0.25
793,-2.0956708580912724,-0.4915254237288109,-0.2309698831278217
794,-2.176776695296637,-0.4915254237288109,-0.17677669529663692
795,-2.2309698831278215,-0.4915254237288109,-0.09567085809127258
796,-2.25,-0.4915254237288109,-4.592425496802574e-17
797,-2.2309698831278215,-0.4915254237288109,0.0956708580912725
798,-2.176776695296637,-0.4915254237288109,0.17677669529663684
799,-2.0956708580912724,-0.4915254237288109,0.23096988312782163
800,-2.0,-0.5423728813559299,0.25
801,-1.9043291419087276,-0.5423728813559299,0.23096988312782168
802,-1.823223304703363,-0.5423728813559299,0.1767766952966369
803,-1.7690301168721783,-0.5423728813559299,0.09567085809127246
804,-1.75,-0.5423728813559299,1.5308084989341915e-17
805,-1.7690301168721783,-0.5423728813559299,-0.09567085809127243
806,-1.823223304703363,-0.5423728813559299,-0.17677669529663687
807,-1.9043291419087276,-0.5423728813559299,-0.23096988312782168
808,-2.0,-0.5423728813559299,-0.25
809,-2.0956708580912724,-0.5423728813559299,-0.2309698831278217
810,-2.176776695296637,-0.5423728813559299,-0.17677669529663692
811,-2.2309698831278215,-0.5423728813559299,-0.09567085809127258
812,-2.25,-0.5423728813559299,-4.592425496802574e-17
813,-2.2309698831278215,-0.5423728813559299,0.0956708580912725
814,-2.176776695296637,-0.5423728813559299,0.17677669529663684
815,-2.0956708580912724,-0.5423728813559299,0.23096988312782163
816,-2.0,-0.5932203389830487,0.25
817,-1.9043291419087276,-0.5932203389830487,0.23096988312782168
818,-1.823223304703363,-0.5932203389830487,0.1767766952966369
819,-1.7690301168721783,-0.5932203389830487,0.09567085809127246
820,-1.75,-0.5932203389830487,1.5308084989341915e-17
821,-1.7690301168721783,-0.5932203389830487,-0.09567085809127243
822,-1.823223304703363,-0.5932203389830487,-0.17677669529663687
823,-1.9043291419087276,-0.5932203389830487,-0.23096988312782168
824,-2.0,-0.5932203389830487,-0.25
825,-2.0956708580912724,-0.5932203389830487,-0.2309698831278217
826,-2.176776695296637,-0.5932203389830487,-0.17677669529663692
827,-2.2309698831278215,-0.5932203389830487,-0.09567085809127258
828,-2.25,-0.5932203389830487,-4.592425496802574e-17
829,-2.2309698831278215,-0.5932203389830487,0.0956708580912725
830,-2.176776695296637,-0.5932203389830487,0.17677669529663684
831,-2.0956708580912724,-0.5932203389830487,0.23096988312782163
832,-2.0,-0.6440677966101676,0.25
833,-1.9043291419087276,-0.6440677966101676,0.23096988312782168
834,-1.823223304703363,-0.6440677966101676,0.1767766952966369
835,-1.7690301168721783,-0.6440677966101676,0.09567085809127246
836,-1.75,-0.6440677966101676,1.5308084989341915e-17
837,-1.7690301168721783,-0.6440677966101676,-0.09567085809127243
838,-1.823223304703363,-0.6440677966101676,-0.17677669529663687
839,-1.9043291419087276,-0.6440677966101676,-0.23096988312782168
840,-2.0,-0.6440677966101676,-0.25
841,-2.0956708580912724,-0.6440677966101676,-0.2309698831278217
842,-2.176776695296637,-0.6440677966101676,-0.17677669529663692
843,-2.2309698831278215,-0.6440677966101676,-0.09567085809127258
844,-2.25,-0.6440677966101676,-4.592425496802574e-17
845,-2.2309698831278215,-0.6440677966101676,0.0956708580912725
846,-2.176776695296637,-0.6440677966101676,0.17677669529663684
847,-2.0956708580912724,-0.6440677966101676,0.23096988312782163
848,-2.0,-0.6949152542372876,0.25
849,-1.9043291419087276,-0.6949152542372876,0.23096988312782168
850,-1.823223304703363,-0.6949152542372876,0.1767766952966369
851,-1.7690301168721783,-0.6949152542372876,0.09567085809127246
852,-1.75,-0.6949152542372876,1.5308084989341915e-17
853,-1.7690301168721783,-0.6949152542372876,-0.09567085809127243
854,-1.823223304703363,-0.6949152542372876,-0.17677669529663687
855,-1.9043291419087276,-0.6949152542372876,-0.23096988312782168
856,-2.0,-0.6949152542372876,-0.25
857,-2.0956708580912724,-0.6949152542372876,-0.2309698831278217
858,-2.176776695296637,-0.6949152542372876,-0.17677669529663692
859,-2.2309698831278215,-0.6949152542372876,-0.09567085809127258
860,-2.25,-0.6949152542372876,-4.592425496802574e-17
861,-2.2309698831278215,-0.6949152542372876,0.0956708580912725
862,-2.176776695296637,-0.6949152542372876,0.17677669529663684
863,-2.0956708580912724,-0.6949152542372876,0.23096988312782163
864,-2.0,-0.7457627118644068,0.25
865,-1.9043291419087276,-0.7457627118644068,0.23096988312782168
866,-1.823223304703363,-0.7457627118644068,0.1767766952966369
867,-1.7690301168721783,-0.7457627118644068,0.09567085809127246
868,-1.75,-0.7457627118644068,1.5308084989341915e-17
869,-1.7690301168721783,-0.7457627118644068,-0.09567085809127243
870,-1.823223304703363,-0.7457627118644068,-0.17677669529663687
871,-1.9043291419087276,-0.7457627118644068,-0.23096988312782168
872,-2.0,-0.7457627118644068,-0.25
873,-2.0956708580912724,-0.7457627118644068,-0.2309698831278217
874,-2.176776695296637,-0.7457627118644068,-0.17677669529663692
875,-2.2309698831278215,-0.7457627118644068,-0.09567085809127258
876,-2.25,-0.7457627118644068,-4.592425496802574e-17
877,-2.2309698831278215,-0.7457627118644068,0.0956708580912725
878,-2.176776695296637,-0.7457627118644068,0.17677669529663684
879,-2.0956708580912724,-0.7457627118644068,0.23096988312782163
880,-2.0,-0.7966101694915249,0.25
881,-1.9043291419087276,-0.7966101694915249,0.23096988312782168
882,-1.823223304703363,-0.7966101694915249,0.1767766952966369
883,-1.7690301168721783,-0.7966101694915249,0.09567085809127246
884,-1.75,-0.7966101694915249,1.5308084989341915e-17
885,-1.7690301168721783,-0.7966101694915249,-0.09567085809127243
886,-1.823223304703363,-0.7966101694915249,-0.17677669529663687
887,-1.9043291419087276,-0.7966101694915249,-0.23096988312782168
888,-2.0,-0.7966101694915249,-0.25
889,-2.0956708580912724,-0.7966101694915249,-0.2309698831278217
890,-2.176776695296637,-0.7966101694915249,-0.17677669529663692
891,-2.2309698831278215,-0.7966101694915249,-0.09567085809127258
892,-2.25,-0.7966101694915249,-4.592425496802574e-17
893,-2.2309698831278215,-0.7966101694915249,0.0956708580912725
894,-2.176776695296637,-0.7966101694915249,0.17677669529663684
895,-2.0956708580912724,-0.7966101694915249,0.23096988312782163
896,-2.0,-0.8474576271186465,0.25
897,-1.9043291419087276,-0.8474576271186465,0.23096988312782168
898,-1.823223304703363,-0.8474576271186465,0.1767766952966369
899,-1.7690301168721783,-0.8474576271186465,0.09567085809127246
900,-1.75,-0.8474576271186465,1.5308084989341915e-17
901,-1.7690301168721783,-0.8474576271186465,-0.09567085809127243
902,-1.823223304703363,-0.8474576271186465,-0.17677669529663687
903,-1.9043291419087276,-0.8474576271186465,-0.23096988312782168
904,-2.0,-0.8474576271186465,-0.25
905,-2.0956708580912724,-0.8474576271186465,-0.2309698831278217
906,-2.176776695296637,-0.8474576271186465,-0.17677669529663692
907,-2.2309698831278215,-0.8474576271186465,-0.09567085809127258
908,-2.25,-0.8474576271186465,-4.592425496802574e-17
909,-2.2309698831278215,-0.8474576271186465,0.0956708580912725
910,-2.176776695296637,-0.8474576271186465,0.17677669529663684
911,-2.0956708580912724,-0.8474576271186465,0.23096988312782163
912,-2.0,-0.8983050847457652,0.25
913,-1.9043291419087276,-0.8983050847457652,0.23096988312782168
914,-1.823223304703363,-0.8983050847457652,0.1767766952966369
915,-1.7690301168721783,-0.8983050847457652,0.09567085809127246
916,-1.75,-0.8983050847457652,1.5308084989341915e-17
917,-1.7690301168721783,-0.8983050847457652,-0.09567085809127243
918,-1.823223304703363,-0.8983050847457652,-0.17677669529663687
919,-1.9043291419087276,-0.8983050847457652,-0.23096988312782168
920,-2.0,-0.8983050847457652,-0.25
921,-2.0956708580912724,-0.8983050847457652,-0.2309698831278217
922,-2.176776695296637,-0.8983050847457652,-0.17677669529663692
923,-2.2309698831278215,-0.8983050847457652,-0.09567085809127258
924,-2.25,-0.8983050847457652,-4.592425496802574e-17
925,-2.2309698831278215,-0.8983050847457652,0.0956708580912725
926,-2.176776695296637,-0.8983050847457652,0.17677669529663684
927,-2.0956708580912724,-0.8983050847457652,0.23096988312782163
928,-2.0,-0.9491525423728844,0.25
929,-1.9043291419087276,-0.9491525423728844,0.23096988312782168
930,-1.823223304703363,-0.9491525423728844,0.1767766952966369
931,-1.7690301168721783,-0.9491525423728844,0.09567085809127246
932,-1.75,-0.9491525423728844,1.5308084989341915e-17
933,-1.7690301168721783,-0.9491525423728844,-0.09567085809127243
934,-1.823223304703363,-0.9491525423728844,-0.17677669529663687
935,-1.9043291419087276,-0.9491525423728844,-0.23096988312782168
936,-2.0,-0.9491525423728844,-0.25
937,-2.0956708580912724,-0.9491525423728844,-0.2309698831278217
938,-2.176776695296637,-0.9491525423728844,-0.17677669529663692
939,-2.2309698831278215,-0.9491525423728844,-0.09567085809127258
940,-2.25,-0.9491525423728844,-4.592425496802574e-17
941,-2.2309698831278215,-0.9491525423728844,0.0956708580912725
942,-2.176776695296637,-0.9491525423728844,0.17677669529663684
943,-2.0956708580912724,-0.9491525423728844,0.23096988312782163
944,-2.0,-1.0,0.25
945,-1.9043291419087276,-1.0,0.23096988312782168
946,-1.823223304703363,-1.0,0.1767766952966369
947,-1.7690301168721783,-1.0,0.09567085809127246
948,-1.75,-1.0,1.5308084989341915e-17
949,-1.7690301168721783,-1.0,-0.09567085809127243
950,-1.823223304703363,-1.0,-0.17677669529663687
951,-1.9043291419087276,-1.0,-0.23096988312782168
952,-2.0,-1.0,-0.25
953,-2.0956708580912724,-1.0,-0.2309698831278217
954,-2.176776695296637,-1.0,-0.17677669529663692
955,-2.2309698831278215,-1.0,-0.09567085809127258
956,-2.25,-1.0,-4.592425496802574e-17
957,-2.2309698831278215,-1.0,0.0956708580912725
958,-2.176776695296637,-1.0,0.17677669529663684
959,-2.0956708580912724,-1.0,0.23096988312782163
960,-1.9999999999999998,-1.9205127018922192,-8.673617379884035e-18
961,-1.9999999999999998,-1.9162351325791245,0.06526309611002579
962,-1.9750248943738424,-1.9162351325791245,0.06029523872436981
963,-1.9538520221793712,-1.9162351325791245,0.046147977820628634
964,-1.93970476127563,-1.9162351325791245,0.024975105626157408
965,-1.934736903889974,-1.9162351325791245,-4.6774052922045765e-18
966,-1.93970476127563,-1.9162351325791245,-0.024975105626157415
967,-1.9538520221793712,-1.9162351325791245,-0.046147977820628634
968,-1.9750248943738424,-1.9162351325791245,-0.06029523872436982
969,-1.9999999999999998,-1.9162351325791245,-0.06526309611002581
970,-2.024975105626157,-1.9162351325791245,-0.06029523872436983
971,-2.0461479778206284,-1.9162351325791245,-0.046147977820628655
972,-2.0602952387243696,-1.9162351325791245,-0.024975105626157457
973,-2.0652630961100256,-1.9162351325791245,-2.0662253642922412e-17
974,-2.0602952387243696,-1.9162351325791245,0.024975105626157415
975,-2.0461479778206284,-1.9162351325791245,0.04614797782062861
976,-2.024975105626157,-1.9162351325791245,0.060295238724369794
977,-1.9999999999999998,-1.9034756150367533,0.1294095225512604
978,-1.950477119729356,-1.9034756150367533,0.11955880919716726
979,-1.9084936490538902,-1.9034756150367533,0.09150635094610966
980,-1.8804411908028325,-1.9034756150367533,0.04952288027064382
981,-1.8705904774487394,-1.9034756150367533,-7.495695013046216e-19
982,-1.8804411908028325,-1.9034756150367533,-0.04952288027064382
983,-1.9084936490538902,-1.9034756150367533,-0.09150635094610968
984,-1.950477119729356,-1.9034756150367533,-0.11955880919716728
985,-1.9999999999999998,-1.9034756150367533,-0.1294095225512604
986,-2.0495228802706436,-1.9034756150367533,-0.1195588091971673
987,-2.0915063509461094,-1.9034756150367533,-0.0915063509461097
988,-2.119558809197167,-1.9034756150367533,-0.0495228802706439
989,-2.1294095225512604,-1.9034756150367533,-3.244576101562228e-17
990,-2.119558809197167,-1.9034756150367533,0.04952288027064384
991,-2.0915063509461094,-1.9034756150367533,0.09150635094610964
992,-2.0495228802706436,-1.9034756150367533,0.11955880919716723
993,-1.9999999999999998,-1.8824524681478625,0.19134171618254492
994,-1.9267766952966365,-1.8824524681478625,0.17677669529663692
995,-1.8647009749634504,-1.8824524681478625,0.13529902503654928
996,-1.8232233047033628,-1.8824524681478625,0.07322330470336313
997,-1.8086582838174547,-1.8824524681478625,3.0426836334317125e-18
998,-1.8232233047033628,-1.8824524681478625,-0.07322330470336313
999,-1.8647009749634504,-1.8824524681478625,-0.13529902503654925
1000,-1.9267766952966365,-1.8824524681478625,-0.17677669529663692
1001,-1.9999999999999998,-1.8824524681478625,-0.19134171618254492
1002,-2.073223304703363,-1.8824524681478625,-0.17677669529663692
1003,-2.135299025036549,-1.8824524681478625,-0.1352990250365493
1004,-2.1767766952966365,-1.8824524681478625,-0.07322330470336326
1005,-2.191341716182545,-1.8824524681478625,-4.3822520419831273e-17
1006,-2.1767766952966365,-1.8824524681478625,0.07322330470336316
1007,-2.135299025036549,-1.8824524681478625,0.13529902503654923
1008,-2.073223304703363,-1.8824524681478625,0.17677669529663687
1009,-1.9999999999999998,-1.8535254037844386,0.25
1010,-1.9043291419087274,-1.8535254037844386,0.23096988312782168
1011,-1.8232233047033628,-1.8535254037844386,0.1767766952966369
1012,-1.769030116872178,-1.8535254037844386,0.09567085809127245
1013,-1.7499999999999998,-1.8535254037844386,6.63446760945788e-18
1014,-1.769030116872178,-1.8535254037844386,-0.09567085809127245
1015,-1.8232233047033628,-1.8535254037844386,-0.17677669529663687
1016,-1.9043291419087274,-1.8535254037844386,-0.23096988312782168
1017,-1.9999999999999998,-1.8535254037844386,-0.25
1018,-2.0956708580912724,-1.8535254037844386,-0.2309698831278217
1019,-2.1767766952966365,-1.8535254037844386,-0.17677669529663692
1020,-2.2309698831278215,-1.8535254037844386,-0.0956708580912726
1021,-2.25,-1.8535254037844386,-5.459787234790978e-17
1022,-2.2309698831278215,-1.8535254037844386,0.09567085809127249
1023,-2.1767766952966365,-1.8535254037844386,0.17677669529663684
1024,-2.0956708580912724,-1.8535254037844386,0.23096988312782163
1025,-1.9999999999999998,-1.8171893720378367,0.3043807145043604
1026,-1.8835185434277326,-1.8171893720378367,0.2812111122217399
1027,-1.78477033271156,-1.8171893720378367,0.21522966728843976
1028,-1.7187888877782598,-1.8171893720378367,0.1164814565722671
1029,-1.6956192854956393,-1.8171893720378367,9.964326007113428e-18
1030,-1.7187888877782598,-1.8171893720378367,-0.11648145657226709
1031,-1.78477033271156,-1.8171893720378367,-0.21522966728843973
1032,-1.8835185434277326,-1.8171893720378367,-0.2812111122217399
1033,-1.9999999999999998,-1.8171893720378367,-0.3043807145043604
1034,-2.116481456572267,-1.8171893720378367,-0.28121111222173995
1035,-2.2152296672884395,-1.8171893720378367,-0.21522966728843979
1036,-2.28121111222174,-1.8171893720378367,-0.11648145657226729
1037,-2.30438071450436,-1.8171893720378367,-6.458744754087643e-17
1038,-2.28121111222174,-1.8171893720378367,0.11648145657226715
1039,-2.2152296672884395,-1.8171893720378367,0.2152296672884397
1040,-2.116481456572267,-1.8171893720378367,0.28121111222173983
1041,-1.9999999999999998,-1.774066092485493,0.3535533905932738
1042,-1.8647009749634504,-1.774066092485493,0.32664074121909414
1043,-1.7499999999999998,-1.774066092485493,0.25000000000000006
1044,-1.6733592587809056,-1.774066092485493,0.13529902503654928
1045,-1.646446609406726,-1.774066092485493,1.29752840260033e-17
1046,-1.6733592587809056,-1.774066092485493,-0.13529902503654925
1047,-1.7499999999999998,-1.774066092485493,-0.25
1048,-1.8647009749634504,-1.774066092485493,-0.32664074121909414
1049,-1.9999999999999998,-1.774066092485493,-0.3535533905932738
1050,-2.135299025036549,-1.774066092485493,-0.3266407412190942
1051,-2.25,-1.774066092485493,-0.25000000000000006
1052,-2.326640741219094,-1.774066092485493,-0.13529902503654945
1053,-2.3535533905932735,-1.774066092485493,-7.362032159754604e-17
1054,-2.326640741219094,-1.774066092485493,0.13529902503654934
1055,-2.25,-1.774066092485493,0.24999999999999994
1056,-2.135299025036549,-1.774066092485493,0.3266407412190941
1057,-1.9999999999999998,-1.7248934163965797,0.3966766701456176
1058,-1.8481984103295204,-1.7248934163965797,0.36648145657226705
1059,-1.7195072366015343,-1.7248934163965797,0.2804927633984655
1060,-1.6335185434277326,-1.7248934163965797,0.1518015896704795
1061,-1.603323329854382,-1.7248934163965797,1.5615823339629015e-17
1062,-1.6335185434277326,-1.7248934163965797,-0.15180158967047946
1063,-1.7195072366015343,-1.7248934163965797,-0.28049276339846546
1064,-1.8481984103295201,-1.7248934163965797,-0.36648145657226705
1065,-1.9999999999999998,-1.7248934163965797,-0.3966766701456176
1066,-2.1518015896704794,-1.7248934163965797,-0.3664814565722671
1067,-2.280492763398465,-1.7248934163965797,-0.28049276339846557
1068,-2.366481456572267,-1.7248934163965797,-0.1518015896704797
1069,-2.3966766701456175,-1.7248934163965797,-8.154193953842318e-17
1070,-2.366481456572267,-1.7248934163965797,0.15180158967047958
1071,-2.2804927633984655,-1.7248934163965797,0.2804927633984654
1072,-2.1518015896704794,-1.7248934163965797,0.366481456572267
1073,-1.9999999999999998,-1.6705127018922192,0.43301270189221935
1074,-1.8342932129822038,-1.6705127018922192,0.4000515725956328
1075,-1.6938137821521024,-1.6705127018922192,0.3061862178478973
1076,-1.599948427404367,-1.6705127018922192,0.16570678701779593
1077,-1.5669872981077804,-1.6705127018922192,1.7840763588238637e-17
1078,-1.599948427404367,-1.6705127018922192,-0.1657067870177959
1079,-1.6938137821521024,-1.6705127018922192,-0.30618621784789724
1080,-1.8342932129822038,-1.6705127018922192,-0.4000515725956328
1081,-1.9999999999999998,-1.6705127018922192,-0.43301270189221935
1082,-2.1657067870177955,-1.6705127018922192,-0.40005157259563284
1083,-2.306186217847897,-1.6705127018922192,-0.30618621784789735
1084,-2.4000515725956326,-1.6705127018922192,-0.16570678701779615
1085,-2.433012701892219,-1.6705127018922192,-8.821676028425205e-17
1086,-2.4000515725956326,-1.6705127018922192,0.165706787017796
1087,-2.3061862178478973,-1.6705127018922192,0.30618621784789724
1088,-2.165706787017796,-1.6705127018922192,0.4000515725956327
1089,-1.9999999999999998,-1.611854418074764,0.4619397662556434
1090,-1.8232233047033628,-1.611854418074764,0.4267766952966369
1091,-1.6733592587809056,-1.611854418074764,0.3266407412190942
1092,-1.5732233047033628,-1.611854418074764,0.17677669529663692
1093,-1.5380602337443563,-1.611854418074764,1.9612035427308477e-17
1094,-1.5732233047033628,-1.611854418074764,-0.17677669529663687
1095,-1.6733592587809056,-1.611854418074764,-0.32664074121909414
1096,-1.8232233047033628,-1.611854418074764,-0.4267766952966369
1097,-1.9999999999999998,-1.611854418074764,-0.4619397662556434
1098,-2.1767766952966365,-1.611854418074764,-0.426776695296637
1099,-2.326640741219094,-1.611854418074764,-0.32664074121909425
1100,-2.4267766952966365,-1.611854418074764,-0.17677669529663717
1101,-2.461939766255643,-1.611854418074764,-9.353057580146156e-17
1102,-2.4267766952966365,-1.611854418074764,0.176776695296637
1103,-2.326640741219094,-1.611854418074764,0.3266407412190941
1104,-2.176776695296637,-1.611854418074764,0.4267766952966368
1105,-1.9999999999999998,-1.5499222244434794,0.48296291314453416
1106,-1.8151780946928067,-1.5499222244434794,0.4461995504162614
1107,-1.6584936490538902,-1.5499222244434794,0.3415063509461097
1108,-1.5538004495837383,-1.5499222244434794,0.18482190530719309
1109,-1.5170370868554657,-1.5499222244434794,2.089933190458271e-17
1110,-1.5538004495837383,-1.5499222244434794,-0.18482190530719303
1111,-1.6584936490538902,-1.5499222244434794,-0.34150635094610965
1112,-1.8151780946928067,-1.5499222244434794,-0.4461995504162614
1113,-1.9999999999999998,-1.5499222244434794,-0.48296291314453416
1114,-2.1848219053071927,-1.5499222244434794,-0.44619955041626147
1115,-2.3415063509461094,-1.5499222244434794,-0.34150635094610976
1116,-2.446199550416261,-1.5499222244434794,-0.18482190530719333
1117,-2.482962913144534,-1.5499222244434794,-9.739246523328427e-17
1118,-2.446199550416261,-1.5499222244434794,0.18482190530719317
1119,-2.3415063509461094,-1.5499222244434794,0.3415063509461096
1120,-2.184821905307193,-1.5499222244434794,0.4461995504162613
1121,-1.9999999999999998,-1.485775798002245,0.4957224306869052
1122,-1.8102952387243696,-1.485775798002245,0.4579878075183767
1123,-1.649471307675011,-1.485775798002245,0.35052869232498896
1124,-1.542012192481623,-1.485775798002245,0.1897047612756302
1125,-1.5042775693130945,-1.485775798002245,2.168062702042917e-17
1126,-1.542012192481623,-1.485775798002245,-0.18970476127563016
1127,-1.649471307675011,-1.485775798002245,-0.3505286923249889
1128,-1.8102952387243696,-1.485775798002245,-0.4579878075183767
1129,-1.9999999999999998,-1.485775798002245,-0.4957224306869052
1130,-2.18970476127563,-1.485775798002245,-0.45798780751837675
1131,-2.3505286923249886,-1.485775798002245,-0.350528692324989
1132,-2.4579878075183763,-1.485775798002245,-0.18970476127563046
1133,-2.495722430686905,-1.485775798002245,-9.973635058082364e-17
1134,-2.4579878075183763,-1.485775798002245,0.1897047612756303
1135,-2.3505286923249886,-1.485775798002245,0.35052869232498884
1136,-2.1897047612756304,-1.485775798002245,0.4579878075183766
1137,-1.9999999999999998,-1.4205127018922192,0.5
1138,-1.808658283817455,-1.4205127018922192,0.46193976625564337
1139,-1.646446609406726,-1.4205127018922192,0.3535533905932738
1140,-1.5380602337443565,-1.4205127018922192,0.19134171618254492
1141,-1.4999999999999998,-1.4205127018922192,2.1942552598799795e-17
1142,-1.5380602337443565,-1.4205127018922192,-0.19134171618254486
1143,-1.646446609406726,-1.4205127018922192,-0.35355339059327373
1144,-1.8086582838174547,-1.4205127018922192,-0.46193976625564337
1145,-1.9999999999999998,-1.4205127018922192,-0.5
1146,-2.191341716182545,-1.4205127018922192,-0.4619397662556434
1147,-2.3535533905932735,-1.4205127018922192,-0.35355339059327384
1148,-2.461939766255643,-1.4205127018922192,-0.19134171618254517
1149,-2.5,-1.4205127018922192,-1.0052212731593552e-16
1150,-2.461939766255643,-1.4205127018922192,0.191341716182545
1151,-2.3535533905932735,-1.4205127018922192,0.3535533905932737
1152,-2.191341716182545,-1.4205127018922192,0.46193976625564326
1153,-1.9999999999999998,-1.3552496057821932,0.4957224306869052
1154,-1.8102952387243696,-1.3552496057821932,0.4579878075183767
1155,-1.649471307675011,-1.3552496057821932,0.35052869232498896
1156,-1.542012192481623,-1.3552496057821932,0.1897047612756302
1157,-1.5042775693130945,-1.3552496057821932,2.168062702042917e-17
1158,-1.542012192481623,-1.3552496057821932,-0.18970476127563016
1159,-1.649471307675011,-1.3552496057821932,-0.3505286923249889
1160,-1.8102952387243696,-1.3552496057821932,-0.4579878075183767
1161,-1.9999999999999998,-1.3552496057821932,-0.4957224306869052
1162,-2.18970476127563,-1.3552496057821932,-0.45798780751837675
1163,-2.3505286923249886,-1.3552496057821932,-0.350528692324989
1164,-2.4579878075183763,-1.3552496057821932,-0.18970476127563046
1165,-2.495722430686905,-1.3552496057821932,-9.973635058082364e-17
1166,-2.4579878075183763,-1.3552496057821932,0.1897047612756303
1167,-2.3505286923249886,-1.3552496057821932,0.35052869232498884
1168,-2.1897047612756304,-1.3552496057821932,0.4579878075183766
1169,-1.9999999999999998,-1.2911031793409589,0.48296291314453416
1170,-1.8151780946928067,-1.2911031793409589,0.4461995504162614
1171,-1.6584936490538902,-1.2911031793409589,0.3415063509461097
1172,-1.5538004495837383,-1.2911031793409589,0.18482190530719309
1173,-1.5170370868554657,-1.2911031793409589,2.089933190458271e-17
1174,-1.5538004495837383,-1.2911031793409589,-0.18482190530719303
1175,-1.6584936490538902,-1.2911031793409589,-0.34150635094610965
1176,-1.8151780946928067,-1.2911031793409589,-0.4461995504162614
1177,-1.9999999999999998,-1.2911031793409589,-0.48296291314453416
1178,-2.1848219053071927,-1.2911031793409589,-0.44619955041626147
1179,-2.3415063509461094,-1.2911031793409589,-0.34150635094610976
1180,-2.446199550416261,-1.2911031793409589,-0.18482190530719333
1181,-2.482962913144534,-1.2911031793409589,-9.739246523328427e-17
1182,-2.446199550416261,-1.2911031793409589,0.18482190530719317
1183,-2.3415063509461094,-1.2911031793409589,0.3415063509461096
1184,-2.184821905307193,-1.2911031793409589,0.4461995504162613
1185,-1.9999999999999998,-1.2291709857096742,0.46193976625564337
1186,-1.8232233047033628,-1.2291709857096742,0.42677669529663687
1187,-1.6733592587809056,-1.2291709857096742,0.32664074121909414
1188,-1.573223304703363,-1.2291709857096742,0.17677669529663692
1189,-1.5380602337443565,-1.2291709857096742,1.961203542730847e-17
1190,-1.573223304703363,-1.2291709857096742,-0.17677669529663687
1191,-1.6733592587809056,-1.2291709857096742,-0.3266407412190941
1192,-1.8232233047033628,-1.2291709857096742,-0.42677669529663687
1193,-1.9999999999999998,-1.2291709857096742,-0.46193976625564337
1194,-2.1767766952966365,-1.2291709857096742,-0.4267766952966369
1195,-2.326640741219094,-1.2291709857096742,-0.3266407412190942
1196,-2.4267766952966365,-1.2291709857096742,-0.17677669529663714
1197,-2.461939766255643,-1.2291709857096742,-9.353057580146156e-17
1198,-2.4267766952966365,-1.2291709857096742,0.17677669529663698
1199,-2.326640741219094,-1.2291709857096742,0.32664074121909403
1200,-2.176776695296637,-1.2291709857096742,0.42677669529663675
1201,-1.9999999999999998,-1.170512701892219,0.4330127018922193
1202,-1.8342932129822038,-1.170512701892219,0.40005157259563273
1203,-1.6938137821521024,-1.170512701892219,0.3061862178478973
1204,-1.599948427404367,-1.170512701892219,0.16570678701779593
1205,-1.5669872981077804,-1.170512701892219,1.7840763588238634e-17
1206,-1.599948427404367,-1.170512701892219,-0.16570678701779587
1207,-1.6938137821521024,-1.170512701892219,-0.30618621784789724
1208,-1.8342932129822038,-1.170512701892219,-0.40005157259563273
1209,-1.9999999999999998,-1.170512701892219,-0.4330127018922193
1210,-2.1657067870177955,-1.170512701892219,-0.4000515725956328
1211,-2.306186217847897,-1.170512701892219,-0.3061862178478973
1212,-2.4000515725956326,-1.170512701892219,-0.16570678701779612
1213,-2.433012701892219,-1.170512701892219,-8.821676028425205e-17
1214,-2.4000515725956326,-1.170512701892219,0.16570678701779598
1215,-2.306186217847897,-1.170512701892219,0.3061862178478972
1216,-2.165706787017796,-1.170512701892219,0.4000515725956326
1217,-1.9999999999999998,-1.1161319873878588,0.3966766701456176
1218,-1.8481984103295204,-1.1161319873878588,0.36648145657226705
1219,-1.7195072366015343,-1.1161319873878588,0.2804927633984655
1220,-1.6335185434277326,-1.1161319873878588,0.1518015896704795
1221,-1.603323329854382,-1.1161319873878588,1.5615823339629015e-17
1222,-1.6335185434277326,-1.1161319873878588,-0.15180158967047946
1223,-1.7195072366015343,-1.1161319873878588,-0.28049276339846546
1224,-1.8481984103295201,-1.1161319873878588,-0.36648145657226705
1225,-1.9999999999999998,-1.1161319873878588,-0.3966766701456176
1226,-2.1518015896704794,-1.1161319873878588,-0.3664814565722671
1227,-2.280492763398465,-1.1161319873878588,-0.28049276339846557
1228,-2.366481456572267,-1.1161319873878588,-0.1518015896704797
1229,-2.3966766701456175,-1.1161319873878588,-8.154193953842318e-17
1230,-2.366481456572267,-1.1161319873878588,0.15180158967047958
1231,-2.2804927633984655,-1.1161319873878588,0.2804927633984654
1232,-2.1518015896704794,-1.1161319873878588,0.366481456572267
1233,-1.9999999999999998,-1.0669593112989453,0.3535533905932736
1234,-1.8647009749634507,-1.0669593112989453,0.326640741219094
1235,-1.7499999999999998,-1.0669593112989453,0.24999999999999992
1236,-1.6733592587809059,-1.0669593112989453,0.13529902503654923
1237,-1.646446609406726,-1.0669593112989453,1.2975284026003287e-17
1238,-1.6733592587809059,-1.0669593112989453,-0.13529902503654917
1239,-1.7499999999999998,-1.0669593112989453,-0.2499999999999999
1240,-1.8647009749634504,-1.0669593112989453,-0.326640741219094
1241,-1.9999999999999998,-1.0669593112989453,-0.3535533905932736
1242,-2.135299025036549,-1.0669593112989453,-0.32664074121909403
1243,-2.2499999999999996,-1.0669593112989453,-0.24999999999999994
1244,-2.3266407412190935,-1.0669593112989453,-0.1352990250365494
1245,-2.3535533905932735,-1.0669593112989453,-7.3620321597546e-17
1246,-2.326640741219094,-1.0669593112989453,0.13529902503654928
1247,-2.2499999999999996,-1.0669593112989453,0.24999999999999983
1248,-2.135299025036549,-1.0669593112989453,0.3266407412190939
1249,-1.9999999999999998,-1.0238360317466015,0.3043807145043602
1250,-1.8835185434277328,-1.0238360317466015,0.2812111122217398
1251,-1.78477033271156,-1.0238360317466015,0.21522966728843965
1252,-1.71878888777826,-1.0238360317466015,0.11648145657226704
1253,-1.6956192854956396,-1.0238360317466015,9.964326007113419e-18
1254,-1.71878888777826,-1.0238360317466015,-0.11648145657226704
1255,-1.78477033271156,-1.0238360317466015,-0.21522966728843962
1256,-1.8835185434277326,-1.0238360317466015,-0.2812111122217398
1257,-1.9999999999999998,-1.0238360317466015,-0.3043807145043602
1258,-2.116481456572267,-1.0238360317466015,-0.2812111122217398
1259,-2.2152296672884395,-1.0238360317466015,-0.21522966728843967
1260,-2.2812111122217393,-1.0238360317466015,-0.11648145657226722
1261,-2.3043807145043598,-1.0238360317466015,-6.458744754087639e-17
1262,-2.2812111122217393,-1.0238360317466015,0.11648145657226709
1263,-2.2152296672884395,-1.0238360317466015,0.2152296672884396
1264,-2.116481456572267,-1.0238360317466015,0.28121111222173967
1265,-1.9999999999999998,-0.9874999999999998,0.24999999999999997
1266,-1.9043291419087274,-0.9874999999999998,0.23096988312782166
1267,-1.823223304703363,-0.9874999999999998,0.17677669529663687
1268,-1.769030116872178,-0.9874999999999998,0.09567085809127243
1269,-1.7499999999999998,-0.9874999999999998,6.6344676094578765e-18
1270,-1.769030116872178,-0.9874999999999998,-0.09567085809127243
1271,-1.823223304703363,-0.9874999999999998,-0.17677669529663684
1272,-1.9043291419087274,-0.9874999999999998,-0.23096988312782166
1273,-1.9999999999999998,-0.9874999999999998,-0.24999999999999997
1274,-2.095670858091272,-0.9874999999999998,-0.23096988312782168
1275,-2.1767766952966365,-0.9874999999999998,-0.1767766952966369
1276,-2.2309698831278215,-0.9874999999999998,-0.09567085809127258
1277,-2.2499999999999996,-0.9874999999999998,-5.459787234790977e-17
1278,-2.2309698831278215,-0.9874999999999998,0.09567085809127247
1279,-2.1767766952966365,-0.9874999999999998,0.1767766952966368
1280,-2.0956708580912724,-0.9874999999999998,0.2309698831278216
1281,2.0,2.0,0.25
1282,2.0956708580912724,2.0,0.23096988312782168
1283,2.176776695296637,2.0,0.1767766952966369
1284,2.2309698831278215,2.0,0.09567085809127246
1285,2.25,2.0,1.5308084989341915e-17
1286,2.2309698831278215,2.0,-0.09567085809127243
1287,2.176776695296637,2.0,-0.17677669529663687
1288,2.0956708580912724,2.0,-0.23096988312782168
1289,2.0,2.0,-0.25
1290,1.9043291419087276,2.0,-0.2309698831278217
1291,1.823223304703363,2.0,-0.17677669529663692
1292,1.7690301168721785,2.0,-0.09567085809127258
1293,1.75,2.0,-4.592425496802574e-17
1294,1.7690301168721783,2.0,0.0956708580912725
1295,1.823223304703363,2.0,0.17677669529663684
1296,1.9043291419087274,2.0,0.23096988312782163
1297,2.0,1.9491525423728815,0.25
1298,2.0956708580912724,1.9491525423728815,0.23096988312782168
1299,2.176776695296637,1.9491525423728815,0.1767766952966369
1300,2.2309698831278215,1.9491525423728815,0.09567085809127246
1301,2.25,1.9491525423728815,1.5308084989341915e-17
1302,2.2309698831278215,1.9491525423728815,-0.09567085809127243
1303,2.176776695296637,1.9491525423728815,-0.17677669529663687
1304,2.0956708580912724,1.9491525423728815,-0.23096988312782168
1305,2.0,1.9491525423728815,-0.25
1306,1.9043291419087276,1.9491525423728815,-0.2309698831278217
1307,1.823223304703363,1.9491525423728815,-0.17677669529663692
1308,1.7690301168721785,1.9491525423728815,-0.09567085809127258
1309,1.75,1.9491525423728815,-4.592425496802574e-17
1310,1.7690301168721783,1.9491525423728815,0.0956708580912725
1311,1.823223304703363,1.9491525423728815,0.17677669529663684
1312,1.9043291419087274,1.9491525423728815,0.23096988312782163
1313,2.0,1.8983050847457628,0.25
1314,2.0956708580912724,1.8983050847457628,0.23096988312782168
1315,2.176776695296637,1.8983050847457628,0.1767766952966369
1316,2.2309698831278215,1.8983050847457628,0.09567085809127246
1317,2.25,1.8983050847457628,1.5308084989341915e-17
1318,2.2309698831278215,1.8983050847457628,-0.09567085809127243
1319,2.176776695296637,1.8983050847457628,-0.17677669529663687
1320,2.0956708580912724,1.8983050847457628,-0.23096988312782168
1321,2.0,1.8983050847457628,-0.25
1322,1.9043291419087276,1.8983050847457628,-0.2309698831278217
1323,1.823223304703363,1.8983050847457628,-0.17677669529663692
1324,1.7690301168721785,1.8983050847457628,-0.09567085809127258
1325,1.75,1.8983050847457628,-4.592425496802574e-17
1326,1.7690301168721783,1.8983050847457628,0.0956708580912725
1327,1.823223304703363,1.8983050847457628,0.17677669529663684
1328,1.9043291419087274,1.8983050847457628,0.23096988312782163
1329,2.0,1.8474576271186443,0.25
1330,2.0956708580912724,1.8474576271186443,0.23096988312782168
1331,2.176776695296637,1.8474576271186443,0.1767766952966369
1332,2.2309698831278215,1.8474576271186443,0.09567085809127246
1333,2.25,1.8474576271186443,1.5308084989341915e-17
1334,2.2309698831278215,1.8474576271186443,-0.09567085809127243
1335,2.176776695296637,1.8474576271186443,-0.17677669529663687
1336,2.0956708580912724,1.8474576271186443,-0.23096988312782168
1337,2.0,1.8474576271186443,-0.25
1338,1.9043291419087276,1.8474576271186443,-0.2309698831278217
1339,1.823223304703363,1.8474576271186443,-0.17677669529663692
1340,1.7690301168721785,1.8474576271186443,-0.09567085809127258
1341,1.75,1.8474576271186443,-4.592425496802574e-17
1342,1.7690301168721783,1.8474576271186443,0.0956708580912725
1343,1.823223304703363,1.8474576271186443,0.17677669529663684
1344,1.9043291419087274,1.8474576271186443,0.23096988312782163
1345,2.0,1.7966101694915257,0.25
1346,2.0956708580912724,1.7966101694915257,0.23096988312782168
1347,2.176776695296637,1.7966101694915257,0.1767766952966369
1348,2.2309698831278215,1.7966101694915257,0.09567085809127246
1349,2.25,1.7966101694915257,1.5308084989341915e-17
1350,2.2309698831278215,1.7966101694915257,-0.09567085809127243
1351,2.176776695296637,1.7966101694915257,-0.17677669529663687
1352,2.0956708580912724,1.7966101694915257,-0.23096988312782168
1353,2.0,1.7966101694915257,-0.25
1354,1.9043291419087276,1.7966101694915257,-0.2309698831278217
1355,1.823223304703363,1.7966101694915257,-0.17677669529663692
1356,1.7690301168721785,1.7966101694915257,-0.09567085809127258
1357,1.75,1.7966101694915257,-4.592425496802574e-17
1358,1.7690301168721783,1.7966101694915257,0.0956708580912725
1359,1.823223304703363,1.7966101694915257,0.17677669529663684
1360,1.9043291419087274,1.7966101694915257,0.23096988312782163
1361,2.0,1.745762711864407,0.25
1362,2.0956708580912724,1.745762711864407,0.23096988312782168
1363,2.176776695296637,1.745762711864407,0.1767766952966369
1364,2.2309698831278215,1.745762711864407,0.09567085809127246
1365,2.25,1.745762711864407,1.5308084989341915e-17
1366,2.2309698831278215,1.745762711864407,-0.09567085809127243
1367,2.176776695296637,1.745762711864407,-0.17677669529663687
1368,2.0956708580912724,1.745762711864407,-0.23096988312782168
1369,2.0,1.745762711864407,-0.25
1370,1.9043291419087276,1.745762711864407,-0.2309698831278217
1371,1.823223304703363,1.745762711864407,-0.17677669529663692
1372,1.7690301168721785,1.745762711864407,-0.09567085809127258
1373,1.75,1.745762711864407,-4.592425496802574e-17
1374,1.7690301168721783,1.745762711864407,0.0956708580912725
1375,1.823223304703363,1.745762711864407,0.17677669529663684
1376,1.9043291419087274,1.745762711864407,0.23096988312782163
1377,2.0,1.6949152542372885,0.25
1378,2.0956708580912724,1.6949152542372885,0.23096988312782168
1379,2.176776695296637,1.6949152542372885,0.1767766952966369
1380,2.2309698831278215,1.6949152542372885,0.09567085809127246
1381,2.25,1.6949152542372885,1.5308084989341915e-17
1382,2.2309698831278215,1.6949152542372885,-0.09567085809127243
1383,2.176776695296637,1.6949152542372885,-0.17677669529663687
1384,2.0956708580912724,1.6949152542372885,-0.23096988312782168
1385,2.0,1.6949152542372885,-0.25
1386,1.9043291419087276,1.6949152542372885,-0.2309698831278217
1387,1.823223304703363,1.6949152542372885,-0.17677669529663692
1388,1.7690301168721785,1.6949152542372885,-0.09567085809127258
1389,1.75,1.6949152542372885,-4.592425496802574e-17
1390,1.7690301168721783,1.6949152542372885,0.0956708580912725
1391,1.823223304703363,1.6949152542372885,0.17677669529663684
1392,1.9043291419087274,1.6949152542372885,0.23096988312782163
1393,2.0,1.64406779661017,0.25
1394,2.0956708580912724,1.64406779661017,0.23096988312782168
1395,2.176776695296637,1.64406779661017,0.1767766952966369
1396,2.2309698831278215,1.64406779661017,0.09567085809127246
1397,2.25,1.64406779661017,1.5308084989341915e-17
1398,2.2309698831278215,1.64406779661017,-0.09567085809127243
1399,2.176776695296637,1.64406779661017,-0.17677669529663687
1400,2.0956708580912724,1.64406779661017,-0.23096988312782168
1401,2.0,1.64406779661017,-0.25
1402,1.9043291419087276,1.64406779661017,-0.2309698831278217
1403,1.823223304703363,1.64406779661017,-0.17677669529663692
1404,1.7690301168721785,1.64406779661017,-0.09567085809127258
1405,1.75,1.64406779661017,-4.592425496802574e-17
1406,1.7690301168721783,1.64406779661017,0.0956708580912725
1407,1.823223304703363,1.64406779661017,0.17677669529663684
1408,1.9043291419087274,1.64406779661017,0.23096988312782163
1409,2.0,1.5932203389830513,0.25
1410,2.0956708580912724,1.5932203389830513,0.23096988312782168
1411,2.176776695296637,1.5932203389830513,0.1767766952966369
1412,2.2309698831278215,1.5932203389830513,0.09567085809127246
1413,2.25,1.5932203389830513,1.5308084989341915e-17
1414,2.2309698831278215,1.5932203389830513,-0.09567085809127243
1415,2.176776695296637,1.5932203389830513,-0.17677669529663687
1416,2.0956708580912724,1.5932203389830513,-0.23096988312782168
1417,2.0,1.5932203389830513,-0.25
1418,1.9043291419087276,1.5932203389830513,-0.2309698831278217
1419,1.823223304703363,1.5932203389830513,-0.17677669529663692
1420,1.7690301168721785,1.5932203389830513,-0.09567085809127258
1421,1.75,1.5932203389830513,-4.592425496802574e-17
1422,1.7690301168721783,1.5932203389830513,0.0956708580912725
1423,1.823223304703363,1.5932203389830513,0.17677669529663684
1424,1.9043291419087274,1.5932203389830513,0.23096988312782163
1425,2.0,1.5423728813559328,0.25
1426,2.0956708580912724,1.5423728813559328,0.23096988312782168
1427,2.176776695296637,1.5423728813559328,0.1767766952966369
1428,2.2309698831278215,1.5423728813559328,0.09567085809127246
1429,2.25,1.5423728813559328,1.5308084989341915e-17
1430,2.2309698831278215,1.5423728813559328,-0.09567085809127243
1431,2.176776695296637,1.5423728813559328,-0.17677669529663687
1432,2.0956708580912724,1.5423728813559328,-0.23096988312782168
1433,2.0,1.5423728813559328,-0.25
1434,1.9043291419087276,1.5423728813559328,-0.2309698831278217
1435,1.823223304703363,1.5423728813559328,-0.17677669529663692
1436,1.7690301168721785,1.5423728813559328,-0.09567085809127258
1437,1.75,1.5423728813559328,-4.592425496802574e-17
1438,1.7690301168721783,1.5423728813559328,0.0956708580912725
1439,1.823223304703363,1.5423728813559328,0.17677669529663684
1440,1.9043291419087274,1.5423728813559328,0.23096988312782163
1441,2.0,1.4915254237288142,0.25
1442,2.0956708580912724,1.4915254237288142,0.23096988312782168
1443,2.176776695296637,1.4915254237288142,0.1767766952966369
1444,2.2309698831278215,1.4915254237288142,0.09567085809127246
1445,2.25,1.4915254237288142,1.5308084989341915e-17
1446,2.2309698831278215,1.4915254237288142,-0.09567085809127243
1447,2.176776695296637,1.4915254237288142,-0.17677669529663687
1448,2.0956708580912724,1.4915254237288142,-0.23096988312782168
1449,2.0,1.4915254237288142,-0.25
1450,1.9043291419087276,1.4915254237288142,-0.2309698831278217
1451,1.823223304703363,1.4915254237288142,-0.17677669529663692
1452,1.7690301168721785,1.4915254237288142,-0.09567085809127258
1453,1.75,1.4915254237288142,-4.592425496802574e-17
1454,1.7690301168721783,1.4915254237288142,0.0956708580912725
1455,1.823223304703363,1.4915254237288142,0.17677669529663684
1456,1.9043291419087274,1.4915254237288142,0.23096988312782163
1457,2.0,1.4406779661016955,0.25
1458,2.0956708580912724,1.4406779661016955,0.23096988312782168
1459,2.176776695296637,1.4406779661016955,0.1767766952966369
1460,2.2309698831278215,1.4406779661016955,0.09567085809127246
1461,2.25,1.4406779661016955,1.5308084989341915e-17
1462,2.2309698831278215,1.4406779661016955,-0.09567085809127243
1463,2.176776695296637,1.4406779661016955,-0.17677669529663687
1464,2.0956708580912724,1.4406779661016955,-0.23096988312782168
1465,2.0,1.4406779661016955,-0.25
1466,1.9043291419087276,1.4406779661016955,-0.2309698831278217
1467,1.823223304703363,1.4406779661016955,-0.17677669529663692
1468,1.7690301168721785,1.4406779661016955,-0.09567085809127258
1469,1.75,1.4406779661016955,-4.592425496802574e-17
1470,1.7690301168721783,1.4406779661016955,0.0956708580912725
1471,1.823223304703363,1.4406779661016955,0.17677669529663684
1472,1.9043291419087274,1.4406779661016955,0.23096988312782163
1473,2.0,1.389830508474577,0.25
1474,2.0956708580912724,1.389830508474577,0.23096988312782168
1475,2.176776695296637,1.389830508474577,0.1767766952966369
1476,2.2309698831278215,1.389830508474577,0.09567085809127246
1477,2.25,1.389830508474577,1.5308084989341915e-17
1478,2.2309698831278215,1.389830508474577,-0.09567085809127243
1479,2.176776695296637,1.389830508474577,-0.17677669529663687
1480,2.0956708580912724,1.389830508474577,-0.23096988312782168
1481,2.0,1.389830508474577,-0.25
1482,1.9043291419087276,1.389830508474577,-0.2309698831278217
1483,1.823223304703363,1.389830508474577,-0.17677669529663692
1484,1.7690301168721785,1.389830508474577,-0.09567085809127258
1485,1.75,1.389830508474577,-4.592425496802574e-17
1486,1.7690301168721783,1.389830508474577,0.0956708580912725
1487,1.823223304703363,1.389830508474577,0.17677669529663684
1488,1.9043291419087274,1.389830508474577,0.23096988312782163
1489,2.0,1.3389830508474585,0.25
1490,2.0956708580912724,1.3389830508474585,0.23096988312782168
1491,2.176776695296637,1.3389830508474585,0.1767766952966369
1492,2.2309698831278215,1.3389830508474585,0.09567085809127246
1493,2.25,1.3389830508474585,1.5308084989341915e-17
1494,2.2309698831278215,1.3389830508474585,-0.09567085809127243
1495,2.176776695296637,1.3389830508474585,-0.17677669529663687
1496,2.0956708580912724,1.3389830508474585,-0.23096988312782168
1497,2.0,1.3389830508474585,-0.25
1498,1.9043291419087276,1.3389830508474585,-0.2309698831278217
1499,1.823223304703363,1.3389830508474585,-0.17677669529663692
1500,1.7690301168721785,1.3389830508474585,-0.09567085809127258
1501,1.75,1.3389830508474585,-4.592425496802574e-17
1502,1.7690301168721783,1.3389830508474585,0.0956708580912725
1503,1.823223304703363,1.3389830508474585,0.17677669529663684
1504,1.9043291419087274,1.3389830508474585,0.23096988312782163
1505,2.0,1.2881355932203398,0.25
1506,2.0956708580912724,1.2881355932203398,0.23096988312782168
1507,2.176776695296637,1.2881355932203398,0.1767766952966369
1508,2.2309698831278215,1.2881355932203398,0.09567085809127246
1509,2.25,1.2881355932203398,1.5308084989341915e-17
1510,2.2309698831278215,1.2881355932203398,-0.09567085809127243
1511,2.176776695296637,1.2881355932203398,-0.17677669529663687
1512,2.0956708580912724,1.2881355932203398,-0.23096988312782168
1513,2.0,1.2881355932203398,-0.25
1514,1.9043291419087276,1.2881355932203398,-0.2309698831278217
1515,1.823223304703363,1.2881355932203398,-0.17677669529663692
1516,1.7690301168721785,1.2881355932203398,-0.09567085809127258
1517,1.75,1.2881355932203398,-4.592425496802574e-17
1518,1.7690301168721783,1.2881355932203398,0.0956708580912725
1519,1.823223304703363,1.2881355932203398,0.17677669529663684
1520,1.9043291419087274,1.2881355932203398,0.23096988312782163
1521,2.0,1.2372881355932213,0.25
1522,2.0956708580912724,1.2372881355932213,0.23096988312782168
1523,2.176776695296637,1.2372881355932213,0.1767766952966369
1524,2.2309698831278215,1.2372881355932213,0.09567085809127246
1525,2.25,1.2372881355932213,1.5308084989341915e-17
1526,2.2309698831278215,1.2372881355932213,-0.09567085809127243
1527,2.176776695296637,1.2372881355932213,-0.17677669529663687
1528,2.0956708580912724,1.2372881355932213,-0.23096988312782168
1529,2.0,1.2372881355932213,-0.25
1530,1.9043291419087276,1.2372881355932213,-0.2309698831278217
1531,1.823223304703363,1.2372881355932213,-0.17677669529663692
1532,1.7690301168721785,1.2372881355932213,-0.09567085809127258
1533,1.75,1.2372881355932213,-4.592425496802574e-17
1534,1.7690301168721783,1.2372881355932213,0.0956708580912725
1535,1.823223304703363,1.2372881355932213,0.17677669529663684
1536,1.9043291419087274,1.2372881355932213,0.23096988312782163
1537,2.0,1.1864406779661025,0.25
1538,2.0956708580912724,1.1864406779661025,0.23096988312782168
1539,2.176776695296637,1.1864406779661025,0.1767766952966369
1540,2.2309698831278215,1.1864406779661025,0.09567085809127246
1541,2.25,1.1864406779661025,1.5308084989341915e-17
1542,2.2309698831278215,1.1864406779661025,-0.09567085809127243
1543,2.176776695296637,1.1864406779661025,-0.17677669529663687
1544,2.0956708580912724,1.1864406779661025,-0.23096988312782168
1545,2.0,1.1864406779661025,-0.25
1546,1.9043291419087276,1.1864406779661025,-0.2309698831278217
1547,1.823223304703363,1.1864406779661025,-0.17677669529663692
1548,1.7690301168721785,1.1864406779661025,-0.09567085809127258
1549,1.75,1.1864406779661025,-4.592425496802574e-17
1550,1.7690301168721783,1.1864406779661025,0.0956708580912725
1551,1.823223304703363,1.1864406779661025,0.17677669529663684
1552,1.9043291419087274,1.1864406779661025,0.23096988312782163
1553,2.0,1.135593220338984,0.25
1554,2.0956708580912724,1.135593220338984,0.23096988312782168
1555,2.176776695296637,1.135593220338984,0.1767766952966369
1556,2.2309698831278215,1.135593220338984,0.09567085809127246
1557,2.25,1.135593220338984,1.5308084989341915e-17
1558,2.2309698831278215,1.135593220338984,-0.09567085809127243
1559,2.176776695296637,1.135593220338984,-0.17677669529663687
1560,2.0956708580912724,1.135593220338984,-0.23096988312782168
1561,2.0,1.135593220338984,-0.25
1562,1.9043291419087276,1.135593220338984,-0.2309698831278217
1563,1.823223304703363,1.135593220338984,-0.17677669529663692
1564,1.7690301168721785,1.135593220338984,-0.09567085809127258
1565,1.75,1.135593220338984,-4.592425496802574e-17
1566,1.7690301168721783,1.135593220338984,0.0956708580912725
1567,1.823223304703363,1.135593220338984,0.17677669529663684
1568,1.9043291419087274,1.135593220338984,0.23096988312782163
1569,2.0,1.0847457627118655,0.25
1570,2.0956708580912724,1.0847457627118655,0.23096988312782168
1571,2.176776695296637,1.0847457627118655,0.1767766952966369
1572,2.2309698831278215,1.0847457627118655,0.09567085809127246
1573,2.25,1.0847457627118655,1.5308084989341915e-17
1574,2.2309698831278215,1.0847457627118655,-0.09567085809127243
1575,2.176776695296637,1.0847457627118655,-0.17677669529663687
1576,2.0956708580912724,1.0847457627118655,-0.23096988312782168
1577,2.0,1.0847457627118655,-0.25
1578,1.9043291419087276,1.0847457627118655,-0.2309698831278217
1579,1.823223304703363,1.0847457627118655,-0.17677669529663692
1580,1.7690301168721785,1.0847457627118655,-0.09567085809127258
1581,1.75,1.0847457627118655,-4.592425496802574e-17
1582,1.7690301168721783,1.0847457627118655,0.0956708580912725
1583,1.823223304703363,1.0847457627118655,0.17677669529663684
1584,1.9043291419087274,1.0847457627118655,0.23096988312782163
1585,2.0,1.033898305084747,0.25
1586,2.0956708580912724,1.033898305084747,0.23096988312782168
1587,2.176776695296637,1.033898305084747,0.1767766952966369
1588,2.2309698831278215,1.033898305084747,0.09567085809127246
1589,2.25,1.033898305084747,1.5308084989341915e-17
1590,2.2309698831278215,1.033898305084747,-0.09567085809127243
1591,2.176776695296637,1.033898305084747,-0.17677669529663687
1592,2.0956708580912724,1.033898305084747,-0.23096988312782168
1593,2.0,1.033898305084747,-0.25
1594,1.9043291419087276,1.033898305084747,-0.2309698831278217
1595,1.823223304703363,1.033898305084747,-0.17677669529663692
1596,1.7690301168721785,1.033898305084747,-0.09567085809127258
1597,1.75,1.033898305084747,-4.592425496802574e-17
1598,1.7690301168721783,1.033898305084747,0.0956708580912725
1599,1.823223304703363,1.033898305084747,0.17677669529663684
1600,1.9043291419087274,1.033898305084747,0.23096988312782163
1601,2.0,0.9830508474576284,0.25
1602,2.0956708580912724,0.9830508474576284,0.23096988312782168
1603,2.176776695296637,0.9830508474576284,0.1767766952966369
1604,2.2309698831278215,0.9830508474576284,0.09567085809127246
1605,2.25,0.9830508474576284,1.5308084989341915e-17
1606,2.2309698831278215,0.9830508474576284,-0.09567085809127243
1607,2.176776695296637,0.9830508474576284,-0.17677669529663687
1608,2.0956708580912724,0.9830508474576284,-0.23096988312782168
1609,2.0,0.9830508474576284,-0.25
1610,1.9043291419087276,0.9830508474576284,-0.2309698831278217
1611,1.823223304703363,0.9830508474576284,-0.17677669529663692
1612,1.7690301168721785,0.9830508474576284,-0.09567085809127258
1613,1.75,0.9830508474576284,-4.592425496802574e-17
1614,1.7690301168721783,0.9830508474576284,0.0956708580912725
1615,1.823223304703363,0.9830508474576284,0.17677669529663684
1616,1.9043291419087274,0.9830508474576284,0.23096988312782163
1617,2.0,0.9322033898305094,0.25
1618,2.0956708580912724,0.9322033898305094,0.23096988312782168
1619,2.176776695296637,0.9322033898305094,0.1767766952966369
1620,2.2309698831278215,0.9322033898305094,0.09567085809127246
1621,2.25,0.9322033898305094,1.5308084989341915e-17
1622,2.2309698831278215,0.9322033898305094,-0.09567085809127243
1623,2.176776695296637,0.9322033898305094,-0.17677669529663687
1624,2.0956708580912724,0.9322033898305094,-0.23096988312782168
1625,2.0,0.9322033898305094,-0.25
1626,1.9043291419087276,0.9322033898305094,-0.2309698831278217
1627,1.823223304703363,0.9322033898305094,-0.17677669529663692
1628,1.7690301168721785,0.9322033898305094,-0.09567085809127258
1629,1.75,0.9322033898305094,-4.592425496802574e-17
1630,1.7690301168721783,0.9322033898305094,0.0956708580912725
1631,1.823223304703363,0.9322033898305094,0.17677669529663684
1632,1.9043291419087274,0.9322033898305094,0.23096988312782163
1633,2.0,0.8813559322033901,0.25
1634,2.0956708580912724,0.8813559322033901,0.23096988312782168
1635,2.176776695296637,0.8813559322033901,0.1767766952966369
1636,2.2309698831278215,0.8813559322033901,0.09567085809127246
1637,2.25,0.8813559322033901,1.5308084989341915e-17
1638,2.2309698831278215,0.8813559322033901,-0.09567085809127243
1639,2.176776695296637,0.8813559322033901,-0.17677669529663687
1640,2.0956708580912724,0.8813559322033901,-0.23096988312782168
1641,2.0,0.8813559322033901,-0.25
1642,1.9043291419087276,0.8813559322033901,-0.2309698831278217
1643,1.823223304703363,0.8813559322033901,-0.17677669529663692
1644,1.7690301168721785,0.8813559322033901,-0.09567085809127258
1645,1.75,0.8813559322033901,-4.592425496802574e-17
1646,1.7690301168721783,0.8813559322033901,0.0956708580912725
1647,1.823223304703363,0.8813559322033901,0.17677669529663684
1648,1.9043291419087274,0.8813559322033901,0.23096988312782163
1649,2.0,0.8305084745762716,0.25
1650,2.0956708580912724,0.8305084745762716,0.23096988312782168
1651,2.176776695296637,0.8305084745762716,0.1767766952966369
1652,2.2309698831278215,0.8305084745762716,0.09567085809127246
1653,2.25,0.8305084745762716,1.5308084989341915e-17
1654,2.2309698831278215,0.8305084745762716,-0.09567085809127243
1655,2.176776695296637,0.8305084745762716,-0.17677669529663687
1656,2.0956708580912724,0.8305084745762716,-0.23096988312782168
1657,2.0,0.8305084745762716,-0.25
1658,1.9043291419087276,0.8305084745762716,-0.2309698831278217
1659,1.823223304703363,0.8305084745762716,-0.17677669529663692
1660,1.7690301168721785,0.8305084745762716,-0.09567085809127258
1661,1.75,0.8305084745762716,-4.592425496802574e-17
1662,1.7690301168721783,0.8305084745762716,0.0956708580912725
1663,1.823223304703363,0.8305084745762716,0.17677669529663684
1664,1.9043291419087274,0.8305084745762716,0.23096988312782163
1665,2.0,0.779661016949153,0.25
1666,2.0956708580912724,0.779661016949153,0.23096988312782168
1667,2.176776695296637,0.779661016949153,0.1767766952966369
1668,2.2309698831278215,0.779661016949153,0.09567085809127246
1669,2.25,0.779661016949153,1.5308084989341915e-17
1670,2.2309698831278215,0.779661016949153,-0.09567085809127243
1671,2.176776695296637,0.779661016949153,-0.17677669529663687
1672,2.0956708580912724,0.779661016949153,-0.23096988312782168
1673,2.0,0.779661016949153,-0.25
1674,1.9043291419087276,0.779661016949153,-0.2309698831278217
1675,1.823223304703363,0.779661016949153,-0.17677669529663692
1676,1.7690301168721785,0.779661016949153,-0.09567085809127258
1677,1.75,0.779661016949153,-4.592425496802574e-17
1678,1.7690301168721783,0.779661016949153,0.0956708580912725
1679,1.823223304703363,0.779661016949153,0.17677669529663684
1680,1.9043291419087274,0.779661016949153,0.23096988312782163
1681,2.0,0.7288135593220344,0.25
1682,2.0956708580912724,0.7288135593220344,0.23096988312782168
1683,2.176776695296637,0.7288135593220344,0.1767766952966369
1684,2.2309698831278215,0.7288135593220344,0.09567085809127246
1685,2.25,0.7288135593220344,1.5308084989341915e-17
1686,2.2309698831278215,0.7288135593220344,-0.09567085809127243
1687,2.176776695296637,0.7288135593220344,-0.17677669529663687
1688,2.0956708580912724,0.7288135593220344,-0.23096988312782168
1689,2.0,0.7288135593220344,-0.25
1690,1.9043291419087276,0.7288135593220344,-0.2309698831278217
1691,1.823223304703363,0.7288135593220344,-0.17677669529663692
1692,1.7690301168721785,0.7288135593220344,-0.09567085809127258
1693,1.75,0.7288135593220344,-4.592425496802574e-17
1694,1.7690301168721783,0.7288135593220344,0.0956708580912725
1695,1.823223304703363,0.7288135593220344,0.17677669529663684
1696,1.9043291419087274,0.7288135593220344,0.23096988312782163
1697,2.0,0.6779661016949154,0.25
1698,2.0956708580912724,0.6779661016949154,0.23096988312782168
1699,2.176776695296637,0.6779661016949154,0.1767766952966369
1700,2.2309698831278215,0.6779661016949154,0.09567085809127246
1701,2.25,0.6779661016949154,1.5308084989341915e-17
1702,2.2309698831278215,0.6779661016949154,-0.09567085809127243
1703,2.176776695296637,0.6779661016949154,-0.17677669529663687
1704,2.0956708580912724,0.6779661016949154,-0.23096988312782168
1705,2.0,0.6779661016949154,-0.25
1706,1.9043291419087276,0.6779661016949154,-0.2309698831278217
1707,1.823223304703363,0.6779661016949154,-0.17677669529663692
1708,1.7690301168721785,0.6779661016949154,-0.09567085809127258
1709,1.75,0.6779661016949154,-4.592425496802574e-17
1710,1.7690301168721783,0.6779661016949154,0.0956708580912725
1711,1.823223304703363,0.6779661016949154,0.17677669529663684
1712,1.9043291419087274,0.6779661016949154,0.23096988312782163
1713,2.0,0.6271186440677962,0.25
1714,2.0956708580912724,0.6271186440677962,0.23096988312782168
1715,2.176776695296637,0.6271186440677962,0.1767766952966369
1716,2.2309698831278215,0.6271186440677962,0.09567085809127246
1717,2.25,0.6271186440677962,1.5308084989341915e-17
1718,2.2309698831278215,0.6271186440677962,-0.09567085809127243
1719,2.176776695296637,0.6271186440677962,-0.17677669529663687
1720,2.0956708580912724,0.6271186440677962,-0.23096988312782168
1721,2.0,0.6271186440677962,-0.25
1722,1.9043291419087276,0.6271186440677962,-0.2309698831278217
1723,1.823223304703363,0.6271186440677962,-0.17677669529663692
1724,1.7690301168721785,0.6271186440677962,-0.09567085809127258
1725,1.75,0.6271186440677962,-4.592425496802574e-17
1726,1.7690301168721783,0.6271186440677962,0.0956708580912725
1727,1.823223304703363,0.6271186440677962,0.17677669529663684
1728,1.9043291419087274,0.6271186440677962,0.23096988312782163
1729,2.0,0.5762711864406767,0.25
1730,2.0956708580912724,0.5762711864406767,0.23096988312782168
1731,2.176776695296637,0.5762711864406767,0.1767766952966369
1732,2.2309698831278215,0.5762711864406767,0.09567085809127246
1733,2.25,0.5762711864406767,1.5308084989341915e-17
1734,2.2309698831278215,0.5762711864406767,-0.09567085809127243
1735,2.176776695296637,0.5762711864406767,-0.17677669529663687
1736,2.0956708580912724,0.5762711864406767,-0.23096988312782168
1737,2.0,0.5762711864406767,-0.25
1738,1.9043291419087276,0.5762711864406767,-0.2309698831278217
1739,1.823223304703363,0.5762711864406767,-0.17677669529663692
1740,1.7690301168721785,0.5762711864406767,-0.09567085809127258
1741,1.75,0.5762711864406767,-4.592425496802574e-17
1742,1.7690301168721783,0.5762711864406767,0.0956708580912725
1743,1.823223304703363,0.5762711864406767,0.17677669529663684
1744,1.9043291419087274,0.5762711864406767,0.23096988312782163
1745,2.0,0.5254237288135584,0.25
1746,2.0956708580912724,0.5254237288135584,0.23096988312782168
1747,2.176776695296637,0.5254237288135584,0.1767766952966369
1748,2.2309698831278215,0.5254237288135584,0.09567085809127246
1749,2.25,0.5254237288135584,1.5308084989341915e-17
1750,2.2309698831278215,0.5254237288135584,-0.09567085809127243
1751,2.176776695296637,0.5254237288135584,-0.17677669529663687
1752,2.0956708580912724,0.5254237288135584,-0.23096988312782168
1753,2.0,0.5254237288135584,-0.25
1754,1.9043291419087276,0.5254237288135584,-0.2309698831278217
1755,1.823223304703363,0.5254237288135584,-0.17677669529663692
1756,1.7690301168721785,0.5254237288135584,-0.09567085809127258
1757,1.75,0.5254237288135584,-4.592425496802574e-17
1758,1.7690301168721783,0.5254237288135584,0.0956708580912725
1759,1.823223304703363,0.5254237288135584,0.17677669529663684
1760,1.9043291419087274,0.5254237288135584,0.23096988312782163
1761,2.0,0.4745762711864407,0.25
1762,2.0956708580912724,0.4745762711864407,0.23096988312782168
1763,2.176776695296637,0.4745762711864407,0.1767766952966369
1764,2.2309698831278215,0.4745762711864407,0.09567085809127246
1765,2.25,0.4745762711864407,1.5308084989341915e-17
1766,2.2309698831278215,0.4745762711864407,-0.09567085809127243
1767,2.176776695296637,0.4745762711864407,-0.17677669529663687
1768,2.0956708580912724,0.4745762711864407,-0.23096988312782168
1769,2.0,0.4745762711864407,-0.25
1770,1.9043291419087276,0.4745762711864407,-0.2309698831278217
1771,1.823223304703363,0.4745762711864407,-0.17677669529663692
1772,1.7690301168721785,0.4745762711864407,-0.09567085809127258
1773,1.75,0.4745762711864407,-4.592425496802574e-17
1774,1.7690301168721783,0.4745762711864407,0.0956708580912725
1775,1.823223304703363,0.4745762711864407,0.17677669529663684
1776,1.9043291419087274,0.4745762711864407,0.23096988312782163
1777,2.0,0.4237288135593217,0.25
1778,2.0956708580912724,0.4237288135593217,0.23096988312782168
1779,2.176776695296637,0.4237288135593217,0.1767766952966369
1780,2.2309698831278215,0.4237288135593217,0.09567085809127246
1781,2.25,0.4237288135593217,1.5308084989341915e-17
1782,2.2309698831278215,0.4237288135593217,-0.09567085809127243
1783,2.176776695296637,0.4237288135593217,-0.17677669529663687
1784,2.0956708580912724,0.4237288135593217,-0.23096988312782168
1785,2.0,0.4237288135593217,-0.25
1786,1.9043291419087276,0.4237288135593217,-0.2309698831278217
1787,1.823223304703363,0.4237288135593217,-0.17677669529663692
1788,1.7690301168721785,0.4237288135593217,-0.09567085809127258
1789,1.75,0.4237288135593217,-4.592425496802574e-17
1790,1.7690301168721783,0.4237288135593217,0.0956708580912725
1791,1.823223304703363,0.4237288135593217,0.17677669529663684
1792,1.9043291419087274,0.4237288135593217,0.23096988312782163
1793,2.0,0.3728813559322029,0.25
1794,2.0956708580912724,0.3728813559322029,0.23096988312782168
1795,2.176776695296637,0.3728813559322029,0.1767766952966369
1796,2.2309698831278215,0.3728813559322029,0.09567085809127246
1797,2.25,0.3728813559322029,1.5308084989341915e-17
1798,2.2309698831278215,0.3728813559322029,-0.09567085809127243
1799,2.176776695296637,0.3728813559322029,-0.17677669529663687
1800,2.0956708580912724,0.3728813559322029,-0.23096988312782168
1801,2.0,0.3728813559322029,-0.25
1802,1.9043291419087276,0.3728813559322029,-0.2309698831278217
1803,1.823223304703363,0.3728813559322029,-0.17677669529663692
1804,1.7690301168721785,0.3728813559322029,-0.09567085809127258
1805,1.75,0.3728813559322029,-4.592425496802574e-17
1806,1.7690301168721783,0.3728813559322029,0.0956708580912725
1807,1.823223304703363,0.3728813559322029,0.17677669529663684
1808,1.9043291419087274,0.3728813559322029,0.23096988312782163
1809,2.0,0.32203389830508433,0.25
1810,2.0956708580912724,0.32203389830508433,0.23096988312782168
1811,2.176776695296637,0.32203389830508433,0.1767766952966369
1812,2.2309698831278215,0.32203389830508433,0.09567085809127246
1813,2.25,0.32203389830508433,1.5308084989341915e-17
1814,2.2309698831278215,0.32203389830508433,-0.09567085809127243
1815,2.176776695296637,0.32203389830508433,-0.17677669529663687
1816,2.0956708580912724,0.32203389830508433,-0.23096988312782168
1817,2.0,0.32203389830508433,-0.25
1818,1.9043291419087276,0.32203389830508433,-0.2309698831278217
1819,1.823223304703363,0.32203389830508433,-0.17677669529663692
1820,1.7690301168721785,0.32203389830508433,-0.09567085809127258
1821,1.75,0.32203389830508433,-4.592425496802574e-17
1822,1.7690301168721783,0.32203389830508433,0.0956708580912725
1823,1.823223304703363,0.32203389830508433,0.17677669529663684
1824,1.9043291419087274,0.32203389830508433,0.23096988312782163
1825,2.0,0.27118644067796505,0.25
1826,2.0956708580912724,0.27118644067796505,0.23096988312782168
1827,2.176776695296637,0.27118644067796505,0.1767766952966369
1828,2.2309698831278215,0.27118644067796505,0.09567085809127246
1829,2.25,0.27118644067796505,1.5308084989341915e-17
1830,2.2309698831278215,0.27118644067796505,-0.09567085809127243
1831,2.176776695296637,0.27118644067796505,-0.17677669529663687
1832,2.0956708580912724,0.27118644067796505,-0.23096988312782168
1833,2.0,0.27118644067796505,-0.25
1834,1.9043291419087276,0.27118644067796505,-0.2309698831278217
1835,1.823223304703363,0.27118644067796505,-0.17677669529663692
1836,1.7690301168721785,0.27118644067796505,-0.09567085809127258
1837,1.75,0.27118644067796505,-4.592425496802574e-17
1838,1.7690301168721783,0.27118644067796505,0.0956708580912725
1839,1.823223304703363,0.27118644067796505,0.17677669529663684
1840,1.9043291419087274,0.27118644067796505,0.23096988312782163
1841,2.0,0.22033898305084684,0.25
1842,2.0956708580912724,0.22033898305084684,0.23096988312782168
1843,2.176776695296637,0.22033898305084684,0.1767766952966369
1844,2.2309698831278215,0.22033898305084684,0.09567085809127246
1845,2.25,0.22033898305084684,1.5308084989341915e-17
1846,2.2309698831278215,0.22033898305084684,-0.09567085809127243
1847,2.176776695296637,0.22033898305084684,-0.17677669529663687
1848,2.0956708580912724,0.22033898305084684,-0.23096988312782168
1849,2.0,0.22033898305084684,-0.25
1850,1.9043291419087276,0.22033898305084684,-0.2309698831278217
1851,1.823223304703363,0.22033898305084684,-0.17677669529663692
1852,1.7690301168721785,0.22033898305084684,-0.09567085809127258
1853,1.75,0.22033898305084684,-4.592425496802574e-17
1854,1.7690301168721783,0.22033898305084684,0.0956708580912725
1855,1.823223304703363,0.22033898305084684,0.17677669529663684
1856,1.9043291419087274,0.22033898305084684,0.23096988312782163
1857,2.0,0.1694915254237287,0.25
1858,2.0956708580912724,0.1694915254237287,0.23096988312782168
1859,2.176776695296637,0.1694915254237287,0.1767766952966369
1860,2.2309698831278215,0.1694915254237287,0.09567085809127246
1861,2.25,0.1694915254237287,1.5308084989341915e-17
1862,2.2309698831278215,0.1694915254237287,-0.09567085809127243
1863,2.176776695296637,0.1694915254237287,-0.17677669529663687
1864,2.0956708580912724,0.1694915254237287,-0.23096988312782168
1865,2.0,0.1694915254237287,-0.25
1866,1.9043291419087276,0.1694915254237287,-0.2309698831278217
1867,1.823223304703363,0.1694915254237287,-0.17677669529663692
1868,1.7690301168721785,0.1694915254237287,-0.09567085809127258
1869,1.75,0.1694915254237287,-4.592425496802574e-17
1870,1.7690301168721783,0.1694915254237287,0.0956708580912725
1871,1.823223304703363,0.1694915254237287,0.17677669529663684
1872,1.9043291419087274,0.1694915254237287,0.23096988312782163
1873,2.0,0.11864406779660996,0.25
1874,2.0956708580912724,0.11864406779660996,0.23096988312782168
1875,2.176776695296637,0.11864406779660996,0.1767766952966369
1876,2.2309698831278215,0.11864406779660996,0.09567085809127246
1877,2.25,0.11864406779660996,1.5308084989341915e-17
1878,2.2309698831278215,0.11864406779660996,-0.09567085809127243
1879,2.176776695296637,0.11864406779660996,-0.17677669529663687
1880,2.0956708580912724,0.11864406779660996,-0.23096988312782168
1881,2.0,0.11864406779660996,-0.25
1882,1.9043291419087276,0.11864406779660996,-0.2309698831278217
1883,1.823223304703363,0.11864406779660996,-0.17677669529663692
1884,1.7690301168721785,0.11864406779660996,-0.09567085809127258
1885,1.75,0.11864406779660996,-4.592425496802574e-17
1886,1.7690301168721783,0.11864406779660996,0.0956708580912725
1887,1.823223304703363,0.11864406779660996,0.17677669529663684
1888,1.9043291419087274,0.11864406779660996,0.23096988312782163
1889,2.0,0.06779661016949118,0.25
1890,2.0956708580912724,0.06779661016949118,0.23096988312782168
1891,2.176776695296637,0.06779661016949118,0.1767766952966369
1892,2.2309698831278215,0.06779661016949118,0.09567085809127246
1893,2.25,0.06779661016949118,1.5308084989341915e-17
1894,2.2309698831278215,0.06779661016949118,-0.09567085809127243
1895,2.176776695296637,0.06779661016949118,-0.17677669529663687
1896,2.0956708580912724,0.06779661016949118,-0.23096988312782168
1897,2.0,0.06779661016949118,-0.25
1898,1.9043291419087276,0.06779661016949118,-0.2309698831278217
1899,1.823223304703363,0.06779661016949118,-0.17677669529663692
1900,1.7690301168721785,0.06779661016949118,-0.09567085809127258
1901,1.75,0.06779661016949118,-4.592425496802574e-17
1902,1.7690301168721783,0.06779661016949118,0.0956708580912725
1903,1.823223304703363,0.06779661016949118,0.17677669529663684
1904,1.9043291419087274,0.06779661016949118,0.23096988312782163
1905,2.0,0.016949152542372586,0.25
1906,2.0956708580912724,0.016949152542372586,0.23096988312782168
1907,2.176776695296637,0.016949152542372586,0.1767766952966369
1908,2.2309698831278215,0.016949152542372586,0.09567085809127246
1909,2.25,0.016949152542372586,1.5308084989341915e-17
1910,2.2309698831278215,0.016949152542372586,-0.09567085809127243
1911,2.176776695296637,0.016949152542372586,-0.17677669529663687
1912,2.0956708580912724,0.016949152542372586,-0.23096988312782168
1913,2.0,0.016949152542372586,-0.25
1914,1.9043291419087276,0.016949152542372586,-0.2309698831278217
1915,1.823223304703363,0.016949152542372586,-0.17677669529663692
1916,1.7690301168721785,0.016949152542372586,-0.09567085809127258
1917,1.75,0.016949152542372586,-4.592425496802574e-17
1918,1.7690301168721783,0.016949152542372586,0.0956708580912725
1919,1.823223304703363,0.016949152542372586,0.17677669529663684
1920,1.9043291419087274,0.016949152542372586,0.23096988312782163
1921,2.0,-0.03389830508474642,0.25
1922,2.0956708580912724,-0.03389830508474642,0.23096988312782168
1923,2.176776695296637,-0.03389830508474642,0.1767766952966369
1924,2.2309698831278215,-0.03389830508474642,0.09567085809127246
1925,2.25,-0.03389830508474642,1.5308084989341915e-17
1926,2.2309698831278215,-0.03389830508474642,-0.09567085809127243
1927,2.176776695296637,-0.03389830508474642,-0.17677669529663687
1928,2.0956708580912724,-0.03389830508474642,-0.23096988312782168
1929,2.0,-0.03389830508474642,-0.25
1930,1.9043291419087276,-0.03389830508474642,-0.2309698831278217
1931,1.823223304703363,-0.03389830508474642,-0.17677669529663692
1932,1.7690301168721785,-0.03389830508474642,-0.09567085809127258
1933,1.75,-0.03389830508474642,-4.592425496802574e-17
1934,1.7690301168721783,-0.03389830508474642,0.0956708580912725
1935,1.823223304703363,-0.03389830508474642,0.17677669529663684
1936,1.9043291419087274,-0.03389830508474642,0.23096988312782163
1937,2.0,-0.08474576271186526,0.25
1938,2.0956708580912724,-0.08474576271186526,0.23096988312782168
1939,2.176776695296637,-0.08474576271186526,0.1767766952966369
1940,2.2309698831278215,-0.08474576271186526,0.09567085809127246
1941,2.25,-0.08474576271186526,1.5308084989341915e-17
1942,2.2309698831278215,-0.08474576271186526,-0.09567085809127243
1943,2.176776695296637,-0.08474576271186526,-0.17677669529663687
1944,2.0956708580912724,-0.08474576271186526,-0.23096988312782168
1945,2.0,-0.08474576271186526,-0.25
1946,1.9043291419087276,-0.08474576271186526,-0.2309698831278217
1947,1.823223304703363,-0.08474576271186526,-0.17677669529663692
1948,1.7690301168721785,-0.08474576271186526,-0.09567085809127258
1949,1.75,-0.08474576271186526,-4.592425496802574e-17
1950,1.7690301168721783,-0.08474576271186526,0.0956708580912725
1951,1.823223304703363,-0.08474576271186526,0.17677669529663684
1952,1.9043291419087274,-0.08474576271186526,0.23096988312782163
1953,2.0,-0.1355932203389841,0.25
1954,2.0956708580912724,-0.1355932203389841,0.23096988312782168
1955,2.176776695296637,-0.1355932203389841,0.1767766952966369
1956,2.2309698831278215,-0.1355932203389841,0.09567085809127246
1957,2.25,-0.1355932203389841,1.5308084989341915e-17
1958,2.2309698831278215,-0.1355932203389841,-0.09567085809127243
1959,2.176776695296637,-0.1355932203389841,-0.17677669529663687
1960,2.0956708580912724,-0.1355932203389841,-0.23096988312782168
1961,2.0,-0.1355932203389841,-0.25
1962,1.9043291419087276,-0.1355932203389841,-0.2309698831278217
1963,1.823223304703363,-0.1355932203389841,-0.17677669529663692
1964,1.7690301168721785,-0.1355932203389841,-0.09567085809127258
1965,1.75,-0.1355932203389841,-4.592425496802574e-17
1966,1.7690301168721783,-0.1355932203389841,0.0956708580912725
1967,1.823223304703363,-0.1355932203389841,0.17677669529663684
1968,1.9043291419087274,-0.1355932203389841,0.23096988312782163
1969,2.0,-0.1864406779661012,0.25
1970,2.0956708580912724,-0.1864406779661012,0.23096988312782168
1971,2.176776695296637,-0.1864406779661012,0.1767766952966369
1972,2.2309698831278215,-0.1864406779661012,0.09567085809127246
1973,2.25,-0.1864406779661012,1.5308084989341915e-17
1974,2.2309698831278215,-0.1864406779661012,-0.09567085809127243
1975,2.176776695296637,-0.1864406779661012,-0.17677669529663687
1976,2.0956708580912724,-0.1864406779661012,-0.23096988312782168
1977,2.0,-0.1864406779661012,-0.25
1978,1.9043291419087276,-0.1864406779661012,-0.2309698831278217
1979,1.823223304703363,-0.1864406779661012,-0.17677669529663692
1980,1.7690301168721785,-0.1864406779661012,-0.09567085809127258
1981,1.75,-0.1864406779661012,-4.592425496802574e-17
1982,1.7690301168721783,-0.1864406779661012,0.0956708580912725
1983,1.823223304703363,-0.1864406779661012,0.17677669529663684
1984,1.9043291419087274,-0.1864406779661012,0.23096988312782163
1985,2.0,-0.23728813559322018,0.25
1986,2.0956708580912724,-0.23728813559322018,0.23096988312782168
1987,2.176776695296637,-0.23728813559322018,0.1767766952966369
1988,2.2309698831278215,-0.23728813559322018,0.09567085809127246
1989,2.25,-0.23728813559322018,1.5308084989341915e-17
1990,2.2309698831278215,-0.23728813559322018,-0.09567085809127243
1991,2.176776695296637,-0.23728813559322018,-0.17677669529663687
1992,2.0956708580912724,-0.23728813559322018,-0.23096988312782168
1993,2.0,-0.23728813559322018,-0.25
1994,1.9043291419087276,-0.23728813559322018,-0.2309698831278217
1995,1.823223304703363,-0.23728813559322018,-0.17677669529663692
1996,1.7690301168721785,-0.23728813559322018,-0.09567085809127258
1997,1.75,-0.23728813559322018,-4.592425496802574e-17
1998,1.7690301168721783,-0.23728813559322018,0.0956708580912725
1999,1.823223304703363,-0.23728813559322018,0.17677669529663684
2000,1.9043291419087274,-0.23728813559322018,0.23096988312782163
2001,2.0,-0.2881355932203381,0.25
2002,2.0956708580912724,-0.2881355932203381,0.23096988312782168
2003,2.176776695296637,-0.2881355932203381,0.1767766952966369
2004,2.2309698831278215,-0.2881355932203381,0.09567085809127246
2005,2.25,-0.2881355932203381,1.5308084989341915e-17
2006,2.2309698831278215,-0.2881355932203381,-0.09567085809127243
2007,2.176776695296637,-0.2881355932203381,-0.17677669529663687
2008,2.0956708580912724,-0.2881355932203381,-0.23096988312782168
2009,2.0,-0.2881355932203381,-0.25
2010,1.9043291419087276,-0.2881355932203381,-0.2309698831278217
2011,1.823223304703363,-0.2881355932203381,-0.17677669529663692
2012,1.7690301168721785,-0.2881355932203381,-0.09567085809127258
2013,1.75,-0.2881355932203381,-4.592425496802574e-17
2014,1.7690301168721783,-0.2881355932203381,0.0956708580912725
2015,1.823223304703363,-0.2881355932203381,0.17677669529663684
2016,1.9043291419087274,-0.2881355932203381,0.23096988312782163
2017,2.0,-0.3389830508474551,0.25
2018,2.0956708580912724,-0.3389830508474551,0.23096988312782168
2019,2.176776695296637,-0.3389830508474551,0.1767766952966369
2020,2.2309698831278215,-0.3389830508474551,0.09567085809127246
2021,2.25,-0.3389830508474551,1.5308084989341915e-17
2022,2.2309698831278215,-0.3389830508474551,-0.09567085809127243
2023,2.176776695296637,-0.3389830508474551,-0.17677669529663687
2024,2.0956708580912724,-0.3389830508474551,-0.23096988312782168
2025,2.0,-0.3389830508474551,-0.25
2026,1.9043291419087276,-0.3389830508474551,-0.2309698831278217
2027,1.823223304703363,-0.3389830508474551,-0.17677669529663692
2028,1.7690301168721785,-0.3389830508474551,-0.09567085809127258
2029,1.75,-0.3389830508474551,-4.592425496802574e-17
2030,1.7690301168721783,-0.3389830508474551,0.0956708580912725
2031,1.823223304703363,-0.3389830508474551,0.17677669529663684
2032,1.9043291419087274,-0.3389830508474551,0.23096988312782163
2033,2.0,-0.3898305084745744,0.25
2034,2.0956708580912724,-0.3898305084745744,0.23096988312782168
2035,2.176776695296637,-0.3898305084745744,0.1767766952966369
2036,2.2309698831278215,-0.3898305084745744,0.09567085809127246
2037,2.25,-0.3898305084745744,1.5308084989341915e-17
2038,2.2309698831278215,-0.3898305084745744,-0.09567085809127243
2039,2.176776695296637,-0.3898305084745744,-0.17677669529663687
2040,2.0956708580912724,-0.3898305084745744,-0.23096988312782168
2041,2.0,-0.3898305084745744,-0.25
2042,1.9043291419087276,-0.3898305084745744,-0.2309698831278217
2043,1.823223304703363,-0.3898305084745744,-0.17677669529663692
2044,1.7690301168721785,-0.3898305084745744,-0.09567085809127258
2045,1.75,-0.3898305084745744,-4.592425496802574e-17
2046,1.7690301168721783,-0.3898305084745744,0.0956708580912725
2047,1.823223304703363,-0.3898305084745744,0.17677669529663684
2048,1.9043291419087274,-0.3898305084745744,0.23096988312782163
2049,2.0,-0.44067796610169174,0.25
2050,2.0956708580912724,-0.44067796610169174,0.23096988312782168
2051,2.176776695296637,-0.44067796610169174,0.1767766952966369
2052,2.2309698831278215,-0.44067796610169174,0.09567085809127246
2053,2.25,-0.44067796610169174,1.5308084989341915e-17
2054,2.2309698831278215,-0.44067796610169174,-0.09567085809127243
2055,2.176776695296637,-0.44067796610169174,-0.17677669529663687
2056,2.0956708580912724,-0.44067796610169174,-0.23096988312782168
2057,2.0,-0.44067796610169174,-0.25
2058,1.9043291419087276,-0.44067796610169174,-0.2309698831278217
2059,1.823223304703363,-0.44067796610169174,-0.17677669529663692
2060,1.7690301168721785,-0.44067796610169174,-0.09567085809127258
2061,1.75,-0.44067796610169174,-4.592425496802574e-17
2062,1.7690301168721783,-0.44067796610169174,0.0956708580912725
2063,1.823223304703363,-0.44067796610169174,0.17677669529663684
2064,1.9043291419087274,-0.44067796610169174,0.23096988312782163
2065,2.0,-0.4915254237288109,0.25
2066,2.0956708580912724,-0.4915254237288109,0.23096988312782168
2067,2.176776695296637,-0.4915254237288109,0.1767766952966369
2068,2.2309698831278215,-0.4915254237288109,0.09567085809127246
2069,2.25,-0.4915254237288109,1.5308084989341915e-17
2070,2.2309698831278215,-0.4915254237288109,-0.09567085809127243
2071,2.176776695296637,-0.4915254237288109,-0.17677669529663687
2072,2.0956708580912724,-0.4915254237288109,-0.23096988312782168
2073,2.0,-0.4915254237288109,-0.25
2074,1.9043291419087276,-0.4915254237288109,-0.2309698831278217
2075,1.823223304703363,-0.4915254237288109,-0.17677669529663692
2076,1.7690301168721785,-0.4915254237288109,-0.09567085809127258
2077,1.75,-0.4915254237288109,-4.592425496802574e-17
2078,1.7690301168721783,-0.4915254237288109,0.0956708580912725
2079,1.823223304703363,-0.4915254237288109,0.17677669529663684
2080,1.9043291419087274,-0.4915254237288109,0.23096988312782163
2081,2.0,-0.5423728813559299,0.25
2082,2.0956708580912724,-0.5423728813559299,0.23096988312782168
2083,2.176776695296637,-0.5423728813559299,0.1767766952966369
2084,2.2309698831278215,-0.5423728813559299,0.09567085809127246
2085,2.25,-0.5423728813559299,1.5308084989341915e-17
2086,2.2309698831278215,-0.5423728813559299,-0.09567085809127243
2087,2.176776695296637,-0.5423728813559299,-0.17677669529663687
2088,2.0956708580912724,-0.5423728813559299,-0.23096988312782168
2089,2.0,-0.5423728813559299,-0.25
2090,1.9043291419087276,-0.5423728813559299,-0.2309698831278217
2091,1.823223304703363,-0.5423728813559299,-0.17677669529663692
2092,1.7690301168721785,-0.5423728813559299,-0.09567085809127258
2093,1.75,-0.5423728813559299,-4.592425496802574e-17
2094,1.7690301168721783,-0.5423728813559299,0.0956708580912725
2095,1.823223304703363,-0.5423728813559299,0.17677669529663684
2096,1.9043291419087274,-0.5423728813559299,0.23096988312782163
2097,2.0,-0.5932203389830487,0.25
2098,2.0956708580912724,-0.5932203389830487,0.23096988312782168
2099,2.176776695296637,-0.5932203389830487,0.1767766952966369
2100,2.2309698831278215,-0.5932203389830487,0.09567085809127246
2101,2.25,-0.5932203389830487,1.5308084989341915e-17
2102,2.2309698831278215,-0.5932203389830487,-0.09567085809127243
2103,2.176776695296637,-0.5932203389830487,-0.17677669529663687
2104,2.0956708580912724,-0.5932203389830487,-0.23096988312782168
2105,2.0,-0.5932203389830487,-0.25
2106,1.9043291419087276,-0.5932203389830487,-0.2309698831278217
2107,1.823223304703363,-0.5932203389830487,-0.17677669529663692
2108,1.7690301168721785,-0.5932203389830487,-0.09567085809127258
2109,1.75,-0.5932203389830487,-4.592425496802574e-17
2110,1.7690301168721783,-0.5932203389830487,0.0956708580912725
2111,1.823223304703363,-0.5932203389830487,0.17677669529663684
2112,1.9043291419087274,-0.5932203389830487,0.23096988312782163
2113,2.0,-0.6440677966101676,0.25
2114,2.0956708580912724,-0.6440677966101676,0.23096988312782168
2115,2.176776695296637,-0.6440677966101676,0.1767766952966369
2116,2.2309698831278215,-0.6440677966101676,0.09567085809127246
2117,2.25,-0.6440677966101676,1.5308084989341915e-17
2118,2.2309698831278215,-0.6440677966101676,-0.09567085809127243
2119,2.176776695296637,-0.6440677966101676,-0.17677669529663687
2120,2.0956708580912724,-0.6440677966101676,-0.23096988312782168
2121,2.0,-0.6440677966101676,-0.25
2122,1.9043291419087276,-0.6440677966101676,-0.2309698831278217
2123,1.823223304703363,-0.6440677966101676,-0.17677669529663692
2124,1.7690301168721785,-0.6440677966101676,-0.09567085809127258
2125,1.75,-0.6440677966101676,-4.592425496802574e-17
2126,1.7690301168721783,-0.6440677966101676,0.0956708580912725
2127,1.823223304703363,-0.6440677966101676,0.17677669529663684
2128,1.9043291419087274,-0.6440677966101676,0.23096988312782163
2129,2.0,-0.6949152542372876,0.25
2130,2.0956708580912724,-0.6949152542372876,0.23096988312782168
2131,2.176776695296637,-0.6949152542372876,0.1767766952966369
2132,2.2309698831278215,-0.6949152542372876,0.09567085809127246
2133,2.25,-0.6949152542372876,1.5308084989341915e-17
2134,2.2309698831278215,-0.6949152542372876,-0.09567085809127243
2135,2.176776695296637,-0.6949152542372876,-0.17677669529663687
2136,2.0956708580912724,-0.6949152542372876,-0.23096988312782168
2137,2.0,-0.6949152542372876,-0.25
2138,1.9043291419087276,-0.6949152542372876,-0.2309698831278217
2139,1.823223304703363,-0.6949152542372876,-0.17677669529663692
2140,1.7690301168721785,-0.6949152542372876,-0.09567085809127258
2141,1.75,-0.6949152542372876,-4.592425496802574e-17
2142,1.7690301168721783,-0.6949152542372876,0.0956708580912725
2143,1.823223304703363,-0.6949152542372876,0.17677669529663684
2144,1.9043291419087274,-0.6949152542372876,0.23096988312782163
2145,2.0,-0.7457627118644068,0.25
2146,2.0956708580912724,-0.7457627118644068,0.23096988312782168
2147,2.176776695296637,-0.7457627118644068,0.1767766952966369
2148,2.2309698831278215,-0.7457627118644068,0.09567085809127246
2149,2.25,-0.7457627118644068,1.5308084989341915e-17
2150,2.2309698831278215,-0.7457627118644068,-0.09567085809127243
2151,2.176776695296637,-0.7457627118644068,-0.17677669529663687
2152,2.0956708580912724,-0.7457627118644068,-0.23096988312782168
2153,2.0,-0.7457627118644068,-0.25
2154,1.9043291419087276,-0.7457627118644068,-0.2309698831278217
2155,1.823223304703363,-0.7457627118644068,-0.17677669529663692
2156,1.7690301168721785,-0.7457627118644068,-0.09567085809127258
2157,1.75,-0.7457627118644068,-4.592425496802574e-17
2158,1.7690301168721783,-0.7457627118644068,0.0956708580912725
2159,1.823223304703363,-0.7457627118644068,0.17677669529663684
2160,1.9043291419087274,-0.7457627118644068,0.23096988312782163
2161,2.0,-0.7966101694915249,0.25
2162,2.0956708580912724,-0.7966101694915249,0.23096988312782168
2163,2.176776695296637,-0.7966101694915249,0.1767766952966369
2164,2.2309698831278215,-0.7966101694915249,0.09567085809127246
2165,2.25,-0.7966101694915249,1.5308084989341915e-17
2166,2.2309698831278215,-0.7966101694915249,-0.09567085809127243
2167,2.176776695296637,-0.7966101694915249,-0.17677669529663687
2168,2.0956708580912724,-0.7966101694915249,-0.23096988312782168
2169,2.0,-0.7966101694915249,-0.25
2170,1.9043291419087276,-0.7966101694915249,-0.2309698831278217
2171,1.823223304703363,-0.7966101694915249,-0.17677669529663692
2172,1.7690301168721785,-0.7966101694915249,-0.09567085809127258
2173,1.75,-0.7966101694915249,-4.592425496802574e-17
2174,1.7690301168721783,-0.7966101694915249,0.0956708580912725
2175,1.823223304703363,-0.7966101694915249,0.17677669529663684
2176,1.9043291419087274,-0.7966101694915249,0.23096988312782163
2177,2.0,-0.8474576271186465,0.25
2178,2.0956708580912724,-0.8474576271186465,0.23096988312782168
2179,2.176776695296637,-0.8474576271186465,0.1767766952966369
2180,2.2309698831278215,-0.8474576271186465,0.09567085809127246
2181,2.25,-0.8474576271186465,1.5308084989341915e-17
2182,2.2309698831278215,-0.8474576271186465,-0.09567085809127243
2183,2.176776695296637,-0.8474576271186465,-0.17677669529663687
2184,2.0956708580912724,-0.8474576271186465,-0.23096988312782168
2185,2.0,-0.8474576271186465,-0.25
2186,1.9043291419087276,-0.8474576271186465,-0.2309698831278217
2187,1.823223304703363,-0.8474576271186465,-0.17677669529663692
2188,1.7690301168721785,-0.8474576271186465,-0.09567085809127258
2189,1.75,-0.8474576271186465,-4.592425496802574e-17
2190,1.7690301168721783,-0.8474576271186465,0.0956708580912725
2191,1.823223304703363,-0.8474576271186465,0.17677669529663684
2192,1.9043291419087274,-0.8474576271186465,0.23096988312782163
2193,2.0,-0.8983050847457652,0.25
2194,2.0956708580912724,-0.8983050847457652,0.23096988312782168
2195,2.176776695296637,-0.8983050847457652,0.1767766952966369
2196,2.2309698831278215,-0.8983050847457652,0.09567085809127246
2197,2.25,-0.8983050847457652,1.5308084989341915e-17
2198,2.2309698831278215,-0.8983050847457652,-0.09567085809127243
2199,2.176776695296637,-0.8983050847457652,-0.17677669529663687
2200,2.0956708580912724,-0.8983050847457652,-0.23096988312782168
2201,2.0,-0.8983050847457652,-0.25
2202,1.9043291419087276,-0.8983050847457652,-0.2309698831278217
2203,1.823223304703363,-0.8983050847457652,-0.17677669529663692
2204,1.7690301168721785,-0.8983050847457652,-0.09567085809127258
2205,1.75,-0.8983050847457652,-4.592425496802574e-17
2206,1.7690301168721783,-0.8983050847457652,0.0956708580912725
2207,1.823223304703363,-0.8983050847457652,0.17677669529663684
2208,1.9043291419087274,-0.8983050847457652,0.23096988312782163
2209,2.0,-0.9491525423728844,0.25
2210,2.0956708580912724,-0.9491525423728844,0.23096988312782168
2211,2.176776695296637,-0.9491525423728844,0.1767766952966369
2212,2.2309698831278215,-0.9491525423728844,0.09567085809127246
2213,2.25,-0.9491525423728844,1.5308084989341915e-17
2214,2.2309698831278215,-0.9491525423728844,-0.09567085809127243
2215,2.176776695296637,-0.9491525423728844,-0.17677669529663687
2216,2.0956708580912724,-0.9491525423728844,-0.23096988312782168
2217,2.0,-0.9491525423728844,-0.25
2218,1.9043291419087276,-0.9491525423728844,-0.2309698831278217
2219,1.823223304703363,-0.9491525423728844,-0.17677669529663692
2220,1.7690301168721785,-0.9491525423728844,-0.09567085809127258
2221,1.75,-0.9491525423728844,-4.592425496802574e-17
2222,1.7690301168721783,-0.9491525423728844,0.0956708580912725
2223,1.823223304703363,-0.9491525423728844,0.17677669529663684
2224,1.9043291419087274,-0.9491525423728844,0.23096988312782163
2225,2.0,-1.0,0.25
2226,2.0956708580912724,-1.0,0.23096988312782168
2227,2.176776695296637,-1.0,0.1767766952966369
2228,2.2309698831278215,-1.0,0.09567085809127246
2229,2.25,-1.0,1.5308084989341915e-17
2230,2.2309698831278215,-1.0,-0.09567085809127243
2231,2.176776695296637,-1.0,-0.17677669529663687
2232,2.0956708580912724,-1.0,-0.23096988312782168
2233,2.0,-1.0,-0.25
2234,1.9043291419087276,-1.0,-0.2309698831278217
2235,1.823223304703363,-1.0,-0.17677669529663692
2236,1.7690301168721785,-1.0,-0.09567085809127258
2237,1.75,-1.0,-4.592425496802574e-17
2238,1.7690301168721783,-1.0,0.0956708580912725
2239,1.823223304703363,-1.0,0.17677669529663684
2240,1.9043291419087274,-1.0,0.23096988312782163
2241,2.0,-1.9205127018922192,-8.673617379884035e-18
2242,2.0,-1.9162351325791245,0.06526309611002579
2243,2.0249751056261576,-1.9162351325791245,0.06029523872436981
2244,2.046147977820629,-1.9162351325791245,0.046147977820628634
2245,2.06029523872437,-1.9162351325791245,0.024975105626157408
2246,2.065263096110026,-1.9162351325791245,-4.6774052922045765e-18
2247,2.06029523872437,-1.9162351325791245,-0.024975105626157415
2248,2.046147977820629,-1.9162351325791245,-0.046147977820628634
2249,2.0249751056261576,-1.9162351325791245,-0.06029523872436982
2250,2.0,-1.9162351325791245,-0.06526309611002581
2251,1.9750248943738427,-1.9162351325791245,-0.06029523872436983
2252,1.9538520221793714,-1.9162351325791245,-0.046147977820628655
2253,1.9397047612756302,-1.9162351325791245,-0.024975105626157457
2254,1.9347369038899742,-1.9162351325791245,-2.0662253642922412e-17
2255,1.9397047612756302,-1.9162351325791245,0.024975105626157415
2256,1.9538520221793714,-1.9162351325791245,0.04614797782062861
2257,1.9750248943738427,-1.9162351325791245,0.060295238724369794
2258,2.0,-1.9034756150367533,0.1294095225512604
2259,2.049522880270644,-1.9034756150367533,0.11955880919716726
2260,2.09150635094611,-1.9034756150367533,0.09150635094610966
2261,2.119558809197167,-1.9034756150367533,0.04952288027064382
2262,2.1294095225512604,-1.9034756150367533,-7.495695013046216e-19
2263,2.119558809197167,-1.9034756150367533,-0.04952288027064382
2264,2.09150635094611,-1.9034756150367533,-0.09150635094610968
2265,2.049522880270644,-1.9034756150367533,-0.11955880919716728
2266,2.0,-1.9034756150367533,-0.1294095225512604
2267,1.9504771197293562,-1.9034756150367533,-0.1195588091971673
2268,1.9084936490538904,-1.9034756150367533,-0.0915063509461097
2269,1.8804411908028327,-1.9034756150367533,-0.0495228802706439
2270,1.8705904774487396,-1.9034756150367533,-3.244576101562228e-17
2271,1.8804411908028327,-1.9034756150367533,0.04952288027064384
2272,1.9084936490538904,-1.9034756150367533,0.09150635094610964
2273,1.950477119729356,-1.9034756150367533,0.11955880919716723
2274,2.0,-1.8824524681478625,0.19134171618254492
2275,2.073223304703363,-1.8824524681478625,0.17677669529663692
2276,2.135299025036549,-1.8824524681478625,0.13529902503654928
2277,2.176776695296637,-1.8824524681478625,0.07322330470336313
2278,2.191341716182545,-1.8824524681478625,3.0426836334317125e-18
2279,2.176776695296637,-1.8824524681478625,-0.07322330470336313
2280,2.135299025036549,-1.8824524681478625,-0.13529902503654925
2281,2.073223304703363,-1.8824524681478625,-0.17677669529663692
2282,2.0,-1.8824524681478625,-0.19134171618254492
2283,1.926776695296637,-1.8824524681478625,-0.17677669529663692
2284,1.8647009749634507,-1.8824524681478625,-0.1352990250365493
2285,1.823223304703363,-1.8824524681478625,-0.07322330470336326
2286,1.8086582838174552,-1.8824524681478625,-4.3822520419831273e-17
2287,1.823223304703363,-1.8824524681478625,0.07322330470336316
2288,1.8647009749634507,-1.8824524681478625,0.13529902503654923
2289,1.9267766952966368,-1.8824524681478625,0.17677669529663687
2290,2.0,-1.8535254037844386,0.25
2291,2.0956708580912724,-1.8535254037844386,0.23096988312782168
2292,2.176776695296637,-1.8535254037844386,0.1767766952966369
2293,2.2309698831278215,-1.8535254037844386,0.09567085809127245
2294,2.25,-1.8535254037844386,6.63446760945788e-18
2295,2.2309698831278215,-1.8535254037844386,-0.09567085809127245
2296,2.176776695296637,-1.8535254037844386,-0.17677669529663687
2297,2.0956708580912724,-1.8535254037844386,-0.23096988312782168
2298,2.0,-1.8535254037844386,-0.25
2299,1.9043291419087276,-1.8535254037844386,-0.2309698831278217
2300,1.823223304703363,-1.8535254037844386,-0.17677669529663692
2301,1.7690301168721785,-1.8535254037844386,-0.0956708580912726
2302,1.75,-1.8535254037844386,-5.459787234790978e-17
2303,1.7690301168721783,-1.8535254037844386,0.09567085809127249
2304,1.823223304703363,-1.8535254037844386,0.17677669529663684
2305,1.9043291419087274,-1.8535254037844386,0.23096988312782163
2306,2.0,-1.8171893720378367,0.3043807145043604
2307,2.116481456572267,-1.8171893720378367,0.2812111122217399
2308,2.21522966728844,-1.8171893720378367,0.21522966728843976
2309,2.28121111222174,-1.8171893720378367,0.1164814565722671
2310,2.30438071450436,-1.8171893720378367,9.964326007113428e-18
2311,2.28121111222174,-1.8171893720378367,-0.11648145657226709
2312,2.21522966728844,-1.8171893720378367,-0.21522966728843973
2313,2.116481456572267,-1.8171893720378367,-0.2812111122217399
2314,2.0,-1.8171893720378367,-0.3043807145043604
2315,1.8835185434277328,-1.8171893720378367,-0.28121111222173995
2316,1.7847703327115603,-1.8171893720378367,-0.21522966728843979
2317,1.7187888877782602,-1.8171893720378367,-0.11648145657226729
2318,1.6956192854956396,-1.8171893720378367,-6.458744754087643e-17
2319,1.7187888877782602,-1.8171893720378367,0.11648145657226715
2320,1.7847703327115603,-1.8171893720378367,0.2152296672884397
2321,1.8835185434277326,-1.8171893720378367,0.28121111222173983
2322,2.0,-1.774066092485493,0.3535533905932738
2323,2.135299025036549,-1.774066092485493,0.32664074121909414
2324,2.25,-1.774066092485493,0.25000000000000006
2325,2.3266407412190944,-1.774066092485493,0.13529902503654928
2326,2.353553390593274,-1.774066092485493,1.29752840260033e-17
2327,2.3266407412190944,-1.774066092485493,-0.13529902503654925
2328,2.25,-1.774066092485493,-0.25
2329,2.135299025036549,-1.774066092485493,-0.32664074121909414
2330,2.0,-1.774066092485493,-0.3535533905932738
2331,1.8647009749634509,-1.774066092485493,-0.3266407412190942
2332,1.75,-1.774066092485493,-0.25000000000000006
2333,1.6733592587809059,-1.774066092485493,-0.13529902503654945
2334,1.6464466094067263,-1.774066092485493,-7.362032159754604e-17
2335,1.6733592587809059,-1.774066092485493,0.13529902503654934
2336,1.75,-1.774066092485493,0.24999999999999994
2337,1.8647009749634504,-1.774066092485493,0.3266407412190941
2338,2.0,-1.7248934163965797,0.3966766701456176
2339,2.1518015896704794,-1.7248934163965797,0.36648145657226705
2340,2.2804927633984655,-1.7248934163965797,0.2804927633984655
2341,2.366481456572267,-1.7248934163965797,0.1518015896704795
2342,2.3966766701456175,-1.7248934163965797,1.5615823339629015e-17
2343,2.366481456572267,-1.7248934163965797,-0.15180158967047946
2344,2.2804927633984655,-1.7248934163965797,-0.28049276339846546
2345,2.1518015896704794,-1.7248934163965797,-0.36648145657226705
2346,2.0,-1.7248934163965797,-0.3966766701456176
2347,1.8481984103295206,-1.7248934163965797,-0.3664814565722671
2348,1.7195072366015345,-1.7248934163965797,-0.28049276339846557
2349,1.633518543427733,-1.7248934163965797,-0.1518015896704797
2350,1.6033233298543825,-1.7248934163965797,-8.154193953842318e-17
2351,1.633518543427733,-1.7248934163965797,0.15180158967047958
2352,1.7195072366015345,-1.7248934163965797,0.2804927633984654
2353,1.8481984103295204,-1.7248934163965797,0.366481456572267
2354,2.0,-1.6705127018922192,0.43301270189221935
2355,2.165706787017796,-1.6705127018922192,0.4000515725956328
2356,2.3061862178478973,-1.6705127018922192,0.3061862178478973
2357,2.4000515725956326,-1.6705127018922192,0.16570678701779593
2358,2.433012701892219,-1.6705127018922192,1.7840763588238637e-17
2359,2.4000515725956326,-1.6705127018922192,-0.1657067870177959
2360,2.3061862178478973,-1.6705127018922192,-0.30618621784789724
2361,2.165706787017796,-1.6705127018922192,-0.4000515725956328
2362,2.0,-1.6705127018922192,-0.43301270189221935
2363,1.834293212982204,-1.6705127018922192,-0.40005157259563284
2364,1.6938137821521027,-1.6705127018922192,-0.30618621784789735
2365,1.5999484274043674,-1.6705127018922192,-0.16570678701779615
2366,1.5669872981077806,-1.6705127018922192,-8.821676028425205e-17
2367,1.5999484274043674,-1.6705127018922192,0.165706787017796
2368,1.6938137821521027,-1.6705127018922192,0.30618621784789724
2369,1.8342932129822038,-1.6705127018922192,0.4000515725956327
2370,2.0,-1.611854418074764,0.4619397662556434
2371,2.176776695296637,-1.611854418074764,0.4267766952966369
2372,2.3266407412190944,-1.611854418074764,0.3266407412190942
2373,2.426776695296637,-1.611854418074764,0.17677669529663692
2374,2.4619397662556435,-1.611854418074764,1.9612035427308477e-17
2375,2.426776695296637,-1.611854418074764,-0.17677669529663687
2376,2.3266407412190944,-1.611854418074764,-0.32664074121909414
2377,2.176776695296637,-1.611854418074764,-0.4267766952966369
2378,2.0,-1.611854418074764,-0.4619397662556434
2379,1.823223304703363,-1.611854418074764,-0.426776695296637
2380,1.6733592587809059,-1.611854418074764,-0.32664074121909425
2381,1.5732233047033632,-1.611854418074764,-0.17677669529663717
2382,1.5380602337443565,-1.611854418074764,-9.353057580146156e-17
2383,1.573223304703363,-1.611854418074764,0.176776695296637
2384,1.6733592587809056,-1.611854418074764,0.3266407412190941
2385,1.8232233047033628,-1.611854418074764,0.4267766952966368
2386,2.0,-1.5499222244434794,0.48296291314453416
2387,2.184821905307193,-1.5499222244434794,0.4461995504162614
2388,2.34150635094611,-1.5499222244434794,0.3415063509461097
2389,2.4461995504162615,-1.5499222244434794,0.18482190530719309
2390,2.4829629131445343,-1.5499222244434794,2.089933190458271e-17
2391,2.4461995504162615,-1.5499222244434794,-0.18482190530719303
2392,2.34150635094611,-1.5499222244434794,-0.34150635094610965
2393,2.184821905307193,-1.5499222244434794,-0.4461995504162614
2394,2.0,-1.5499222244434794,-0.48296291314453416
2395,1.8151780946928069,-1.5499222244434794,-0.44619955041626147
2396,1.6584936490538904,-1.5499222244434794,-0.34150635094610976
2397,1.5538004495837388,-1.5499222244434794,-0.18482190530719333
2398,1.517037086855466,-1.5499222244434794,-9.739246523328427e-17
2399,1.5538004495837385,-1.5499222244434794,0.18482190530719317
2400,1.6584936490538902,-1.5499222244434794,0.3415063509461096
2401,1.8151780946928067,-1.5499222244434794,0.4461995504162613
2402,2.0,-1.485775798002245,0.4957224306869052
2403,2.18970476127563,-1.485775798002245,0.4579878075183767
2404,2.350528692324989,-1.485775798002245,0.35052869232498896
2405,2.4579878075183768,-1.485775798002245,0.1897047612756302
2406,2.495722430686905,-1.485775798002245,2.168062702042917e-17
2407,2.4579878075183768,-1.485775798002245,-0.18970476127563016
2408,2.350528692324989,-1.485775798002245,-0.3505286923249889
2409,2.1897047612756304,-1.485775798002245,-0.4579878075183767
2410,2.0,-1.485775798002245,-0.4957224306869052
2411,1.8102952387243698,-1.485775798002245,-0.45798780751837675
2412,1.6494713076750112,-1.485775798002245,-0.350528692324989
2413,1.5420121924816235,-1.485775798002245,-0.18970476127563046
2414,1.5042775693130948,-1.485775798002245,-9.973635058082364e-17
2415,1.5420121924816232,-1.485775798002245,0.1897047612756303
2416,1.649471307675011,-1.485775798002245,0.35052869232498884
2417,1.8102952387243696,-1.485775798002245,0.4579878075183766
2418,2.0,-1.4205127018922192,0.5
2419,2.191341716182545,-1.4205127018922192,0.46193976625564337
2420,2.353553390593274,-1.4205127018922192,0.3535533905932738
2421,2.4619397662556435,-1.4205127018922192,0.19134171618254492
2422,2.5,-1.4205127018922192,2.1942552598799795e-17
2423,2.4619397662556435,-1.4205127018922192,-0.19134171618254486
2424,2.353553390593274,-1.4205127018922192,-0.35355339059327373
2425,2.191341716182545,-1.4205127018922192,-0.46193976625564337
2426,2.0,-1.4205127018922192,-0.5
2427,1.8086582838174552,-1.4205127018922192,-0.4619397662556434
2428,1.6464466094067263,-1.4205127018922192,-0.35355339059327384
2429,1.5380602337443567,-1.4205127018922192,-0.19134171618254517
2430,1.5,-1.4205127018922192,-1.0052212731593552e-16
2431,1.5380602337443567,-1.4205127018922192,0.191341716182545
2432,1.646446609406726,-1.4205127018922192,0.3535533905932737
2433,1.8086582838174547,-1.4205127018922192,0.46193976625564326
2434,2.0,-1.3552496057821932,0.4957224306869052
2435,2.18970476127563,-1.3552496057821932,0.4579878075183767
2436,2.350528692324989,-1.3552496057821932,0.35052869232498896
2437,2.4579878075183768,-1.3552496057821932,0.1897047612756302
2438,2.495722430686905,-1.3552496057821932,2.168062702042917e-17
2439,2.4579878075183768,-1.3552496057821932,-0.18970476127563016
2440,2.350528692324989,-1.3552496057821932,-0.3505286923249889
2441,2.1897047612756304,-1.3552496057821932,-0.4579878075183767
2442,2.0,-1.3552496057821932,-0.4957224306869052
2443,1.8102952387243698,-1.3552496057821932,-0.45798780751837675
2444,1.6494713076750112,-1.3552496057821932,-0.350528692324989
2445,1.5420121924816235,-1.3552496057821932,-0.18970476127563046
2446,1.5042775693130948,-1.3552496057821932,-9.973635058082364e-17
2447,1.5420121924816232,-1.3552496057821932,0.1897047612756303
2448,1.649471307675011,-1.3552496057821932,0.35052869232498884
2449,1.8102952387243696,-1.3552496057821932,0.4579878075183766
2450,2.0,-1.2911031793409589,0.48296291314453416
2451,2.184821905307193,-1.2911031793409589,0.4461995504162614
2452,2.34150635094611,-1.2911031793409589,0.3415063509461097
2453,2.4461995504162615,-1.2911031793409589,0.18482190530719309
2454,2.4829629131445343,-1.2911031793409589,2.089933190458271e-17
2455,2.4461995504162615,-1.2911031793409589,-0.18482190530719303
2456,2.34150635094611,-1.2911031793409589,-0.34150635094610965
2457,2.184821905307193,-1.2911031793409589,-0.4461995504162614
2458,2.0,-1.2911031793409589,-0.48296291314453416
2459,1.8151780946928069,-1.2911031793409589,-0.44619955041626147
2460,1.6584936490538904,-1.2911031793409589,-0.34150635094610976
2461,1.5538004495837388,-1.2911031793409589,-0.18482190530719333
2462,1.517037086855466,-1.2911031793409589,-9.739246523328427e-17
2463,1.5538004495837385,-1.2911031793409589,0.18482190530719317
2464,1.6584936490538902,-1.2911031793409589,0.3415063509461096
2465,1.8151780946928067,-1.2911031793409589,0.4461995504162613
2466,2.0,-1.2291709857096742,0.46193976625564337
2467,2.176776695296637,-1.2291709857096742,0.42677669529663687
2468,2.3266407412190944,-1.2291709857096742,0.32664074121909414
2469,2.426776695296637,-1.2291709857096742,0.17677669529663692
2470,2.4619397662556435,-1.2291709857096742,1.961203542730847e-17
2471,2.426776695296637,-1.2291709857096742,-0.17677669529663687
2472,2.3266407412190944,-1.2291709857096742,-0.3266407412190941
2473,2.176776695296637,-1.2291709857096742,-0.42677669529663687
2474,2.0,-1.2291709857096742,-0.46193976625564337
2475,1.8232233047033632,-1.2291709857096742,-0.4267766952966369
2476,1.6733592587809059,-1.2291709857096742,-0.3266407412190942
2477,1.5732233047033632,-1.2291709857096742,-0.17677669529663714
2478,1.5380602337443565,-1.2291709857096742,-9.353057580146156e-17
2479,1.5732233047033632,-1.2291709857096742,0.17677669529663698
2480,1.6733592587809059,-1.2291709857096742,0.32664074121909403
2481,1.8232233047033628,-1.2291709857096742,0.42677669529663675
2482,2.0,-1.170512701892219,0.4330127018922193
2483,2.165706787017796,-1.170512701892219,0.40005157259563273
2484,2.3061862178478973,-1.170512701892219,0.3061862178478973
2485,2.4000515725956326,-1.170512701892219,0.16570678701779593
2486,2.433012701892219,-1.170512701892219,1.7840763588238634e-17
2487,2.4000515725956326,-1.170512701892219,-0.16570678701779587
2488,2.3061862178478973,-1.170512701892219,-0.30618621784789724
2489,2.165706787017796,-1.170512701892219,-0.40005157259563273
2490,2.0,-1.170512701892219,-0.4330127018922193
2491,1.834293212982204,-1.170512701892219,-0.4000515725956328
2492,1.6938137821521027,-1.170512701892219,-0.3061862178478973
2493,1.5999484274043674,-1.170512701892219,-0.16570678701779612
2494,1.5669872981077808,-1.170512701892219,-8.821676028425205e-17
2495,1.5999484274043674,-1.170512701892219,0.16570678701779598
2496,1.6938137821521027,-1.170512701892219,0.3061862178478972
2497,1.8342932129822038,-1.170512701892219,0.4000515725956326
2498,2.0,-1.1161319873878588,0.3966766701456176
2499,2.1518015896704794,-1.1161319873878588,0.36648145657226705
2500,2.2804927633984655,-1.1161319873878588,0.2804927633984655
2501,2.366481456572267,-1.1161319873878588,0.1518015896704795
2502,2.3966766701456175,-1.1161319873878588,1.5615823339629015e-17
2503,2.366481456572267,-1.1161319873878588,-0.15180158967047946
2504,2.2804927633984655,-1.1161319873878588,-0.28049276339846546
2505,2.1518015896704794,-1.1161319873878588,-0.36648145657226705
2506,2.0,-1.1161319873878588,-0.3966766701456176
2507,1.8481984103295206,-1.1161319873878588,-0.3664814565722671
2508,1.7195072366015345,-1.1161319873878588,-0.28049276339846557
2509,1.633518543427733,-1.1161319873878588,-0.1518015896704797
2510,1.6033233298543825,-1.1161319873878588,-8.154193953842318e-17
2511,1.633518543427733,-1.1161319873878588,0.15180158967047958
2512,1.7195072366015345,-1.1161319873878588,0.2804927633984654
2513,1.8481984103295204,-1.1161319873878588,0.366481456572267
2514,2.0,-1.0669593112989453,0.3535533905932736
2515,2.135299025036549,-1.0669593112989453,0.326640741219094
2516,2.25,-1.0669593112989453,0.24999999999999992
2517,2.326640741219094,-1.0669593112989453,0.13529902503654923
2518,2.3535533905932735,-1.0669593112989453,1.2975284026003287e-17
2519,2.326640741219094,-1.0669593112989453,-0.13529902503654917
2520,2.25,-1.0669593112989453,-0.2499999999999999
2521,2.135299025036549,-1.0669593112989453,-0.326640741219094
2522,2.0,-1.0669593112989453,-0.3535533905932736
2523,1.8647009749634509,-1.0669593112989453,-0.32664074121909403
2524,1.75,-1.0669593112989453,-0.24999999999999994
2525,1.673359258780906,-1.0669593112989453,-0.1352990250365494
2526,1.6464466094067265,-1.0669593112989453,-7.3620321597546e-17
2527,1.673359258780906,-1.0669593112989453,0.13529902503654928
2528,1.75,-1.0669593112989453,0.24999999999999983
2529,1.8647009749634507,-1.0669593112989453,0.3266407412190939
2530,2.0,-1.0238360317466015,0.3043807145043602
2531,2.116481456572267,-1.0238360317466015,0.2812111122217398
2532,2.2152296672884395,-1.0238360317466015,0.21522966728843965
2533,2.28121111222174,-1.0238360317466015,0.11648145657226704
2534,2.30438071450436,-1.0238360317466015,9.964326007113419e-18
2535,2.28121111222174,-1.0238360317466015,-0.11648145657226704
2536,2.2152296672884395,-1.0238360317466015,-0.21522966728843962
2537,2.116481456572267,-1.0238360317466015,-0.2812111122217398
2538,2.0,-1.0238360317466015,-0.3043807145043602
2539,1.883518543427733,-1.0238360317466015,-0.2812111122217398
2540,1.7847703327115605,-1.0238360317466015,-0.21522966728843967
2541,1.7187888877782602,-1.0238360317466015,-0.11648145657226722
2542,1.6956192854956398,-1.0238360317466015,-6.458744754087639e-17
2543,1.7187888877782602,-1.0238360317466015,0.11648145657226709
2544,1.7847703327115603,-1.0238360317466015,0.2152296672884396
2545,1.8835185434277328,-1.0238360317466015,0.28121111222173967
2546,2.0,-0.9874999999999998,0.24999999999999997
2547,2.0956708580912724,-0.9874999999999998,0.23096988312782166
2548,2.176776695296637,-0.9874999999999998,0.17677669529663687
2549,2.2309698831278215,-0.9874999999999998,0.09567085809127243
2550,2.25,-0.9874999999999998,6.6344676094578765e-18
2551,2.2309698831278215,-0.9874999999999998,-0.09567085809127243
2552,2.176776695296637,-0.9874999999999998,-0.17677669529663684
2553,2.0956708580912724,-0.9874999999999998,-0.23096988312782166
2554,2.0,-0.9874999999999998,-0.24999999999999997
2555,1.9043291419087276,-0.9874999999999998,-0.23096988312782168
2556,1.8232233047033632,-0.9874999999999998,-0.1767766952966369
2557,1.7690301168721785,-0.9874999999999998,-0.09567085809127258
2558,1.75,-0.9874999999999998,-5.459787234790977e-17
2559,1.7690301168721785,-0.9874999999999998,0.09567085809127247
2560,1.823223304703363,-0.9874999999999998,0.1767766952966368
2561,1.9043291419087274,-0.9874999999999998,0.2309698831278216
