index,prim:vindex,pindex,N(0),N(1),N(2),Tex(0),Tex(1),Tex(2)
0,0:0,0,0.0,1.0,0.0,0.0,0.0,0.0
1,0:1,1,0.0,0.5000000000000001,-0.8660254037844386,0.16666666666666666,0.0,0.0
2,0:2,7,0.0,0.5000000000000001,-0.8660254037844386,0.16666666666666666,0.07142857142857142,0.0
3,0:3,6,0.0,1.0,0.0,0.0,0.07142857142857142,0.0
4,1:0,1,0.0,0.5000000000000001,-0.8660254037844386,0.16666666666666666,0.0,0.0
5,1:1,2,0.0,-0.4999999999999998,-0.8660254037844387,0.3333333333333333,0.0,0.0
6,1:2,8,0.0,-0.4999999999999998,-0.8660254037844387,0.3333333333333333,0.07142857142857142,0.0
7,1:3,7,0.0,0.5000000000000001,-0.8660254037844386,0.16666666666666666,0.07142857142857142,0.0
8,2:0,2,0.0,-0.4999999999999998,-0.8660254037844387,0.3333333333333333,0.0,0.0
9,2:1,3,0.0,-1.0,-1.2246467991473532e-16,0.5,0.0,0.0
10,2:2,9,0.0,-1.0,-1.2246467991473532e-16,0.5,0.07142857142857142,0.0
11,2:3,8,0.0,-0.4999999999999998,-0.8660254037844387,0.3333333333333333,0.07142857142857142,0.0
12,3:0,3,0.0,-1.0,-1.2246467991473532e-16,0.5,0.0,0.0
13,3:1,4,-0.0,-0.5000000000000004,0.8660254037844385,0.6666666666666666,0.0,0.0
14,3:2,10,-0.0,-0.5000000000000004,0.8660254037844385,0.6666666666666666,0.07142857142857142,0.0
15,3:3,9,0.0,-1.0,-1.2246467991473532e-16,0.5,0.07142857142857142,0.0
16,4:0,4,-0.0,-0.5000000000000004,0.8660254037844385,0.6666666666666666,0.0,0.0
17,4:1,5,0.0,0.49999999999999933,0.866025403784439,0.8333333333333334,0.0,0.0
18,4:2,11,0.0,0.49999999999999933,0.866025403784439,0.8333333333333334,0.07142857142857142,0.0
19,4:3,10,-0.0,-0.5000000000000004,0.8660254037844385,0.6666666666666666,0.07142857142857142,0.0
20,5:0,5,0.0,0.49999999999999933,0.866025403784439,0.8333333333333334,0.0,0.0
21,5:1,0,0.0,1.0,0.0,1.0,0.0,0.0
22,5:2,6,0.0,1.0,0.0,1.0,0.07142857142857142,0.0
23,5:3,11,0.0,0.49999999999999933,0.866025403784439,0.8333333333333334,0.07142857142857142,0.0
24,6:0,6,0.0,1.0,0.0,0.0,0.07142857142857142,0.0
25,6:1,7,0.0,0.5000000000000001,-0.8660254037844386,0.16666666666666666,0.07142857142857142,0.0
26,6:2,13,0.0,0.5000000000000001,-0.8660254037844386,0.16666666666666666,0.14285714285714285,0.0
27,6:3,12,0.0,1.0,0.0,0.0,0.14285714285714285,0.0
28,7:0,7,0.0,0.5000000000000001,-0.8660254037844386,0.16666666666666666,0.07142857142857142,0.0
29,7:1,8,0.0,-0.4999999999999998,-0.8660254037844387,0.3333333333333333,0.07142857142857142,0.0
30,7:2,14,0.0,-0.4999999999999998,-0.8660254037844387,0.3333333333333333,0.14285714285714285,0.0
31,7:3,13,0.0,0.5000000000000001,-0.8660254037844386,0.16666666666666666,0.14285714285714285,0.0
32,8:0,8,0.0,-0.4999999999999998,-0.8660254037844387,0.3333333333333333,0.07142857142857142,0.0
33,8:1,9,0.0,-1.0,-1.2246467991473532e-16,0.5,0.07142857142857142,0.0
34,8:2,15,0.0,-1.0,-1.2246467991473532e-16,0.5,0.14285714285714285,0.0
35,8:3,14,0.0,-0.4999999999999998,-0.8660254037844387,0.3333333333333333,0.14285714285714285,0.0
36,9:0,9,0.0,-1.0,-1.2246467991473532e-16,0.5,0.07142857142857142,0.0
37,9:1,10,-0.0,-0.5000000000000004,0.8660254037844385,0.6666666666666666,0.07142857142857142,0.0
38,9:2,16,-0.0,-0.5000000000000004,0.8660254037844385,0.6666666666666666,0.14285714285714285,0.0
39,9:3,15,0.0,-1.0,-1.2246467991473532e-16,0.5,0.14285714285714285,0.0
40,10:0,10,-0.0,-0.5000000000000004,0.8660254037844385,0.6666666666666666,0.07142857142857142,0.0
41,10:1,11,0.0,0.49999999999999933,0.866025403784439,0.8333333333333334,0.07142857142857142,0.0
42,10:2,17,0.0,0.49999999999999933,0.866025403784439,0.8333333333333334,0.14285714285714285,0.0
43,10:3,16,-0.0,-0.5000000000000004,0.8660254037844385,0.6666666666666666,0.14285714285714285,0.0
44,11:0,11,0.0,0.49999999999999933,0.866025403784439,0.8333333333333334,0.07142857142857142,0.0
45,11:1,6,0.0,1.0,0.0,1.0,0.07142857142857142,0.0
46,11:2,12,0.0,1.0,0.0,1.0,0.14285714285714285,0.0
47,11:3,17,0.0,0.49999999999999933,0.866025403784439,0.8333333333333334,0.14285714285714285,0.0
48,12:0,12,0.0,1.0,0.0,0.0,0.14285714285714285,0.0
49,12:1,13,0.0,0.5000000000000001,-0.8660254037844386,0.16666666666666666,0.14285714285714285,0.0
50,12:2,19,0.0,0.5000000000000001,-0.8660254037844386,0.16666666666666666,0.21428571428571427,0.0
51,12:3,18,0.0,1.0,0.0,0.0,0.21428571428571427,0.0
52,13:0,13,0.0,0.5000000000000001,-0.8660254037844386,0.16666666666666666,0.14285714285714285,0.0
53,13:1,14,0.0,-0.4999999999999998,-0.8660254037844387,0.3333333333333333,0.14285714285714285,0.0
54,13:2,20,0.0,-0.4999999999999998,-0.8660254037844387,0.3333333333333333,0.21428571428571427,0.0
55,13:3,19,0.0,0.5000000000000001,-0.8660254037844386,0.16666666666666666,0.21428571428571427,0.0
56,14:0,14,0.0,-0.4999999999999998,-0.8660254037844387,0.3333333333333333,0.14285714285714285,0.0
57,14:1,15,0.0,-1.0,-1.2246467991473532e-16,0.5,0.14285714285714285,0.0
58,14:2,21,0.0,-1.0,-1.2246467991473532e-16,0.5,0.21428571428571427,0.0
59,14:3,20,0.0,-0.4999999999999998,-0.8660254037844387,0.3333333333333333,0.21428571428571427,0.0
60,15:0,15,0.0,-1.0,-1.2246467991473532e-16,0.5,0.14285714285714285,0.0
61,15:1,16,-0.0,-0.5000000000000004,0.8660254037844385,0.6666666666666666,0.14285714285714285,0.0
62,15:2,22,-0.0,-0.5000000000000004,0.8660254037844385,0.6666666666666666,0.21428571428571427,0.0
63,15:3,21,0.0,-1.0,-1.2246467991473532e-16,0.5,0.21428571428571427,0.0
64,16:0,16,-0.0,-0.5000000000000004,0.8660254037844385,0.6666666666666666,0.14285714285714285,0.0
65,16:1,17,0.0,0.49999999999999933,0.866025403784439,0.8333333333333334,0.14285714285714285,0.0
66,16:2,23,0.0,0.49999999999999933,0.866025403784439,0.8333333333333334,0.21428571428571427,0.0
67,16:3,22,-0.0,-0.5000000000000004,0.8660254037844385,0.6666666666666666,0.21428571428571427,0.0
68,17:0,17,0.0,0.49999999999999933,0.866025403784439,0.8333333333333334,0.14285714285714285,0.0
69,17:1,12,0.0,1.0,0.0,1.0,0.14285714285714285,0.0
70,17:2,18,0.0,1.0,0.0,1.0,0.21428571428571427,0.0
71,17:3,23,0.0,0.49999999999999933,0.866025403784439,0.8333333333333334,0.21428571428571427,0.0
72,18:0,18,0.0,1.0,0.0,0.0,0.21428571428571427,0.0
73,18:1,19,0.0,0.5000000000000001,-0.8660254037844386,0.16666666666666666,0.21428571428571427,0.0
74,18:2,25,0.0,0.5000000000000001,-0.8660254037844386,0.16666666666666666,0.2857142857142857,0.0
75,18:3,24,0.0,1.0,0.0,0.0,0.2857142857142857,0.0
76,19:0,19,0.0,0.5000000000000001,-0.8660254037844386,0.16666666666666666,0.21428571428571427,0.0
77,19:1,20,0.0,-0.4999999999999998,-0.8660254037844387,0.3333333333333333,0.21428571428571427,0.0
78,19:2,26,0.0,-0.4999999999999998,-0.8660254037844387,0.3333333333333333,0.2857142857142857,0.0
79,19:3,25,0.0,0.5000000000000001,-0.8660254037844386,0.16666666666666666,0.2857142857142857,0.0
80,20:0,20,0.0,-0.4999999999999998,-0.8660254037844387,0.3333333333333333,0.21428571428571427,0.0
81,20:1,21,0.0,-1.0,-1.2246467991473532e-16,0.5,0.21428571428571427,0.0
82,20:2,27,0.0,-1.0,-1.2246467991473532e-16,0.5,0.2857142857142857,0.0
83,20:3,26,0.0,-0.4999999999999998,-0.8660254037844387,0.3333333333333333,0.2857142857142857,0.0
84,21:0,21,0.0,-1.0,-1.2246467991473532e-16,0.5,0.21428571428571427,0.0
85,21:1,22,-0.0,-0.5000000000000004,0.8660254037844385,0.6666666666666666,0.21428571428571427,0.0
86,21:2,28,-0.0,-0.5000000000000004,0.8660254037844385,0.6666666666666666,0.2857142857142857,0.0
87,21:3,27,0.0,-1.0,-1.2246467991473532e-16,0.5,0.2857142857142857,0.0
88,22:0,22,-0.0,-0.5000000000000004,0.8660254037844385,0.6666666666666666,0.21428571428571427,0.0
89,22:1,23,0.0,0.49999999999999933,0.866025403784439,0.8333333333333334,0.21428571428571427,0.0
90,22:2,29,0.0,0.49999999999999933,0.866025403784439,0.8333333333333334,0.2857142857142857,0.0
91,22:3,28,-0.0,-0.5000000000000004,0.8660254037844385,0.6666666666666666,0.2857142857142857,0.0
92,23:0,23,0.0,0.49999999999999933,0.866025403784439,0.8333333333333334,0.21428571428571427,0.0
93,23:1,18,0.0,1.0,0.0,1.0,0.21428571428571427,0.0
94,23:2,24,0.0,1.0,0.0,1.0,0.2857142857142857,0.0
95,23:3,29,0.0,0.49999999999999933,0.866025403784439,0.8333333333333334,0.2857142857142857,0.0
96,24:0,24,0.0,1.0,0.0,0.0,0.2857142857142857,0.0
97,24:1,25,0.0,0.5000000000000001,-0.8660254037844386,0.16666666666666666,0.2857142857142857,0.0
98,24:2,31,0.0,0.5000000000000001,-0.8660254037844386,0.16666666666666666,0.35714285714285715,0.0
99,24:3,30,0.0,1.0,0.0,0.0,0.35714285714285715,0.0
100,25:0,25,0.0,0.5000000000000001,-0.8660254037844386,0.16666666666666666,0.2857142857142857,0.0
101,25:1,26,0.0,-0.4999999999999998,-0.8660254037844387,0.3333333333333333,0.2857142857142857,0.0
102,25:2,32,0.0,-0.4999999999999998,-0.8660254037844387,0.3333333333333333,0.35714285714285715,0.0
103,25:3,31,0.0,0.5000000000000001,-0.8660254037844386,0.16666666666666666,0.35714285714285715,0.0
104,26:0,26,0.0,-0.4999999999999998,-0.8660254037844387,0.3333333333333333,0.2857142857142857,0.0
105,26:1,27,0.0,-1.0,-1.2246467991473532e-16,0.5,0.2857142857142857,0.0
106,26:2,33,0.0,-1.0,-1.2246467991473532e-16,0.5,0.35714285714285715,0.0
107,26:3,32,0.0,-0.4999999999999998,-0.8660254037844387,0.3333333333333333,0.35714285714285715,0.0
108,27:0,27,0.0,-1.0,-1.2246467991473532e-16,0.5,0.2857142857142857,0.0
109,27:1,28,-0.0,-0.5000000000000004,0.8660254037844385,0.6666666666666666,0.2857142857142857,0.0
110,27:2,34,-0.0,-0.5000000000000004,0.8660254037844385,0.6666666666666666,0.35714285714285715,0.0
111,27:3,33,0.0,-1.0,-1.2246467991473532e-16,0.5,0.35714285714285715,0.0
112,28:0,28,-0.0,-0.5000000000000004,0.8660254037844385,0.6666666666666666,0.2857142857142857,0.0
113,28:1,29,0.0,0.49999999999999933,0.866025403784439,0.8333333333333334,0.2857142857142857,0.0
114,28:2,35,0.0,0.49999999999999933,0.866025403784439,0.8333333333333334,0.35714285714285715,0.0
115,28:3,34,-0.0,-0.5000000000000004,0.8660254037844385,0.6666666666666666,0.35714285714285715,0.0
116,29:0,29,0.0,0.49999999999999933,0.866025403784439,0.8333333333333334,0.2857142857142857,0.0
117,29:1,24,0.0,1.0,0.0,1.0,0.2857142857142857,0.0
118,29:2,30,0.0,1.0,0.0,1.0,0.35714285714285715,0.0
119,29:3,35,0.0,0.49999999999999933,0.866025403784439,0.8333333333333334,0.35714285714285715,0.0
120,30:0,30,0.0,1.0,0.0,0.0,0.35714285714285715,0.0
121,30:1,31,0.0,0.5000000000000001,-0.8660254037844386,0.16666666666666666,0.35714285714285715,0.0
122,30:2,37,0.0,0.5000000000000001,-0.8660254037844386,0.16666666666666666,0.42857142857142855,0.0
123,30:3,36,0.0,1.0,0.0,0.0,0.42857142857142855,0.0
124,31:0,31,0.0,0.5000000000000001,-0.8660254037844386,0.16666666666666666,0.35714285714285715,0.0
125,31:1,32,0.0,-0.4999999999999998,-0.8660254037844387,0.3333333333333333,0.35714285714285715,0.0
126,31:2,38,0.0,-0.4999999999999998,-0.8660254037844387,0.3333333333333333,0.42857142857142855,0.0
127,31:3,37,0.0,0.5000000000000001,-0.8660254037844386,0.16666666666666666,0.42857142857142855,0.0
128,32:0,32,0.0,-0.4999999999999998,-0.8660254037844387,0.3333333333333333,0.35714285714285715,0.0
129,32:1,33,0.0,-1.0,-1.2246467991473532e-16,0.5,0.35714285714285715,0.0
130,32:2,39,0.0,-1.0,-1.2246467991473532e-16,0.5,0.42857142857142855,0.0
131,32:3,38,0.0,-0.4999999999999998,-0.8660254037844387,0.3333333333333333,0.42857142857142855,0.0
132,33:0,33,0.0,-1.0,-1.2246467991473532e-16,0.5,0.35714285714285715,0.0
133,33:1,34,-0.0,-0.5000000000000004,0.8660254037844385,0.6666666666666666,0.35714285714285715,0.0
134,33:2,40,-0.0,-0.5000000000000004,0.8660254037844385,0.6666666666666666,0.42857142857142855,0.0
135,33:3,39,0.0,-1.0,-1.2246467991473532e-16,0.5,0.42857142857142855,0.0
136,34:0,34,-0.0,-0.5000000000000004,0.8660254037844385,0.6666666666666666,0.35714285714285715,0.0
137,34:1,35,0.0,0.49999999999999933,0.866025403784439,0.8333333333333334,0.35714285714285715,0.0
138,34:2,41,0.0,0.49999999999999933,0.866025403784439,0.8333333333333334,0.42857142857142855,0.0
139,34:3,40,-0.0,-0.5000000000000004,0.8660254037844385,0.6666666666666666,0.42857142857142855,0.0
140,35:0,35,0.0,0.49999999999999933,0.866025403784439,0.8333333333333334,0.35714285714285715,0.0
141,35:1,30,0.0,1.0,0.0,1.0,0.35714285714285715,0.0
142,35:2,36,0.0,1.0,0.0,1.0,0.42857142857142855,0.0
143,35:3,41,0.0,0.49999999999999933,0.866025403784439,0.8333333333333334,0.42857142857142855,0.0
144,36:0,36,0.0,1.0,0.0,0.0,0.42857142857142855,0.0
145,36:1,37,0.0,0.5000000000000001,-0.8660254037844386,0.16666666666666666,0.42857142857142855,0.0
146,36:2,43,0.0,0.5000000000000001,-0.8660254037844386,0.16666666666666666,0.5,0.0
147,36:3,42,0.0,1.0,0.0,0.0,0.5,0.0
148,37:0,37,0.0,0.5000000000000001,-0.8660254037844386,0.16666666666666666,0.42857142857142855,0.0
149,37:1,38,0.0,-0.4999999999999998,-0.8660254037844387,0.3333333333333333,0.42857142857142855,0.0
150,37:2,44,0.0,-0.4999999999999998,-0.8660254037844387,0.3333333333333333,0.5,0.0
151,37:3,43,0.0,0.5000000000000001,-0.8660254037844386,0.16666666666666666,0.5,0.0
152,38:0,38,0.0,-0.4999999999999998,-0.8660254037844387,0.3333333333333333,0.42857142857142855,0.0
153,38:1,39,0.0,-1.0,-1.2246467991473532e-16,0.5,0.42857142857142855,0.0
154,38:2,45,0.0,-1.0,-1.2246467991473532e-16,0.5,0.5,0.0
155,38:3,44,0.0,-0.4999999999999998,-0.8660254037844387,0.3333333333333333,0.5,0.0
156,39:0,39,0.0,-1.0,-1.2246467991473532e-16,0.5,0.42857142857142855,0.0
157,39:1,40,-0.0,-0.5000000000000004,0.8660254037844385,0.6666666666666666,0.42857142857142855,0.0
158,39:2,46,-0.0,-0.5000000000000004,0.8660254037844385,0.6666666666666666,0.5,0.0
159,39:3,45,0.0,-1.0,-1.2246467991473532e-16,0.5,0.5,0.0
160,40:0,40,-0.0,-0.5000000000000004,0.8660254037844385,0.6666666666666666,0.42857142857142855,0.0
161,40:1,41,0.0,0.49999999999999933,0.866025403784439,0.8333333333333334,0.42857142857142855,0.0
162,40:2,47,0.0,0.49999999999999933,0.866025403784439,0.8333333333333334,0.5,0.0
163,40:3,46,-0.0,-0.5000000000000004,0.8660254037844385,0.6666666666666666,0.5,0.0
164,41:0,41,0.0,0.49999999999999933,0.866025403784439,0.8333333333333334,0.42857142857142855,0.0
165,41:1,36,0.0,1.0,0.0,1.0,0.42857142857142855,0.0
166,41:2,42,0.0,1.0,0.0,1.0,0.5,0.0
167,41:3,47,0.0,0.49999999999999933,0.866025403784439,0.8333333333333334,0.5,0.0
168,42:0,42,0.0,1.0,0.0,0.0,0.5,0.0
169,42:1,43,0.0,0.5000000000000001,-0.8660254037844386,0.16666666666666666,0.5,0.0
170,42:2,49,0.0,0.5000000000000001,-0.8660254037844386,0.16666666666666666,0.5714285714285714,0.0
171,42:3,48,0.0,1.0,0.0,0.0,0.5714285714285714,0.0
172,43:0,43,0.0,0.5000000000000001,-0.8660254037844386,0.16666666666666666,0.5,0.0
173,43:1,44,0.0,-0.4999999999999998,-0.8660254037844387,0.3333333333333333,0.5,0.0
174,43:2,50,0.0,-0.4999999999999998,-0.8660254037844387,0.3333333333333333,0.5714285714285714,0.0
175,43:3,49,0.0,0.5000000000000001,-0.8660254037844386,0.16666666666666666,0.5714285714285714,0.0
176,44:0,44,0.0,-0.4999999999999998,-0.8660254037844387,0.3333333333333333,0.5,0.0
177,44:1,45,0.0,-1.0,-1.2246467991473532e-16,0.5,0.5,0.0
178,44:2,51,0.0,-1.0,-1.2246467991473532e-16,0.5,0.5714285714285714,0.0
179,44:3,50,0.0,-0.4999999999999998,-0.8660254037844387,0.3333333333333333,0.5714285714285714,0.0
180,45:0,45,0.0,-1.0,-1.2246467991473532e-16,0.5,0.5,0.0
181,45:1,46,-0.0,-0.5000000000000004,0.8660254037844385,0.6666666666666666,0.5,0.0
182,45:2,52,-0.0,-0.5000000000000004,0.8660254037844385,0.6666666666666666,0.5714285714285714,0.0
183,45:3,51,0.0,-1.0,-1.2246467991473532e-16,0.5,0.5714285714285714,0.0
184,46:0,46,-0.0,-0.5000000000000004,0.8660254037844385,0.6666666666666666,0.5,0.0
185,46:1,47,0.0,0.49999999999999933,0.866025403784439,0.8333333333333334,0.5,0.0
186,46:2,53,0.0,0.49999999999999933,0.866025403784439,0.8333333333333334,0.5714285714285714,0.0
187,46:3,52,-0.0,-0.5000000000000004,0.8660254037844385,0.6666666666666666,0.5714285714285714,0.0
188,47:0,47,0.0,0.49999999999999933,0.866025403784439,0.8333333333333334,0.5,0.0
189,47:1,42,0.0,1.0,0.0,1.0,0.5,0.0
190,47:2,48,0.0,1.0,0.0,1.0,0.5714285714285714,0.0
191,47:3,53,0.0,0.49999999999999933,0.866025403784439,0.8333333333333334,0.5714285714285714,0.0
192,48:0,48,0.0,1.0,0.0,0.0,0.5714285714285714,0.0
193,48:1,49,0.0,0.5000000000000001,-0.8660254037844386,0.16666666666666666,0.5714285714285714,0.0
194,48:2,55,0.0,0.5000000000000001,-0.8660254037844386,0.16666666666666666,0.6428571428571429,0.0
195,48:3,54,0.0,1.0,0.0,0.0,0.6428571428571429,0.0
196,49:0,49,0.0,0.5000000000000001,-0.8660254037844386,0.16666666666666666,0.5714285714285714,0.0
197,49:1,50,0.0,-0.4999999999999998,-0.8660254037844387,0.3333333333333333,0.5714285714285714,0.0
198,49:2,56,0.0,-0.4999999999999998,-0.8660254037844387,0.3333333333333333,0.6428571428571429,0.0
199,49:3,55,0.0,0.5000000000000001,-0.8660254037844386,0.16666666666666666,0.6428571428571429,0.0
200,50:0,50,0.0,-0.4999999999999998,-0.8660254037844387,0.3333333333333333,0.5714285714285714,0.0
201,50:1,51,0.0,-1.0,-1.2246467991473532e-16,0.5,0.5714285714285714,0.0
202,50:2,57,0.0,-1.0,-1.2246467991473532e-16,0.5,0.6428571428571429,0.0
203,50:3,56,0.0,-0.4999999999999998,-0.8660254037844387,0.3333333333333333,0.6428571428571429,0.0
204,51:0,51,0.0,-1.0,-1.2246467991473532e-16,0.5,0.5714285714285714,0.0
205,51:1,52,-0.0,-0.5000000000000004,0.8660254037844385,0.6666666666666666,0.5714285714285714,0.0
206,51:2,58,-0.0,-0.5000000000000004,0.8660254037844385,0.6666666666666666,0.6428571428571429,0.0
207,51:3,57,0.0,-1.0,-1.2246467991473532e-16,0.5,0.6428571428571429,0.0
208,52:0,52,-0.0,-0.5000000000000004,0.8660254037844385,0.6666666666666666,0.5714285714285714,0.0
209,52:1,53,0.0,0.49999999999999933,0.866025403784439,0.8333333333333334,0.5714285714285714,0.0
210,52:2,59,0.0,0.49999999999999933,0.866025403784439,0.8333333333333334,0.6428571428571429,0.0
211,52:3,58,-0.0,-0.5000000000000004,0.8660254037844385,0.6666666666666666,0.6428571428571429,0.0
212,53:0,53,0.0,0.49999999999999933,0.866025403784439,0.8333333333333334,0.5714285714285714,0.0
213,53:1,48,0.0,1.0,0.0,1.0,0.5714285714285714,0.0
214,53:2,54,0.0,1.0,0.0,1.0,0.6428571428571429,0.0
215,53:3,59,0.0,0.49999999999999933,0.866025403784439,0.8333333333333334,0.6428571428571429,0.0
216,54:0,54,0.0,1.0,0.0,0.0,0.6428571428571429,0.0
217,54:1,55,0.0,0.5000000000000001,-0.8660254037844386,0.16666666666666666,0.6428571428571429,0.0
218,54:2,61,0.0,0.5000000000000001,-0.8660254037844386,0.16666666666666666,0.7142857142857143,0.0
219,54:3,60,0.0,1.0,0.0,0.0,0.7142857142857143,0.0
220,55:0,55,0.0,0.5000000000000001,-0.8660254037844386,0.16666666666666666,0.6428571428571429,0.0
221,55:1,56,0.0,-0.4999999999999998,-0.8660254037844387,0.3333333333333333,0.6428571428571429,0.0
222,55:2,62,0.0,-0.4999999999999998,-0.8660254037844387,0.3333333333333333,0.7142857142857143,0.0
223,55:3,61,0.0,0.5000000000000001,-0.8660254037844386,0.16666666666666666,0.7142857142857143,0.0
224,56:0,56,0.0,-0.4999999999999998,-0.8660254037844387,0.3333333333333333,0.6428571428571429,0.0
225,56:1,57,0.0,-1.0,-1.2246467991473532e-16,0.5,0.6428571428571429,0.0
226,56:2,63,0.0,-1.0,-1.2246467991473532e-16,0.5,0.7142857142857143,0.0
227,56:3,62,0.0,-0.4999999999999998,-0.8660254037844387,0.3333333333333333,0.7142857142857143,0.0
228,57:0,57,0.0,-1.0,-1.2246467991473532e-16,0.5,0.6428571428571429,0.0
229,57:1,58,-0.0,-0.5000000000000004,0.8660254037844385,0.6666666666666666,0.6428571428571429,0.0
230,57:2,64,-0.0,-0.5000000000000004,0.8660254037844385,0.6666666666666666,0.7142857142857143,0.0
231,57:3,63,0.0,-1.0,-1.2246467991473532e-16,0.5,0.7142857142857143,0.0
232,58:0,58,-0.0,-0.5000000000000004,0.8660254037844385,0.6666666666666666,0.6428571428571429,0.0
233,58:1,59,0.0,0.49999999999999933,0.866025403784439,0.8333333333333334,0.6428571428571429,0.0
234,58:2,65,0.0,0.49999999999999933,0.866025403784439,0.8333333333333334,0.7142857142857143,0.0
235,58:3,64,-0.0,-0.5000000000000004,0.8660254037844385,0.6666666666666666,0.7142857142857143,0.0
236,59:0,59,0.0,0.49999999999999933,0.866025403784439,0.8333333333333334,0.6428571428571429,0.0
237,59:1,54,0.0,1.0,0.0,1.0,0.6428571428571429,0.0
238,59:2,60,0.0,1.0,0.0,1.0,0.7142857142857143,0.0
239,59:3,65,0.0,0.49999999999999933,0.866025403784439,0.8333333333333334,0.7142857142857143,0.0
240,60:0,60,0.0,1.0,0.0,0.0,0.7142857142857143,0.0
241,60:1,61,0.0,0.5000000000000001,-0.8660254037844386,0.16666666666666666,0.7142857142857143,0.0
242,60:2,67,0.0,0.5000000000000001,-0.8660254037844386,0.16666666666666666,0.7857142857142857,0.0
243,60:3,66,0.0,1.0,0.0,0.0,0.7857142857142857,0.0
244,61:0,61,0.0,0.5000000000000001,-0.8660254037844386,0.16666666666666666,0.7142857142857143,0.0
245,61:1,62,0.0,-0.4999999999999998,-0.8660254037844387,0.3333333333333333,0.7142857142857143,0.0
246,61:2,68,0.0,-0.4999999999999998,-0.8660254037844387,0.3333333333333333,0.7857142857142857,0.0
247,61:3,67,0.0,0.5000000000000001,-0.8660254037844386,0.16666666666666666,0.7857142857142857,0.0
248,62:0,62,0.0,-0.4999999999999998,-0.8660254037844387,0.3333333333333333,0.7142857142857143,0.0
249,62:1,63,0.0,-1.0,-1.2246467991473532e-16,0.5,0.7142857142857143,0.0
250,62:2,69,0.0,-1.0,-1.2246467991473532e-16,0.5,0.7857142857142857,0.0
251,62:3,68,0.0,-0.4999999999999998,-0.8660254037844387,0.3333333333333333,0.7857142857142857,0.0
252,63:0,63,0.0,-1.0,-1.2246467991473532e-16,0.5,0.7142857142857143,0.0
253,63:1,64,-0.0,-0.5000000000000004,0.8660254037844385,0.6666666666666666,0.7142857142857143,0.0
254,63:2,70,-0.0,-0.5000000000000004,0.8660254037844385,0.6666666666666666,0.7857142857142857,0.0
255,63:3,69,0.0,-1.0,-1.2246467991473532e-16,0.5,0.7857142857142857,0.0
256,64:0,64,-0.0,-0.5000000000000004,0.8660254037844385,0.6666666666666666,0.7142857142857143,0.0
257,64:1,65,0.0,0.49999999999999933,0.866025403784439,0.8333333333333334,0.7142857142857143,0.0
258,64:2,71,0.0,0.49999999999999933,0.866025403784439,0.8333333333333334,0.7857142857142857,0.0
259,64:3,70,-0.0,-0.5000000000000004,0.8660254037844385,0.6666666666666666,0.7857142857142857,0.0
260,65:0,65,0.0,0.49999999999999933,0.866025403784439,0.8333333333333334,0.7142857142857143,0.0
261,65:1,60,0.0,1.0,0.0,1.0,0.7142857142857143,0.0
262,65:2,66,0.0,1.0,0.0,1.0,0.7857142857142857,0.0
263,65:3,71,0.0,0.49999999999999933,0.866025403784439,0.8333333333333334,0.7857142857142857,0.0
264,66:0,66,0.0,1.0,0.0,0.0,0.7857142857142857,0.0
265,66:1,67,0.0,0.5000000000000001,-0.8660254037844386,0.16666666666666666,0.7857142857142857,0.0
266,66:2,73,0.0,0.5000000000000001,-0.8660254037844386,0.16666666666666666,0.8571428571428571,0.0
267,66:3,72,0.0,1.0,0.0,0.0,0.8571428571428571,0.0
268,67:0,67,0.0,0.5000000000000001,-0.8660254037844386,0.16666666666666666,0.7857142857142857,0.0
269,67:1,68,0.0,-0.4999999999999998,-0.8660254037844387,0.3333333333333333,0.7857142857142857,0.0
270,67:2,74,0.0,-0.4999999999999998,-0.8660254037844387,0.3333333333333333,0.8571428571428571,0.0
271,67:3,73,0.0,0.5000000000000001,-0.8660254037844386,0.16666666666666666,0.8571428571428571,0.0
272,68:0,68,0.0,-0.4999999999999998,-0.8660254037844387,0.3333333333333333,0.7857142857142857,0.0
273,68:1,69,0.0,-1.0,-1.2246467991473532e-16,0.5,0.7857142857142857,0.0
274,68:2,75,0.0,-1.0,-1.2246467991473532e-16,0.5,0.8571428571428571,0.0
275,68:3,74,0.0,-0.4999999999999998,-0.8660254037844387,0.3333333333333333,0.8571428571428571,0.0
276,69:0,69,0.0,-1.0,-1.2246467991473532e-16,0.5,0.7857142857142857,0.0
277,69:1,70,-0.0,-0.5000000000000004,0.8660254037844385,0.6666666666666666,0.7857142857142857,0.0
278,69:2,76,-0.0,-0.5000000000000004,0.8660254037844385,0.6666666666666666,0.8571428571428571,0.0
279,69:3,75,0.0,-1.0,-1.2246467991473532e-16,0.5,0.8571428571428571,0.0
280,70:0,70,-0.0,-0.5000000000000004,0.8660254037844385,0.6666666666666666,0.7857142857142857,0.0
281,70:1,71,0.0,0.49999999999999933,0.866025403784439,0.8333333333333334,0.7857142857142857,0.0
282,70:2,77,0.0,0.49999999999999933,0.866025403784439,0.8333333333333334,0.8571428571428571,0.0
283,70:3,76,-0.0,-0.5000000000000004,0.8660254037844385,0.6666666666666666,0.8571428571428571,0.0
284,71:0,71,0.0,0.49999999999999933,0.866025403784439,0.8333333333333334,0.7857142857142857,0.0
285,71:1,66,0.0,1.0,0.0,1.0,0.7857142857142857,0.0
286,71:2,72,0.0,1.0,0.0,1.0,0.8571428571428571,0.0
287,71:3,77,0.0,0.49999999999999933,0.866025403784439,0.8333333333333334,0.8571428571428571,0.0
288,72:0,72,0.0,1.0,0.0,0.0,0.8571428571428571,0.0
289,72:1,73,0.0,0.5000000000000001,-0.8660254037844386,0.16666666666666666,0.8571428571428571,0.0
290,72:2,79,0.0,0.5000000000000001,-0.8660254037844386,0.16666666666666666,0.9285714285714286,0.0
291,72:3,78,0.0,1.0,0.0,0.0,0.9285714285714286,0.0
292,73:0,73,0.0,0.5000000000000001,-0.8660254037844386,0.16666666666666666,0.8571428571428571,0.0
293,73:1,74,0.0,-0.4999999999999998,-0.8660254037844387,0.3333333333333333,0.8571428571428571,0.0
294,73:2,80,0.0,-0.4999999999999998,-0.8660254037844387,0.3333333333333333,0.9285714285714286,0.0
295,73:3,79,0.0,0.5000000000000001,-0.8660254037844386,0.16666666666666666,0.9285714285714286,0.0
296,74:0,74,0.0,-0.4999999999999998,-0.8660254037844387,0.3333333333333333,0.8571428571428571,0.0
297,74:1,75,0.0,-1.0,-1.2246467991473532e-16,0.5,0.8571428571428571,0.0
298,74:2,81,0.0,-1.0,-1.2246467991473532e-16,0.5,0.9285714285714286,0.0
299,74:3,80,0.0,-0.4999999999999998,-0.8660254037844387,0.3333333333333333,0.9285714285714286,0.0
300,75:0,75,0.0,-1.0,-1.2246467991473532e-16,0.5,0.8571428571428571,0.0
301,75:1,76,-0.0,-0.5000000000000004,0.8660254037844385,0.6666666666666666,0.8571428571428571,0.0
302,75:2,82,-0.0,-0.5000000000000004,0.8660254037844385,0.6666666666666666,0.9285714285714286,0.0
303,75:3,81,0.0,-1.0,-1.2246467991473532e-16,0.5,0.9285714285714286,0.0
304,76:0,76,-0.0,-0.5000000000000004,0.8660254037844385,0.6666666666666666,0.8571428571428571,0.0
305,76:1,77,0.0,0.49999999999999933,0.866025403784439,0.8333333333333334,0.8571428571428571,0.0
306,76:2,83,0.0,0.49999999999999933,0.866025403784439,0.8333333333333334,0.9285714285714286,0.0
307,76:3,82,-0.0,-0.5000000000000004,0.8660254037844385,0.6666666666666666,0.9285714285714286,0.0
308,77:0,77,0.0,0.49999999999999933,0.866025403784439,0.8333333333333334,0.8571428571428571,0.0
309,77:1,72,0.0,1.0,0.0,1.0,0.8571428571428571,0.0
310,77:2,78,0.0,1.0,0.0,1.0,0.9285714285714286,0.0
311,77:3,83,0.0,0.49999999999999933,0.866025403784439,0.8333333333333334,0.9285714285714286,0.0
312,78:0,78,0.0,1.0,0.0,0.0,0.9285714285714286,0.0
313,78:1,79,0.0,0.5000000000000001,-0.8660254037844386,0.16666666666666666,0.9285714285714286,0.0
314,78:2,85,0.0,0.5000000000000001,-0.8660254037844386,0.16666666666666666,1.0,0.0
315,78:3,84,0.0,1.0,0.0,0.0,1.0,0.0
316,79:0,79,0.0,0.5000000000000001,-0.8660254037844386,0.16666666666666666,0.9285714285714286,0.0
317,79:1,80,0.0,-0.4999999999999998,-0.8660254037844387,0.3333333333333333,0.9285714285714286,0.0
318,79:2,86,0.0,-0.4999999999999998,-0.8660254037844387,0.3333333333333333,1.0,0.0
319,79:3,85,0.0,0.5000000000000001,-0.8660254037844386,0.16666666666666666,1.0,0.0
320,80:0,80,0.0,-0.4999999999999998,-0.8660254037844387,0.3333333333333333,0.9285714285714286,0.0
321,80:1,81,0.0,-1.0,-1.2246467991473532e-16,0.5,0.9285714285714286,0.0
322,80:2,87,0.0,-1.0,-1.2246467991473532e-16,0.5,1.0,0.0
323,80:3,86,0.0,-0.4999999999999998,-0.8660254037844387,0.3333333333333333,1.0,0.0
324,81:0,81,0.0,-1.0,-1.2246467991473532e-16,0.5,0.9285714285714286,0.0
325,81:1,82,-0.0,-0.5000000000000004,0.8660254037844385,0.6666666666666666,0.9285714285714286,0.0
326,81:2,88,-0.0,-0.5000000000000004,0.8660254037844385,0.6666666666666666,1.0,0.0
327,81:3,87,0.0,-1.0,-1.2246467991473532e-16,0.5,1.0,0.0
328,82:0,82,-0.0,-0.5000000000000004,0.8660254037844385,0.6666666666666666,0.9285714285714286,0.0
329,82:1,83,0.0,0.49999999999999933,0.866025403784439,0.8333333333333334,0.9285714285714286,0.0
330,82:2,89,0.0,0.49999999999999933,0.866025403784439,0.8333333333333334,1.0,0.0
331,82:3,88,-0.0,-0.5000000000000004,0.8660254037844385,0.6666666666666666,1.0,0.0
332,83:0,83,0.0,0.49999999999999933,0.866025403784439,0.8333333333333334,0.9285714285714286,0.0
333,83:1,78,0.0,1.0,0.0,1.0,0.9285714285714286,0.0
334,83:2,84,0.0,1.0,0.0,1.0,1.0,0.0
335,83:3,89,0.0,0.49999999999999933,0.866025403784439,0.8333333333333334,1.0,0.0
336,84:0,90,0.0,1.0,0.0,0.0,0.0,0.0
337,84:1,91,0.8646046714940144,0.5000000000000001,0.049585905565264175,0.16666666666666666,0.0,0.0
338,84:2,97,0.8633551434587902,0.5000000000000001,0.06795510476227444,0.16666666666666666,0.041666666666666664,0.0
339,84:3,96,0.0,1.0,0.0,0.0,0.041666666666666664,0.0
340,85:0,91,0.8646046714940144,0.5000000000000001,0.049585905565264175,0.16666666666666666,0.0,0.0
341,85:1,92,0.8646046714940145,-0.4999999999999998,0.04958590556526418,0.3333333333333333,0.0,0.0
342,85:2,98,0.8633551434587903,-0.4999999999999998,0.06795510476227445,0.3333333333333333,0.041666666666666664,0.0
343,85:3,97,0.8633551434587902,0.5000000000000001,0.06795510476227444,0.16666666666666666,0.041666666666666664,0.0
344,86:0,92,0.8646046714940145,-0.4999999999999998,0.04958590556526418,0.3333333333333333,0.0,0.0
345,86:1,93,1.2226377411632455e-16,-1.0,7.011944484302766e-18,0.5,0.0,0.0
346,86:2,99,1.2208707831709102e-16,-1.0,9.609533527443372e-18,0.5,0.041666666666666664,0.0
347,86:3,98,0.8633551434587903,-0.4999999999999998,0.06795510476227445,0.3333333333333333,0.041666666666666664,0.0
348,87:0,93,1.2226377411632455e-16,-1.0,7.011944484302766e-18,0.5,0.0,0.0
349,87:1,94,-0.8646046714940143,-0.5000000000000004,-0.04958590556526417,0.6666666666666666,0.0,0.0
350,87:2,100,-0.86335514345879,-0.5000000000000004,-0.06795510476227444,0.6666666666666666,0.041666666666666664,0.0
351,87:3,99,1.2208707831709102e-16,-1.0,9.609533527443372e-18,0.5,0.041666666666666664,0.0
352,88:0,94,-0.8646046714940143,-0.5000000000000004,-0.04958590556526417,0.6666666666666666,0.0,0.0
353,88:1,95,-0.8646046714940149,0.49999999999999933,-0.0495859055652642,0.8333333333333334,0.0,0.0
354,88:2,101,-0.8633551434587906,0.49999999999999933,-0.06795510476227448,0.8333333333333334,0.041666666666666664,0.0
355,88:3,100,-0.86335514345879,-0.5000000000000004,-0.06795510476227444,0.6666666666666666,0.041666666666666664,0.0
356,89:0,95,-0.8646046714940149,0.49999999999999933,-0.0495859055652642,0.8333333333333334,0.0,0.0
357,89:1,90,0.0,1.0,0.0,1.0,0.0,0.0
358,89:2,96,0.0,1.0,0.0,1.0,0.041666666666666664,0.0
359,89:3,101,-0.8633551434587906,0.49999999999999933,-0.06795510476227448,0.8333333333333334,0.041666666666666664,0.0
360,90:0,96,0.0,1.0,0.0,0.0,0.041666666666666664,0.0
361,90:1,97,0.8633551434587902,0.5000000000000001,0.06795510476227444,0.16666666666666666,0.041666666666666664,0.0
362,90:2,103,0.8613128375777666,0.5000000000000001,0.09022303377594787,0.16666666666666666,0.08333333333333333,0.0
363,90:3,102,0.0,1.0,0.0,0.0,0.08333333333333333,0.0
364,91:0,97,0.8633551434587902,0.5000000000000001,0.06795510476227444,0.16666666666666666,0.041666666666666664,0.0
365,91:1,98,0.8633551434587903,-0.4999999999999998,0.06795510476227445,0.3333333333333333,0.041666666666666664,0.0
366,91:2,104,0.8613128375777667,-0.4999999999999998,0.09022303377594788,0.3333333333333333,0.08333333333333333,0.0
367,91:3,103,0.8613128375777666,0.5000000000000001,0.09022303377594787,0.16666666666666666,0.08333333333333333,0.0
368,92:0,98,0.8633551434587903,-0.4999999999999998,0.06795510476227445,0.3333333333333333,0.041666666666666664,0.0
369,92:1,99,1.2208707831709102e-16,-1.0,9.609533527443372e-18,0.5,0.041666666666666664,0.0
370,92:2,105,1.2179827577744892e-16,-1.0,1.2758442078054834e-17,0.5,0.08333333333333333,0.0
371,92:3,104,0.8613128375777667,-0.4999999999999998,0.09022303377594788,0.3333333333333333,0.08333333333333333,0.0
372,93:0,99,1.2208707831709102e-16,-1.0,9.609533527443372e-18,0.5,0.041666666666666664,0.0
373,93:1,100,-0.86335514345879,-0.5000000000000004,-0.06795510476227444,0.6666666666666666,0.041666666666666664,0.0
374,93:2,106,-0.8613128375777664,-0.5000000000000004,-0.09022303377594786,0.6666666666666666,0.08333333333333333,0.0
375,93:3,105,1.2179827577744892e-16,-1.0,1.2758442078054834e-17,0.5,0.08333333333333333,0.0
376,94:0,100,-0.86335514345879,-0.5000000000000004,-0.06795510476227444,0.6666666666666666,0.041666666666666664,0.0
377,94:1,101,-0.8633551434587906,0.49999999999999933,-0.06795510476227448,0.8333333333333334,0.041666666666666664,0.0
378,94:2,107,-0.861312837577767,0.49999999999999933,-0.09022303377594791,0.8333333333333334,0.08333333333333333,0.0
379,94:3,106,-0.8613128375777664,-0.5000000000000004,-0.09022303377594786,0.6666666666666666,0.08333333333333333,0.0
380,95:0,101,-0.8633551434587906,0.49999999999999933,-0.06795510476227448,0.8333333333333334,0.041666666666666664,0.0
381,95:1,96,0.0,1.0,0.0,1.0,0.041666666666666664,0.0
382,95:2,102,0.0,1.0,0.0,1.0,0.08333333333333333,0.0
383,95:3,107,-0.861312837577767,0.49999999999999933,-0.09022303377594791,0.8333333333333334,0.08333333333333333,0.0
384,96:0,102,0.0,1.0,0.0,0.0,0.08333333333333333,0.0
385,96:1,103,0.8613128375777666,0.5000000000000001,0.09022303377594787,0.16666666666666666,0.08333333333333333,0.0
386,96:2,109,0.8610123445890531,0.5000000000000001,0.09304699062979813,0.16666666666666666,0.125,0.0
387,96:3,108,0.0,1.0,0.0,0.0,0.125,0.0
388,97:0,103,0.8613128375777666,0.5000000000000001,0.09022303377594787,0.16666666666666666,0.08333333333333333,0.0
389,97:1,104,0.8613128375777667,-0.4999999999999998,0.09022303377594788,0.3333333333333333,0.08333333333333333,0.0
390,97:2,110,0.8610123445890532,-0.4999999999999998,0.09304699062979814,0.3333333333333333,0.125,0.0
391,97:3,109,0.8610123445890531,0.5000000000000001,0.09304699062979813,0.16666666666666666,0.125,0.0
392,98:0,104,0.8613128375777667,-0.4999999999999998,0.09022303377594788,0.3333333333333333,0.08333333333333333,0.0
393,98:1,105,1.2179827577744892e-16,-1.0,1.2758442078054834e-17,0.5,0.08333333333333333,0.0
394,98:2,111,1.2175578305435023e-16,-1.0,1.3157777906644311e-17,0.5,0.125,0.0
395,98:3,110,0.8610123445890532,-0.4999999999999998,0.09304699062979814,0.3333333333333333,0.125,0.0
396,99:0,105,1.2179827577744892e-16,-1.0,1.2758442078054834e-17,0.5,0.08333333333333333,0.0
397,99:1,106,-0.8613128375777664,-0.5000000000000004,-0.09022303377594786,0.6666666666666666,0.08333333333333333,0.0
398,99:2,112,-0.861012344589053,-0.5000000000000004,-0.09304699062979811,0.6666666666666666,0.125,0.0
399,99:3,111,1.2175578305435023e-16,-1.0,1.3157777906644311e-17,0.5,0.125,0.0
400,100:0,106,-0.8613128375777664,-0.5000000000000004,-0.09022303377594786,0.6666666666666666,0.08333333333333333,0.0
401,100:1,107,-0.861312837577767,0.49999999999999933,-0.09022303377594791,0.8333333333333334,0.08333333333333333,0.0
402,100:2,113,-0.8610123445890535,0.49999999999999933,-0.09304699062979818,0.8333333333333334,0.125,0.0
403,100:3,112,-0.861012344589053,-0.5000000000000004,-0.09304699062979811,0.6666666666666666,0.125,0.0
404,101:0,107,-0.861312837577767,0.49999999999999933,-0.09022303377594791,0.8333333333333334,0.08333333333333333,0.0
405,101:1,102,0.0,1.0,0.0,1.0,0.08333333333333333,0.0
406,101:2,108,0.0,1.0,0.0,1.0,0.125,0.0
407,101:3,113,-0.8610123445890535,0.49999999999999933,-0.09304699062979818,0.8333333333333334,0.125,0.0
408,102:0,108,0.0,1.0,0.0,0.0,0.125,0.0
409,102:1,109,0.8610123445890531,0.5000000000000001,0.09304699062979813,0.16666666666666666,0.125,0.0
410,102:2,115,0.8615966029368369,0.5000000000000001,0.08747167431633283,0.16666666666666666,0.16666666666666666,0.0
411,102:3,114,0.0,1.0,0.0,0.0,0.16666666666666666,0.0
412,103:0,109,0.8610123445890531,0.5000000000000001,0.09304699062979813,0.16666666666666666,0.125,0.0
413,103:1,110,0.8610123445890532,-0.4999999999999998,0.09304699062979814,0.3333333333333333,0.125,0.0
414,103:2,116,0.861596602936837,-0.4999999999999998,0.08747167431633285,0.3333333333333333,0.16666666666666666,0.0
415,103:3,115,0.8615966029368369,0.5000000000000001,0.08747167431633283,0.16666666666666666,0.16666666666666666,0.0
416,104:0,110,0.8610123445890532,-0.4999999999999998,0.09304699062979814,0.3333333333333333,0.125,0.0
417,104:1,111,1.2175578305435023e-16,-1.0,1.3157777906644311e-17,0.5,0.125,0.0
418,104:2,117,1.218384030459073e-16,-1.0,1.2369372249294935e-17,0.5,0.16666666666666666,0.0
419,104:3,116,0.861596602936837,-0.4999999999999998,0.08747167431633285,0.3333333333333333,0.16666666666666666,0.0
420,105:0,111,1.2175578305435023e-16,-1.0,1.3157777906644311e-17,0.5,0.125,0.0
421,105:1,112,-0.861012344589053,-0.5000000000000004,-0.09304699062979811,0.6666666666666666,0.125,0.0
422,105:2,118,-0.8615966029368368,-0.5000000000000004,-0.08747167431633283,0.6666666666666666,0.16666666666666666,0.0
423,105:3,117,1.218384030459073e-16,-1.0,1.2369372249294935e-17,0.5,0.16666666666666666,0.0
424,106:0,112,-0.861012344589053,-0.5000000000000004,-0.09304699062979811,0.6666666666666666,0.125,0.0
425,106:1,113,-0.8610123445890535,0.49999999999999933,-0.09304699062979818,0.8333333333333334,0.125,0.0
426,106:2,119,-0.8615966029368374,0.49999999999999933,-0.08747167431633289,0.8333333333333334,0.16666666666666666,0.0
427,106:3,118,-0.8615966029368368,-0.5000000000000004,-0.08747167431633283,0.6666666666666666,0.16666666666666666,0.0
428,107:0,113,-0.8610123445890535,0.49999999999999933,-0.09304699062979818,0.8333333333333334,0.125,0.0
429,107:1,108,0.0,1.0,0.0,1.0,0.125,0.0
430,107:2,114,0.0,1.0,0.0,1.0,0.16666666666666666,0.0
431,107:3,119,-0.8615966029368374,0.49999999999999933,-0.08747167431633289,0.8333333333333334,0.16666666666666666,0.0
432,108:0,114,0.0,1.0,0.0,0.0,0.16666666666666666,0.0
433,108:1,115,0.8615966029368369,0.5000000000000001,0.08747167431633283,0.16666666666666666,0.16666666666666666,0.0
434,108:2,121,0.8627576534723459,0.5000000000000001,0.07516136889979687,0.16666666666666666,0.20833333333333334,0.0
435,108:3,120,0.0,1.0,0.0,0.0,0.20833333333333334,0.0
436,109:0,115,0.8615966029368369,0.5000000000000001,0.08747167431633283,0.16666666666666666,0.16666666666666666,0.0
437,109:1,116,0.861596602936837,-0.4999999999999998,0.08747167431633285,0.3333333333333333,0.16666666666666666,0.0
438,109:2,122,0.862757653472346,-0.4999999999999998,0.07516136889979687,0.3333333333333333,0.20833333333333334,0.0
439,109:3,121,0.8627576534723459,0.5000000000000001,0.07516136889979687,0.16666666666666666,0.20833333333333334,0.0
440,110:0,116,0.861596602936837,-0.4999999999999998,0.08747167431633285,0.3333333333333333,0.16666666666666666,0.0
441,110:1,117,1.218384030459073e-16,-1.0,1.2369372249294935e-17,0.5,0.16666666666666666,0.0
442,110:2,123,1.2200258723908984e-16,-1.0,1.0628571568505715e-17,0.5,0.20833333333333334,0.0
443,110:3,122,0.862757653472346,-0.4999999999999998,0.07516136889979687,0.3333333333333333,0.20833333333333334,0.0
444,111:0,117,1.218384030459073e-16,-1.0,1.2369372249294935e-17,0.5,0.16666666666666666,0.0
445,111:1,118,-0.8615966029368368,-0.5000000000000004,-0.08747167431633283,0.6666666666666666,0.16666666666666666,0.0
446,111:2,124,-0.8627576534723458,-0.5000000000000004,-0.07516136889979685,0.6666666666666666,0.20833333333333334,0.0
447,111:3,123,1.2200258723908984e-16,-1.0,1.0628571568505715e-17,0.5,0.20833333333333334,0.0
448,112:0,118,-0.8615966029368368,-0.5000000000000004,-0.08747167431633283,0.6666666666666666,0.16666666666666666,0.0
449,112:1,119,-0.8615966029368374,0.49999999999999933,-0.08747167431633289,0.8333333333333334,0.16666666666666666,0.0
450,112:2,125,-0.8627576534723463,0.49999999999999933,-0.07516136889979691,0.8333333333333334,0.20833333333333334,0.0
451,112:3,124,-0.8627576534723458,-0.5000000000000004,-0.07516136889979685,0.6666666666666666,0.20833333333333334,0.0
452,113:0,119,-0.8615966029368374,0.49999999999999933,-0.08747167431633289,0.8333333333333334,0.16666666666666666,0.0
453,113:1,114,0.0,1.0,0.0,1.0,0.16666666666666666,0.0
454,113:2,120,0.0,1.0,0.0,1.0,0.20833333333333334,0.0
455,113:3,125,-0.8627576534723463,0.49999999999999933,-0.07516136889979691,0.8333333333333334,0.20833333333333334,0.0
456,114:0,120,0.0,1.0,0.0,0.0,0.20833333333333334,0.0
457,114:1,121,0.8627576534723459,0.5000000000000001,0.07516136889979687,0.16666666666666666,0.20833333333333334,0.0
458,114:2,127,0.8642814420110654,0.5000000000000001,0.05493258591467688,0.16666666666666666,0.25,0.0
459,114:3,126,0.0,1.0,0.0,0.0,0.25,0.0
460,115:0,121,0.8627576534723459,0.5000000000000001,0.07516136889979687,0.16666666666666666,0.20833333333333334,0.0
461,115:1,122,0.862757653472346,-0.4999999999999998,0.07516136889979687,0.3333333333333333,0.20833333333333334,0.0
462,115:2,128,0.8642814420110655,-0.4999999999999998,0.05493258591467689,0.3333333333333333,0.25,0.0
463,115:3,127,0.8642814420110654,0.5000000000000001,0.05493258591467688,0.16666666666666666,0.25,0.0
464,116:0,122,0.862757653472346,-0.4999999999999998,0.07516136889979687,0.3333333333333333,0.20833333333333334,0.0
465,116:1,123,1.2200258723908984e-16,-1.0,1.0628571568505715e-17,0.5,0.20833333333333334,0.0
466,116:2,129,1.2221806622485234e-16,-1.0,7.768018722697987e-18,0.5,0.25,0.0
467,116:3,128,0.8642814420110655,-0.4999999999999998,0.05493258591467689,0.3333333333333333,0.25,0.0
468,117:0,123,1.2200258723908984e-16,-1.0,1.0628571568505715e-17,0.5,0.20833333333333334,0.0
469,117:1,124,-0.8627576534723458,-0.5000000000000004,-0.07516136889979685,0.6666666666666666,0.20833333333333334,0.0
470,117:2,130,-0.8642814420110653,-0.5000000000000004,-0.054932585914676875,0.6666666666666666,0.25,0.0
471,117:3,129,1.2221806622485234e-16,-1.0,7.768018722697987e-18,0.5,0.25,0.0
472,118:0,124,-0.8627576534723458,-0.5000000000000004,-0.07516136889979685,0.6666666666666666,0.20833333333333334,0.0
473,118:1,125,-0.8627576534723463,0.49999999999999933,-0.07516136889979691,0.8333333333333334,0.20833333333333334,0.0
474,118:2,131,-0.8642814420110658,0.49999999999999933,-0.05493258591467692,0.8333333333333334,0.25,0.0
475,118:3,130,-0.8642814420110653,-0.5000000000000004,-0.054932585914676875,0.6666666666666666,0.25,0.0
476,119:0,125,-0.8627576534723463,0.49999999999999933,-0.07516136889979691,0.8333333333333334,0.20833333333333334,0.0
477,119:1,120,0.0,1.0,0.0,1.0,0.20833333333333334,0.0
478,119:2,126,0.0,1.0,0.0,1.0,0.25,0.0
479,119:3,131,-0.8642814420110658,0.49999999999999933,-0.05493258591467692,0.8333333333333334,0.25,0.0
480,120:0,126,0.0,1.0,0.0,0.0,0.25,0.0
481,120:1,127,0.8642814420110654,0.5000000000000001,0.05493258591467688,0.16666666666666666,0.25,0.0
482,120:2,133,0.8657334855266946,0.5000000000000001,0.022484039623708353,0.16666666666666666,0.2916666666666667,0.0
483,120:3,132,0.0,1.0,0.0,0.0,0.2916666666666667,0.0
484,121:0,127,0.8642814420110654,0.5000000000000001,0.05493258591467688,0.16666666666666666,0.25,0.0
485,121:1,128,0.8642814420110655,-0.4999999999999998,0.05493258591467689,0.3333333333333333,0.25,0.0
486,121:2,134,0.8657334855266947,-0.4999999999999998,0.022484039623708357,0.3333333333333333,0.2916666666666667,0.0
487,121:3,133,0.8657334855266946,0.5000000000000001,0.022484039623708353,0.16666666666666666,0.2916666666666667,0.0
488,122:0,128,0.8642814420110655,-0.4999999999999998,0.05493258591467689,0.3333333333333333,0.25,0.0
489,122:1,129,1.2221806622485234e-16,-1.0,7.768018722697987e-18,0.5,0.25,0.0
490,122:2,135,1.2242339974461597e-16,-1.0,3.179468758855301e-18,0.5,0.2916666666666667,0.0
491,122:3,134,0.8657334855266947,-0.4999999999999998,0.022484039623708357,0.3333333333333333,0.2916666666666667,0.0
492,123:0,129,1.2221806622485234e-16,-1.0,7.768018722697987e-18,0.5,0.25,0.0
493,123:1,130,-0.8642814420110653,-0.5000000000000004,-0.054932585914676875,0.6666666666666666,0.25,0.0
494,123:2,136,-0.8657334855266945,-0.5000000000000004,-0.022484039623708353,0.6666666666666666,0.2916666666666667,0.0
495,123:3,135,1.2242339974461597e-16,-1.0,3.179468758855301e-18,0.5,0.2916666666666667,0.0
496,124:0,130,-0.8642814420110653,-0.5000000000000004,-0.054932585914676875,0.6666666666666666,0.25,0.0
497,124:1,131,-0.8642814420110658,0.49999999999999933,-0.05493258591467692,0.8333333333333334,0.25,0.0
498,124:2,137,-0.865733485526695,0.49999999999999933,-0.022484039623708367,0.8333333333333334,0.2916666666666667,0.0
499,124:3,136,-0.8657334855266945,-0.5000000000000004,-0.022484039623708353,0.6666666666666666,0.2916666666666667,0.0
500,125:0,131,-0.8642814420110658,0.49999999999999933,-0.05493258591467692,0.8333333333333334,0.25,0.0
501,125:1,126,0.0,1.0,0.0,1.0,0.25,0.0
502,125:2,132,0.0,1.0,0.0,1.0,0.2916666666666667,0.0
503,125:3,137,-0.865733485526695,0.49999999999999933,-0.022484039623708367,0.8333333333333334,0.2916666666666667,0.0
504,126:0,132,0.0,1.0,0.0,0.0,0.2916666666666667,0.0
505,126:1,133,0.8657334855266946,0.5000000000000001,0.022484039623708353,0.16666666666666666,0.2916666666666667,0.0
506,126:2,139,0.8653462418521845,0.5000000000000001,-0.03429113168591403,0.16666666666666666,0.3333333333333333,0.0
507,126:3,138,0.0,1.0,0.0,0.0,0.3333333333333333,0.0
508,127:0,133,0.8657334855266946,0.5000000000000001,0.022484039623708353,0.16666666666666666,0.2916666666666667,0.0
509,127:1,134,0.8657334855266947,-0.4999999999999998,0.022484039623708357,0.3333333333333333,0.2916666666666667,0.0
510,127:2,140,0.8653462418521846,-0.4999999999999998,-0.034291131685914036,0.3333333333333333,0.3333333333333333,0.0
511,127:3,139,0.8653462418521845,0.5000000000000001,-0.03429113168591403,0.16666666666666666,0.3333333333333333,0.0
512,128:0,134,0.8657334855266947,-0.4999999999999998,0.022484039623708357,0.3333333333333333,0.2916666666666667,0.0
513,128:1,135,1.2242339974461597e-16,-1.0,3.179468758855301e-18,0.5,0.2916666666666667,0.0
514,128:2,141,1.2236863960427754e-16,-1.0,-4.849110023191399e-18,0.5,0.3333333333333333,0.0
515,128:3,140,0.8653462418521846,-0.4999999999999998,-0.034291131685914036,0.3333333333333333,0.3333333333333333,0.0
516,129:0,135,1.2242339974461597e-16,-1.0,3.179468758855301e-18,0.5,0.2916666666666667,0.0
517,129:1,136,-0.8657334855266945,-0.5000000000000004,-0.022484039623708353,0.6666666666666666,0.2916666666666667,0.0
518,129:2,142,-0.8653462418521843,-0.5000000000000004,0.03429113168591403,0.6666666666666666,0.3333333333333333,0.0
519,129:3,141,1.2236863960427754e-16,-1.0,-4.849110023191399e-18,0.5,0.3333333333333333,0.0
520,130:0,136,-0.8657334855266945,-0.5000000000000004,-0.022484039623708353,0.6666666666666666,0.2916666666666667,0.0
521,130:1,137,-0.865733485526695,0.49999999999999933,-0.022484039623708367,0.8333333333333334,0.2916666666666667,0.0
522,130:2,143,-0.8653462418521849,0.49999999999999933,0.03429113168591405,0.8333333333333334,0.3333333333333333,0.0
523,130:3,142,-0.8653462418521843,-0.5000000000000004,0.03429113168591403,0.6666666666666666,0.3333333333333333,0.0
524,131:0,137,-0.865733485526695,0.49999999999999933,-0.022484039623708367,0.8333333333333334,0.2916666666666667,0.0
525,131:1,132,0.0,1.0,0.0,1.0,0.2916666666666667,0.0
526,131:2,138,0.0,1.0,0.0,1.0,0.3333333333333333,0.0
527,131:3,143,-0.8653462418521849,0.49999999999999933,0.03429113168591405,0.8333333333333334,0.3333333333333333,0.0
528,132:0,138,0.0,1.0,0.0,0.0,0.3333333333333333,0.0
529,132:1,139,0.8653462418521845,0.5000000000000001,-0.03429113168591403,0.16666666666666666,0.3333333333333333,0.0
530,132:2,145,0.8506670159751938,0.5000000000000001,-0.16237496091411185,0.16666666666666666,0.375,0.0
531,132:3,144,0.0,1.0,0.0,0.0,0.375,0.0
532,133:0,139,0.8653462418521845,0.5000000000000001,-0.03429113168591403,0.16666666666666666,0.3333333333333333,0.0
533,133:1,140,0.8653462418521846,-0.4999999999999998,-0.034291131685914036,0.3333333333333333,0.3333333333333333,0.0
534,133:2,146,0.8506670159751939,-0.4999999999999998,-0.16237496091411188,0.3333333333333333,0.375,0.0
535,133:3,145,0.8506670159751938,0.5000000000000001,-0.16237496091411185,0.16666666666666666,0.375,0.0
536,134:0,140,0.8653462418521846,-0.4999999999999998,-0.034291131685914036,0.3333333333333333,0.3333333333333333,0.0
537,134:1,141,1.2236863960427754e-16,-1.0,-4.849110023191399e-18,0.5,0.3333333333333333,0.0
538,134:2,147,1.2029284980577272e-16,-1.0,-2.296144839125755e-17,0.5,0.375,0.0
539,134:3,146,0.8506670159751939,-0.4999999999999998,-0.16237496091411188,0.3333333333333333,0.375,0.0
540,135:0,141,1.2236863960427754e-16,-1.0,-4.849110023191399e-18,0.5,0.3333333333333333,0.0
541,135:1,142,-0.8653462418521843,-0.5000000000000004,0.03429113168591403,0.6666666666666666,0.3333333333333333,0.0
542,135:2,148,-0.8506670159751937,-0.5000000000000004,0.16237496091411185,0.6666666666666666,0.375,0.0
543,135:3,147,1.2029284980577272e-16,-1.0,-2.296144839125755e-17,0.5,0.375,0.0
544,136:0,142,-0.8653462418521843,-0.5000000000000004,0.03429113168591403,0.6666666666666666,0.3333333333333333,0.0
545,136:1,143,-0.8653462418521849,0.49999999999999933,0.03429113168591405,0.8333333333333334,0.3333333333333333,0.0
546,136:2,149,-0.8506670159751942,0.49999999999999933,0.16237496091411194,0.8333333333333334,0.375,0.0
547,136:3,148,-0.8506670159751937,-0.5000000000000004,0.16237496091411185,0.6666666666666666,0.375,0.0
548,137:0,143,-0.8653462418521849,0.49999999999999933,0.03429113168591405,0.8333333333333334,0.3333333333333333,0.0
549,137:1,138,0.0,1.0,0.0,1.0,0.3333333333333333,0.0
550,137:2,144,0.0,1.0,0.0,1.0,0.375,0.0
551,137:3,149,-0.8506670159751942,0.49999999999999933,0.16237496091411194,0.8333333333333334,0.375,0.0
552,138:0,144,0.0,1.0,0.0,0.0,0.375,0.0
553,138:1,145,0.8506670159751938,0.5000000000000001,-0.16237496091411185,0.16666666666666666,0.375,0.0
554,138:2,151,0.6866910049399526,0.5000000000000001,-0.5276887943992726,0.16666666666666666,0.4166666666666667,0.0
555,138:3,150,0.0,1.0,0.0,0.0,0.4166666666666667,0.0
556,139:0,145,0.8506670159751938,0.5000000000000001,-0.16237496091411185,0.16666666666666666,0.375,0.0
557,139:1,146,0.8506670159751939,-0.4999999999999998,-0.16237496091411188,0.3333333333333333,0.375,0.0
558,139:2,152,0.6866910049399527,-0.4999999999999998,-0.5276887943992727,0.3333333333333333,0.4166666666666667,0.0
559,139:3,151,0.6866910049399526,0.5000000000000001,-0.5276887943992726,0.16666666666666666,0.4166666666666667,0.0
560,140:0,146,0.8506670159751939,-0.4999999999999998,-0.16237496091411188,0.3333333333333333,0.375,0.0
561,140:1,147,1.2029284980577272e-16,-1.0,-2.296144839125755e-17,0.5,0.375,0.0
562,140:2,153,9.710499686592487e-17,-1.0,-7.462048921232893e-17,0.5,0.4166666666666667,0.0
563,140:3,152,0.6866910049399527,-0.4999999999999998,-0.5276887943992727,0.3333333333333333,0.4166666666666667,0.0
564,141:0,147,1.2029284980577272e-16,-1.0,-2.296144839125755e-17,0.5,0.375,0.0
565,141:1,148,-0.8506670159751937,-0.5000000000000004,0.16237496091411185,0.6666666666666666,0.375,0.0
566,141:2,154,-0.6866910049399525,-0.5000000000000004,0.5276887943992726,0.6666666666666666,0.4166666666666667,0.0
567,141:3,153,9.710499686592487e-17,-1.0,-7.462048921232893e-17,0.5,0.4166666666666667,0.0
568,142:0,148,-0.8506670159751937,-0.5000000000000004,0.16237496091411185,0.6666666666666666,0.375,0.0
569,142:1,149,-0.8506670159751942,0.49999999999999933,0.16237496091411194,0.8333333333333334,0.375,0.0
570,142:2,155,-0.6866910049399529,0.49999999999999933,0.527688794399273,0.8333333333333334,0.4166666666666667,0.0
571,142:3,154,-0.6866910049399525,-0.5000000000000004,0.5276887943992726,0.6666666666666666,0.4166666666666667,0.0
572,143:0,149,-0.8506670159751942,0.49999999999999933,0.16237496091411194,0.8333333333333334,0.375,0.0
573,143:1,144,0.0,1.0,0.0,1.0,0.375,0.0
574,143:2,150,0.0,1.0,0.0,1.0,0.4166666666666667,0.0
575,143:3,155,-0.6866910049399529,0.49999999999999933,0.527688794399273,0.8333333333333334,0.4166666666666667,0.0
576,144:0,150,0.0,1.0,0.0,0.0,0.4166666666666667,0.0
577,144:1,151,0.6866910049399526,0.5000000000000001,-0.5276887943992726,0.16666666666666666,0.4166666666666667,0.0
578,144:2,157,0.2906668710813508,0.5000000000000001,-0.8157896604246571,0.16666666666666666,0.4583333333333333,0.0
579,144:3,156,0.0,1.0,0.0,0.0,0.4583333333333333,0.0
580,145:0,151,0.6866910049399526,0.5000000000000001,-0.5276887943992726,0.16666666666666666,0.4166666666666667,0.0
581,145:1,152,0.6866910049399527,-0.4999999999999998,-0.5276887943992727,0.3333333333333333,0.4166666666666667,0.0
582,145:2,158,0.29066687108135086,-0.4999999999999998,-0.8157896604246572,0.3333333333333333,0.4583333333333333,0.0
583,145:3,157,0.2906668710813508,0.5000000000000001,-0.8157896604246571,0.16666666666666666,0.4583333333333333,0.0
584,146:0,152,0.6866910049399527,-0.4999999999999998,-0.5276887943992727,0.3333333333333333,0.4166666666666667,0.0
585,146:1,153,9.710499686592487e-17,-1.0,-7.462048921232893e-17,0.5,0.4166666666666667,0.0
586,146:2,159,4.110321149153672e-17,-1.0,-1.1536084184722553e-16,0.5,0.4583333333333333,0.0
587,146:3,158,0.29066687108135086,-0.4999999999999998,-0.8157896604246572,0.3333333333333333,0.4583333333333333,0.0
588,147:0,153,9.710499686592487e-17,-1.0,-7.462048921232893e-17,0.5,0.4166666666666667,0.0
589,147:1,154,-0.6866910049399525,-0.5000000000000004,0.5276887943992726,0.6666666666666666,0.4166666666666667,0.0
590,147:2,160,-0.29066687108135075,-0.5000000000000004,0.815789660424657,0.6666666666666666,0.4583333333333333,0.0
591,147:3,159,4.110321149153672e-17,-1.0,-1.1536084184722553e-16,0.5,0.4583333333333333,0.0
592,148:0,154,-0.6866910049399525,-0.5000000000000004,0.5276887943992726,0.6666666666666666,0.4166666666666667,0.0
593,148:1,155,-0.6866910049399529,0.49999999999999933,0.527688794399273,0.8333333333333334,0.4166666666666667,0.0
594,148:2,161,-0.290666871081351,0.49999999999999933,0.8157896604246575,0.8333333333333334,0.4583333333333333,0.0
595,148:3,160,-0.29066687108135075,-0.5000000000000004,0.815789660424657,0.6666666666666666,0.4583333333333333,0.0
596,149:0,155,-0.6866910049399529,0.49999999999999933,0.527688794399273,0.8333333333333334,0.4166666666666667,0.0
597,149:1,150,0.0,1.0,0.0,1.0,0.4166666666666667,0.0
598,149:2,156,0.0,1.0,0.0,1.0,0.4583333333333333,0.0
599,149:3,161,-0.290666871081351,0.49999999999999933,0.8157896604246575,0.8333333333333334,0.4583333333333333,0.0
600,150:0,156,0.0,1.0,0.0,0.0,0.4583333333333333,0.0
601,150:1,157,0.2906668710813508,0.5000000000000001,-0.8157896604246571,0.16666666666666666,0.4583333333333333,0.0
602,150:2,163,0.08685558851290193,0.5000000000000001,-0.8616589271539391,0.16666666666666666,0.5,0.0
603,150:3,162,0.0,1.0,0.0,0.0,0.5,0.0
604,151:0,157,0.2906668710813508,0.5000000000000001,-0.8157896604246571,0.16666666666666666,0.4583333333333333,0.0
605,151:1,158,0.29066687108135086,-0.4999999999999998,-0.8157896604246572,0.3333333333333333,0.4583333333333333,0.0
606,151:2,164,0.08685558851290193,-0.4999999999999998,-0.8616589271539392,0.3333333333333333,0.5,0.0
607,151:3,163,0.08685558851290193,0.5000000000000001,-0.8616589271539391,0.16666666666666666,0.5,0.0
608,152:0,158,0.29066687108135086,-0.4999999999999998,-0.8157896604246572,0.3333333333333333,0.4583333333333333,0.0
609,152:1,159,4.110321149153672e-17,-1.0,-1.1536084184722553e-16,0.5,0.4583333333333333,0.0
610,152:2,165,1.2282251536221765e-17,-1.0,-1.218472163154315e-16,0.5,0.5,0.0
611,152:3,164,0.08685558851290193,-0.4999999999999998,-0.8616589271539392,0.3333333333333333,0.5,0.0
612,153:0,159,4.110321149153672e-17,-1.0,-1.1536084184722553e-16,0.5,0.4583333333333333,0.0
613,153:1,160,-0.29066687108135075,-0.5000000000000004,0.815789660424657,0.6666666666666666,0.4583333333333333,0.0
614,153:2,166,-0.08685558851290191,-0.5000000000000004,0.861658927153939,0.6666666666666666,0.5,0.0
615,153:3,165,1.2282251536221765e-17,-1.0,-1.218472163154315e-16,0.5,0.5,0.0
616,154:0,160,-0.29066687108135075,-0.5000000000000004,0.815789660424657,0.6666666666666666,0.4583333333333333,0.0
617,154:1,161,-0.290666871081351,0.49999999999999933,0.8157896604246575,0.8333333333333334,0.4583333333333333,0.0
618,154:2,167,-0.08685558851290197,0.49999999999999933,0.8616589271539395,0.8333333333333334,0.5,0.0
619,154:3,166,-0.08685558851290191,-0.5000000000000004,0.861658927153939,0.6666666666666666,0.5,0.0
620,155:0,161,-0.290666871081351,0.49999999999999933,0.8157896604246575,0.8333333333333334,0.4583333333333333,0.0
621,155:1,156,0.0,1.0,0.0,1.0,0.4583333333333333,0.0
622,155:2,162,0.0,1.0,0.0,1.0,0.5,0.0
623,155:3,167,-0.08685558851290197,0.49999999999999933,0.8616589271539395,0.8333333333333334,0.5,0.0
624,156:0,162,0.0,1.0,0.0,0.0,0.5,0.0
625,156:1,163,0.08685558851290193,0.5000000000000001,-0.8616589271539391,0.16666666666666666,0.5,0.0
626,156:2,169,0.029649572429712202,0.5000000000000001,-0.8655177079960498,0.16666666666666666,0.5416666666666666,0.0
627,156:3,168,0.0,1.0,0.0,0.0,0.5416666666666666,0.0
628,157:0,163,0.08685558851290193,0.5000000000000001,-0.8616589271539391,0.16666666666666666,0.5,0.0
629,157:1,164,0.08685558851290193,-0.4999999999999998,-0.8616589271539392,0.3333333333333333,0.5,0.0
630,157:2,170,0.029649572429712206,-0.4999999999999998,-0.8655177079960499,0.3333333333333333,0.5416666666666666,0.0
631,157:3,169,0.029649572429712202,0.5000000000000001,-0.8655177079960498,0.16666666666666666,0.5416666666666666,0.0
632,158:0,164,0.08685558851290193,-0.4999999999999998,-0.8616589271539392,0.3333333333333333,0.5,0.0
633,158:1,165,1.2282251536221765e-17,-1.0,-1.218472163154315e-16,0.5,0.5,0.0
634,158:2,171,4.192746981031125e-18,-1.0,-1.223928866371393e-16,0.5,0.5416666666666666,0.0
635,158:3,170,0.029649572429712206,-0.4999999999999998,-0.8655177079960499,0.3333333333333333,0.5416666666666666,0.0
636,159:0,165,1.2282251536221765e-17,-1.0,-1.218472163154315e-16,0.5,0.5,0.0
637,159:1,166,-0.08685558851290191,-0.5000000000000004,0.861658927153939,0.6666666666666666,0.5,0.0
638,159:2,172,-0.0296495724297122,-0.5000000000000004,0.8655177079960497,0.6666666666666666,0.5416666666666666,0.0
639,159:3,171,4.192746981031125e-18,-1.0,-1.223928866371393e-16,0.5,0.5416666666666666,0.0
640,160:0,166,-0.08685558851290191,-0.5000000000000004,0.861658927153939,0.6666666666666666,0.5,0.0
641,160:1,167,-0.08685558851290197,0.49999999999999933,0.8616589271539395,0.8333333333333334,0.5,0.0
642,160:2,173,-0.029649572429712216,0.49999999999999933,0.8655177079960502,0.8333333333333334,0.5416666666666666,0.0
643,160:3,172,-0.0296495724297122,-0.5000000000000004,0.8655177079960497,0.6666666666666666,0.5416666666666666,0.0
644,161:0,167,-0.08685558851290197,0.49999999999999933,0.8616589271539395,0.8333333333333334,0.5,0.0
645,161:1,162,0.0,1.0,0.0,1.0,0.5,0.0
646,161:2,168,0.0,1.0,0.0,1.0,0.5416666666666666,0.0
647,161:3,173,-0.029649572429712216,0.49999999999999933,0.8655177079960502,0.8333333333333334,0.5416666666666666,0.0
648,162:0,168,0.0,1.0,0.0,0.0,0.5416666666666666,0.0
649,162:1,169,0.029649572429712202,0.5000000000000001,-0.8655177079960498,0.16666666666666666,0.5416666666666666,0.0
650,162:2,175,9.555018087781722e-05,0.5000000000000001,-0.8660253985133247,0.16666666666666666,0.5833333333333334,0.0
651,162:3,174,0.0,1.0,0.0,0.0,0.5833333333333334,0.0
652,163:0,169,0.029649572429712202,0.5000000000000001,-0.8655177079960498,0.16666666666666666,0.5416666666666666,0.0
653,163:1,170,0.029649572429712206,-0.4999999999999998,-0.8655177079960499,0.3333333333333333,0.5416666666666666,0.0
654,163:2,176,9.555018087781723e-05,-0.4999999999999998,-0.8660253985133248,0.3333333333333333,0.5833333333333334,0.0
655,163:3,175,9.555018087781722e-05,0.5000000000000001,-0.8660253985133247,0.16666666666666666,0.5833333333333334,0.0
656,164:0,170,0.029649572429712206,-0.4999999999999998,-0.8655177079960499,0.3333333333333333,0.5416666666666666,0.0
657,164:1,171,4.192746981031125e-18,-1.0,-1.223928866371393e-16,0.5,0.5416666666666666,0.0
658,164:2,177,1.3511754119293205e-20,-1.0,-1.2246467916934694e-16,0.5,0.5833333333333334,0.0
659,164:3,176,9.555018087781723e-05,-0.4999999999999998,-0.8660253985133248,0.3333333333333333,0.5833333333333334,0.0
660,165:0,171,4.192746981031125e-18,-1.0,-1.223928866371393e-16,0.5,0.5416666666666666,0.0
661,165:1,172,-0.0296495724297122,-0.5000000000000004,0.8655177079960497,0.6666666666666666,0.5416666666666666,0.0
662,165:2,178,-9.55501808778172e-05,-0.5000000000000004,0.8660253985133246,0.6666666666666666,0.5833333333333334,0.0
663,165:3,177,1.3511754119293205e-20,-1.0,-1.2246467916934694e-16,0.5,0.5833333333333334,0.0
664,166:0,172,-0.0296495724297122,-0.5000000000000004,0.8655177079960497,0.6666666666666666,0.5416666666666666,0.0
665,166:1,173,-0.029649572429712216,0.49999999999999933,0.8655177079960502,0.8333333333333334,0.5416666666666666,0.0
666,166:2,179,-9.555018087781727e-05,0.49999999999999933,0.8660253985133252,0.8333333333333334,0.5833333333333334,0.0
667,166:3,178,-9.55501808778172e-05,-0.5000000000000004,0.8660253985133246,0.6666666666666666,0.5833333333333334,0.0
668,167:0,173,-0.029649572429712216,0.49999999999999933,0.8655177079960502,0.8333333333333334,0.5416666666666666,0.0
669,167:1,168,0.0,1.0,0.0,1.0,0.5416666666666666,0.0
670,167:2,174,0.0,1.0,0.0,1.0,0.5833333333333334,0.0
671,167:3,179,-9.555018087781727e-05,0.49999999999999933,0.8660253985133252,0.8333333333333334,0.5833333333333334,0.0
672,168:0,174,0.0,1.0,0.0,0.0,0.5833333333333334,0.0
673,168:1,175,9.555018087781722e-05,0.5000000000000001,-0.8660253985133247,0.16666666666666666,0.5833333333333334,0.0
674,168:2,181,-0.018456836016364078,0.5000000000000001,-0.8658287043083435,0.16666666666666666,0.625,0.0
675,168:3,180,0.0,1.0,0.0,0.0,0.625,0.0
676,169:0,175,9.555018087781722e-05,0.5000000000000001,-0.8660253985133247,0.16666666666666666,0.5833333333333334,0.0
677,169:1,176,9.555018087781723e-05,-0.4999999999999998,-0.8660253985133248,0.3333333333333333,0.5833333333333334,0.0
678,169:2,182,-0.018456836016364078,-0.4999999999999998,-0.8658287043083436,0.3333333333333333,0.625,0.0
679,169:3,181,-0.018456836016364078,0.5000000000000001,-0.8658287043083435,0.16666666666666666,0.625,0.0
680,170:0,176,9.555018087781723e-05,-0.4999999999999998,-0.8660253985133248,0.3333333333333333,0.5833333333333334,0.0
681,170:1,177,1.3511754119293205e-20,-1.0,-1.2246467916934694e-16,0.5,0.5833333333333334,0.0
682,170:2,183,-2.6099817685549056e-18,-1.0,-1.2243686463555977e-16,0.5,0.625,0.0
683,170:3,182,-0.018456836016364078,-0.4999999999999998,-0.8658287043083436,0.3333333333333333,0.625,0.0
684,171:0,177,1.3511754119293205e-20,-1.0,-1.2246467916934694e-16,0.5,0.5833333333333334,0.0
685,171:1,178,-9.55501808778172e-05,-0.5000000000000004,0.8660253985133246,0.6666666666666666,0.5833333333333334,0.0
686,171:2,184,0.018456836016364074,-0.5000000000000004,0.8658287043083434,0.6666666666666666,0.625,0.0
687,171:3,183,-2.6099817685549056e-18,-1.0,-1.2243686463555977e-16,0.5,0.625,0.0
688,172:0,178,-9.55501808778172e-05,-0.5000000000000004,0.8660253985133246,0.6666666666666666,0.5833333333333334,0.0
689,172:1,179,-9.555018087781727e-05,0.49999999999999933,0.8660253985133252,0.8333333333333334,0.5833333333333334,0.0
690,172:2,185,0.018456836016364084,0.49999999999999933,0.8658287043083439,0.8333333333333334,0.625,0.0
691,172:3,184,0.018456836016364074,-0.5000000000000004,0.8658287043083434,0.6666666666666666,0.625,0.0
692,173:0,179,-9.555018087781727e-05,0.49999999999999933,0.8660253985133252,0.8333333333333334,0.5833333333333334,0.0
693,173:1,174,0.0,1.0,0.0,1.0,0.5833333333333334,0.0
694,173:2,180,0.0,1.0,0.0,1.0,0.625,0.0
695,173:3,185,0.018456836016364084,0.49999999999999933,0.8658287043083439,0.8333333333333334,0.625,0.0
696,174:0,180,0.0,1.0,0.0,0.0,0.625,0.0
697,174:1,181,-0.018456836016364078,0.5000000000000001,-0.8658287043083435,0.16666666666666666,0.625,0.0
698,174:2,187,-0.031154106830891717,0.5000000000000001,-0.8654648586901547,0.16666666666666666,0.6666666666666666,0.0
699,174:3,186,0.0,1.0,0.0,0.0,0.6666666666666666,0.0
700,175:0,181,-0.018456836016364078,0.5000000000000001,-0.8658287043083435,0.16666666666666666,0.625,0.0
701,175:1,182,-0.018456836016364078,-0.4999999999999998,-0.8658287043083436,0.3333333333333333,0.625,0.0
702,175:2,188,-0.03115410683089172,-0.4999999999999998,-0.8654648586901548,0.3333333333333333,0.6666666666666666,0.0
703,175:3,187,-0.031154106830891717,0.5000000000000001,-0.8654648586901547,0.16666666666666666,0.6666666666666666,0.0
704,176:0,182,-0.018456836016364078,-0.4999999999999998,-0.8658287043083436,0.3333333333333333,0.625,0.0
705,176:1,183,-2.6099817685549056e-18,-1.0,-1.2243686463555977e-16,0.5,0.625,0.0
706,176:2,189,-4.4055032385912314e-18,-1.0,-1.2238541321511049e-16,0.5,0.6666666666666666,0.0
707,176:3,188,-0.03115410683089172,-0.4999999999999998,-0.8654648586901548,0.3333333333333333,0.6666666666666666,0.0
708,177:0,183,-2.6099817685549056e-18,-1.0,-1.2243686463555977e-16,0.5,0.625,0.0
709,177:1,184,0.018456836016364074,-0.5000000000000004,0.8658287043083434,0.6666666666666666,0.625,0.0
710,177:2,190,0.031154106830891714,-0.5000000000000004,0.8654648586901545,0.6666666666666666,0.6666666666666666,0.0
711,177:3,189,-4.4055032385912314e-18,-1.0,-1.2238541321511049e-16,0.5,0.6666666666666666,0.0
712,178:0,184,0.018456836016364074,-0.5000000000000004,0.8658287043083434,0.6666666666666666,0.625,0.0
713,178:1,185,0.018456836016364084,0.49999999999999933,0.8658287043083439,0.8333333333333334,0.625,0.0
714,178:2,191,0.031154106830891735,0.49999999999999933,0.8654648586901551,0.8333333333333334,0.6666666666666666,0.0
715,178:3,190,0.031154106830891714,-0.5000000000000004,0.8654648586901545,0.6666666666666666,0.6666666666666666,0.0
716,179:0,185,0.018456836016364084,0.49999999999999933,0.8658287043083439,0.8333333333333334,0.625,0.0
717,179:1,180,0.0,1.0,0.0,1.0,0.625,0.0
718,179:2,186,0.0,1.0,0.0,1.0,0.6666666666666666,0.0
719,179:3,191,0.031154106830891735,0.49999999999999933,0.8654648586901551,0.8333333333333334,0.6666666666666666,0.0
720,180:0,186,0.0,1.0,0.0,0.0,0.6666666666666666,0.0
721,180:1,187,-0.031154106830891717,0.5000000000000001,-0.8654648586901547,0.16666666666666666,0.6666666666666666,0.0
722,180:2,193,-0.040169284098428834,0.5000000000000001,-0.8650933063057532,0.16666666666666666,0.7083333333333334,0.0
723,180:3,192,0.0,1.0,0.0,0.0,0.7083333333333334,0.0
724,181:0,187,-0.031154106830891717,0.5000000000000001,-0.8654648586901547,0.16666666666666666,0.6666666666666666,0.0
725,181:1,188,-0.03115410683089172,-0.4999999999999998,-0.8654648586901548,0.3333333333333333,0.6666666666666666,0.0
726,181:2,194,-0.04016928409842884,-0.4999999999999998,-0.8650933063057533,0.3333333333333333,0.7083333333333334,0.0
727,181:3,193,-0.040169284098428834,0.5000000000000001,-0.8650933063057532,0.16666666666666666,0.7083333333333334,0.0
728,182:0,188,-0.03115410683089172,-0.4999999999999998,-0.8654648586901548,0.3333333333333333,0.6666666666666666,0.0
729,182:1,189,-4.4055032385912314e-18,-1.0,-1.2238541321511049e-16,0.5,0.6666666666666666,0.0
730,182:2,195,-5.680339742946636e-18,-1.0,-1.2233287198060575e-16,0.5,0.7083333333333334,0.0
731,182:3,194,-0.04016928409842884,-0.4999999999999998,-0.8650933063057533,0.3333333333333333,0.7083333333333334,0.0
732,183:0,189,-4.4055032385912314e-18,-1.0,-1.2238541321511049e-16,0.5,0.6666666666666666,0.0
733,183:1,190,0.031154106830891714,-0.5000000000000004,0.8654648586901545,0.6666666666666666,0.6666666666666666,0.0
734,183:2,196,0.04016928409842883,-0.5000000000000004,0.8650933063057531,0.6666666666666666,0.7083333333333334,0.0
735,183:3,195,-5.680339742946636e-18,-1.0,-1.2233287198060575e-16,0.5,0.7083333333333334,0.0
736,184:0,190,0.031154106830891714,-0.5000000000000004,0.8654648586901545,0.6666666666666666,0.6666666666666666,0.0
737,184:1,191,0.031154106830891735,0.49999999999999933,0.8654648586901551,0.8333333333333334,0.6666666666666666,0.0
738,184:2,197,0.040169284098428855,0.49999999999999933,0.8650933063057537,0.8333333333333334,0.7083333333333334,0.0
739,184:3,196,0.04016928409842883,-0.5000000000000004,0.8650933063057531,0.6666666666666666,0.7083333333333334,0.0
740,185:0,191,0.031154106830891735,0.49999999999999933,0.8654648586901551,0.8333333333333334,0.6666666666666666,0.0
741,185:1,186,0.0,1.0,0.0,1.0,0.6666666666666666,0.0
742,185:2,192,0.0,1.0,0.0,1.0,0.7083333333333334,0.0
743,185:3,197,0.040169284098428855,0.49999999999999933,0.8650933063057537,0.8333333333333334,0.7083333333333334,0.0
744,186:0,192,0.0,1.0,0.0,0.0,0.7083333333333334,0.0
745,186:1,193,-0.040169284098428834,0.5000000000000001,-0.8650933063057532,0.16666666666666666,0.7083333333333334,0.0
746,186:2,199,-0.04654198509689234,0.5000000000000001,-0.8647738684900467,0.16666666666666666,0.75,0.0
747,186:3,198,0.0,1.0,0.0,0.0,0.75,0.0
748,187:0,193,-0.040169284098428834,0.5000000000000001,-0.8650933063057532,0.16666666666666666,0.7083333333333334,0.0
749,187:1,194,-0.04016928409842884,-0.4999999999999998,-0.8650933063057533,0.3333333333333333,0.7083333333333334,0.0
750,187:2,200,-0.04654198509689235,-0.4999999999999998,-0.8647738684900468,0.3333333333333333,0.75,0.0
751,187:3,199,-0.04654198509689234,0.5000000000000001,-0.8647738684900467,0.16666666666666666,0.75,0.0
752,188:0,194,-0.04016928409842884,-0.4999999999999998,-0.8650933063057533,0.3333333333333333,0.7083333333333334,0.0
753,188:1,195,-5.680339742946636e-18,-1.0,-1.2233287198060575e-16,0.5,0.7083333333333334,0.0
754,188:2,201,-6.581503593982354e-18,-1.0,-1.2228770026891902e-16,0.5,0.75,0.0
755,188:3,200,-0.04654198509689235,-0.4999999999999998,-0.8647738684900468,0.3333333333333333,0.75,0.0
756,189:0,195,-5.680339742946636e-18,-1.0,-1.2233287198060575e-16,0.5,0.7083333333333334,0.0
757,189:1,196,0.04016928409842883,-0.5000000000000004,0.8650933063057531,0.6666666666666666,0.7083333333333334,0.0
758,189:2,202,0.046541985096892335,-0.5000000000000004,0.8647738684900466,0.6666666666666666,0.75,0.0
759,189:3,201,-6.581503593982354e-18,-1.0,-1.2228770026891902e-16,0.5,0.75,0.0
760,190:0,196,0.04016928409842883,-0.5000000000000004,0.8650933063057531,0.6666666666666666,0.7083333333333334,0.0
761,190:1,197,0.040169284098428855,0.49999999999999933,0.8650933063057537,0.8333333333333334,0.7083333333333334,0.0
762,190:2,203,0.04654198509689236,0.49999999999999933,0.8647738684900471,0.8333333333333334,0.75,0.0
763,190:3,202,0.046541985096892335,-0.5000000000000004,0.8647738684900466,0.6666666666666666,0.75,0.0
764,191:0,197,0.040169284098428855,0.49999999999999933,0.8650933063057537,0.8333333333333334,0.7083333333333334,0.0
765,191:1,192,0.0,1.0,0.0,1.0,0.7083333333333334,0.0
766,191:2,198,0.0,1.0,0.0,1.0,0.75,0.0
767,191:3,203,0.04654198509689236,0.49999999999999933,0.8647738684900471,0.8333333333333334,0.75,0.0
768,192:0,198,0.0,1.0,0.0,0.0,0.75,0.0
769,192:1,199,-0.04654198509689234,0.5000000000000001,-0.8647738684900467,0.16666666666666666,0.75,0.0
770,192:2,205,-0.05074394694748149,0.5000000000000001,-0.864537478567697,0.16666666666666666,0.7916666666666666,0.0
771,192:3,204,0.0,1.0,0.0,0.0,0.7916666666666666,0.0
772,193:0,199,-0.04654198509689234,0.5000000000000001,-0.8647738684900467,0.16666666666666666,0.75,0.0
773,193:1,200,-0.04654198509689235,-0.4999999999999998,-0.8647738684900468,0.3333333333333333,0.75,0.0
774,193:2,206,-0.050743946947481494,-0.4999999999999998,-0.8645374785676971,0.3333333333333333,0.7916666666666666,0.0
775,193:3,205,-0.05074394694748149,0.5000000000000001,-0.864537478567697,0.16666666666666666,0.7916666666666666,0.0
776,194:0,200,-0.04654198509689235,-0.4999999999999998,-0.8647738684900468,0.3333333333333333,0.75,0.0
777,194:1,201,-6.581503593982354e-18,-1.0,-1.2228770026891902e-16,0.5,0.75,0.0
778,194:2,207,-7.175703153022558e-18,-1.0,-1.2225427236247525e-16,0.5,0.7916666666666666,0.0
779,194:3,206,-0.050743946947481494,-0.4999999999999998,-0.8645374785676971,0.3333333333333333,0.7916666666666666,0.0
780,195:0,201,-6.581503593982354e-18,-1.0,-1.2228770026891902e-16,0.5,0.75,0.0
781,195:1,202,0.046541985096892335,-0.5000000000000004,0.8647738684900466,0.6666666666666666,0.75,0.0
782,195:2,208,0.05074394694748148,-0.5000000000000004,0.8645374785676969,0.6666666666666666,0.7916666666666666,0.0
783,195:3,207,-7.175703153022558e-18,-1.0,-1.2225427236247525e-16,0.5,0.7916666666666666,0.0
784,196:0,202,0.046541985096892335,-0.5000000000000004,0.8647738684900466,0.6666666666666666,0.75,0.0
785,196:1,203,0.04654198509689236,0.49999999999999933,0.8647738684900471,0.8333333333333334,0.75,0.0
786,196:2,209,0.050743946947481515,0.49999999999999933,0.8645374785676975,0.8333333333333334,0.7916666666666666,0.0
787,196:3,208,0.05074394694748148,-0.5000000000000004,0.8645374785676969,0.6666666666666666,0.7916666666666666,0.0
788,197:0,203,0.04654198509689236,0.49999999999999933,0.8647738684900471,0.8333333333333334,0.75,0.0
789,197:1,198,0.0,1.0,0.0,1.0,0.75,0.0
790,197:2,204,0.0,1.0,0.0,1.0,0.7916666666666666,0.0
791,197:3,209,0.050743946947481515,0.49999999999999933,0.8645374785676975,0.8333333333333334,0.7916666666666666,0.0
792,198:0,204,0.0,1.0,0.0,0.0,0.7916666666666666,0.0
793,198:1,205,-0.05074394694748149,0.5000000000000001,-0.864537478567697,0.16666666666666666,0.7916666666666666,0.0
794,198:2,211,-0.05284478340065671,0.5000000000000001,-0.864411608475579,0.16666666666666666,0.8333333333333334,0.0
795,198:3,210,0.0,1.0,0.0,0.0,0.8333333333333334,0.0
796,199:0,205,-0.05074394694748149,0.5000000000000001,-0.864537478567697,0.16666666666666666,0.7916666666666666,0.0
797,199:1,206,-0.050743946947481494,-0.4999999999999998,-0.8645374785676971,0.3333333333333333,0.7916666666666666,0.0
798,199:2,212,-0.052844783400656715,-0.4999999999999998,-0.8644116084755791,0.3333333333333333,0.8333333333333334,0.0
799,199:3,211,-0.05284478340065671,0.5000000000000001,-0.864411608475579,0.16666666666666666,0.8333333333333334,0.0
800,200:0,206,-0.050743946947481494,-0.4999999999999998,-0.8645374785676971,0.3333333333333333,0.7916666666666666,0.0
801,200:1,207,-7.175703153022558e-18,-1.0,-1.2225427236247525e-16,0.5,0.7916666666666666,0.0
802,200:2,213,-7.472782502735666e-18,-1.0,-1.222364730687424e-16,0.5,0.8333333333333334,0.0
803,200:3,212,-0.052844783400656715,-0.4999999999999998,-0.8644116084755791,0.3333333333333333,0.8333333333333334,0.0
804,201:0,207,-7.175703153022558e-18,-1.0,-1.2225427236247525e-16,0.5,0.7916666666666666,0.0
805,201:1,208,0.05074394694748148,-0.5000000000000004,0.8645374785676969,0.6666666666666666,0.7916666666666666,0.0
806,201:2,214,0.0528447834006567,-0.5000000000000004,0.8644116084755789,0.6666666666666666,0.8333333333333334,0.0
807,201:3,213,-7.472782502735666e-18,-1.0,-1.222364730687424e-16,0.5,0.8333333333333334,0.0
808,202:0,208,0.05074394694748148,-0.5000000000000004,0.8645374785676969,0.6666666666666666,0.7916666666666666,0.0
809,202:1,209,0.050743946947481515,0.49999999999999933,0.8645374785676975,0.8333333333333334,0.7916666666666666,0.0
810,202:2,215,0.052844783400656736,0.49999999999999933,0.8644116084755794,0.8333333333333334,0.8333333333333334,0.0
811,202:3,214,0.0528447834006567,-0.5000000000000004,0.8644116084755789,0.6666666666666666,0.8333333333333334,0.0
812,203:0,209,0.050743946947481515,0.49999999999999933,0.8645374785676975,0.8333333333333334,0.7916666666666666,0.0
813,203:1,204,0.0,1.0,0.0,1.0,0.7916666666666666,0.0
814,203:2,210,0.0,1.0,0.0,1.0,0.8333333333333334,0.0
815,203:3,215,0.052844783400656736,0.49999999999999933,0.8644116084755794,0.8333333333333334,0.8333333333333334,0.0
816,204:0,210,0.0,1.0,0.0,0.0,0.8333333333333334,0.0
817,204:1,211,-0.05284478340065671,0.5000000000000001,-0.864411608475579,0.16666666666666666,0.8333333333333334,0.0
818,204:2,217,-0.052432586504092604,0.5000000000000001,-0.8644367090033201,0.16666666666666666,0.875,0.0
819,204:3,216,0.0,1.0,0.0,0.0,0.875,0.0
820,205:0,211,-0.05284478340065671,0.5000000000000001,-0.864411608475579,0.16666666666666666,0.8333333333333334,0.0
821,205:1,212,-0.052844783400656715,-0.4999999999999998,-0.8644116084755791,0.3333333333333333,0.8333333333333334,0.0
822,205:2,218,-0.05243258650409261,-0.4999999999999998,-0.8644367090033203,0.3333333333333333,0.875,0.0
823,205:3,217,-0.052432586504092604,0.5000000000000001,-0.8644367090033201,0.16666666666666666,0.875,0.0
824,206:0,212,-0.052844783400656715,-0.4999999999999998,-0.8644116084755791,0.3333333333333333,0.8333333333333334,0.0
825,206:1,213,-7.472782502735666e-18,-1.0,-1.222364730687424e-16,0.5,0.8333333333333334,0.0
826,206:2,219,-7.414493726472314e-18,-1.0,-1.2224002253516923e-16,0.5,0.875,0.0
827,206:3,218,-0.05243258650409261,-0.4999999999999998,-0.8644367090033203,0.3333333333333333,0.875,0.0
828,207:0,213,-7.472782502735666e-18,-1.0,-1.222364730687424e-16,0.5,0.8333333333333334,0.0
829,207:1,214,0.0528447834006567,-0.5000000000000004,0.8644116084755789,0.6666666666666666,0.8333333333333334,0.0
830,207:2,220,0.0524325865040926,-0.5000000000000004,0.86443670900332,0.6666666666666666,0.875,0.0
831,207:3,219,-7.414493726472314e-18,-1.0,-1.2224002253516923e-16,0.5,0.875,0.0
832,208:0,214,0.0528447834006567,-0.5000000000000004,0.8644116084755789,0.6666666666666666,0.8333333333333334,0.0
833,208:1,215,0.052844783400656736,0.49999999999999933,0.8644116084755794,0.8333333333333334,0.8333333333333334,0.0
834,208:2,221,0.05243258650409263,0.49999999999999933,0.8644367090033206,0.8333333333333334,0.875,0.0
835,208:3,220,0.0524325865040926,-0.5000000000000004,0.86443670900332,0.6666666666666666,0.875,0.0
836,209:0,215,0.052844783400656736,0.49999999999999933,0.8644116084755794,0.8333333333333334,0.8333333333333334,0.0
837,209:1,210,0.0,1.0,0.0,1.0,0.8333333333333334,0.0
838,209:2,216,0.0,1.0,0.0,1.0,0.875,0.0
839,209:3,221,0.05243258650409263,0.49999999999999933,0.8644367090033206,0.8333333333333334,0.875,0.0
840,210:0,216,0.0,1.0,0.0,0.0,0.875,0.0
841,210:1,217,-0.052432586504092604,0.5000000000000001,-0.8644367090033201,0.16666666666666666,0.875,0.0
842,210:2,223,-0.048057127675301986,0.5000000000000001,-0.864690992482054,0.16666666666666666,0.9166666666666666,0.0
843,210:3,222,0.0,1.0,0.0,0.0,0.9166666666666666,0.0
844,211:0,217,-0.052432586504092604,0.5000000000000001,-0.8644367090033201,0.16666666666666666,0.875,0.0
845,211:1,218,-0.05243258650409261,-0.4999999999999998,-0.8644367090033203,0.3333333333333333,0.875,0.0
846,211:2,224,-0.04805712767530199,-0.4999999999999998,-0.8646909924820542,0.3333333333333333,0.9166666666666666,0.0
847,211:3,223,-0.048057127675301986,0.5000000000000001,-0.864690992482054,0.16666666666666666,0.9166666666666666,0.0
848,212:0,218,-0.05243258650409261,-0.4999999999999998,-0.8644367090033203,0.3333333333333333,0.875,0.0
849,212:1,219,-7.414493726472314e-18,-1.0,-1.2224002253516923e-16,0.5,0.875,0.0
850,212:2,225,-6.795759954222232e-18,-1.0,-1.2227598076999083e-16,0.5,0.9166666666666666,0.0
851,212:3,224,-0.04805712767530199,-0.4999999999999998,-0.8646909924820542,0.3333333333333333,0.9166666666666666,0.0
852,213:0,219,-7.414493726472314e-18,-1.0,-1.2224002253516923e-16,0.5,0.875,0.0
853,213:1,220,0.0524325865040926,-0.5000000000000004,0.86443670900332,0.6666666666666666,0.875,0.0
854,213:2,226,0.04805712767530198,-0.5000000000000004,0.8646909924820539,0.6666666666666666,0.9166666666666666,0.0
855,213:3,225,-6.795759954222232e-18,-1.0,-1.2227598076999083e-16,0.5,0.9166666666666666,0.0
856,214:0,220,0.0524325865040926,-0.5000000000000004,0.86443670900332,0.6666666666666666,0.875,0.0
857,214:1,221,0.05243258650409263,0.49999999999999933,0.8644367090033206,0.8333333333333334,0.875,0.0
858,214:2,227,0.048057127675302014,0.49999999999999933,0.8646909924820545,0.8333333333333334,0.9166666666666666,0.0
859,214:3,226,0.04805712767530198,-0.5000000000000004,0.8646909924820539,0.6666666666666666,0.9166666666666666,0.0
860,215:0,221,0.05243258650409263,0.49999999999999933,0.8644367090033206,0.8333333333333334,0.875,0.0
861,215:1,216,0.0,1.0,0.0,1.0,0.875,0.0
862,215:2,222,0.0,1.0,0.0,1.0,0.9166666666666666,0.0
863,215:3,227,0.048057127675302014,0.49999999999999933,0.8646909924820545,0.8333333333333334,0.9166666666666666,0.0
864,216:0,222,0.0,1.0,0.0,0.0,0.9166666666666666,0.0
865,216:1,223,-0.048057127675301986,0.5000000000000001,-0.864690992482054,0.16666666666666666,0.9166666666666666,0.0
866,216:2,229,-0.0341382931481171,0.5000000000000001,-0.8653522848764734,0.16666666666666666,0.9583333333333334,0.0
867,216:3,228,0.0,1.0,0.0,0.0,0.9583333333333334,0.0
868,217:0,223,-0.048057127675301986,0.5000000000000001,-0.864690992482054,0.16666666666666666,0.9166666666666666,0.0
869,217:1,224,-0.04805712767530199,-0.4999999999999998,-0.8646909924820542,0.3333333333333333,0.9166666666666666,0.0
870,217:2,230,-0.03413829314811711,-0.4999999999999998,-0.8653522848764735,0.3333333333333333,0.9583333333333334,0.0
871,217:3,229,-0.0341382931481171,0.5000000000000001,-0.8653522848764734,0.16666666666666666,0.9583333333333334,0.0
872,218:0,224,-0.04805712767530199,-0.4999999999999998,-0.8646909924820542,0.3333333333333333,0.9166666666666666,0.0
873,218:1,225,-6.795759954222232e-18,-1.0,-1.2227598076999083e-16,0.5,0.9166666666666666,0.0
874,218:2,231,-4.827497120696687e-18,-1.0,-1.223694941485346e-16,0.5,0.9583333333333334,0.0
875,218:3,230,-0.03413829314811711,-0.4999999999999998,-0.8653522848764735,0.3333333333333333,0.9583333333333334,0.0
876,219:0,225,-6.795759954222232e-18,-1.0,-1.2227598076999083e-16,0.5,0.9166666666666666,0.0
877,219:1,226,0.04805712767530198,-0.5000000000000004,0.8646909924820539,0.6666666666666666,0.9166666666666666,0.0
878,219:2,232,0.0341382931481171,-0.5000000000000004,0.8653522848764733,0.6666666666666666,0.9583333333333334,0.0
879,219:3,231,-4.827497120696687e-18,-1.0,-1.223694941485346e-16,0.5,0.9583333333333334,0.0
880,220:0,226,0.04805712767530198,-0.5000000000000004,0.8646909924820539,0.6666666666666666,0.9166666666666666,0.0
881,220:1,227,0.048057127675302014,0.49999999999999933,0.8646909924820545,0.8333333333333334,0.9166666666666666,0.0
882,220:2,233,0.03413829314811712,0.49999999999999933,0.8653522848764739,0.8333333333333334,0.9583333333333334,0.0
883,220:3,232,0.0341382931481171,-0.5000000000000004,0.8653522848764733,0.6666666666666666,0.9583333333333334,0.0
884,221:0,227,0.048057127675302014,0.49999999999999933,0.8646909924820545,0.8333333333333334,0.9166666666666666,0.0
885,221:1,222,0.0,1.0,0.0,1.0,0.9166666666666666,0.0
886,221:2,228,0.0,1.0,0.0,1.0,0.9583333333333334,0.0
887,221:3,233,0.03413829314811712,0.49999999999999933,0.8653522848764739,0.8333333333333334,0.9583333333333334,0.0
888,222:0,228,0.0,1.0,0.0,0.0,0.9583333333333334,0.0
889,222:1,229,-0.0341382931481171,0.5000000000000001,-0.8653522848764734,0.16666666666666666,0.9583333333333334,0.0
890,222:2,235,-0.023667632727354438,0.5000000000000001,-0.865701936673982,0.16666666666666666,1.0,0.0
891,222:3,234,0.0,1.0,0.0,0.0,1.0,0.0
892,223:0,229,-0.0341382931481171,0.5000000000000001,-0.8653522848764734,0.16666666666666666,0.9583333333333334,0.0
893,223:1,230,-0.03413829314811711,-0.4999999999999998,-0.8653522848764735,0.3333333333333333,0.9583333333333334,0.0
894,223:2,236,-0.02366763272735444,-0.4999999999999998,-0.8657019366739821,0.3333333333333333,1.0,0.0
895,223:3,235,-0.023667632727354438,0.5000000000000001,-0.865701936673982,0.16666666666666666,1.0,0.0
896,224:0,230,-0.03413829314811711,-0.4999999999999998,-0.8653522848764735,0.3333333333333333,0.9583333333333334,0.0
897,224:1,231,-4.827497120696687e-18,-1.0,-1.223694941485346e-16,0.5,0.9583333333333334,0.0
898,224:2,237,-3.3468406973156474e-18,-1.0,-1.224189384203497e-16,0.5,1.0,0.0
899,224:3,236,-0.02366763272735444,-0.4999999999999998,-0.8657019366739821,0.3333333333333333,1.0,0.0
900,225:0,231,-4.827497120696687e-18,-1.0,-1.223694941485346e-16,0.5,0.9583333333333334,0.0
901,225:1,232,0.0341382931481171,-0.5000000000000004,0.8653522848764733,0.6666666666666666,0.9583333333333334,0.0
902,225:2,238,0.023667632727354435,-0.5000000000000004,0.8657019366739819,0.6666666666666666,1.0,0.0
903,225:3,237,-3.3468406973156474e-18,-1.0,-1.224189384203497e-16,0.5,1.0,0.0
904,226:0,232,0.0341382931481171,-0.5000000000000004,0.8653522848764733,0.6666666666666666,0.9583333333333334,0.0
905,226:1,233,0.03413829314811712,0.49999999999999933,0.8653522848764739,0.8333333333333334,0.9583333333333334,0.0
906,226:2,239,0.023667632727354452,0.49999999999999933,0.8657019366739824,0.8333333333333334,1.0,0.0
907,226:3,238,0.023667632727354435,-0.5000000000000004,0.8657019366739819,0.6666666666666666,1.0,0.0
908,227:0,233,0.03413829314811712,0.49999999999999933,0.8653522848764739,0.8333333333333334,0.9583333333333334,0.0
909,227:1,228,0.0,1.0,0.0,1.0,0.9583333333333334,0.0
910,227:2,234,0.0,1.0,0.0,1.0,1.0,0.0
911,227:3,239,0.023667632727354452,0.49999999999999933,0.8657019366739824,0.8333333333333334,1.0,0.0
912,228:0,240,0.9996264923534071,0.0,-0.02732902825243988,0.5,0.0,0.0
913,228:1,241,0.9584917726110316,0.0,-0.2851201884065069,0.0,0.08333333333333333,0.0
914,228:2,242,0.9589183431678787,0.08852132690137686,-0.26951732007384877,0.05555555555555555,0.08333333333333333,0.0
915,229:0,240,0.9996264923534071,0.0,-0.02732902825243988,0.5,0.0,0.0
916,229:1,242,0.9589183431678787,0.08852132690137686,-0.26951732007384877,0.05555555555555555,0.08333333333333333,0.0
917,229:2,243,0.9601466041337545,0.1663656753428019,-0.22459065127060462,0.1111111111111111,0.08333333333333333,0.0
918,230:0,240,0.9996264923534071,0.0,-0.02732902825243988,0.5,0.0,0.0
919,230:1,243,0.9601466041337545,0.1663656753428019,-0.22459065127060462,0.1111111111111111,0.08333333333333333,0.0
920,230:2,244,0.9620284091089708,0.22414386804201336,-0.15575900130146092,0.16666666666666666,0.08333333333333333,0.0
921,231:0,240,0.9996264923534071,0.0,-0.02732902825243988,0.5,0.0,0.0
922,231:1,244,0.9620284091089708,0.22414386804201336,-0.15575900130146092,0.16666666666666666,0.08333333333333333,0.0
923,231:2,245,0.9643367846410342,0.25488700224417876,-0.07132448299965954,0.2222222222222222,0.08333333333333333,0.0
924,232:0,240,0.9996264923534071,0.0,-0.02732902825243988,0.5,0.0,0.0
925,232:1,245,0.9643367846410342,0.25488700224417876,-0.07132448299965954,0.2222222222222222,0.08333333333333333,0.0
926,232:2,246,0.9667933065727823,0.25488700224417876,0.018528854606828293,0.2777777777777778,0.08333333333333333,0.0
927,233:0,240,0.9996264923534071,0.0,-0.02732902825243988,0.5,0.0,0.0
928,233:1,246,0.9667933065727823,0.25488700224417876,0.018528854606828293,0.2777777777777778,0.08333333333333333,0.0
929,233:2,247,0.9691016821048457,0.2241438680420134,0.10296337290863011,0.3333333333333333,0.08333333333333333,0.0
930,234:0,240,0.9996264923534071,0.0,-0.02732902825243988,0.5,0.0,0.0
931,234:1,247,0.9691016821048457,0.2241438680420134,0.10296337290863011,0.3333333333333333,0.08333333333333333,0.0
932,234:2,248,0.970983487080062,0.16636567534280194,0.17179502287777382,0.3888888888888889,0.08333333333333333,0.0
933,235:0,240,0.9996264923534071,0.0,-0.02732902825243988,0.5,0.0,0.0
934,235:1,248,0.970983487080062,0.16636567534280194,0.17179502287777382,0.3888888888888889,0.08333333333333333,0.0
935,235:2,249,0.9722117480459378,0.0885213269013769,0.21672169168101751,0.4444444444444444,0.08333333333333333,0.0
936,236:0,240,0.9996264923534071,0.0,-0.02732902825243988,0.5,0.0,0.0
937,236:1,249,0.9722117480459378,0.0885213269013769,0.21672169168101751,0.4444444444444444,0.08333333333333333,0.0
938,236:2,250,0.9726383186027849,3.169619151431765e-17,0.23232456001367563,0.5,0.08333333333333333,0.0
939,237:0,240,0.9996264923534071,0.0,-0.02732902825243988,0.5,0.0,0.0
940,237:1,250,0.9726383186027849,3.169619151431765e-17,0.23232456001367563,0.5,0.08333333333333333,0.0
941,237:2,251,0.9722117480459378,-0.08852132690137685,0.21672169168101751,0.5555555555555556,0.08333333333333333,0.0
942,238:0,240,0.9996264923534071,0.0,-0.02732902825243988,0.5,0.0,0.0
943,238:1,251,0.9722117480459378,-0.08852132690137685,0.21672169168101751,0.5555555555555556,0.08333333333333333,0.0
944,238:2,252,0.970983487080062,-0.1663656753428019,0.17179502287777382,0.6111111111111112,0.08333333333333333,0.0
945,239:0,240,0.9996264923534071,0.0,-0.02732902825243988,0.5,0.0,0.0
946,239:1,252,0.970983487080062,-0.1663656753428019,0.17179502287777382,0.6111111111111112,0.08333333333333333,0.0
947,239:2,253,0.9691016821048457,-0.22414386804201333,0.10296337290863011,0.6666666666666666,0.08333333333333333,0.0
948,240:0,240,0.9996264923534071,0.0,-0.02732902825243988,0.5,0.0,0.0
949,240:1,253,0.9691016821048457,-0.22414386804201333,0.10296337290863011,0.6666666666666666,0.08333333333333333,0.0
950,240:2,254,0.9667933065727823,-0.25488700224417876,0.018528854606828293,0.7222222222222222,0.08333333333333333,0.0
951,241:0,240,0.9996264923534071,0.0,-0.02732902825243988,0.5,0.0,0.0
952,241:1,254,0.9667933065727823,-0.25488700224417876,0.018528854606828293,0.7222222222222222,0.08333333333333333,0.0
953,241:2,255,0.9643367846410342,-0.2548870022441788,-0.07132448299965954,0.7777777777777778,0.08333333333333333,0.0
954,242:0,240,0.9996264923534071,0.0,-0.02732902825243988,0.5,0.0,0.0
955,242:1,255,0.9643367846410342,-0.2548870022441788,-0.07132448299965954,0.7777777777777778,0.08333333333333333,0.0
956,242:2,256,0.9620284091089708,-0.22414386804201336,-0.15575900130146092,0.8333333333333334,0.08333333333333333,0.0
957,243:0,240,0.9996264923534071,0.0,-0.02732902825243988,0.5,0.0,0.0
958,243:1,256,0.9620284091089708,-0.22414386804201336,-0.15575900130146092,0.8333333333333334,0.08333333333333333,0.0
959,243:2,257,0.9601466041337545,-0.166365675342802,-0.22459065127060462,0.8888888888888888,0.08333333333333333,0.0
960,244:0,240,0.9996264923534071,0.0,-0.02732902825243988,0.5,0.0,0.0
961,244:1,257,0.9601466041337545,-0.166365675342802,-0.22459065127060462,0.8888888888888888,0.08333333333333333,0.0
962,244:2,258,0.9589183431678787,-0.08852132690137704,-0.2695173200738483,0.9444444444444444,0.08333333333333333,0.0
963,245:0,240,0.9996264923534071,0.0,-0.02732902825243988,0.5,0.0,0.0
964,245:1,258,0.9589183431678787,-0.08852132690137704,-0.2695173200738483,0.9444444444444444,0.08333333333333333,0.0
965,245:2,241,0.9584917726110316,0.0,-0.2851201884065069,1.0,0.08333333333333333,0.0
966,246:0,241,0.9584917726110316,0.0,-0.2851201884065069,0.0,0.08333333333333333,0.0
967,246:1,242,0.9589183431678787,0.08852132690137686,-0.26951732007384877,0.05555555555555555,0.08333333333333333,0.0
968,246:2,260,0.8528614935829477,0.17101007166283433,-0.49333845193065473,0.05555555555555555,0.16666666666666666,0.0
969,246:3,259,0.8520374225477614,0.0,-0.5234808789040595,0.0,0.16666666666666666,0.0
970,247:0,242,0.9589183431678787,0.08852132690137686,-0.26951732007384877,0.05555555555555555,0.08333333333333333,0.0
971,247:1,243,0.9601466041337545,0.1663656753428019,-0.22459065127060462,0.1111111111111111,0.08333333333333333,0.0
972,247:2,261,0.8552343115596699,0.32139380484326957,-0.4065467925582773,0.1111111111111111,0.16666666666666666,0.0
973,247:3,260,0.8528614935829477,0.17101007166283433,-0.49333845193065473,0.05555555555555555,0.16666666666666666,0.0
974,248:0,243,0.9601466041337545,0.1663656753428019,-0.22459065127060462,0.1111111111111111,0.08333333333333333,0.0
975,248:1,244,0.9620284091089708,0.22414386804201336,-0.15575900130146092,0.16666666666666666,0.08333333333333333,0.0
976,248:2,262,0.8588696796108728,0.43301270189221924,-0.2735742558157077,0.16666666666666666,0.16666666666666666,0.0
977,248:3,261,0.8552343115596699,0.32139380484326957,-0.4065467925582773,0.1111111111111111,0.16666666666666666,0.0
978,249:0,244,0.9620284091089708,0.22414386804201336,-0.15575900130146092,0.16666666666666666,0.08333333333333333,0.0
979,249:1,245,0.9643367846410342,0.25488700224417876,-0.07132448299965954,0.2222222222222222,0.08333333333333333,0.0
980,249:2,263,0.8633291186972603,0.49240387650610395,-0.11045929209973337,0.2222222222222222,0.16666666666666666,0.0
981,249:3,262,0.8588696796108728,0.43301270189221924,-0.2735742558157077,0.16666666666666666,0.16666666666666666,0.0
982,250:0,245,0.9643367846410342,0.25488700224417876,-0.07132448299965954,0.2222222222222222,0.08333333333333333,0.0
983,250:1,246,0.9667933065727823,0.25488700224417876,0.018528854606828293,0.2777777777777778,0.08333333333333333,0.0
984,250:2,264,0.8680747546507046,0.49240387650610395,0.06312402664502148,0.2777777777777778,0.16666666666666666,0.0
985,250:3,263,0.8633291186972603,0.49240387650610395,-0.11045929209973337,0.2222222222222222,0.16666666666666666,0.0
986,251:0,246,0.9667933065727823,0.25488700224417876,0.018528854606828293,0.2777777777777778,0.08333333333333333,0.0
987,251:1,247,0.9691016821048457,0.2241438680420134,0.10296337290863011,0.3333333333333333,0.08333333333333333,0.0
988,251:2,265,0.8725341937370921,0.4330127018922193,0.22623899036099582,0.3333333333333333,0.16666666666666666,0.0
989,251:3,264,0.8680747546507046,0.49240387650610395,0.06312402664502148,0.2777777777777778,0.16666666666666666,0.0
990,252:0,247,0.9691016821048457,0.2241438680420134,0.10296337290863011,0.3333333333333333,0.08333333333333333,0.0
991,252:1,248,0.970983487080062,0.16636567534280194,0.17179502287777382,0.3888888888888889,0.08333333333333333,0.0
992,252:2,266,0.8761695617882932,0.3213938048432697,0.35921152710356585,0.3888888888888889,0.16666666666666666,0.0
993,252:3,265,0.8725341937370921,0.4330127018922193,0.22623899036099582,0.3333333333333333,0.16666666666666666,0.0
994,253:0,248,0.970983487080062,0.16636567534280194,0.17179502287777382,0.3888888888888889,0.08333333333333333,0.0
995,253:1,249,0.9722117480459378,0.0885213269013769,0.21672169168101751,0.4444444444444444,0.08333333333333333,0.0
996,253:2,267,0.8785423797650154,0.1710100716628344,0.4460031864759433,0.4444444444444444,0.16666666666666666,0.0
997,253:3,266,0.8761695617882932,0.3213938048432697,0.35921152710356585,0.3888888888888889,0.16666666666666666,0.0
998,254:0,249,0.9722117480459378,0.0885213269013769,0.21672169168101751,0.4444444444444444,0.08333333333333333,0.0
999,254:1,250,0.9726383186027849,3.169619151431765e-17,0.23232456001367563,0.5,0.08333333333333333,0.0
1000,254:2,268,0.8793664508002017,6.123233995736765e-17,0.476145613449348,0.5,0.16666666666666666,0.0
1001,254:3,267,0.8785423797650154,0.1710100716628344,0.4460031864759433,0.4444444444444444,0.16666666666666666,0.0
1002,255:0,250,0.9726383186027849,3.169619151431765e-17,0.23232456001367563,0.5,0.08333333333333333,0.0
1003,255:1,251,0.9722117480459378,-0.08852132690137685,0.21672169168101751,0.5555555555555556,0.08333333333333333,0.0
1004,255:2,269,0.8785423797650154,-0.1710100716628343,0.4460031864759433,0.5555555555555556,0.16666666666666666,0.0
1005,255:3,268,0.8793664508002017,6.123233995736765e-17,0.476145613449348,0.5,0.16666666666666666,0.0
1006,256:0,251,0.9722117480459378,-0.08852132690137685,0.21672169168101751,0.5555555555555556,0.08333333333333333,0.0
1007,256:1,252,0.970983487080062,-0.1663656753428019,0.17179502287777382,0.6111111111111112,0.08333333333333333,0.0
1008,256:2,270,0.8761695617882932,-0.32139380484326957,0.35921152710356585,0.6111111111111112,0.16666666666666666,0.0
1009,256:3,269,0.8785423797650154,-0.1710100716628343,0.4460031864759433,0.5555555555555556,0.16666666666666666,0.0
1010,257:0,252,0.970983487080062,-0.1663656753428019,0.17179502287777382,0.6111111111111112,0.08333333333333333,0.0
1011,257:1,253,0.9691016821048457,-0.22414386804201333,0.10296337290863011,0.6666666666666666,0.08333333333333333,0.0
1012,257:2,271,0.8725341937370921,-0.4330127018922192,0.22623899036099626,0.6666666666666666,0.16666666666666666,0.0
1013,257:3,270,0.8761695617882932,-0.32139380484326957,0.35921152710356585,0.6111111111111112,0.16666666666666666,0.0
1014,258:0,253,0.9691016821048457,-0.22414386804201333,0.10296337290863011,0.6666666666666666,0.08333333333333333,0.0
1015,258:1,254,0.9667933065727823,-0.25488700224417876,0.018528854606828293,0.7222222222222222,0.08333333333333333,0.0
1016,258:2,272,0.8680747546507046,-0.49240387650610395,0.06312402664502148,0.7222222222222222,0.16666666666666666,0.0
1017,258:3,271,0.8725341937370921,-0.4330127018922192,0.22623899036099626,0.6666666666666666,0.16666666666666666,0.0
1018,259:0,254,0.9667933065727823,-0.25488700224417876,0.018528854606828293,0.7222222222222222,0.08333333333333333,0.0
1019,259:1,255,0.9643367846410342,-0.2548870022441788,-0.07132448299965954,0.7777777777777778,0.08333333333333333,0.0
1020,259:2,273,0.8633291186972603,-0.492403876506104,-0.11045929209973293,0.7777777777777778,0.16666666666666666,0.0
1021,259:3,272,0.8680747546507046,-0.49240387650610395,0.06312402664502148,0.7222222222222222,0.16666666666666666,0.0
1022,260:0,255,0.9643367846410342,-0.2548870022441788,-0.07132448299965954,0.7777777777777778,0.08333333333333333,0.0
1023,260:1,256,0.9620284091089708,-0.22414386804201336,-0.15575900130146092,0.8333333333333334,0.08333333333333333,0.0
1024,260:2,274,0.8588696796108728,-0.43301270189221924,-0.2735742558157077,0.8333333333333334,0.16666666666666666,0.0
1025,260:3,273,0.8633291186972603,-0.492403876506104,-0.11045929209973293,0.7777777777777778,0.16666666666666666,0.0
1026,261:0,256,0.9620284091089708,-0.22414386804201336,-0.15575900130146092,0.8333333333333334,0.08333333333333333,0.0
1027,261:1,257,0.9601466041337545,-0.166365675342802,-0.22459065127060462,0.8888888888888888,0.08333333333333333,0.0
1028,261:2,275,0.8552343115596699,-0.32139380484326974,-0.4065467925582773,0.8888888888888888,0.16666666666666666,0.0
1029,261:3,274,0.8588696796108728,-0.43301270189221924,-0.2735742558157077,0.8333333333333334,0.16666666666666666,0.0
1030,262:0,257,0.9601466041337545,-0.166365675342802,-0.22459065127060462,0.8888888888888888,0.08333333333333333,0.0
1031,262:1,258,0.9589183431678787,-0.08852132690137704,-0.2695173200738483,0.9444444444444444,0.08333333333333333,0.0
1032,262:2,276,0.8528614935829477,-0.1710100716628347,-0.49333845193065473,0.9444444444444444,0.16666666666666666,0.0
1033,262:3,275,0.8552343115596699,-0.32139380484326974,-0.4065467925582773,0.8888888888888888,0.16666666666666666,0.0
1034,263:0,258,0.9589183431678787,-0.08852132690137704,-0.2695173200738483,0.9444444444444444,0.08333333333333333,0.0
1035,263:1,241,0.9584917726110316,0.0,-0.2851201884065069,1.0,0.08333333333333333,0.0
1036,263:2,259,0.8520374225477614,0.0,-0.5234808789040595,1.0,0.16666666666666666,0.0
1037,263:3,276,0.8528614935829477,-0.1710100716628347,-0.49333845193065473,0.9444444444444444,0.16666666666666666,0.0
1038,264:0,259,0.8520374225477614,0.0,-0.5234808789040595,0.0,0.16666666666666666,0.0
1039,264:1,260,0.8528614935829477,0.17101007166283433,-0.49333845193065473,0.05555555555555555,0.16666666666666666,0.0
1040,264:2,278,0.6886835426305975,0.24184476264797528,-0.6835393835687271,0.05555555555555555,0.25,0.0
1041,264:3,277,0.6875181301962776,0.0,-0.7261672125973564,0.0,0.25,0.0
1042,265:0,260,0.8528614935829477,0.17101007166283433,-0.49333845193065473,0.05555555555555555,0.16666666666666666,0.0
1043,265:1,261,0.8552343115596699,0.32139380484326957,-0.4065467925582773,0.1111111111111111,0.16666666666666666,0.0
1044,265:2,279,0.6920392139943203,0.45451947767204365,-0.5607974417834445,0.1111111111111111,0.25,0.0
1045,265:3,278,0.6886835426305975,0.24184476264797528,-0.6835393835687271,0.05555555555555555,0.25,0.0
1046,266:0,261,0.8552343115596699,0.32139380484326957,-0.4065467925582773,0.1111111111111111,0.16666666666666666,0.0
1047,266:1,262,0.8588696796108728,0.43301270189221924,-0.2735742558157077,0.16666666666666666,0.16666666666666666,0.0
1048,266:2,280,0.6971804007965474,0.6123724356957946,-0.3727458768989478,0.16666666666666666,0.25,0.0
1049,266:3,279,0.6920392139943203,0.45451947767204365,-0.5607974417834445,0.1111111111111111,0.25,0.0
1050,267:0,262,0.8588696796108728,0.43301270189221924,-0.2735742558157077,0.16666666666666666,0.16666666666666666,0.0
1051,267:1,263,0.8633291186972603,0.49240387650610395,-0.11045929209973337,0.2222222222222222,0.16666666666666666,0.0
1052,267:2,281,0.7034870000330944,0.696364240320019,-0.14206648298582136,0.2222222222222222,0.25,0.0
1053,267:3,280,0.6971804007965474,0.6123724356957946,-0.3727458768989478,0.16666666666666666,0.25,0.0
1054,268:0,263,0.8633291186972603,0.49240387650610395,-0.11045929209973337,0.2222222222222222,0.16666666666666666,0.0
1055,268:1,264,0.8680747546507046,0.49240387650610395,0.06312402664502148,0.2777777777777778,0.16666666666666666,0.0
1056,268:2,282,0.7101983427605401,0.696364240320019,0.10341740058474302,0.2777777777777778,0.25,0.0
1057,268:3,281,0.7034870000330944,0.696364240320019,-0.14206648298582136,0.2222222222222222,0.25,0.0
1058,269:0,264,0.8680747546507046,0.49240387650610395,0.06312402664502148,0.2777777777777778,0.16666666666666666,0.0
1059,269:1,265,0.8725341937370921,0.4330127018922193,0.22623899036099582,0.3333333333333333,0.16666666666666666,0.0
1060,269:2,283,0.716504941997087,0.6123724356957946,0.33409679449786944,0.3333333333333333,0.25,0.0
1061,269:3,282,0.7101983427605401,0.696364240320019,0.10341740058474302,0.2777777777777778,0.25,0.0
1062,270:0,265,0.8725341937370921,0.4330127018922193,0.22623899036099582,0.3333333333333333,0.16666666666666666,0.0
1063,270:1,266,0.8761695617882932,0.3213938048432697,0.35921152710356585,0.3888888888888889,0.16666666666666666,0.0
1064,270:2,284,0.7216461287993141,0.4545194776720438,0.5221483593823661,0.3888888888888889,0.25,0.0
1065,270:3,283,0.716504941997087,0.6123724356957946,0.33409679449786944,0.3333333333333333,0.25,0.0
1066,271:0,266,0.8761695617882932,0.3213938048432697,0.35921152710356585,0.3888888888888889,0.16666666666666666,0.0
1067,271:1,267,0.8785423797650154,0.1710100716628344,0.4460031864759433,0.4444444444444444,0.16666666666666666,0.0
1068,271:2,285,0.725001800163037,0.2418447626479754,0.6448903011676483,0.4444444444444444,0.25,0.0
1069,271:3,284,0.7216461287993141,0.4545194776720438,0.5221483593823661,0.3888888888888889,0.25,0.0
1070,272:0,267,0.8785423797650154,0.1710100716628344,0.4460031864759433,0.4444444444444444,0.16666666666666666,0.0
1071,272:1,268,0.8793664508002017,6.123233995736765e-17,0.476145613449348,0.5,0.16666666666666666,0.0
1072,272:2,286,0.7261672125973568,8.659560562354934e-17,0.687518130196278,0.5,0.25,0.0
1073,272:3,285,0.725001800163037,0.2418447626479754,0.6448903011676483,0.4444444444444444,0.25,0.0
1074,273:0,268,0.8793664508002017,6.123233995736765e-17,0.476145613449348,0.5,0.16666666666666666,0.0
1075,273:1,269,0.8785423797650154,-0.1710100716628343,0.4460031864759433,0.5555555555555556,0.16666666666666666,0.0
1076,273:2,287,0.725001800163037,-0.24184476264797522,0.6448903011676488,0.5555555555555556,0.25,0.0
1077,273:3,286,0.7261672125973568,8.659560562354934e-17,0.687518130196278,0.5,0.25,0.0
1078,274:0,269,0.8785423797650154,-0.1710100716628343,0.4460031864759433,0.5555555555555556,0.16666666666666666,0.0
1079,274:1,270,0.8761695617882932,-0.32139380484326957,0.35921152710356585,0.6111111111111112,0.16666666666666666,0.0
1080,274:2,288,0.7216461287993141,-0.45451947767204365,0.5221483593823661,0.6111111111111112,0.25,0.0
1081,274:3,287,0.725001800163037,-0.24184476264797522,0.6448903011676488,0.5555555555555556,0.25,0.0
1082,275:0,270,0.8761695617882932,-0.32139380484326957,0.35921152710356585,0.6111111111111112,0.16666666666666666,0.0
1083,275:1,271,0.8725341937370921,-0.4330127018922192,0.22623899036099626,0.6666666666666666,0.16666666666666666,0.0
1084,275:2,289,0.716504941997087,-0.6123724356957945,0.3340967944978699,0.6666666666666666,0.25,0.0
1085,275:3,288,0.7216461287993141,-0.45451947767204365,0.5221483593823661,0.6111111111111112,0.25,0.0
1086,276:0,271,0.8725341937370921,-0.4330127018922192,0.22623899036099626,0.6666666666666666,0.16666666666666666,0.0
1087,276:1,272,0.8680747546507046,-0.49240387650610395,0.06312402664502148,0.7222222222222222,0.16666666666666666,0.0
1088,276:2,290,0.7101983427605401,-0.696364240320019,0.10341740058474302,0.7222222222222222,0.25,0.0
1089,276:3,289,0.716504941997087,-0.6123724356957945,0.3340967944978699,0.6666666666666666,0.25,0.0
1090,277:0,272,0.8680747546507046,-0.49240387650610395,0.06312402664502148,0.7222222222222222,0.16666666666666666,0.0
1091,277:1,273,0.8633291186972603,-0.492403876506104,-0.11045929209973293,0.7777777777777778,0.16666666666666666,0.0
1092,277:2,291,0.7034870000330944,-0.6963642403200191,-0.14206648298582092,0.7777777777777778,0.25,0.0
1093,277:3,290,0.7101983427605401,-0.696364240320019,0.10341740058474302,0.7222222222222222,0.25,0.0
1094,278:0,273,0.8633291186972603,-0.492403876506104,-0.11045929209973293,0.7777777777777778,0.16666666666666666,0.0
1095,278:1,274,0.8588696796108728,-0.43301270189221924,-0.2735742558157077,0.8333333333333334,0.16666666666666666,0.0
1096,278:2,292,0.6971804007965474,-0.6123724356957946,-0.3727458768989478,0.8333333333333334,0.25,0.0
1097,278:3,291,0.7034870000330944,-0.6963642403200191,-0.14206648298582092,0.7777777777777778,0.25,0.0
1098,279:0,274,0.8588696796108728,-0.43301270189221924,-0.2735742558157077,0.8333333333333334,0.16666666666666666,0.0
1099,279:1,275,0.8552343115596699,-0.32139380484326974,-0.4065467925582773,0.8888888888888888,0.16666666666666666,0.0
1100,279:2,293,0.6920392139943203,-0.45451947767204387,-0.5607974417834445,0.8888888888888888,0.25,0.0
1101,279:3,292,0.6971804007965474,-0.6123724356957946,-0.3727458768989478,0.8333333333333334,0.25,0.0
1102,280:0,275,0.8552343115596699,-0.32139380484326974,-0.4065467925582773,0.8888888888888888,0.16666666666666666,0.0
1103,280:1,276,0.8528614935829477,-0.1710100716628347,-0.49333845193065473,0.9444444444444444,0.16666666666666666,0.0
1104,280:2,294,0.6886835426305975,-0.24184476264797578,-0.6835393835687267,0.9444444444444444,0.25,0.0
1105,280:3,293,0.6920392139943203,-0.45451947767204387,-0.5607974417834445,0.8888888888888888,0.25,0.0
1106,281:0,276,0.8528614935829477,-0.1710100716628347,-0.49333845193065473,0.9444444444444444,0.16666666666666666,0.0
1107,281:1,259,0.8520374225477614,0.0,-0.5234808789040595,1.0,0.16666666666666666,0.0
1108,281:2,277,0.6875181301962776,0.0,-0.7261672125973564,1.0,0.25,0.0
1109,281:3,294,0.6886835426305975,-0.24184476264797578,-0.6835393835687267,0.9444444444444444,0.25,0.0
1110,282:0,277,0.6875181301962776,0.0,-0.7261672125973564,0.0,0.25,0.0
1111,282:1,278,0.6886835426305975,0.24184476264797528,-0.6835393835687271,0.05555555555555555,0.25,0.0
1112,282:2,296,0.4775729463513372,0.2961981327260238,-0.8271582358188305,0.05555555555555555,0.3333333333333333,0.0
1113,282:3,295,0.4761456134493489,0.0,-0.8793664508002021,0.0,0.3333333333333333,0.0
1114,283:0,278,0.6886835426305975,0.24184476264797528,-0.6835393835687271,0.05555555555555555,0.25,0.0
1115,283:1,279,0.6920392139943203,0.45451947767204365,-0.5607974417834445,0.1111111111111111,0.25,0.0
1116,283:2,297,0.4816827876441323,0.5566703992264193,-0.6768306721126613,0.1111111111111111,0.3333333333333333,0.0
1117,283:3,296,0.4775729463513372,0.2961981327260238,-0.8271582358188305,0.05555555555555555,0.3333333333333333,0.0
1118,284:0,279,0.6920392139943203,0.45451947767204365,-0.5607974417834445,0.1111111111111111,0.25,0.0
1119,284:1,280,0.6971804007965474,0.6123724356957946,-0.3727458768989478,0.16666666666666666,0.25,0.0
1120,284:2,298,0.48797942981302533,0.7499999999999999,-0.44651548246321093,0.16666666666666666,0.3333333333333333,0.0
1121,284:3,297,0.4816827876441323,0.5566703992264193,-0.6768306721126613,0.1111111111111111,0.3333333333333333,0.0
1122,285:0,280,0.6971804007965474,0.6123724356957946,-0.3727458768989478,0.16666666666666666,0.25,0.0
1123,285:1,281,0.7034870000330944,0.696364240320019,-0.14206648298582136,0.2222222222222222,0.25,0.0
1124,285:2,299,0.4957034048839084,0.8528685319524432,-0.16399207783238934,0.2222222222222222,0.3333333333333333,0.0
1125,285:3,298,0.48797942981302533,0.7499999999999999,-0.44651548246321093,0.16666666666666666,0.3333333333333333,0.0
1126,286:0,281,0.7034870000330944,0.696364240320019,-0.14206648298582136,0.2222222222222222,0.25,0.0
1127,286:1,282,0.7101983427605401,0.696364240320019,0.10341740058474302,0.2777777777777778,0.25,0.0
1128,286:2,300,0.5039230874694987,0.8528685319524432,0.13666304957994901,0.2777777777777778,0.3333333333333333,0.0
1129,286:3,299,0.4957034048839084,0.8528685319524432,-0.16399207783238934,0.2222222222222222,0.3333333333333333,0.0
1130,287:0,282,0.7101983427605401,0.696364240320019,0.10341740058474302,0.2777777777777778,0.25,0.0
1131,287:1,283,0.716504941997087,0.6123724356957946,0.33409679449786944,0.3333333333333333,0.25,0.0
1132,287:2,301,0.5116470625403817,0.75,0.4191864542107706,0.3333333333333333,0.3333333333333333,0.0
1133,287:3,300,0.5039230874694987,0.8528685319524432,0.13666304957994901,0.2777777777777778,0.3333333333333333,0.0
1134,288:0,283,0.716504941997087,0.6123724356957946,0.33409679449786944,0.3333333333333333,0.25,0.0
1135,288:1,284,0.7216461287993141,0.4545194776720438,0.5221483593823661,0.3888888888888889,0.25,0.0
1136,288:2,302,0.5179437047092748,0.5566703992264195,0.649501643860221,0.3888888888888889,0.3333333333333333,0.0
1137,288:3,301,0.5116470625403817,0.75,0.4191864542107706,0.3333333333333333,0.3333333333333333,0.0
1138,289:0,284,0.7216461287993141,0.4545194776720438,0.5221483593823661,0.3888888888888889,0.25,0.0
1139,289:1,285,0.725001800163037,0.2418447626479754,0.6448903011676483,0.4444444444444444,0.25,0.0
1140,289:2,303,0.5220535460020717,0.29619813272602397,0.7998292075663902,0.4444444444444444,0.3333333333333333,0.0
1141,289:3,302,0.5179437047092748,0.5566703992264195,0.649501643860221,0.3888888888888889,0.3333333333333333,0.0
1142,290:0,285,0.725001800163037,0.2418447626479754,0.6448903011676483,0.4444444444444444,0.25,0.0
1143,290:1,286,0.7261672125973568,8.659560562354934e-17,0.687518130196278,0.5,0.25,0.0
1144,290:2,304,0.5234808789040599,1.0605752387249068e-16,0.8520374225477618,0.5,0.3333333333333333,0.0
1145,290:3,303,0.5220535460020717,0.29619813272602397,0.7998292075663902,0.4444444444444444,0.3333333333333333,0.0
1146,291:0,286,0.7261672125973568,8.659560562354934e-17,0.687518130196278,0.5,0.25,0.0
1147,291:1,287,0.725001800163037,-0.24184476264797522,0.6448903011676488,0.5555555555555556,0.25,0.0
1148,291:2,305,0.5220535460020717,-0.29619813272602374,0.7998292075663906,0.5555555555555556,0.3333333333333333,0.0
1149,291:3,304,0.5234808789040599,1.0605752387249068e-16,0.8520374225477618,0.5,0.3333333333333333,0.0
1150,292:0,287,0.725001800163037,-0.24184476264797522,0.6448903011676488,0.5555555555555556,0.25,0.0
1151,292:1,288,0.7216461287993141,-0.45451947767204365,0.5221483593823661,0.6111111111111112,0.25,0.0
1152,292:2,306,0.5179437047092748,-0.5566703992264193,0.6495016438602215,0.6111111111111112,0.3333333333333333,0.0
1153,292:3,305,0.5220535460020717,-0.29619813272602374,0.7998292075663906,0.5555555555555556,0.3333333333333333,0.0
1154,293:0,288,0.7216461287993141,-0.45451947767204365,0.5221483593823661,0.6111111111111112,0.25,0.0
1155,293:1,289,0.716504941997087,-0.6123724356957945,0.3340967944978699,0.6666666666666666,0.25,0.0
1156,293:2,307,0.5116470625403817,-0.7499999999999998,0.4191864542107715,0.6666666666666666,0.3333333333333333,0.0
1157,293:3,306,0.5179437047092748,-0.5566703992264193,0.6495016438602215,0.6111111111111112,0.3333333333333333,0.0
1158,294:0,289,0.716504941997087,-0.6123724356957945,0.3340967944978699,0.6666666666666666,0.25,0.0
1159,294:1,290,0.7101983427605401,-0.696364240320019,0.10341740058474302,0.7222222222222222,0.25,0.0
1160,294:2,308,0.5039230874694987,-0.8528685319524432,0.13666304957994901,0.7222222222222222,0.3333333333333333,0.0
1161,294:3,307,0.5116470625403817,-0.7499999999999998,0.4191864542107715,0.6666666666666666,0.3333333333333333,0.0
1162,295:0,290,0.7101983427605401,-0.696364240320019,0.10341740058474302,0.7222222222222222,0.25,0.0
1163,295:1,291,0.7034870000330944,-0.6963642403200191,-0.14206648298582092,0.7777777777777778,0.25,0.0
1164,295:2,309,0.4957034048839084,-0.8528685319524433,-0.1639920778323889,0.7777777777777778,0.3333333333333333,0.0
1165,295:3,308,0.5039230874694987,-0.8528685319524432,0.13666304957994901,0.7222222222222222,0.3333333333333333,0.0
1166,296:0,291,0.7034870000330944,-0.6963642403200191,-0.14206648298582092,0.7777777777777778,0.25,0.0
1167,296:1,292,0.6971804007965474,-0.6123724356957946,-0.3727458768989478,0.8333333333333334,0.25,0.0
1168,296:2,310,0.48797942981302533,-0.7499999999999999,-0.44651548246321093,0.8333333333333334,0.3333333333333333,0.0
1169,296:3,309,0.4957034048839084,-0.8528685319524433,-0.1639920778323889,0.7777777777777778,0.3333333333333333,0.0
1170,297:0,292,0.6971804007965474,-0.6123724356957946,-0.3727458768989478,0.8333333333333334,0.25,0.0
1171,297:1,293,0.6920392139943203,-0.45451947767204387,-0.5607974417834445,0.8888888888888888,0.25,0.0
1172,297:2,311,0.4816827876441323,-0.5566703992264196,-0.6768306721126609,0.8888888888888888,0.3333333333333333,0.0
1173,297:3,310,0.48797942981302533,-0.7499999999999999,-0.44651548246321093,0.8333333333333334,0.3333333333333333,0.0
1174,298:0,293,0.6920392139943203,-0.45451947767204387,-0.5607974417834445,0.8888888888888888,0.25,0.0
1175,298:1,294,0.6886835426305975,-0.24184476264797578,-0.6835393835687267,0.9444444444444444,0.25,0.0
1176,298:2,312,0.4775729463513372,-0.2961981327260244,-0.8271582358188305,0.9444444444444444,0.3333333333333333,0.0
1177,298:3,311,0.4816827876441323,-0.5566703992264196,-0.6768306721126609,0.8888888888888888,0.3333333333333333,0.0
1178,299:0,294,0.6886835426305975,-0.24184476264797578,-0.6835393835687267,0.9444444444444444,0.25,0.0
1179,299:1,277,0.6875181301962776,0.0,-0.7261672125973564,1.0,0.25,0.0
1180,299:2,295,0.4761456134493489,0.0,-0.8793664508002021,1.0,0.3333333333333333,0.0
1181,299:3,312,0.4775729463513372,-0.2961981327260244,-0.8271582358188305,0.9444444444444444,0.3333333333333333,0.0
1182,300:0,295,0.4761456134493489,0.0,-0.8793664508002021,0.0,0.3333333333333333,0.0
1183,300:1,296,0.4775729463513372,0.2961981327260238,-0.8271582358188305,0.05555555555555555,0.3333333333333333,0.0
1184,300:2,314,0.23391654300484177,0.3303660895493521,-0.9144076212414971,0.05555555555555555,0.4166666666666667,0.0
1185,300:3,313,0.23232456001367652,0.0,-0.9726383186027845,0.0,0.4166666666666667,0.0
1186,301:0,296,0.4775729463513372,0.2961981327260238,-0.8271582358188305,0.05555555555555555,0.3333333333333333,0.0
1187,301:1,297,0.4816827876441323,0.5566703992264193,-0.6768306721126613,0.1111111111111111,0.3333333333333333,0.0
1188,301:2,315,0.2385004753344404,0.6208851530148455,-0.7467390106529708,0.1111111111111111,0.4166666666666667,0.0
1189,301:3,314,0.23391654300484177,0.3303660895493521,-0.9144076212414971,0.05555555555555555,0.4166666666666667,0.0
1190,302:0,297,0.4816827876441323,0.5566703992264193,-0.6768306721126613,0.1111111111111111,0.3333333333333333,0.0
1191,302:1,298,0.48797942981302533,0.7499999999999999,-0.44651548246321093,0.16666666666666666,0.3333333333333333,0.0
1192,302:2,316,0.24552346711188378,0.8365163037378078,-0.48985579579933036,0.16666666666666666,0.4166666666666667,0.0
1193,302:3,315,0.2385004753344404,0.6208851530148455,-0.7467390106529708,0.1111111111111111,0.4166666666666667,0.0
1194,303:0,298,0.48797942981302533,0.7499999999999999,-0.44651548246321093,0.16666666666666666,0.3333333333333333,0.0
1195,303:1,299,0.4957034048839084,0.8528685319524432,-0.16399207783238934,0.2222222222222222,0.3333333333333333,0.0
1196,303:2,317,0.25413844188049417,0.9512512425641976,-0.17474188358440257,0.2222222222222222,0.4166666666666667,0.0
1197,303:3,316,0.24552346711188378,0.8365163037378078,-0.48985579579933036,0.16666666666666666,0.4166666666666667,0.0
1198,304:0,299,0.4957034048839084,0.8528685319524432,-0.16399207783238934,0.2222222222222222,0.3333333333333333,0.0
1199,304:1,300,0.5039230874694987,0.8528685319524432,0.13666304957994901,0.2777777777777778,0.3333333333333333,0.0
1200,304:2,318,0.26330630653968967,0.9512512425641976,0.16059533759264966,0.2777777777777778,0.4166666666666667,0.0
1201,304:3,317,0.25413844188049417,0.9512512425641976,-0.17474188358440257,0.2222222222222222,0.4166666666666667,0.0
1202,305:0,300,0.5039230874694987,0.8528685319524432,0.13666304957994901,0.2777777777777778,0.3333333333333333,0.0
1203,305:1,301,0.5116470625403817,0.75,0.4191864542107706,0.3333333333333333,0.3333333333333333,0.0
1204,305:2,319,0.2719212813082983,0.8365163037378079,0.47570924980757745,0.3333333333333333,0.4166666666666667,0.0
1205,305:3,318,0.26330630653968967,0.9512512425641976,0.16059533759264966,0.2777777777777778,0.4166666666666667,0.0
1206,306:0,301,0.5116470625403817,0.75,0.4191864542107706,0.3333333333333333,0.3333333333333333,0.0
1207,306:1,302,0.5179437047092748,0.5566703992264195,0.649501643860221,0.3888888888888889,0.3333333333333333,0.0
1208,306:2,320,0.27894427308574343,0.6208851530148457,0.7325924646612179,0.3888888888888889,0.4166666666666667,0.0
1209,306:3,319,0.2719212813082983,0.8365163037378079,0.47570924980757745,0.3333333333333333,0.4166666666666667,0.0
1210,307:0,302,0.5179437047092748,0.5566703992264195,0.649501643860221,0.3888888888888889,0.3333333333333333,0.0
1211,307:1,303,0.5220535460020717,0.29619813272602397,0.7998292075663902,0.4444444444444444,0.3333333333333333,0.0
1212,307:2,321,0.2835282054153403,0.33036608954935226,0.9002610752497442,0.4444444444444444,0.4166666666666667,0.0
1213,307:3,320,0.27894427308574343,0.6208851530148457,0.7325924646612179,0.3888888888888889,0.4166666666666667,0.0
1214,308:0,303,0.5220535460020717,0.29619813272602397,0.7998292075663902,0.4444444444444444,0.3333333333333333,0.0
1215,308:1,304,0.5234808789040599,1.0605752387249068e-16,0.8520374225477618,0.5,0.3333333333333333,0.0
1216,308:2,322,0.2851201884065073,1.1829179713786696e-16,0.958491772611032,0.5,0.4166666666666667,0.0
1217,308:3,321,0.2835282054153403,0.33036608954935226,0.9002610752497442,0.4444444444444444,0.4166666666666667,0.0
1218,309:0,304,0.5234808789040599,1.0605752387249068e-16,0.8520374225477618,0.5,0.3333333333333333,0.0
1219,309:1,305,0.5220535460020717,-0.29619813272602374,0.7998292075663906,0.5555555555555556,0.3333333333333333,0.0
1220,309:2,323,0.2835282054153403,-0.33036608954935204,0.9002610752497442,0.5555555555555556,0.4166666666666667,0.0
1221,309:3,322,0.2851201884065073,1.1829179713786696e-16,0.958491772611032,0.5,0.4166666666666667,0.0
1222,310:0,305,0.5220535460020717,-0.29619813272602374,0.7998292075663906,0.5555555555555556,0.3333333333333333,0.0
1223,310:1,306,0.5179437047092748,-0.5566703992264193,0.6495016438602215,0.6111111111111112,0.3333333333333333,0.0
1224,310:2,324,0.27894427308574343,-0.6208851530148455,0.7325924646612183,0.6111111111111112,0.4166666666666667,0.0
1225,310:3,323,0.2835282054153403,-0.33036608954935204,0.9002610752497442,0.5555555555555556,0.4166666666666667,0.0
1226,311:0,306,0.5179437047092748,-0.5566703992264193,0.6495016438602215,0.6111111111111112,0.3333333333333333,0.0
1227,311:1,307,0.5116470625403817,-0.7499999999999998,0.4191864542107715,0.6666666666666666,0.3333333333333333,0.0
1228,311:2,325,0.2719212813082983,-0.8365163037378077,0.47570924980757834,0.6666666666666666,0.4166666666666667,0.0
1229,311:3,324,0.27894427308574343,-0.6208851530148455,0.7325924646612183,0.6111111111111112,0.4166666666666667,0.0
1230,312:0,307,0.5116470625403817,-0.7499999999999998,0.4191864542107715,0.6666666666666666,0.3333333333333333,0.0
1231,312:1,308,0.5039230874694987,-0.8528685319524432,0.13666304957994901,0.7222222222222222,0.3333333333333333,0.0
1232,312:2,326,0.26330630653968967,-0.9512512425641976,0.16059533759264966,0.7222222222222222,0.4166666666666667,0.0
1233,312:3,325,0.2719212813082983,-0.8365163037378077,0.47570924980757834,0.6666666666666666,0.4166666666666667,0.0
1234,313:0,308,0.5039230874694987,-0.8528685319524432,0.13666304957994901,0.7222222222222222,0.3333333333333333,0.0
1235,313:1,309,0.4957034048839084,-0.8528685319524433,-0.1639920778323889,0.7777777777777778,0.3333333333333333,0.0
1236,313:2,327,0.25413844188049417,-0.9512512425641977,-0.17474188358440212,0.7777777777777778,0.4166666666666667,0.0
1237,313:3,326,0.26330630653968967,-0.9512512425641976,0.16059533759264966,0.7222222222222222,0.4166666666666667,0.0
1238,314:0,309,0.4957034048839084,-0.8528685319524433,-0.1639920778323889,0.7777777777777778,0.3333333333333333,0.0
1239,314:1,310,0.48797942981302533,-0.7499999999999999,-0.44651548246321093,0.8333333333333334,0.3333333333333333,0.0
1240,314:2,328,0.24552346711188378,-0.8365163037378078,-0.48985579579933036,0.8333333333333334,0.4166666666666667,0.0
1241,314:3,327,0.25413844188049417,-0.9512512425641977,-0.17474188358440212,0.7777777777777778,0.4166666666666667,0.0
1242,315:0,310,0.48797942981302533,-0.7499999999999999,-0.44651548246321093,0.8333333333333334,0.3333333333333333,0.0
1243,315:1,311,0.4816827876441323,-0.5566703992264196,-0.6768306721126609,0.8888888888888888,0.3333333333333333,0.0
1244,315:2,329,0.2385004753344404,-0.6208851530148458,-0.7467390106529708,0.8888888888888888,0.4166666666666667,0.0
1245,315:3,328,0.24552346711188378,-0.8365163037378078,-0.48985579579933036,0.8333333333333334,0.4166666666666667,0.0
1246,316:0,311,0.4816827876441323,-0.5566703992264196,-0.6768306721126609,0.8888888888888888,0.3333333333333333,0.0
1247,316:1,312,0.4775729463513372,-0.2961981327260244,-0.8271582358188305,0.9444444444444444,0.3333333333333333,0.0
1248,316:2,330,0.23391654300484177,-0.33036608954935276,-0.9144076212414967,0.9444444444444444,0.4166666666666667,0.0
1249,316:3,329,0.2385004753344404,-0.6208851530148458,-0.7467390106529708,0.8888888888888888,0.4166666666666667,0.0
1250,317:0,312,0.4775729463513372,-0.2961981327260244,-0.8271582358188305,0.9444444444444444,0.3333333333333333,0.0
1251,317:1,295,0.4761456134493489,0.0,-0.8793664508002021,1.0,0.3333333333333333,0.0
1252,317:2,313,0.23232456001367652,0.0,-0.9726383186027845,1.0,0.4166666666666667,0.0
1253,317:3,330,0.23391654300484177,-0.33036608954935276,-0.9144076212414967,0.9444444444444444,0.4166666666666667,0.0
1254,318:0,313,0.23232456001367652,0.0,-0.9726383186027845,0.0,0.4166666666666667,0.0
1255,318:1,314,0.23391654300484177,0.3303660895493521,-0.9144076212414971,0.05555555555555555,0.4166666666666667,0.0
1256,318:2,332,-0.025680886182067653,0.3420201433256687,-0.9393416384065985,0.05555555555555555,0.5,0.0
1257,318:3,331,-0.027329028252440324,0.0,-0.9996264923534075,0.0,0.5,0.0
1258,319:0,314,0.23391654300484177,0.3303660895493521,-0.9144076212414971,0.05555555555555555,0.4166666666666667,0.0
1259,319:1,315,0.2385004753344404,0.6208851530148455,-0.7467390106529708,0.1111111111111111,0.4166666666666667,0.0
1260,319:2,333,-0.020935250228623303,0.6427876096865393,-0.7657583196618436,0.1111111111111111,0.5,0.0
1261,319:3,332,-0.025680886182067653,0.3420201433256687,-0.9393416384065985,0.05555555555555555,0.5,0.0
1262,320:0,315,0.2385004753344404,0.6208851530148455,-0.7467390106529708,0.1111111111111111,0.4166666666666667,0.0
1263,320:1,316,0.24552346711188378,0.8365163037378078,-0.48985579579933036,0.16666666666666666,0.4166666666666667,0.0
1264,320:2,334,-0.013664514126219274,0.8660254037844386,-0.499813246176704,0.16666666666666666,0.5,0.0
1265,320:3,333,-0.020935250228623303,0.6427876096865393,-0.7657583196618436,0.1111111111111111,0.5,0.0
1266,321:0,316,0.24552346711188378,0.8365163037378078,-0.48985579579933036,0.16666666666666666,0.4166666666666667,0.0
1267,321:1,317,0.25413844188049417,0.9512512425641976,-0.17474188358440257,0.2222222222222222,0.4166666666666667,0.0
1268,321:2,335,-0.004745635953444349,0.984807753012208,-0.17358331874475486,0.2222222222222222,0.5,0.0
1269,321:3,334,-0.013664514126219274,0.8660254037844386,-0.499813246176704,0.16666666666666666,0.5,0.0
1270,322:0,317,0.25413844188049417,0.9512512425641976,-0.17474188358440257,0.2222222222222222,0.4166666666666667,0.0
1271,322:1,318,0.26330630653968967,0.9512512425641976,0.16059533759264966,0.2777777777777778,0.4166666666666667,0.0
1272,322:2,336,0.004745635953444349,0.984807753012208,0.17358331874475486,0.2777777777777778,0.5,0.0
1273,322:3,335,-0.004745635953444349,0.984807753012208,-0.17358331874475486,0.2222222222222222,0.5,0.0
1274,323:0,318,0.26330630653968967,0.9512512425641976,0.16059533759264966,0.2777777777777778,0.4166666666666667,0.0
1275,323:1,319,0.2719212813082983,0.8365163037378079,0.47570924980757745,0.3333333333333333,0.4166666666666667,0.0
1276,323:2,337,0.013664514126219274,0.8660254037844387,0.49981324617670353,0.3333333333333333,0.5,0.0
1277,323:3,336,0.004745635953444349,0.984807753012208,0.17358331874475486,0.2777777777777778,0.5,0.0
1278,324:0,319,0.2719212813082983,0.8365163037378079,0.47570924980757745,0.3333333333333333,0.4166666666666667,0.0
1279,324:1,320,0.27894427308574343,0.6208851530148457,0.7325924646612179,0.3888888888888889,0.4166666666666667,0.0
1280,324:2,338,0.020935250228623303,0.6427876096865395,0.7657583196618432,0.3888888888888889,0.5,0.0
1281,324:3,337,0.013664514126219274,0.8660254037844387,0.49981324617670353,0.3333333333333333,0.5,0.0
1282,325:0,320,0.27894427308574343,0.6208851530148457,0.7325924646612179,0.3888888888888889,0.4166666666666667,0.0
1283,325:1,321,0.2835282054153403,0.33036608954935226,0.9002610752497442,0.4444444444444444,0.4166666666666667,0.0
1284,325:2,339,0.025680886182067653,0.3420201433256689,0.9393416384065985,0.4444444444444444,0.5,0.0
1285,325:3,338,0.020935250228623303,0.6427876096865395,0.7657583196618432,0.3888888888888889,0.5,0.0
1286,326:0,321,0.2835282054153403,0.33036608954935226,0.9002610752497442,0.4444444444444444,0.4166666666666667,0.0
1287,326:1,322,0.2851201884065073,1.1829179713786696e-16,0.958491772611032,0.5,0.4166666666666667,0.0
1288,326:2,340,0.027329028252440324,1.2246467991473532e-16,0.9996264923534075,0.5,0.5,0.0
1289,326:3,339,0.025680886182067653,0.3420201433256689,0.9393416384065985,0.4444444444444444,0.5,0.0
1290,327:0,322,0.2851201884065073,1.1829179713786696e-16,0.958491772611032,0.5,0.4166666666666667,0.0
1291,327:1,323,0.2835282054153403,-0.33036608954935204,0.9002610752497442,0.5555555555555556,0.4166666666666667,0.0
1292,327:2,341,0.025680886182067653,-0.34202014332566866,0.9393416384065985,0.5555555555555556,0.5,0.0
1293,327:3,340,0.027329028252440324,1.2246467991473532e-16,0.9996264923534075,0.5,0.5,0.0
1294,328:0,323,0.2835282054153403,-0.33036608954935204,0.9002610752497442,0.5555555555555556,0.4166666666666667,0.0
1295,328:1,324,0.27894427308574343,-0.6208851530148455,0.7325924646612183,0.6111111111111112,0.4166666666666667,0.0
1296,328:2,342,0.020935250228623303,-0.6427876096865393,0.7657583196618436,0.6111111111111112,0.5,0.0
1297,328:3,341,0.025680886182067653,-0.34202014332566866,0.9393416384065985,0.5555555555555556,0.5,0.0
1298,329:0,324,0.27894427308574343,-0.6208851530148455,0.7325924646612183,0.6111111111111112,0.4166666666666667,0.0
1299,329:1,325,0.2719212813082983,-0.8365163037378077,0.47570924980757834,0.6666666666666666,0.4166666666666667,0.0
1300,329:2,343,0.013664514126219274,-0.8660254037844385,0.4998132461767044,0.6666666666666666,0.5,0.0
1301,329:3,342,0.020935250228623303,-0.6427876096865393,0.7657583196618436,0.6111111111111112,0.5,0.0
1302,330:0,325,0.2719212813082983,-0.8365163037378077,0.47570924980757834,0.6666666666666666,0.4166666666666667,0.0
1303,330:1,326,0.26330630653968967,-0.9512512425641976,0.16059533759264966,0.7222222222222222,0.4166666666666667,0.0
1304,330:2,344,0.004745635953444349,-0.984807753012208,0.17358331874475486,0.7222222222222222,0.5,0.0
1305,330:3,343,0.013664514126219274,-0.8660254037844385,0.4998132461767044,0.6666666666666666,0.5,0.0
1306,331:0,326,0.26330630653968967,-0.9512512425641976,0.16059533759264966,0.7222222222222222,0.4166666666666667,0.0
1307,331:1,327,0.25413844188049417,-0.9512512425641977,-0.17474188358440212,0.7777777777777778,0.4166666666666667,0.0
1308,331:2,345,-0.004745635953444349,-0.9848077530122081,-0.1735833187447544,0.7777777777777778,0.5,0.0
1309,331:3,344,0.004745635953444349,-0.984807753012208,0.17358331874475486,0.7222222222222222,0.5,0.0
1310,332:0,327,0.25413844188049417,-0.9512512425641977,-0.17474188358440212,0.7777777777777778,0.4166666666666667,0.0
1311,332:1,328,0.24552346711188378,-0.8365163037378078,-0.48985579579933036,0.8333333333333334,0.4166666666666667,0.0
1312,332:2,346,-0.013664514126219274,-0.8660254037844386,-0.499813246176704,0.8333333333333334,0.5,0.0
1313,332:3,345,-0.004745635953444349,-0.9848077530122081,-0.1735833187447544,0.7777777777777778,0.5,0.0
1314,333:0,328,0.24552346711188378,-0.8365163037378078,-0.48985579579933036,0.8333333333333334,0.4166666666666667,0.0
1315,333:1,329,0.2385004753344404,-0.6208851530148458,-0.7467390106529708,0.8888888888888888,0.4166666666666667,0.0
1316,333:2,347,-0.020935250228623303,-0.6427876096865396,-0.7657583196618432,0.8888888888888888,0.5,0.0
1317,333:3,346,-0.013664514126219274,-0.8660254037844386,-0.499813246176704,0.8333333333333334,0.5,0.0
1318,334:0,329,0.2385004753344404,-0.6208851530148458,-0.7467390106529708,0.8888888888888888,0.4166666666666667,0.0
1319,334:1,330,0.23391654300484177,-0.33036608954935276,-0.9144076212414967,0.9444444444444444,0.4166666666666667,0.0
1320,334:2,348,-0.025680886182067653,-0.34202014332566943,-0.939341638406598,0.9444444444444444,0.5,0.0
1321,334:3,347,-0.020935250228623303,-0.6427876096865396,-0.7657583196618432,0.8888888888888888,0.5,0.0
1322,335:0,330,0.23391654300484177,-0.33036608954935276,-0.9144076212414967,0.9444444444444444,0.4166666666666667,0.0
1323,335:1,313,0.23232456001367652,0.0,-0.9726383186027845,1.0,0.4166666666666667,0.0
1324,335:2,331,-0.027329028252440324,0.0,-0.9996264923534075,1.0,0.5,0.0
1325,335:3,348,-0.025680886182067653,-0.34202014332566943,-0.939341638406598,0.9444444444444444,0.5,0.0
1326,336:0,331,-0.027329028252440324,0.0,-0.9996264923534075,0.0,0.5,0.0
1327,336:1,332,-0.025680886182067653,0.3420201433256687,-0.9393416384065985,0.05555555555555555,0.5,0.0
1328,336:2,350,-0.2835282054153403,0.33036608954935215,-0.9002610752497446,0.05555555555555555,0.5833333333333334,0.0
1329,336:3,349,-0.2851201884065073,0.0,-0.958491772611032,0.0,0.5833333333333334,0.0
1330,337:0,332,-0.025680886182067653,0.3420201433256687,-0.9393416384065985,0.05555555555555555,0.5,0.0
1331,337:1,333,-0.020935250228623303,0.6427876096865393,-0.7657583196618436,0.1111111111111111,0.5,0.0
1332,337:2,351,-0.27894427308574166,0.6208851530148456,-0.7325924646612183,0.1111111111111111,0.5833333333333334,0.0
1333,337:3,350,-0.2835282054153403,0.33036608954935215,-0.9002610752497446,0.05555555555555555,0.5833333333333334,0.0
1334,338:0,333,-0.020935250228623303,0.6427876096865393,-0.7657583196618436,0.1111111111111111,0.5,0.0
1335,338:1,334,-0.013664514126219274,0.8660254037844386,-0.499813246176704,0.16666666666666666,0.5,0.0
1336,338:2,352,-0.2719212813082983,0.8365163037378078,-0.4757092498075779,0.16666666666666666,0.5833333333333334,0.0
1337,338:3,351,-0.27894427308574166,0.6208851530148456,-0.7325924646612183,0.1111111111111111,0.5833333333333334,0.0
1338,339:0,334,-0.013664514126219274,0.8660254037844386,-0.499813246176704,0.16666666666666666,0.5,0.0
1339,339:1,335,-0.004745635953444349,0.984807753012208,-0.17358331874475486,0.2222222222222222,0.5,0.0
1340,339:2,353,-0.26330630653968967,0.9512512425641977,-0.16059533759264966,0.2222222222222222,0.5833333333333334,0.0
1341,339:3,352,-0.2719212813082983,0.8365163037378078,-0.4757092498075779,0.16666666666666666,0.5833333333333334,0.0
1342,340:0,335,-0.004745635953444349,0.984807753012208,-0.17358331874475486,0.2222222222222222,0.5,0.0
1343,340:1,336,0.004745635953444349,0.984807753012208,0.17358331874475486,0.2777777777777778,0.5,0.0
1344,340:2,354,-0.25413844188049417,0.9512512425641977,0.17474188358440257,0.2777777777777778,0.5833333333333334,0.0
1345,340:3,353,-0.26330630653968967,0.9512512425641977,-0.16059533759264966,0.2222222222222222,0.5833333333333334,0.0
1346,341:0,336,0.004745635953444349,0.984807753012208,0.17358331874475486,0.2777777777777778,0.5,0.0
1347,341:1,337,0.013664514126219274,0.8660254037844387,0.49981324617670353,0.3333333333333333,0.5,0.0
1348,341:2,355,-0.24552346711188378,0.8365163037378079,0.48985579579933036,0.3333333333333333,0.5833333333333334,0.0
1349,341:3,354,-0.25413844188049417,0.9512512425641977,0.17474188358440257,0.2777777777777778,0.5833333333333334,0.0
1350,342:0,337,0.013664514126219274,0.8660254037844387,0.49981324617670353,0.3333333333333333,0.5,0.0
1351,342:1,338,0.020935250228623303,0.6427876096865395,0.7657583196618432,0.3888888888888889,0.5,0.0
1352,342:2,356,-0.2385004753344404,0.6208851530148458,0.7467390106529708,0.3888888888888889,0.5833333333333334,0.0
1353,342:3,355,-0.24552346711188378,0.8365163037378079,0.48985579579933036,0.3333333333333333,0.5833333333333334,0.0
1354,343:0,338,0.020935250228623303,0.6427876096865395,0.7657583196618432,0.3888888888888889,0.5,0.0
1355,343:1,339,0.025680886182067653,0.3420201433256689,0.9393416384065985,0.4444444444444444,0.5,0.0
1356,343:2,357,-0.23391654300484177,0.33036608954935226,0.9144076212414971,0.4444444444444444,0.5833333333333334,0.0
1357,343:3,356,-0.2385004753344404,0.6208851530148458,0.7467390106529708,0.3888888888888889,0.5833333333333334,0.0
1358,344:0,339,0.025680886182067653,0.3420201433256689,0.9393416384065985,0.4444444444444444,0.5,0.0
1359,344:1,340,0.027329028252440324,1.2246467991473532e-16,0.9996264923534075,0.5,0.5,0.0
1360,344:2,358,-0.23232456001367474,1.1829179713786698e-16,0.9726383186027845,0.5,0.5833333333333334,0.0
1361,344:3,357,-0.23391654300484177,0.33036608954935226,0.9144076212414971,0.4444444444444444,0.5833333333333334,0.0
1362,345:0,340,0.027329028252440324,1.2246467991473532e-16,0.9996264923534075,0.5,0.5,0.0
1363,345:1,341,0.025680886182067653,-0.34202014332566866,0.9393416384065985,0.5555555555555556,0.5,0.0
1364,345:2,359,-0.23391654300484177,-0.3303660895493521,0.9144076212414971,0.5555555555555556,0.5833333333333334,0.0
1365,345:3,358,-0.23232456001367474,1.1829179713786698e-16,0.9726383186027845,0.5,0.5833333333333334,0.0
1366,346:0,341,0.025680886182067653,-0.34202014332566866,0.9393416384065985,0.5555555555555556,0.5,0.0
1367,346:1,342,0.020935250228623303,-0.6427876096865393,0.7657583196618436,0.6111111111111112,0.5,0.0
1368,346:2,360,-0.2385004753344404,-0.6208851530148456,0.7467390106529712,0.6111111111111112,0.5833333333333334,0.0
1369,346:3,359,-0.23391654300484177,-0.3303660895493521,0.9144076212414971,0.5555555555555556,0.5833333333333334,0.0
1370,347:0,342,0.020935250228623303,-0.6427876096865393,0.7657583196618436,0.6111111111111112,0.5,0.0
1371,347:1,343,0.013664514126219274,-0.8660254037844385,0.4998132461767044,0.6666666666666666,0.5,0.0
1372,347:2,361,-0.24552346711188378,-0.8365163037378077,0.4898557957993308,0.6666666666666666,0.5833333333333334,0.0
1373,347:3,360,-0.2385004753344404,-0.6208851530148456,0.7467390106529712,0.6111111111111112,0.5833333333333334,0.0
1374,348:0,343,0.013664514126219274,-0.8660254037844385,0.4998132461767044,0.6666666666666666,0.5,0.0
1375,348:1,344,0.004745635953444349,-0.984807753012208,0.17358331874475486,0.7222222222222222,0.5,0.0
1376,348:2,362,-0.25413844188049417,-0.9512512425641977,0.17474188358440257,0.7222222222222222,0.5833333333333334,0.0
1377,348:3,361,-0.24552346711188378,-0.8365163037378077,0.4898557957993308,0.6666666666666666,0.5833333333333334,0.0
1378,349:0,344,0.004745635953444349,-0.984807753012208,0.17358331874475486,0.7222222222222222,0.5,0.0
1379,349:1,345,-0.004745635953444349,-0.9848077530122081,-0.1735833187447544,0.7777777777777778,0.5,0.0
1380,349:2,363,-0.26330630653968967,-0.9512512425641978,-0.1605953375926492,0.7777777777777778,0.5833333333333334,0.0
1381,349:3,362,-0.25413844188049417,-0.9512512425641977,0.17474188358440257,0.7222222222222222,0.5833333333333334,0.0
1382,350:0,345,-0.004745635953444349,-0.9848077530122081,-0.1735833187447544,0.7777777777777778,0.5,0.0
1383,350:1,346,-0.013664514126219274,-0.8660254037844386,-0.499813246176704,0.8333333333333334,0.5,0.0
1384,350:2,364,-0.2719212813082983,-0.8365163037378078,-0.4757092498075779,0.8333333333333334,0.5833333333333334,0.0
1385,350:3,363,-0.26330630653968967,-0.9512512425641978,-0.1605953375926492,0.7777777777777778,0.5833333333333334,0.0
1386,351:0,346,-0.013664514126219274,-0.8660254037844386,-0.499813246176704,0.8333333333333334,0.5,0.0
1387,351:1,347,-0.020935250228623303,-0.6427876096865396,-0.7657583196618432,0.8888888888888888,0.5,0.0
1388,351:2,365,-0.27894427308574166,-0.6208851530148459,-0.7325924646612179,0.8888888888888888,0.5833333333333334,0.0
1389,351:3,364,-0.2719212813082983,-0.8365163037378078,-0.4757092498075779,0.8333333333333334,0.5833333333333334,0.0
1390,352:0,347,-0.020935250228623303,-0.6427876096865396,-0.7657583196618432,0.8888888888888888,0.5,0.0
1391,352:1,348,-0.025680886182067653,-0.34202014332566943,-0.939341638406598,0.9444444444444444,0.5,0.0
1392,352:2,366,-0.2835282054153403,-0.3303660895493528,-0.9002610752497442,0.9444444444444444,0.5833333333333334,0.0
1393,352:3,365,-0.27894427308574166,-0.6208851530148459,-0.7325924646612179,0.8888888888888888,0.5833333333333334,0.0
1394,353:0,348,-0.025680886182067653,-0.34202014332566943,-0.939341638406598,0.9444444444444444,0.5,0.0
1395,353:1,331,-0.027329028252440324,0.0,-0.9996264923534075,1.0,0.5,0.0
1396,353:2,349,-0.2851201884065073,0.0,-0.958491772611032,1.0,0.5833333333333334,0.0
1397,353:3,366,-0.2835282054153403,-0.3303660895493528,-0.9002610752497442,0.9444444444444444,0.5833333333333334,0.0
1398,354:0,349,-0.2851201884065073,0.0,-0.958491772611032,0.0,0.5833333333333334,0.0
1399,354:1,350,-0.2835282054153403,0.33036608954935215,-0.9002610752497446,0.05555555555555555,0.5833333333333334,0.0
1400,354:2,368,-0.5220535460020717,0.29619813272602386,-0.7998292075663906,0.05555555555555555,0.6666666666666666,0.0
1401,354:3,367,-0.5234808789040599,0.0,-0.8520374225477618,0.0,0.6666666666666666,0.0
1402,355:0,350,-0.2835282054153403,0.33036608954935215,-0.9002610752497446,0.05555555555555555,0.5833333333333334,0.0
1403,355:1,351,-0.27894427308574166,0.6208851530148456,-0.7325924646612183,0.1111111111111111,0.5833333333333334,0.0
1404,355:2,369,-0.5179437047092748,0.5566703992264194,-0.6495016438602215,0.1111111111111111,0.6666666666666666,0.0
1405,355:3,368,-0.5220535460020717,0.29619813272602386,-0.7998292075663906,0.05555555555555555,0.6666666666666666,0.0
1406,356:0,351,-0.27894427308574166,0.6208851530148456,-0.7325924646612183,0.1111111111111111,0.5833333333333334,0.0
1407,356:1,352,-0.2719212813082983,0.8365163037378078,-0.4757092498075779,0.16666666666666666,0.5833333333333334,0.0
1408,356:2,370,-0.5116470625403817,0.75,-0.41918645421077105,0.16666666666666666,0.6666666666666666,0.0
1409,356:3,369,-0.5179437047092748,0.5566703992264194,-0.6495016438602215,0.1111111111111111,0.6666666666666666,0.0
1410,357:0,352,-0.2719212813082983,0.8365163037378078,-0.4757092498075779,0.16666666666666666,0.5833333333333334,0.0
1411,357:1,353,-0.26330630653968967,0.9512512425641977,-0.16059533759264966,0.2222222222222222,0.5833333333333334,0.0
1412,357:2,371,-0.5039230874694987,0.8528685319524433,-0.13666304957994946,0.2222222222222222,0.6666666666666666,0.0
1413,357:3,370,-0.5116470625403817,0.75,-0.41918645421077105,0.16666666666666666,0.6666666666666666,0.0
1414,358:0,353,-0.26330630653968967,0.9512512425641977,-0.16059533759264966,0.2222222222222222,0.5833333333333334,0.0
1415,358:1,354,-0.25413844188049417,0.9512512425641977,0.17474188358440257,0.2777777777777778,0.5833333333333334,0.0
1416,358:2,372,-0.4957034048839084,0.8528685319524433,0.16399207783238934,0.2777777777777778,0.6666666666666666,0.0
1417,358:3,371,-0.5039230874694987,0.8528685319524433,-0.13666304957994946,0.2222222222222222,0.6666666666666666,0.0
1418,359:0,354,-0.25413844188049417,0.9512512425641977,0.17474188358440257,0.2777777777777778,0.5833333333333334,0.0
1419,359:1,355,-0.24552346711188378,0.8365163037378079,0.48985579579933036,0.3333333333333333,0.5833333333333334,0.0
1420,359:2,373,-0.48797942981302533,0.7500000000000001,0.44651548246321093,0.3333333333333333,0.6666666666666666,0.0
1421,359:3,372,-0.4957034048839084,0.8528685319524433,0.16399207783238934,0.2777777777777778,0.6666666666666666,0.0
1422,360:0,355,-0.24552346711188378,0.8365163037378079,0.48985579579933036,0.3333333333333333,0.5833333333333334,0.0
1423,360:1,356,-0.2385004753344404,0.6208851530148458,0.7467390106529708,0.3888888888888889,0.5833333333333334,0.0
1424,360:2,374,-0.4816827876441323,0.5566703992264196,0.6768306721126613,0.3888888888888889,0.6666666666666666,0.0
1425,360:3,373,-0.48797942981302533,0.7500000000000001,0.44651548246321093,0.3333333333333333,0.6666666666666666,0.0
1426,361:0,356,-0.2385004753344404,0.6208851530148458,0.7467390106529708,0.3888888888888889,0.5833333333333334,0.0
1427,361:1,357,-0.23391654300484177,0.33036608954935226,0.9144076212414971,0.4444444444444444,0.5833333333333334,0.0
1428,361:2,375,-0.4775729463513372,0.29619813272602397,0.8271582358188305,0.4444444444444444,0.6666666666666666,0.0
1429,361:3,374,-0.4816827876441323,0.5566703992264196,0.6768306721126613,0.3888888888888889,0.6666666666666666,0.0
1430,362:0,357,-0.23391654300484177,0.33036608954935226,0.9144076212414971,0.4444444444444444,0.5833333333333334,0.0
1431,362:1,358,-0.23232456001367474,1.1829179713786698e-16,0.9726383186027845,0.5,0.5833333333333334,0.0
1432,362:2,376,-0.47614561344934714,1.0605752387249069e-16,0.8793664508002021,0.5,0.6666666666666666,0.0
1433,362:3,375,-0.4775729463513372,0.29619813272602397,0.8271582358188305,0.4444444444444444,0.6666666666666666,0.0
1434,363:0,358,-0.23232456001367474,1.1829179713786698e-16,0.9726383186027845,0.5,0.5833333333333334,0.0
1435,363:1,359,-0.23391654300484177,-0.3303660895493521,0.9144076212414971,0.5555555555555556,0.5833333333333334,0.0
1436,363:2,377,-0.4775729463513372,-0.2961981327260238,0.8271582358188305,0.5555555555555556,0.6666666666666666,0.0
1437,363:3,376,-0.47614561344934714,1.0605752387249069e-16,0.8793664508002021,0.5,0.6666666666666666,0.0
1438,364:0,359,-0.23391654300484177,-0.3303660895493521,0.9144076212414971,0.5555555555555556,0.5833333333333334,0.0
1439,364:1,360,-0.2385004753344404,-0.6208851530148456,0.7467390106529712,0.6111111111111112,0.5833333333333334,0.0
1440,364:2,378,-0.4816827876441323,-0.5566703992264194,0.6768306721126613,0.6111111111111112,0.6666666666666666,0.0
1441,364:3,377,-0.4775729463513372,-0.2961981327260238,0.8271582358188305,0.5555555555555556,0.6666666666666666,0.0
1442,365:0,360,-0.2385004753344404,-0.6208851530148456,0.7467390106529712,0.6111111111111112,0.5833333333333334,0.0
1443,365:1,361,-0.24552346711188378,-0.8365163037378077,0.4898557957993308,0.6666666666666666,0.5833333333333334,0.0
1444,365:2,379,-0.48797942981302533,-0.7499999999999999,0.4465154824632114,0.6666666666666666,0.6666666666666666,0.0
1445,365:3,378,-0.4816827876441323,-0.5566703992264194,0.6768306721126613,0.6111111111111112,0.6666666666666666,0.0
1446,366:0,361,-0.24552346711188378,-0.8365163037378077,0.4898557957993308,0.6666666666666666,0.5833333333333334,0.0
1447,366:1,362,-0.25413844188049417,-0.9512512425641977,0.17474188358440257,0.7222222222222222,0.5833333333333334,0.0
1448,366:2,380,-0.4957034048839084,-0.8528685319524433,0.16399207783238934,0.7222222222222222,0.6666666666666666,0.0
1449,366:3,379,-0.48797942981302533,-0.7499999999999999,0.4465154824632114,0.6666666666666666,0.6666666666666666,0.0
1450,367:0,362,-0.25413844188049417,-0.9512512425641977,0.17474188358440257,0.7222222222222222,0.5833333333333334,0.0
1451,367:1,363,-0.26330630653968967,-0.9512512425641978,-0.1605953375926492,0.7777777777777778,0.5833333333333334,0.0
1452,367:2,381,-0.5039230874694987,-0.8528685319524434,-0.13666304957994901,0.7777777777777778,0.6666666666666666,0.0
1453,367:3,380,-0.4957034048839084,-0.8528685319524433,0.16399207783238934,0.7222222222222222,0.6666666666666666,0.0
1454,368:0,363,-0.26330630653968967,-0.9512512425641978,-0.1605953375926492,0.7777777777777778,0.5833333333333334,0.0
1455,368:1,364,-0.2719212813082983,-0.8365163037378078,-0.4757092498075779,0.8333333333333334,0.5833333333333334,0.0
1456,368:2,382,-0.5116470625403817,-0.75,-0.41918645421077105,0.8333333333333334,0.6666666666666666,0.0
1457,368:3,381,-0.5039230874694987,-0.8528685319524434,-0.13666304957994901,0.7777777777777778,0.6666666666666666,0.0
1458,369:0,364,-0.2719212813082983,-0.8365163037378078,-0.4757092498075779,0.8333333333333334,0.5833333333333334,0.0
1459,369:1,365,-0.27894427308574166,-0.6208851530148459,-0.7325924646612179,0.8888888888888888,0.5833333333333334,0.0
1460,369:2,383,-0.5179437047092748,-0.5566703992264196,-0.649501643860221,0.8888888888888888,0.6666666666666666,0.0
1461,369:3,382,-0.5116470625403817,-0.75,-0.41918645421077105,0.8333333333333334,0.6666666666666666,0.0
1462,370:0,365,-0.27894427308574166,-0.6208851530148459,-0.7325924646612179,0.8888888888888888,0.5833333333333334,0.0
1463,370:1,366,-0.2835282054153403,-0.3303660895493528,-0.9002610752497442,0.9444444444444444,0.5833333333333334,0.0
1464,370:2,384,-0.5220535460020717,-0.29619813272602447,-0.7998292075663902,0.9444444444444444,0.6666666666666666,0.0
1465,370:3,383,-0.5179437047092748,-0.5566703992264196,-0.649501643860221,0.8888888888888888,0.6666666666666666,0.0
1466,371:0,366,-0.2835282054153403,-0.3303660895493528,-0.9002610752497442,0.9444444444444444,0.5833333333333334,0.0
1467,371:1,349,-0.2851201884065073,0.0,-0.958491772611032,1.0,0.5833333333333334,0.0
1468,371:2,367,-0.5234808789040599,0.0,-0.8520374225477618,1.0,0.6666666666666666,0.0
1469,371:3,384,-0.5220535460020717,-0.29619813272602447,-0.7998292075663902,0.9444444444444444,0.6666666666666666,0.0
1470,372:0,367,-0.5234808789040599,0.0,-0.8520374225477618,0.0,0.6666666666666666,0.0
1471,372:1,368,-0.5220535460020717,0.29619813272602386,-0.7998292075663906,0.05555555555555555,0.6666666666666666,0.0
1472,372:2,386,-0.725001800163037,0.24184476264797528,-0.6448903011676488,0.05555555555555555,0.75,0.0
1473,372:3,385,-0.7261672125973568,0.0,-0.687518130196278,0.0,0.75,0.0
1474,373:0,368,-0.5220535460020717,0.29619813272602386,-0.7998292075663906,0.05555555555555555,0.6666666666666666,0.0
1475,373:1,369,-0.5179437047092748,0.5566703992264194,-0.6495016438602215,0.1111111111111111,0.6666666666666666,0.0
1476,373:2,387,-0.7216461287993141,0.45451947767204365,-0.5221483593823661,0.1111111111111111,0.75,0.0
1477,373:3,386,-0.725001800163037,0.24184476264797528,-0.6448903011676488,0.05555555555555555,0.75,0.0
1478,374:0,369,-0.5179437047092748,0.5566703992264194,-0.6495016438602215,0.1111111111111111,0.6666666666666666,0.0
1479,374:1,370,-0.5116470625403817,0.75,-0.41918645421077105,0.16666666666666666,0.6666666666666666,0.0
1480,374:2,388,-0.716504941997087,0.6123724356957946,-0.33409679449786944,0.16666666666666666,0.75,0.0
1481,374:3,387,-0.7216461287993141,0.45451947767204365,-0.5221483593823661,0.1111111111111111,0.75,0.0
1482,375:0,370,-0.5116470625403817,0.75,-0.41918645421077105,0.16666666666666666,0.6666666666666666,0.0
1483,375:1,371,-0.5039230874694987,0.8528685319524433,-0.13666304957994946,0.2222222222222222,0.6666666666666666,0.0
1484,375:2,389,-0.7101983427605401,0.696364240320019,-0.10341740058474302,0.2222222222222222,0.75,0.0
1485,375:3,388,-0.716504941997087,0.6123724356957946,-0.33409679449786944,0.16666666666666666,0.75,0.0
1486,376:0,371,-0.5039230874694987,0.8528685319524433,-0.13666304957994946,0.2222222222222222,0.6666666666666666,0.0
1487,376:1,372,-0.4957034048839084,0.8528685319524433,0.16399207783238934,0.2777777777777778,0.6666666666666666,0.0
1488,376:2,390,-0.7034870000330944,0.696364240320019,0.14206648298582136,0.2777777777777778,0.75,0.0
1489,376:3,389,-0.7101983427605401,0.696364240320019,-0.10341740058474302,0.2222222222222222,0.75,0.0
1490,377:0,372,-0.4957034048839084,0.8528685319524433,0.16399207783238934,0.2777777777777778,0.6666666666666666,0.0
1491,377:1,373,-0.48797942981302533,0.7500000000000001,0.44651548246321093,0.3333333333333333,0.6666666666666666,0.0
1492,377:2,391,-0.6971804007965474,0.6123724356957946,0.37274587689894734,0.3333333333333333,0.75,0.0
1493,377:3,390,-0.7034870000330944,0.696364240320019,0.14206648298582136,0.2777777777777778,0.75,0.0
1494,378:0,373,-0.48797942981302533,0.7500000000000001,0.44651548246321093,0.3333333333333333,0.6666666666666666,0.0
1495,378:1,374,-0.4816827876441323,0.5566703992264196,0.6768306721126613,0.3888888888888889,0.6666666666666666,0.0
1496,378:2,392,-0.6920392139943203,0.4545194776720438,0.5607974417834445,0.3888888888888889,0.75,0.0
1497,378:3,391,-0.6971804007965474,0.6123724356957946,0.37274587689894734,0.3333333333333333,0.75,0.0
1498,379:0,374,-0.4816827876441323,0.5566703992264196,0.6768306721126613,0.3888888888888889,0.6666666666666666,0.0
1499,379:1,375,-0.4775729463513372,0.29619813272602397,0.8271582358188305,0.4444444444444444,0.6666666666666666,0.0
1500,379:2,393,-0.6886835426305975,0.2418447626479754,0.6835393835687267,0.4444444444444444,0.75,0.0
1501,379:3,392,-0.6920392139943203,0.4545194776720438,0.5607974417834445,0.3888888888888889,0.75,0.0
1502,380:0,375,-0.4775729463513372,0.29619813272602397,0.8271582358188305,0.4444444444444444,0.6666666666666666,0.0
1503,380:1,376,-0.47614561344934714,1.0605752387249069e-16,0.8793664508002021,0.5,0.6666666666666666,0.0
1504,380:2,394,-0.6875181301962776,8.659560562354934e-17,0.7261672125973564,0.5,0.75,0.0
1505,380:3,393,-0.6886835426305975,0.2418447626479754,0.6835393835687267,0.4444444444444444,0.75,0.0
1506,381:0,376,-0.47614561344934714,1.0605752387249069e-16,0.8793664508002021,0.5,0.6666666666666666,0.0
1507,381:1,377,-0.4775729463513372,-0.2961981327260238,0.8271582358188305,0.5555555555555556,0.6666666666666666,0.0
1508,381:2,395,-0.6886835426305975,-0.24184476264797522,0.6835393835687271,0.5555555555555556,0.75,0.0
1509,381:3,394,-0.6875181301962776,8.659560562354934e-17,0.7261672125973564,0.5,0.75,0.0
1510,382:0,377,-0.4775729463513372,-0.2961981327260238,0.8271582358188305,0.5555555555555556,0.6666666666666666,0.0
1511,382:1,378,-0.4816827876441323,-0.5566703992264194,0.6768306721126613,0.6111111111111112,0.6666666666666666,0.0
1512,382:2,396,-0.6920392139943203,-0.45451947767204365,0.5607974417834445,0.6111111111111112,0.75,0.0
1513,382:3,395,-0.6886835426305975,-0.24184476264797522,0.6835393835687271,0.5555555555555556,0.75,0.0
1514,383:0,378,-0.4816827876441323,-0.5566703992264194,0.6768306721126613,0.6111111111111112,0.6666666666666666,0.0
1515,383:1,379,-0.48797942981302533,-0.7499999999999999,0.4465154824632114,0.6666666666666666,0.6666666666666666,0.0
1516,383:2,397,-0.6971804007965474,-0.6123724356957945,0.3727458768989478,0.6666666666666666,0.75,0.0
1517,383:3,396,-0.6920392139943203,-0.45451947767204365,0.5607974417834445,0.6111111111111112,0.75,0.0
1518,384:0,379,-0.48797942981302533,-0.7499999999999999,0.4465154824632114,0.6666666666666666,0.6666666666666666,0.0
1519,384:1,380,-0.4957034048839084,-0.8528685319524433,0.16399207783238934,0.7222222222222222,0.6666666666666666,0.0
1520,384:2,398,-0.7034870000330944,-0.696364240320019,0.14206648298582136,0.7222222222222222,0.75,0.0
1521,384:3,397,-0.6971804007965474,-0.6123724356957945,0.3727458768989478,0.6666666666666666,0.75,0.0
1522,385:0,380,-0.4957034048839084,-0.8528685319524433,0.16399207783238934,0.7222222222222222,0.6666666666666666,0.0
1523,385:1,381,-0.5039230874694987,-0.8528685319524434,-0.13666304957994901,0.7777777777777778,0.6666666666666666,0.0
1524,385:2,399,-0.7101983427605401,-0.6963642403200191,-0.10341740058474258,0.7777777777777778,0.75,0.0
1525,385:3,398,-0.7034870000330944,-0.696364240320019,0.14206648298582136,0.7222222222222222,0.75,0.0
1526,386:0,381,-0.5039230874694987,-0.8528685319524434,-0.13666304957994901,0.7777777777777778,0.6666666666666666,0.0
1527,386:1,382,-0.5116470625403817,-0.75,-0.41918645421077105,0.8333333333333334,0.6666666666666666,0.0
1528,386:2,400,-0.716504941997087,-0.6123724356957946,-0.33409679449786944,0.8333333333333334,0.75,0.0
1529,386:3,399,-0.7101983427605401,-0.6963642403200191,-0.10341740058474258,0.7777777777777778,0.75,0.0
1530,387:0,382,-0.5116470625403817,-0.75,-0.41918645421077105,0.8333333333333334,0.6666666666666666,0.0
1531,387:1,383,-0.5179437047092748,-0.5566703992264196,-0.649501643860221,0.8888888888888888,0.6666666666666666,0.0
1532,387:2,401,-0.7216461287993141,-0.45451947767204387,-0.5221483593823661,0.8888888888888888,0.75,0.0
1533,387:3,400,-0.716504941997087,-0.6123724356957946,-0.33409679449786944,0.8333333333333334,0.75,0.0
1534,388:0,383,-0.5179437047092748,-0.5566703992264196,-0.649501643860221,0.8888888888888888,0.6666666666666666,0.0
1535,388:1,384,-0.5220535460020717,-0.29619813272602447,-0.7998292075663902,0.9444444444444444,0.6666666666666666,0.0
1536,388:2,402,-0.725001800163037,-0.24184476264797578,-0.6448903011676483,0.9444444444444444,0.75,0.0
1537,388:3,401,-0.7216461287993141,-0.45451947767204387,-0.5221483593823661,0.8888888888888888,0.75,0.0
1538,389:0,384,-0.5220535460020717,-0.29619813272602447,-0.7998292075663902,0.9444444444444444,0.6666666666666666,0.0
1539,389:1,367,-0.5234808789040599,0.0,-0.8520374225477618,1.0,0.6666666666666666,0.0
1540,389:2,385,-0.7261672125973568,0.0,-0.687518130196278,1.0,0.75,0.0
1541,389:3,402,-0.725001800163037,-0.24184476264797578,-0.6448903011676483,0.9444444444444444,0.75,0.0
1542,390:0,385,-0.7261672125973568,0.0,-0.687518130196278,0.0,0.75,0.0
1543,390:1,386,-0.725001800163037,0.24184476264797528,-0.6448903011676488,0.05555555555555555,0.75,0.0
1544,390:2,404,-0.8785423797650154,0.17101007166283447,-0.4460031864759437,0.05555555555555555,0.8333333333333334,0.0
1545,390:3,403,-0.8793664508002017,0.0,-0.47614561344934847,0.0,0.8333333333333334,0.0
1546,391:0,386,-0.725001800163037,0.24184476264797528,-0.6448903011676488,0.05555555555555555,0.75,0.0
1547,391:1,387,-0.7216461287993141,0.45451947767204365,-0.5221483593823661,0.1111111111111111,0.75,0.0
1548,391:2,405,-0.8761695617882932,0.32139380484326985,-0.3592115271035663,0.1111111111111111,0.8333333333333334,0.0
1549,391:3,404,-0.8785423797650154,0.17101007166283447,-0.4460031864759437,0.05555555555555555,0.8333333333333334,0.0
1550,392:0,387,-0.7216461287993141,0.45451947767204365,-0.5221483593823661,0.1111111111111111,0.75,0.0
1551,392:1,388,-0.716504941997087,0.6123724356957946,-0.33409679449786944,0.16666666666666666,0.75,0.0
1552,392:2,406,-0.8725341937370921,0.4330127018922196,-0.22623899036099626,0.16666666666666666,0.8333333333333334,0.0
1553,392:3,405,-0.8761695617882932,0.32139380484326985,-0.3592115271035663,0.1111111111111111,0.8333333333333334,0.0
1554,393:0,388,-0.716504941997087,0.6123724356957946,-0.33409679449786944,0.16666666666666666,0.75,0.0
1555,393:1,389,-0.7101983427605401,0.696364240320019,-0.10341740058474302,0.2222222222222222,0.75,0.0
1556,393:2,407,-0.8680747546507046,0.49240387650610434,-0.06312402664502192,0.2222222222222222,0.8333333333333334,0.0
1557,393:3,406,-0.8725341937370921,0.4330127018922196,-0.22623899036099626,0.16666666666666666,0.8333333333333334,0.0
1558,394:0,389,-0.7101983427605401,0.696364240320019,-0.10341740058474302,0.2222222222222222,0.75,0.0
1559,394:1,390,-0.7034870000330944,0.696364240320019,0.14206648298582136,0.2777777777777778,0.75,0.0
1560,394:2,408,-0.8633291186972603,0.49240387650610434,0.11045929209973337,0.2777777777777778,0.8333333333333334,0.0
1561,394:3,407,-0.8680747546507046,0.49240387650610434,-0.06312402664502192,0.2222222222222222,0.8333333333333334,0.0
1562,395:0,390,-0.7034870000330944,0.696364240320019,0.14206648298582136,0.2777777777777778,0.75,0.0
1563,395:1,391,-0.6971804007965474,0.6123724356957946,0.37274587689894734,0.3333333333333333,0.75,0.0
1564,395:2,409,-0.858869679610871,0.43301270189221963,0.2735742558157077,0.3333333333333333,0.8333333333333334,0.0
1565,395:3,408,-0.8633291186972603,0.49240387650610434,0.11045929209973337,0.2777777777777778,0.8333333333333334,0.0
1566,396:0,391,-0.6971804007965474,0.6123724356957946,0.37274587689894734,0.3333333333333333,0.75,0.0
1567,396:1,392,-0.6920392139943203,0.4545194776720438,0.5607974417834445,0.3888888888888889,0.75,0.0
1568,396:2,410,-0.8552343115596699,0.32139380484326996,0.40654679255827775,0.3888888888888889,0.8333333333333334,0.0
1569,396:3,409,-0.858869679610871,0.43301270189221963,0.2735742558157077,0.3333333333333333,0.8333333333333334,0.0
1570,397:0,392,-0.6920392139943203,0.4545194776720438,0.5607974417834445,0.3888888888888889,0.75,0.0
1571,397:1,393,-0.6886835426305975,0.2418447626479754,0.6835393835687267,0.4444444444444444,0.75,0.0
1572,397:2,411,-0.8528614935829477,0.17101007166283455,0.4933384519306552,0.4444444444444444,0.8333333333333334,0.0
1573,397:3,410,-0.8552343115596699,0.32139380484326996,0.40654679255827775,0.3888888888888889,0.8333333333333334,0.0
1574,398:0,393,-0.6886835426305975,0.2418447626479754,0.6835393835687267,0.4444444444444444,0.75,0.0
1575,398:1,394,-0.6875181301962776,8.659560562354934e-17,0.7261672125973564,0.5,0.75,0.0
1576,398:2,412,-0.8520374225477614,6.12323399573677e-17,0.5234808789040599,0.5,0.8333333333333334,0.0
1577,398:3,411,-0.8528614935829477,0.17101007166283455,0.4933384519306552,0.4444444444444444,0.8333333333333334,0.0
1578,399:0,394,-0.6875181301962776,8.659560562354934e-17,0.7261672125973564,0.5,0.75,0.0
1579,399:1,395,-0.6886835426305975,-0.24184476264797522,0.6835393835687271,0.5555555555555556,0.75,0.0
1580,399:2,413,-0.8528614935829477,-0.17101007166283444,0.4933384519306552,0.5555555555555556,0.8333333333333334,0.0
1581,399:3,412,-0.8520374225477614,6.12323399573677e-17,0.5234808789040599,0.5,0.8333333333333334,0.0
1582,400:0,395,-0.6886835426305975,-0.24184476264797522,0.6835393835687271,0.5555555555555556,0.75,0.0
1583,400:1,396,-0.6920392139943203,-0.45451947767204365,0.5607974417834445,0.6111111111111112,0.75,0.0
1584,400:2,414,-0.8552343115596699,-0.32139380484326985,0.40654679255827775,0.6111111111111112,0.8333333333333334,0.0
1585,400:3,413,-0.8528614935829477,-0.17101007166283444,0.4933384519306552,0.5555555555555556,0.8333333333333334,0.0
1586,401:0,396,-0.6920392139943203,-0.45451947767204365,0.5607974417834445,0.6111111111111112,0.75,0.0
1587,401:1,397,-0.6971804007965474,-0.6123724356957945,0.3727458768989478,0.6666666666666666,0.75,0.0
1588,401:2,415,-0.858869679610871,-0.4330127018922195,0.27357425581570816,0.6666666666666666,0.8333333333333334,0.0
1589,401:3,414,-0.8552343115596699,-0.32139380484326985,0.40654679255827775,0.6111111111111112,0.8333333333333334,0.0
1590,402:0,397,-0.6971804007965474,-0.6123724356957945,0.3727458768989478,0.6666666666666666,0.75,0.0
1591,402:1,398,-0.7034870000330944,-0.696364240320019,0.14206648298582136,0.7222222222222222,0.75,0.0
1592,402:2,416,-0.8633291186972603,-0.49240387650610434,0.11045929209973337,0.7222222222222222,0.8333333333333334,0.0
1593,402:3,415,-0.858869679610871,-0.4330127018922195,0.27357425581570816,0.6666666666666666,0.8333333333333334,0.0
1594,403:0,398,-0.7034870000330944,-0.696364240320019,0.14206648298582136,0.7222222222222222,0.75,0.0
1595,403:1,399,-0.7101983427605401,-0.6963642403200191,-0.10341740058474258,0.7777777777777778,0.75,0.0
1596,403:2,417,-0.8680747546507046,-0.4924038765061044,-0.06312402664502148,0.7777777777777778,0.8333333333333334,0.0
1597,403:3,416,-0.8633291186972603,-0.49240387650610434,0.11045929209973337,0.7222222222222222,0.8333333333333334,0.0
1598,404:0,399,-0.7101983427605401,-0.6963642403200191,-0.10341740058474258,0.7777777777777778,0.75,0.0
1599,404:1,400,-0.716504941997087,-0.6123724356957946,-0.33409679449786944,0.8333333333333334,0.75,0.0
1600,404:2,418,-0.8725341937370921,-0.4330127018922196,-0.22623899036099626,0.8333333333333334,0.8333333333333334,0.0
1601,404:3,417,-0.8680747546507046,-0.4924038765061044,-0.06312402664502148,0.7777777777777778,0.8333333333333334,0.0
1602,405:0,400,-0.716504941997087,-0.6123724356957946,-0.33409679449786944,0.8333333333333334,0.75,0.0
1603,405:1,401,-0.7216461287993141,-0.45451947767204387,-0.5221483593823661,0.8888888888888888,0.75,0.0
1604,405:2,419,-0.8761695617882932,-0.32139380484327,-0.3592115271035663,0.8888888888888888,0.8333333333333334,0.0
1605,405:3,418,-0.8725341937370921,-0.4330127018922196,-0.22623899036099626,0.8333333333333334,0.8333333333333334,0.0
1606,406:0,401,-0.7216461287993141,-0.45451947767204387,-0.5221483593823661,0.8888888888888888,0.75,0.0
1607,406:1,402,-0.725001800163037,-0.24184476264797578,-0.6448903011676483,0.9444444444444444,0.75,0.0
1608,406:2,420,-0.8785423797650154,-0.17101007166283483,-0.4460031864759437,0.9444444444444444,0.8333333333333334,0.0
1609,406:3,419,-0.8761695617882932,-0.32139380484327,-0.3592115271035663,0.8888888888888888,0.8333333333333334,0.0
1610,407:0,402,-0.725001800163037,-0.24184476264797578,-0.6448903011676483,0.9444444444444444,0.75,0.0
1611,407:1,385,-0.7261672125973568,0.0,-0.687518130196278,1.0,0.75,0.0
1612,407:2,403,-0.8793664508002017,0.0,-0.47614561344934847,1.0,0.8333333333333334,0.0
1613,407:3,420,-0.8785423797650154,-0.17101007166283483,-0.4460031864759437,0.9444444444444444,0.8333333333333334,0.0
1614,408:0,403,-0.8793664508002017,0.0,-0.47614561344934847,0.0,0.8333333333333334,0.0
1615,408:1,404,-0.8785423797650154,0.17101007166283447,-0.4460031864759437,0.05555555555555555,0.8333333333333334,0.0
1616,408:2,422,-0.9722117480459378,0.08852132690137696,-0.21672169168101796,0.05555555555555555,0.9166666666666666,0.0
1617,408:3,421,-0.9726383186027849,0.0,-0.23232456001367607,0.0,0.9166666666666666,0.0
1618,409:0,404,-0.8785423797650154,0.17101007166283447,-0.4460031864759437,0.05555555555555555,0.8333333333333334,0.0
1619,409:1,405,-0.8761695617882932,0.32139380484326985,-0.3592115271035663,0.1111111111111111,0.8333333333333334,0.0
1620,409:2,423,-0.970983487080062,0.16636567534280208,-0.17179502287777382,0.1111111111111111,0.9166666666666666,0.0
1621,409:3,422,-0.9722117480459378,0.08852132690137696,-0.21672169168101796,0.05555555555555555,0.9166666666666666,0.0
1622,410:0,405,-0.8761695617882932,0.32139380484326985,-0.3592115271035663,0.1111111111111111,0.8333333333333334,0.0
1623,410:1,406,-0.8725341937370921,0.4330127018922196,-0.22623899036099626,0.16666666666666666,0.8333333333333334,0.0
1624,410:2,424,-0.9691016821048457,0.22414386804201358,-0.10296337290863011,0.16666666666666666,0.9166666666666666,0.0
1625,410:3,423,-0.970983487080062,0.16636567534280208,-0.17179502287777382,0.1111111111111111,0.9166666666666666,0.0
1626,411:0,406,-0.8725341937370921,0.4330127018922196,-0.22623899036099626,0.16666666666666666,0.8333333333333334,0.0
1627,411:1,407,-0.8680747546507046,0.49240387650610434,-0.06312402664502192,0.2222222222222222,0.8333333333333334,0.0
1628,411:2,425,-0.9667933065727823,0.25488700224417904,-0.018528854606828737,0.2222222222222222,0.9166666666666666,0.0
1629,411:3,424,-0.9691016821048457,0.22414386804201358,-0.10296337290863011,0.16666666666666666,0.9166666666666666,0.0
1630,412:0,407,-0.8680747546507046,0.49240387650610434,-0.06312402664502192,0.2222222222222222,0.8333333333333334,0.0
1631,412:1,408,-0.8633291186972603,0.49240387650610434,0.11045929209973337,0.2777777777777778,0.8333333333333334,0.0
1632,412:2,426,-0.9643367846410342,0.25488700224417904,0.07132448299965954,0.2777777777777778,0.9166666666666666,0.0
1633,412:3,425,-0.9667933065727823,0.25488700224417904,-0.018528854606828737,0.2222222222222222,0.9166666666666666,0.0
1634,413:0,408,-0.8633291186972603,0.49240387650610434,0.11045929209973337,0.2777777777777778,0.8333333333333334,0.0
1635,413:1,409,-0.858869679610871,0.43301270189221963,0.2735742558157077,0.3333333333333333,0.8333333333333334,0.0
1636,413:2,427,-0.9620284091089708,0.2241438680420136,0.15575900130146136,0.3333333333333333,0.9166666666666666,0.0
1637,413:3,426,-0.9643367846410342,0.25488700224417904,0.07132448299965954,0.2777777777777778,0.9166666666666666,0.0
1638,414:0,409,-0.858869679610871,0.43301270189221963,0.2735742558157077,0.3333333333333333,0.8333333333333334,0.0
1639,414:1,410,-0.8552343115596699,0.32139380484326996,0.40654679255827775,0.3888888888888889,0.8333333333333334,0.0
1640,414:2,428,-0.9601466041337527,0.16636567534280214,0.22459065127060507,0.3888888888888889,0.9166666666666666,0.0
1641,414:3,427,-0.9620284091089708,0.2241438680420136,0.15575900130146136,0.3333333333333333,0.9166666666666666,0.0
1642,415:0,410,-0.8552343115596699,0.32139380484326996,0.40654679255827775,0.3888888888888889,0.8333333333333334,0.0
1643,415:1,411,-0.8528614935829477,0.17101007166283455,0.4933384519306552,0.4444444444444444,0.8333333333333334,0.0
1644,415:2,429,-0.9589183431678787,0.088521326901377,0.26951732007384877,0.4444444444444444,0.9166666666666666,0.0
1645,415:3,428,-0.9601466041337527,0.16636567534280214,0.22459065127060507,0.3888888888888889,0.9166666666666666,0.0
1646,416:0,411,-0.8528614935829477,0.17101007166283455,0.4933384519306552,0.4444444444444444,0.8333333333333334,0.0
1647,416:1,412,-0.8520374225477614,6.12323399573677e-17,0.5234808789040599,0.5,0.8333333333333334,0.0
1648,416:2,430,-0.9584917726110316,3.169619151431768e-17,0.2851201884065069,0.5,0.9166666666666666,0.0
1649,416:3,429,-0.9589183431678787,0.088521326901377,0.26951732007384877,0.4444444444444444,0.9166666666666666,0.0
1650,417:0,412,-0.8520374225477614,6.12323399573677e-17,0.5234808789040599,0.5,0.8333333333333334,0.0
1651,417:1,413,-0.8528614935829477,-0.17101007166283444,0.4933384519306552,0.5555555555555556,0.8333333333333334,0.0
1652,417:2,431,-0.9589183431678787,-0.08852132690137694,0.26951732007384877,0.5555555555555556,0.9166666666666666,0.0
1653,417:3,430,-0.9584917726110316,3.169619151431768e-17,0.2851201884065069,0.5,0.9166666666666666,0.0
1654,418:0,413,-0.8528614935829477,-0.17101007166283444,0.4933384519306552,0.5555555555555556,0.8333333333333334,0.0
1655,418:1,414,-0.8552343115596699,-0.32139380484326985,0.40654679255827775,0.6111111111111112,0.8333333333333334,0.0
1656,418:2,432,-0.9601466041337527,-0.16636567534280208,0.22459065127060507,0.6111111111111112,0.9166666666666666,0.0
1657,418:3,431,-0.9589183431678787,-0.08852132690137694,0.26951732007384877,0.5555555555555556,0.9166666666666666,0.0
1658,419:0,414,-0.8552343115596699,-0.32139380484326985,0.40654679255827775,0.6111111111111112,0.8333333333333334,0.0
1659,419:1,415,-0.858869679610871,-0.4330127018922195,0.27357425581570816,0.6666666666666666,0.8333333333333334,0.0
1660,419:2,433,-0.9620284091089708,-0.22414386804201356,0.15575900130146136,0.6666666666666666,0.9166666666666666,0.0
1661,419:3,432,-0.9601466041337527,-0.16636567534280208,0.22459065127060507,0.6111111111111112,0.9166666666666666,0.0
1662,420:0,415,-0.858869679610871,-0.4330127018922195,0.27357425581570816,0.6666666666666666,0.8333333333333334,0.0
1663,420:1,416,-0.8633291186972603,-0.49240387650610434,0.11045929209973337,0.7222222222222222,0.8333333333333334,0.0
1664,420:2,434,-0.9643367846410342,-0.25488700224417904,0.07132448299965954,0.7222222222222222,0.9166666666666666,0.0
1665,420:3,433,-0.9620284091089708,-0.22414386804201356,0.15575900130146136,0.6666666666666666,0.9166666666666666,0.0
1666,421:0,416,-0.8633291186972603,-0.49240387650610434,0.11045929209973337,0.7222222222222222,0.8333333333333334,0.0
1667,421:1,417,-0.8680747546507046,-0.4924038765061044,-0.06312402664502148,0.7777777777777778,0.8333333333333334,0.0
1668,421:2,435,-0.9667933065727823,-0.2548870022441791,-0.018528854606828293,0.7777777777777778,0.9166666666666666,0.0
1669,421:3,434,-0.9643367846410342,-0.25488700224417904,0.07132448299965954,0.7222222222222222,0.9166666666666666,0.0
1670,422:0,417,-0.8680747546507046,-0.4924038765061044,-0.06312402664502148,0.7777777777777778,0.8333333333333334,0.0
1671,422:1,418,-0.8725341937370921,-0.4330127018922196,-0.22623899036099626,0.8333333333333334,0.8333333333333334,0.0
1672,422:2,436,-0.9691016821048457,-0.22414386804201358,-0.10296337290863011,0.8333333333333334,0.9166666666666666,0.0
1673,422:3,435,-0.9667933065727823,-0.2548870022441791,-0.018528854606828293,0.7777777777777778,0.9166666666666666,0.0
1674,423:0,418,-0.8725341937370921,-0.4330127018922196,-0.22623899036099626,0.8333333333333334,0.8333333333333334,0.0
1675,423:1,419,-0.8761695617882932,-0.32139380484327,-0.3592115271035663,0.8888888888888888,0.8333333333333334,0.0
1676,423:2,437,-0.970983487080062,-0.16636567534280217,-0.17179502287777382,0.8888888888888888,0.9166666666666666,0.0
1677,423:3,436,-0.9691016821048457,-0.22414386804201358,-0.10296337290863011,0.8333333333333334,0.9166666666666666,0.0
1678,424:0,419,-0.8761695617882932,-0.32139380484327,-0.3592115271035663,0.8888888888888888,0.8333333333333334,0.0
1679,424:1,420,-0.8785423797650154,-0.17101007166283483,-0.4460031864759437,0.9444444444444444,0.8333333333333334,0.0
1680,424:2,438,-0.9722117480459378,-0.08852132690137714,-0.21672169168101796,0.9444444444444444,0.9166666666666666,0.0
1681,424:3,437,-0.970983487080062,-0.16636567534280217,-0.17179502287777382,0.8888888888888888,0.9166666666666666,0.0
1682,425:0,420,-0.8785423797650154,-0.17101007166283483,-0.4460031864759437,0.9444444444444444,0.8333333333333334,0.0
1683,425:1,403,-0.8793664508002017,0.0,-0.47614561344934847,1.0,0.8333333333333334,0.0
1684,425:2,421,-0.9726383186027849,0.0,-0.23232456001367607,1.0,0.9166666666666666,0.0
1685,425:3,438,-0.9722117480459378,-0.08852132690137714,-0.21672169168101796,0.9444444444444444,0.9166666666666666,0.0
1686,426:0,421,-0.9726383186027849,0.0,-0.23232456001367607,0.0,0.9166666666666666,0.0
1687,426:1,422,-0.9722117480459378,0.08852132690137696,-0.21672169168101796,0.05555555555555555,0.9166666666666666,0.0
1688,426:2,439,-0.999626492353408,0.0,0.02732902825243988,0.5,1.0,0.0
1689,427:0,422,-0.9722117480459378,0.08852132690137696,-0.21672169168101796,0.05555555555555555,0.9166666666666666,0.0
1690,427:1,423,-0.970983487080062,0.16636567534280208,-0.17179502287777382,0.1111111111111111,0.9166666666666666,0.0
1691,427:2,439,-0.999626492353408,0.0,0.02732902825243988,0.5,1.0,0.0
1692,428:0,423,-0.970983487080062,0.16636567534280208,-0.17179502287777382,0.1111111111111111,0.9166666666666666,0.0
1693,428:1,424,-0.9691016821048457,0.22414386804201358,-0.10296337290863011,0.16666666666666666,0.9166666666666666,0.0
1694,428:2,439,-0.999626492353408,0.0,0.02732902825243988,0.5,1.0,0.0
1695,429:0,424,-0.9691016821048457,0.22414386804201358,-0.10296337290863011,0.16666666666666666,0.9166666666666666,0.0
1696,429:1,425,-0.9667933065727823,0.25488700224417904,-0.018528854606828737,0.2222222222222222,0.9166666666666666,0.0
1697,429:2,439,-0.999626492353408,0.0,0.02732902825243988,0.5,1.0,0.0
1698,430:0,425,-0.9667933065727823,0.25488700224417904,-0.018528854606828737,0.2222222222222222,0.9166666666666666,0.0
1699,430:1,426,-0.9643367846410342,0.25488700224417904,0.07132448299965954,0.2777777777777778,0.9166666666666666,0.0
1700,430:2,439,-0.999626492353408,0.0,0.02732902825243988,0.5,1.0,0.0
1701,431:0,426,-0.9643367846410342,0.25488700224417904,0.07132448299965954,0.2777777777777778,0.9166666666666666,0.0
1702,431:1,427,-0.9620284091089708,0.2241438680420136,0.15575900130146136,0.3333333333333333,0.9166666666666666,0.0
1703,431:2,439,-0.999626492353408,0.0,0.02732902825243988,0.5,1.0,0.0
1704,432:0,427,-0.9620284091089708,0.2241438680420136,0.15575900130146136,0.3333333333333333,0.9166666666666666,0.0
1705,432:1,428,-0.9601466041337527,0.16636567534280214,0.22459065127060507,0.3888888888888889,0.9166666666666666,0.0
1706,432:2,439,-0.999626492353408,0.0,0.02732902825243988,0.5,1.0,0.0
1707,433:0,428,-0.9601466041337527,0.16636567534280214,0.22459065127060507,0.3888888888888889,0.9166666666666666,0.0
1708,433:1,429,-0.9589183431678787,0.088521326901377,0.26951732007384877,0.4444444444444444,0.9166666666666666,0.0
1709,433:2,439,-0.999626492353408,0.0,0.02732902825243988,0.5,1.0,0.0
1710,434:0,429,-0.9589183431678787,0.088521326901377,0.26951732007384877,0.4444444444444444,0.9166666666666666,0.0
1711,434:1,430,-0.9584917726110316,3.169619151431768e-17,0.2851201884065069,0.5,0.9166666666666666,0.0
1712,434:2,439,-0.999626492353408,0.0,0.02732902825243988,0.5,1.0,0.0
1713,435:0,430,-0.9584917726110316,3.169619151431768e-17,0.2851201884065069,0.5,0.9166666666666666,0.0
1714,435:1,431,-0.9589183431678787,-0.08852132690137694,0.26951732007384877,0.5555555555555556,0.9166666666666666,0.0
1715,435:2,439,-0.999626492353408,0.0,0.02732902825243988,0.5,1.0,0.0
1716,436:0,431,-0.9589183431678787,-0.08852132690137694,0.26951732007384877,0.5555555555555556,0.9166666666666666,0.0
1717,436:1,432,-0.9601466041337527,-0.16636567534280208,0.22459065127060507,0.6111111111111112,0.9166666666666666,0.0
1718,436:2,439,-0.999626492353408,0.0,0.02732902825243988,0.5,1.0,0.0
1719,437:0,432,-0.9601466041337527,-0.16636567534280208,0.22459065127060507,0.6111111111111112,0.9166666666666666,0.0
1720,437:1,433,-0.9620284091089708,-0.22414386804201356,0.15575900130146136,0.6666666666666666,0.9166666666666666,0.0
1721,437:2,439,-0.999626492353408,0.0,0.02732902825243988,0.5,1.0,0.0
1722,438:0,433,-0.9620284091089708,-0.22414386804201356,0.15575900130146136,0.6666666666666666,0.9166666666666666,0.0
1723,438:1,434,-0.9643367846410342,-0.25488700224417904,0.07132448299965954,0.7222222222222222,0.9166666666666666,0.0
1724,438:2,439,-0.999626492353408,0.0,0.02732902825243988,0.5,1.0,0.0
1725,439:0,434,-0.9643367846410342,-0.25488700224417904,0.07132448299965954,0.7222222222222222,0.9166666666666666,0.0
1726,439:1,435,-0.9667933065727823,-0.2548870022441791,-0.018528854606828293,0.7777777777777778,0.9166666666666666,0.0
1727,439:2,439,-0.999626492353408,0.0,0.02732902825243988,0.5,1.0,0.0
1728,440:0,435,-0.9667933065727823,-0.2548870022441791,-0.018528854606828293,0.7777777777777778,0.9166666666666666,0.0
1729,440:1,436,-0.9691016821048457,-0.22414386804201358,-0.10296337290863011,0.8333333333333334,0.9166666666666666,0.0
1730,440:2,439,-0.999626492353408,0.0,0.02732902825243988,0.5,1.0,0.0
1731,441:0,436,-0.9691016821048457,-0.22414386804201358,-0.10296337290863011,0.8333333333333334,0.9166666666666666,0.0
1732,441:1,437,-0.970983487080062,-0.16636567534280217,-0.17179502287777382,0.8888888888888888,0.9166666666666666,0.0
1733,441:2,439,-0.999626492353408,0.0,0.02732902825243988,0.5,1.0,0.0
1734,442:0,437,-0.970983487080062,-0.16636567534280217,-0.17179502287777382,0.8888888888888888,0.9166666666666666,0.0
1735,442:1,438,-0.9722117480459378,-0.08852132690137714,-0.21672169168101796,0.9444444444444444,0.9166666666666666,0.0
1736,442:2,439,-0.999626492353408,0.0,0.02732902825243988,0.5,1.0,0.0
1737,443:0,438,-0.9722117480459378,-0.08852132690137714,-0.21672169168101796,0.9444444444444444,0.9166666666666666,0.0
1738,443:1,421,-0.9726383186027849,0.0,-0.23232456001367607,1.0,0.9166666666666666,0.0
1739,443:2,439,-0.999626492353408,0.0,0.02732902825243988,0.5,1.0,0.0
