index,pindex,N(0),N(1),N(2),Tex(0),Tex(1),Tex(2)
0,0,-0.8879715766595125,0.45989833555343446,0.0,0.0,0.0,0.0
1,1,-0.8203787651275006,0.4248906592538259,0.3826834323650898,0.0625,0.0,0.0
2,2,-0.6278907233568516,0.3251972317262398,0.7071067811865476,0.125,0.0,0.0
3,3,-0.33981201079870277,0.17599547358858011,0.9238795325112867,0.1875,0.0,0.0
4,4,-5.437257745449503e-17,2.8160651228435444e-17,1.0,0.25,0.0,0.0
5,5,0.33981201079870266,-0.1759954735885801,0.9238795325112867,0.3125,0.0,0.0
6,6,0.6278907233568515,-0.32519723172623977,0.7071067811865476,0.375,0.0,0.0
7,7,0.8203787651275006,-0.4248906592538259,0.3826834323650899,0.4375,0.0,0.0
8,8,0.8879715766595125,-0.45989833555343446,1.2246467991473532e-16,0.5,0.0,0.0
9,9,0.8203787651275007,-0.42489065925382596,-0.38268343236508967,0.5625,0.0,0.0
10,10,0.6278907233568517,-0.3251972317262399,-0.7071067811865475,0.625,0.0,0.0
11,11,0.3398120107987032,-0.17599547358858036,-0.9238795325112865,0.6875,0.0,0.0
12,12,1.6311773236348507e-16,-8.448195368530633e-17,-1.0,0.75,0.0,0.0
13,13,-0.3398120107987029,0.1759954735885802,-0.9238795325112866,0.8125,0.0,0.0
14,14,-0.6278907233568514,0.3251972317262397,-0.7071067811865477,0.875,0.0,0.0
15,15,-0.8203787651275004,0.4248906592538258,-0.3826834323650904,0.9375,0.0,0.0
16,16,-0.884786320682298,0.46599696000454954,0.0,0.0,0.045454545454545456,0.0
17,17,-0.817435972324343,0.430525053560684,0.3826834323650898,0.0625,0.045454545454545456,0.0
18,18,-0.6256384072555482,0.3295096104315334,0.7071067811865476,0.125,0.045454545454545456,0.0
19,19,-0.33859306610838086,0.1783293161262385,0.9238795325112867,0.1875,0.045454545454545456,0.0
20,20,-5.4177536777646996e-17,2.853408427409844e-17,1.0,0.25,0.045454545454545456,0.0
21,21,0.3385930661083808,-0.17832931612623845,0.9238795325112867,0.3125,0.045454545454545456,0.0
22,22,0.6256384072555481,-0.3295096104315333,0.7071067811865476,0.375,0.045454545454545456,0.0
23,23,0.817435972324343,-0.430525053560684,0.3826834323650899,0.4375,0.045454545454545456,0.0
24,24,0.884786320682298,-0.46599696000454954,1.2246467991473532e-16,0.5,0.045454545454545456,0.0
25,25,0.8174359723243431,-0.43052505356068405,-0.38268343236508967,0.5625,0.045454545454545456,0.0
26,26,0.6256384072555483,-0.32950961043153343,-0.7071067811865475,0.625,0.045454545454545456,0.0
27,27,0.3385930661083813,-0.17832931612623873,-0.9238795325112865,0.6875,0.045454545454545456,0.0
28,28,1.6253261033294096e-16,-8.560225282229531e-17,-1.0,0.75,0.045454545454545456,0.0
29,29,-0.338593066108381,0.1783293161262386,-0.9238795325112866,0.8125,0.045454545454545456,0.0
30,30,-0.625638407255548,0.32950961043153326,-0.7071067811865477,0.875,0.045454545454545456,0.0
31,31,-0.8174359723243427,0.43052505356068393,-0.3826834323650904,0.9375,0.045454545454545456,0.0
32,32,-0.8802709671262543,0.474471310444171,0.0,0.0,0.09090909090909091,0.0
33,33,-0.8132643295918621,0.43835433248317834,0.3826834323650898,0.0625,0.09090909090909091,0.0
34,34,-0.622445570136615,0.3355018810935409,0.7071067811865476,0.125,0.09090909090909091,0.0
35,35,-0.33686511511121214,0.18157230963953747,0.9238795325112867,0.1875,0.09090909090909091,0.0
36,36,-5.3901051113675616e-17,2.905298858113521e-17,1.0,0.25,0.09090909090909091,0.0
37,37,0.33686511511121203,-0.1815723096395374,0.9238795325112867,0.3125,0.09090909090909091,0.0
38,38,0.6224455701366148,-0.33550188109354084,0.7071067811865476,0.375,0.09090909090909091,0.0
39,39,0.8132643295918621,-0.43835433248317834,0.3826834323650899,0.4375,0.09090909090909091,0.0
40,40,0.8802709671262543,-0.474471310444171,1.2246467991473532e-16,0.5,0.09090909090909091,0.0
41,41,0.8132643295918621,-0.43835433248317834,-0.38268343236508967,0.5625,0.09090909090909091,0.0
42,42,0.6224455701366151,-0.33550188109354095,-0.7071067811865475,0.625,0.09090909090909091,0.0
43,43,0.3368651151112126,-0.1815723096395377,-0.9238795325112865,0.6875,0.09090909090909091,0.0
44,44,1.6170315334102684e-16,-8.715896574340562e-17,-1.0,0.75,0.09090909090909091,0.0
45,45,-0.3368651151112123,0.18157230963953755,-0.9238795325112866,0.8125,0.09090909090909091,0.0
46,46,-0.6224455701366147,0.3355018810935408,-0.7071067811865477,0.875,0.09090909090909091,0.0
47,47,-0.8132643295918619,0.43835433248317823,-0.3826834323650904,0.9375,0.09090909090909091,0.0
48,48,-0.8783989056988717,0.4779281980245826,0.0,0.0,0.13636363636363635,0.0
49,49,-0.8115347703554994,0.44154808016491304,0.3826834323650898,0.0625,0.13636363636363635,0.0
50,50,-0.6211218228065148,0.3379462697434495,0.7071067811865476,0.125,0.13636363636363635,0.0
51,51,-0.3361487082185831,0.1828952032441096,0.9238795325112867,0.1875,0.13636363636363635,0.0
52,52,-5.378642041193305e-17,2.9264661896653374e-17,1.0,0.25,0.13636363636363635,0.0
53,53,0.336148708218583,-0.18289520324410957,0.9238795325112867,0.3125,0.13636363636363635,0.0
54,54,0.6211218228065148,-0.33794626974344943,0.7071067811865476,0.375,0.13636363636363635,0.0
55,55,0.8115347703554994,-0.44154808016491304,0.3826834323650899,0.4375,0.13636363636363635,0.0
56,56,0.8783989056988717,-0.4779281980245826,1.2246467991473532e-16,0.5,0.13636363636363635,0.0
57,57,0.8115347703554995,-0.4415480801649131,-0.38268343236508967,0.5625,0.13636363636363635,0.0
58,58,0.621121822806515,-0.33794626974344955,-0.7071067811865475,0.625,0.13636363636363635,0.0
59,59,0.3361487082185835,-0.18289520324410985,-0.9238795325112865,0.6875,0.13636363636363635,0.0
60,60,1.6135926123579913e-16,-8.779398568996011e-17,-1.0,0.75,0.13636363636363635,0.0
61,61,-0.3361487082185832,0.18289520324410968,-0.9238795325112866,0.8125,0.13636363636363635,0.0
62,62,-0.6211218228065147,0.3379462697434494,-0.7071067811865477,0.875,0.13636363636363635,0.0
63,63,-0.8115347703554993,0.4415480801649129,-0.3826834323650904,0.9375,0.13636363636363635,0.0
64,64,-0.8776155819120336,0.4793650909121384,0.0,0.0,0.18181818181818182,0.0
65,65,-0.8108110735415105,0.4428755960941369,0.3826834323650899,0.0625,0.18181818181818182,0.0
66,66,-0.620567929244977,0.33896230644807895,0.7071067811865477,0.125,0.18181818181818182,0.0
67,67,-0.33584894318318265,0.18344507834626045,0.923879532511287,0.1875,0.18181818181818182,0.0
68,68,-5.373845566352069e-17,2.935264621042651e-17,1.0000000000000002,0.25,0.18181818181818182,0.0
69,69,0.3358489431831826,-0.18344507834626042,0.923879532511287,0.3125,0.18181818181818182,0.0
70,70,0.6205679292449768,-0.3389623064480789,0.7071067811865477,0.375,0.18181818181818182,0.0
71,71,0.8108110735415105,-0.4428755960941369,0.38268343236509,0.4375,0.18181818181818182,0.0
72,72,0.8776155819120336,-0.4793650909121384,1.2246467991473535e-16,0.5,0.18181818181818182,0.0
73,73,0.8108110735415106,-0.44287559609413696,-0.3826834323650898,0.5625,0.18181818181818182,0.0
74,74,0.6205679292449771,-0.338962306448079,-0.7071067811865476,0.625,0.18181818181818182,0.0
75,75,0.3358489431831831,-0.1834450783462607,-0.9238795325112867,0.6875,0.18181818181818182,0.0
76,76,1.6121536699056204e-16,-8.805793863127954e-17,-1.0000000000000002,0.75,0.18181818181818182,0.0
77,77,-0.3358489431831828,0.18344507834626053,-0.9238795325112868,0.8125,0.18181818181818182,0.0
78,78,-0.6205679292449767,0.33896230644807884,-0.7071067811865478,0.875,0.18181818181818182,0.0
79,79,-0.8108110735415103,0.4428755960941368,-0.3826834323650905,0.9375,0.18181818181818182,0.0
80,80,-0.8774417873830174,0.47968313474010704,0.0,0.0,0.22727272727272727,0.0
81,81,-0.8106505083332899,0.44316943027723865,0.3826834323650898,0.0625,0.22727272727272727,0.0
82,82,-0.6204450379549764,0.3391871973955501,0.7071067811865476,0.125,0.22727272727272727,0.0
83,83,-0.33578243489629245,0.18356678844999003,0.9238795325112867,0.1875,0.22727272727272727,0.0
84,84,-5.3727813817837236e-17,2.937212077822203e-17,1.0,0.25,0.22727272727272727,0.0
85,85,0.3357824348962924,-0.18356678844998997,0.9238795325112867,0.3125,0.22727272727272727,0.0
86,86,0.6204450379549764,-0.33918719739555003,0.7071067811865476,0.375,0.22727272727272727,0.0
87,87,0.8106505083332899,-0.44316943027723865,0.3826834323650899,0.4375,0.22727272727272727,0.0
88,88,0.8774417873830174,-0.47968313474010704,1.2246467991473532e-16,0.5,0.22727272727272727,0.0
89,89,0.81065050833329,-0.4431694302772387,-0.38268343236508967,0.5625,0.22727272727272727,0.0
90,90,0.6204450379549765,-0.33918719739555014,-0.7071067811865475,0.625,0.22727272727272727,0.0
91,91,0.3357824348962929,-0.18356678844999028,-0.9238795325112865,0.6875,0.22727272727272727,0.0
92,92,1.611834414535117e-16,-8.811636233466609e-17,-1.0,0.75,0.22727272727272727,0.0
93,93,-0.3357824348962926,0.1835667884499901,-0.9238795325112866,0.8125,0.22727272727272727,0.0
94,94,-0.6204450379549763,0.33918719739555,-0.7071067811865477,0.875,0.22727272727272727,0.0
95,95,-0.8106505083332898,0.44316943027723854,-0.3826834323650904,0.9375,0.22727272727272727,0.0
96,96,-0.8776755468973019,0.4792552914455114,0.0,0.0,0.2727272727272727,0.0
97,97,-0.8108664739640672,0.4427741546142395,0.3826834323650898,0.0625,0.2727272727272727,0.0
98,98,-0.6206103308926939,0.3388846665006563,0.7071067811865476,0.125,0.2727272727272727,0.0
99,99,-0.33587189078956686,0.18340305990949976,0.9238795325112867,0.1875,0.2727272727272727,0.0
100,100,-5.374212745988417e-17,2.934592293215887e-17,1.0,0.25,0.2727272727272727,0.0
101,101,0.33587189078956675,-0.1834030599094997,0.9238795325112867,0.3125,0.2727272727272727,0.0
102,102,0.6206103308926938,-0.33888466650065624,0.7071067811865476,0.375,0.2727272727272727,0.0
103,103,0.8108664739640672,-0.4427741546142395,0.3826834323650899,0.4375,0.2727272727272727,0.0
104,104,0.8776755468973019,-0.4792552914455114,1.2246467991473532e-16,0.5,0.2727272727272727,0.0
105,105,0.8108664739640673,-0.4427741546142396,-0.38268343236508967,0.5625,0.2727272727272727,0.0
106,106,0.620610330892694,-0.33888466650065635,-0.7071067811865475,0.625,0.2727272727272727,0.0
107,107,0.3358718907895673,-0.1834030599095,-0.9238795325112865,0.6875,0.2727272727272727,0.0
108,108,1.612263823796525e-16,-8.803776879647661e-17,-1.0,0.75,0.2727272727272727,0.0
109,109,-0.335871890789567,0.18340305990949984,-0.9238795325112866,0.8125,0.2727272727272727,0.0
110,110,-0.6206103308926937,0.3388846665006562,-0.7071067811865477,0.875,0.2727272727272727,0.0
111,111,-0.810866473964067,0.4427741546142394,-0.3826834323650904,0.9375,0.2727272727272727,0.0
112,112,-0.8782199388544322,0.4782569800834248,0.0,0.0,0.3181818181818182,0.0
113,113,-0.8113694265509236,0.4418518351797343,0.3826834323650898,0.0625,0.3181818181818182,0.0
114,114,-0.6209952741372041,0.3381787537667893,0.7071067811865476,0.125,0.3181818181818182,0.0
115,115,-0.33608022057227344,0.1830210226908874,0.9238795325112867,0.1875,0.3181818181818182,0.0
116,116,-5.377546185327323e-17,2.928479399145228e-17,1.0,0.25,0.3181818181818182,0.0
117,117,0.3360802205722733,-0.18302102269088738,0.9238795325112867,0.3125,0.3181818181818182,0.0
118,118,0.620995274137204,-0.33817875376678924,0.7071067811865476,0.375,0.3181818181818182,0.0
119,119,0.8113694265509236,-0.4418518351797343,0.3826834323650899,0.4375,0.3181818181818182,0.0
120,120,0.8782199388544322,-0.4782569800834248,1.2246467991473532e-16,0.5,0.3181818181818182,0.0
121,121,0.8113694265509237,-0.44185183517973436,-0.38268343236508967,0.5625,0.3181818181818182,0.0
122,122,0.6209952741372042,-0.33817875376678935,-0.7071067811865475,0.625,0.3181818181818182,0.0
123,123,0.3360802205722739,-0.18302102269088766,-0.9238795325112865,0.6875,0.3181818181818182,0.0
124,124,1.613263855598197e-16,-8.785438197435685e-17,-1.0,0.75,0.3181818181818182,0.0
125,125,-0.33608022057227355,0.1830210226908875,-0.9238795325112866,0.8125,0.3181818181818182,0.0
126,126,-0.620995274137204,0.3381787537667892,-0.7071067811865477,0.875,0.3181818181818182,0.0
127,127,-0.8113694265509234,0.4418518351797342,-0.3826834323650904,0.9375,0.3181818181818182,0.0
128,128,-0.8790276174798304,0.47677085450741763,0.0,0.0,0.36363636363636365,0.0
129,129,-0.8121156243017759,0.4404788341773197,0.3826834323650899,0.0625,0.36363636363636365,0.0
130,130,-0.6215663891702427,0.33712790429429984,0.7071067811865477,0.125,0.36363636363636365,0.0
131,131,-0.3363893058008887,0.18245230705453544,0.923879532511287,0.1875,0.36363636363636365,0.0
132,132,-5.3824917905439913e-17,2.919379504496287e-17,1.0000000000000002,0.25,0.36363636363636365,0.0
133,133,0.33638930580088866,-0.18245230705453538,0.923879532511287,0.3125,0.36363636363636365,0.0
134,134,0.6215663891702425,-0.33712790429429984,0.7071067811865477,0.375,0.36363636363636365,0.0
135,135,0.8121156243017759,-0.4404788341773197,0.38268343236509,0.4375,0.36363636363636365,0.0
136,136,0.8790276174798304,-0.47677085450741763,1.2246467991473535e-16,0.5,0.36363636363636365,0.0
137,137,0.812115624301776,-0.44047883417731976,-0.3826834323650898,0.5625,0.36363636363636365,0.0
138,138,0.6215663891702428,-0.3371279042942999,-0.7071067811865476,0.625,0.36363636363636365,0.0
139,139,0.33638930580088916,-0.1824523070545357,-0.9238795325112867,0.6875,0.36363636363636365,0.0
140,140,1.6147475371631973e-16,-8.758138513488862e-17,-1.0000000000000002,0.75,0.36363636363636365,0.0
141,141,-0.3363893058008889,0.18245230705453552,-0.9238795325112868,0.8125,0.36363636363636365,0.0
142,142,-0.6215663891702424,0.3371279042942998,-0.7071067811865478,0.875,0.36363636363636365,0.0
143,143,-0.8121156243017756,0.4404788341773196,-0.3826834323650905,0.9375,0.36363636363636365,0.0
144,144,-0.8800791019177386,0.47482709944533136,0.0,0.0,0.4090909090909091,0.0
145,145,-0.8130870692527135,0.438683038659243,0.3826834323650898,0.0625,0.4090909090909091,0.0
146,146,-0.6223099009465998,0.33575346190893296,0.7071067811865476,0.125,0.4090909090909091,0.0
147,147,-0.3367916914746659,0.18170846419569925,0.9238795325112867,0.1875,0.4090909090909091,0.0
148,148,-5.388930275800179e-17,2.907477437420735e-17,1.0,0.25,0.4090909090909091,0.0
149,149,0.33679169147466587,-0.1817084641956992,0.9238795325112867,0.3125,0.4090909090909091,0.0
150,150,0.6223099009465997,-0.3357534619089329,0.7071067811865476,0.375,0.4090909090909091,0.0
151,151,0.8130870692527135,-0.438683038659243,0.3826834323650899,0.4375,0.4090909090909091,0.0
152,152,0.8800791019177386,-0.47482709944533136,1.2246467991473532e-16,0.5,0.4090909090909091,0.0
153,153,0.8130870692527136,-0.438683038659243,-0.38268343236508967,0.5625,0.4090909090909091,0.0
154,154,0.6223099009465998,-0.335753461908933,-0.7071067811865475,0.625,0.4090909090909091,0.0
155,155,0.33679169147466637,-0.1817084641956995,-0.9238795325112865,0.6875,0.4090909090909091,0.0
156,156,1.6166790827400538e-16,-8.722432312262204e-17,-1.0,0.75,0.4090909090909091,0.0
157,157,-0.3367916914746661,0.18170846419569933,-0.9238795325112866,0.8125,0.4090909090909091,0.0
158,158,-0.6223099009465995,0.3357534619089329,-0.7071067811865477,0.875,0.4090909090909091,0.0
159,159,-0.8130870692527132,0.4386830386592429,-0.3826834323650904,0.9375,0.4090909090909091,0.0
160,160,-0.8813734534665807,0.4724201895816828,0.0,0.0,0.45454545454545453,0.0
161,161,-0.8142828941565629,0.43645934389961855,0.3826834323650898,0.0625,0.45454545454545453,0.0
162,162,-0.6232251457040252,0.3340515196226423,0.7071067811865476,0.125,0.45454545454545453,0.0
163,163,-0.3372870183680639,0.18078737966768482,0.9238795325112867,0.1875,0.45454545454545453,0.0
164,164,-5.396855893206484e-17,2.8927393651189684e-17,1.0,0.25,0.45454545454545453,0.0
165,165,0.3372870183680638,-0.18078737966768477,0.9238795325112867,0.3125,0.45454545454545453,0.0
166,166,0.6232251457040251,-0.33405151962264223,0.7071067811865476,0.375,0.45454545454545453,0.0
167,167,0.8142828941565629,-0.43645934389961855,0.3826834323650899,0.4375,0.45454545454545453,0.0
168,168,0.8813734534665807,-0.4724201895816828,1.2246467991473532e-16,0.5,0.45454545454545453,0.0
169,169,0.814282894156563,-0.4364593438996186,-0.38268343236508967,0.5625,0.45454545454545453,0.0
170,170,0.6232251457040253,-0.33405151962264235,-0.7071067811865475,0.625,0.45454545454545453,0.0
171,171,0.33728701836806435,-0.18078737966768507,-0.9238795325112865,0.6875,0.45454545454545453,0.0
172,172,1.619056767961945e-16,-8.678218095356904e-17,-1.0,0.75,0.45454545454545453,0.0
173,173,-0.337287018368064,0.1807873796676849,-0.9238795325112866,0.8125,0.45454545454545453,0.0
174,174,-0.6232251457040251,0.3340515196226422,-0.7071067811865477,0.875,0.45454545454545453,0.0
175,175,-0.8142828941565627,0.43645934389961843,-0.3826834323650904,0.9375,0.45454545454545453,0.0
176,176,-0.8829249914656164,0.46951406735628387,0.0,0.0,0.5,0.0
177,177,-0.8157163283577855,0.43377443705659635,0.3826834323650898,0.0625,0.5,0.0
178,178,-0.624322248744412,0.33199658089010575,0.7071067811865476,0.125,0.5,0.0
179,179,-0.33788076625497976,0.1796752548395967,0.9238795325112867,0.1875,0.5,0.0
180,180,-5.406356323427856e-17,2.8749444987126394e-17,1.0,0.25,0.5,0.0
181,181,0.33788076625497965,-0.17967525483959665,0.9238795325112867,0.3125,0.5,0.0
182,182,0.6243222487444119,-0.33199658089010575,0.7071067811865476,0.375,0.5,0.0
183,183,0.8157163283577855,-0.43377443705659635,0.3826834323650899,0.4375,0.5,0.0
184,184,0.8829249914656164,-0.46951406735628387,1.2246467991473532e-16,0.5,0.5,0.0
185,185,0.8157163283577856,-0.4337744370565964,-0.38268343236508967,0.5625,0.5,0.0
186,186,0.6243222487444121,-0.3319965808901058,-0.7071067811865475,0.625,0.5,0.0
187,187,0.3378807662549802,-0.17967525483959693,-0.9238795325112865,0.6875,0.5,0.0
188,188,1.6219068970283568e-16,-8.624833496137917e-17,-1.0,0.75,0.5,0.0
189,189,-0.33788076625497987,0.17967525483959676,-0.9238795325112866,0.8125,0.5,0.0
190,190,-0.6243222487444118,0.3319965808901057,-0.7071067811865477,0.875,0.5,0.0
191,191,-0.8157163283577853,0.43377443705659624,-0.3826834323650904,0.9375,0.5,0.0
192,192,-0.8847626268662286,0.46604194457234277,0.0,0.0,0.5454545454545454,0.0
193,193,-0.8174140820926293,0.43056661388214706,0.3826834323650898,0.0625,0.5454545454545454,0.0
194,194,-0.6256216531975334,0.32954141932446873,0.7071067811865476,0.125,0.5454545454545454,0.0
195,195,-0.3385839988775216,0.17834653097504508,0.9238795325112867,0.1875,0.5454545454545454,0.0
196,196,-5.4176085949846544e-17,2.853683878444639e-17,1.0,0.25,0.5454545454545454,0.0
197,197,0.33858399887752155,-0.17834653097504502,0.9238795325112867,0.3125,0.5454545454545454,0.0
198,198,0.6256216531975333,-0.3295414193244687,0.7071067811865476,0.375,0.5454545454545454,0.0
199,199,0.8174140820926293,-0.43056661388214706,0.3826834323650899,0.4375,0.5454545454545454,0.0
200,200,0.8847626268662286,-0.46604194457234277,1.2246467991473532e-16,0.5,0.5454545454545454,0.0
201,201,0.8174140820926294,-0.4305666138821471,-0.38268343236508967,0.5625,0.5454545454545454,0.0
202,202,0.6256216531975335,-0.3295414193244688,-0.7071067811865475,0.625,0.5454545454545454,0.0
203,203,0.33858399887752205,-0.17834653097504533,-0.9238795325112865,0.6875,0.5454545454545454,0.0
204,204,1.6252825784953963e-16,-8.561051635333916e-17,-1.0,0.75,0.5454545454545454,0.0
205,205,-0.3385839988775218,0.17834653097504516,-0.9238795325112866,0.8125,0.5454545454545454,0.0
206,206,-0.6256216531975332,0.3295414193244686,-0.7071067811865477,0.875,0.5454545454545454,0.0
207,207,-0.8174140820926291,0.43056661388214695,-0.3826834323650904,0.9375,0.5454545454545454,0.0
208,208,-0.88693224164483,0.4618995548069697,0.0,0.0,0.5909090909090909,0.0
209,209,-0.8194185447800131,0.42673954476223463,0.3826834323650898,0.0625,0.5909090909090909,0.0
210,210,-0.6271558025200449,0.3266123074310557,0.7071067811865476,0.125,0.5909090909090909,0.0
211,211,-0.3394142745079068,0.1767613070414381,0.9238795325112867,0.1875,0.5909090909090909,0.0
212,212,-5.430893653954639e-17,2.828319056609714e-17,1.0,0.25,0.5909090909090909,0.0
213,213,0.33941427450790673,-0.17676130704143805,0.9238795325112867,0.3125,0.5909090909090909,0.0
214,214,0.6271558025200449,-0.3266123074310556,0.7071067811865476,0.375,0.5909090909090909,0.0
215,215,0.8194185447800131,-0.42673954476223463,0.3826834323650899,0.4375,0.5909090909090909,0.0
216,216,0.88693224164483,-0.4618995548069697,1.2246467991473532e-16,0.5,0.5909090909090909,0.0
217,217,0.8194185447800132,-0.4267395447622347,-0.38268343236508967,0.5625,0.5909090909090909,0.0
218,218,0.627155802520045,-0.32661230743105574,-0.7071067811865475,0.625,0.5909090909090909,0.0
219,219,0.33941427450790723,-0.17676130704143833,-0.9238795325112865,0.6875,0.5909090909090909,0.0
220,220,1.6292680961863917e-16,-8.484957169829143e-17,-1.0,0.75,0.5909090909090909,0.0
221,221,-0.33941427450790695,0.17676130704143816,-0.9238795325112866,0.8125,0.5909090909090909,0.0
222,222,-0.6271558025200448,0.32661230743105557,-0.7071067811865477,0.875,0.5909090909090909,0.0
223,223,-0.819418544780013,0.4267395447622345,-0.3826834323650904,0.9375,0.5909090909090909,0.0
224,224,-0.88950236035146,0.45693057561207395,0.0,0.0,0.6363636363636364,0.0
225,225,-0.821793024849193,0.42214880658659604,0.3826834323650898,0.0625,0.6363636363636364,0.0
226,226,-0.6289731508859574,0.32309870854677003,0.7071067811865476,0.125,0.6363636363636364,0.0
227,227,-0.34039781635614574,0.17485976102778467,0.9238795325112867,0.1875,0.6363636363636364,0.0
228,228,-5.4466310921921556e-17,2.79789283427942e-17,1.0,0.25,0.6363636363636364,0.0
229,229,0.34039781635614563,-0.1748597610277846,0.9238795325112867,0.3125,0.6363636363636364,0.0
230,230,0.6289731508859573,-0.32309870854677,0.7071067811865476,0.375,0.6363636363636364,0.0
231,231,0.821793024849193,-0.42214880658659604,0.3826834323650899,0.4375,0.6363636363636364,0.0
232,232,0.88950236035146,-0.45693057561207395,1.2246467991473532e-16,0.5,0.6363636363636364,0.0
233,233,0.8217930248491931,-0.4221488065865961,-0.38268343236508967,0.5625,0.6363636363636364,0.0
234,234,0.6289731508859575,-0.32309870854677003,-0.7071067811865475,0.625,0.6363636363636364,0.0
235,235,0.3403978163561462,-0.1748597610277849,-0.9238795325112865,0.6875,0.6363636363636364,0.0
236,236,1.6339893276576465e-16,-8.39367850283826e-17,-1.0,0.75,0.6363636363636364,0.0
237,237,-0.34039781635614585,0.17485976102778475,-0.9238795325112866,0.8125,0.6363636363636364,0.0
238,238,-0.6289731508859572,0.3230987085467699,-0.7071067811865477,0.875,0.6363636363636364,0.0
239,239,-0.8217930248491928,0.4221488065865959,-0.3826834323650904,0.9375,0.6363636363636364,0.0
240,240,-0.8925738473822993,0.450901238597944,0.0,0.0,0.6818181818181818,0.0
241,241,-0.8246307088513593,0.41657842552462865,0.3826834323650899,0.0625,0.6818181818181818,0.0
242,242,-0.6311450201937904,0.3188353234580197,0.7071067811865477,0.125,0.6818181818181818,0.0
243,243,-0.3415732235555721,0.17255243364433154,0.923879532511287,0.1875,0.6818181818181818,0.0
244,244,-5.465438525996855e-17,2.7609737929027456e-17,1.0000000000000002,0.25,0.6818181818181818,0.0
245,245,0.34157322355557207,-0.17255243364433148,0.923879532511287,0.3125,0.6818181818181818,0.0
246,246,0.6311450201937903,-0.3188353234580196,0.7071067811865477,0.375,0.6818181818181818,0.0
247,247,0.8246307088513593,-0.41657842552462865,0.38268343236509,0.4375,0.6818181818181818,0.0
248,248,0.8925738473822993,-0.450901238597944,1.2246467991473535e-16,0.5,0.6818181818181818,0.0
249,249,0.8246307088513594,-0.4165784255246287,-0.3826834323650898,0.5625,0.6818181818181818,0.0
250,250,0.6311450201937905,-0.31883532345801974,-0.7071067811865476,0.625,0.6818181818181818,0.0
251,251,0.34157322355557257,-0.17255243364433176,-0.9238795325112867,0.6875,0.6818181818181818,0.0
252,252,1.6396315577990564e-16,-8.282921378708237e-17,-1.0000000000000002,0.75,0.6818181818181818,0.0
253,253,-0.3415732235555723,0.17255243364433162,-0.9238795325112868,0.8125,0.6818181818181818,0.0
254,254,-0.6311450201937902,0.31883532345801957,-0.7071067811865478,0.875,0.6818181818181818,0.0
255,255,-0.824630708851359,0.4165784255246286,-0.3826834323650905,0.9375,0.6818181818181818,0.0
256,256,-0.8962976829986465,0.4434528875216144,0.0,0.0,0.7272727272727273,0.0
257,257,-0.8280710843597391,0.4096970464142493,0.3826834323650898,0.0625,0.7272727272727273,0.0
258,258,-0.6337781696101336,0.31356854390328887,0.7071067811865476,0.125,0.7272727272727273,0.0
259,259,-0.3429982737507993,0.1697020730889815,0.9238795325112867,0.1875,0.7272727272727273,0.0
260,260,-5.488240442837408e-17,2.7153657963799814e-17,1.0,0.25,0.7272727272727273,0.0
261,261,0.34299827375079917,-0.16970207308898147,0.9238795325112867,0.3125,0.7272727272727273,0.0
262,262,0.6337781696101334,-0.3135685439032888,0.7071067811865476,0.375,0.7272727272727273,0.0
263,263,0.8280710843597391,-0.4096970464142493,0.3826834323650899,0.4375,0.7272727272727273,0.0
264,264,0.8962976829986465,-0.4434528875216144,1.2246467991473532e-16,0.5,0.7272727272727273,0.0
265,265,0.8280710843597391,-0.40969704641424937,-0.38268343236508967,0.5625,0.7272727272727273,0.0
266,266,0.6337781696101337,-0.3135685439032889,-0.7071067811865475,0.625,0.7272727272727273,0.0
267,267,0.3429982737507997,-0.16970207308898172,-0.9238795325112865,0.6875,0.7272727272727273,0.0
268,268,1.6464721328512223e-16,-8.146097389139944e-17,-1.0,0.75,0.7272727272727273,0.0
269,269,-0.34299827375079944,0.16970207308898158,-0.9238795325112866,0.8125,0.7272727272727273,0.0
270,270,-0.6337781696101333,0.31356854390328875,-0.7071067811865477,0.875,0.7272727272727273,0.0
271,271,-0.8280710843597389,0.4096970464142492,-0.3826834323650904,0.9375,0.7272727272727273,0.0
272,272,-0.9009083240976445,0.434009437191835,0.0,0.0,0.7727272727272727,0.0
273,273,-0.8323307613028587,0.4009724359382792,0.3826834323650898,0.0625,0.7727272727272727,0.0
274,274,-0.6370383851968524,0.3068910161373035,0.7071067811865476,0.125,0.7727272727272727,0.0
275,275,-0.3447626897119674,0.1660882211034123,0.9238795325112867,0.1875,0.7727272727272727,0.0
276,276,-5.516472477156934e-17,2.657541340283625e-17,1.0,0.25,0.7727272727272727,0.0
277,277,0.3447626897119673,-0.16608822110341223,0.9238795325112867,0.3125,0.7727272727272727,0.0
278,278,0.6370383851968523,-0.30689101613730346,0.7071067811865476,0.375,0.7727272727272727,0.0
279,279,0.8323307613028587,-0.4009724359382792,0.3826834323650899,0.4375,0.7727272727272727,0.0
280,280,0.9009083240976445,-0.434009437191835,1.2246467991473532e-16,0.5,0.7727272727272727,0.0
281,281,0.8323307613028588,-0.40097243593827925,-0.38268343236508967,0.5625,0.7727272727272727,0.0
282,282,0.6370383851968525,-0.3068910161373036,-0.7071067811865475,0.625,0.7727272727272727,0.0
283,283,0.34476268971196783,-0.1660882211034125,-0.9238795325112865,0.6875,0.7727272727272727,0.0
284,284,1.65494174314708e-16,-7.972624020850873e-17,-1.0,0.75,0.7727272727272727,0.0
285,285,-0.34476268971196755,0.16608822110341237,-0.9238795325112866,0.8125,0.7727272727272727,0.0
286,286,-0.6370383851968522,0.3068910161373034,-0.7071067811865477,0.875,0.7727272727272727,0.0
287,287,-0.8323307613028584,0.4009724359382791,-0.3826834323650904,0.9375,0.7727272727272727,0.0
288,288,-0.9067914015987196,0.4215795938925765,0.0,0.0,0.8181818181818182,0.0
289,289,-0.8377660161942796,0.3894887581217717,0.3826834323650899,0.0625,0.8181818181818182,0.0
290,290,-0.6411983491921086,0.2981017896513117,0.7071067811865477,0.125,0.8181818181818182,0.0
291,291,-0.34701404600294866,0.16133152600589185,0.923879532511287,0.1875,0.8181818181818182,0.0
292,292,-5.552495937311071e-17,2.5814305012319242e-17,1.0000000000000002,0.25,0.8181818181818182,0.0
293,293,0.34701404600294855,-0.1613315260058918,0.923879532511287,0.3125,0.8181818181818182,0.0
294,294,0.6411983491921085,-0.2981017896513116,0.7071067811865477,0.375,0.8181818181818182,0.0
295,295,0.8377660161942796,-0.3894887581217717,0.38268343236509,0.4375,0.8181818181818182,0.0
296,296,0.9067914015987196,-0.4215795938925765,1.2246467991473535e-16,0.5,0.8181818181818182,0.0
297,297,0.8377660161942797,-0.38948875812177175,-0.3826834323650898,0.5625,0.8181818181818182,0.0
298,298,0.6411983491921087,-0.29810178965131173,-0.7071067811865476,0.625,0.8181818181818182,0.0
299,299,0.3470140460029491,-0.16133152600589204,-0.9238795325112867,0.6875,0.8181818181818182,0.0
300,300,1.665748781193321e-16,-7.744291503695773e-17,-1.0000000000000002,0.75,0.8181818181818182,0.0
301,301,-0.3470140460029488,0.1613315260058919,-0.9238795325112868,0.8125,0.8181818181818182,0.0
302,302,-0.6411983491921084,0.29810178965131157,-0.7071067811865478,0.875,0.8181818181818182,0.0
303,303,-0.8377660161942794,0.3894887581217716,-0.3826834323650905,0.9375,0.8181818181818182,0.0
304,304,-0.9146378848214345,0.404274089757645,0.0,0.0,0.8636363636363636,0.0
305,305,-0.845015221445939,0.37350055705171903,0.3826834323650898,0.0625,0.8636363636363636,0.0
306,306,-0.6467466506873568,0.2858649503256498,0.7071067811865476,0.125,0.8636363636363636,0.0
307,307,-0.3500167651346123,0.154708996284728,0.9238795325112867,0.1875,0.8636363636363636,0.0
308,308,-5.600541790127377e-17,2.4754648499995487e-17,1.0,0.25,0.8636363636363636,0.0
309,309,0.35001676513461216,-0.15470899628472795,0.9238795325112867,0.3125,0.8636363636363636,0.0
310,310,0.6467466506873567,-0.28586495032564974,0.7071067811865476,0.375,0.8636363636363636,0.0
311,311,0.845015221445939,-0.37350055705171903,0.3826834323650899,0.4375,0.8636363636363636,0.0
312,312,0.9146378848214345,-0.404274089757645,1.2246467991473532e-16,0.5,0.8636363636363636,0.0
313,313,0.8450152214459391,-0.3735005570517191,-0.38268343236508967,0.5625,0.8636363636363636,0.0
314,314,0.6467466506873569,-0.28586495032564985,-0.7071067811865475,0.625,0.8636363636363636,0.0
315,315,0.3500167651346127,-0.1547089962847282,-0.9238795325112865,0.6875,0.8636363636363636,0.0
316,316,1.6801625370382127e-16,-7.426394549998645e-17,-1.0,0.75,0.8636363636363636,0.0
317,317,-0.3500167651346124,0.15470899628472806,-0.9238795325112866,0.8125,0.8636363636363636,0.0
318,318,-0.6467466506873566,0.2858649503256497,-0.7071067811865477,0.875,0.8636363636363636,0.0
319,319,-0.8450152214459388,0.373500557051719,-0.3826834323650904,0.9375,0.8636363636363636,0.0
320,320,-0.9258529201280334,0.37788406990821055,0.0,0.0,0.9090909090909091,0.0
321,321,-0.8553765630220972,0.34911935785025994,0.3826834323650898,0.0625,0.9090909090909091,0.0
322,322,-0.6546768782038994,0.2672043883344671,0.7071067811865476,0.125,0.9090909090909091,0.0
323,323,-0.35430857333983723,0.14460997290856356,0.9238795325112867,0.1875,0.9090909090909091,0.0
324,324,-5.669214075580131e-17,2.3138725833093236e-17,1.0,0.25,0.9090909090909091,0.0
325,325,0.3543085733398371,-0.14460997290856353,0.9238795325112867,0.3125,0.9090909090909091,0.0
326,326,0.6546768782038993,-0.267204388334467,0.7071067811865476,0.375,0.9090909090909091,0.0
327,327,0.8553765630220972,-0.34911935785025994,0.3826834323650899,0.4375,0.9090909090909091,0.0
328,328,0.9258529201280334,-0.37788406990821055,1.2246467991473532e-16,0.5,0.9090909090909091,0.0
329,329,0.8553765630220973,-0.34911935785026,-0.38268343236508967,0.5625,0.9090909090909091,0.0
330,330,0.6546768782038995,-0.26720438833446714,-0.7071067811865475,0.625,0.9090909090909091,0.0
331,331,0.3543085733398377,-0.14460997290856376,-0.9238795325112865,0.6875,0.9090909090909091,0.0
332,332,1.7007642226740392e-16,-6.94161774992797e-17,-1.0,0.75,0.9090909090909091,0.0
333,333,-0.35430857333983734,0.14460997290856364,-0.9238795325112866,0.8125,0.9090909090909091,0.0
334,334,-0.6546768782038992,0.267204388334467,-0.7071067811865477,0.875,0.9090909090909091,0.0
335,335,-0.8553765630220971,0.3491193578502599,-0.3826834323650904,0.9375,0.9090909090909091,0.0
336,336,-0.9439994334568889,0.32994707095695314,0.0,0.0,0.9545454545454546,0.0
337,337,-0.87214175527307,0.30483134566917824,0.3826834323650898,0.0625,0.9545454545454546,0.0
338,338,-0.6675084008336252,0.23330781130630054,0.7071067811865476,0.125,0.9545454545454546,0.0
339,339,-0.36125294334598246,0.12626527761261466,0.9238795325112867,0.1875,0.9545454545454546,0.0
340,340,-5.780329422899469e-17,2.0203431216773865e-17,1.0,0.25,0.9545454545454546,0.0
341,341,0.36125294334598235,-0.12626527761261463,0.9238795325112867,0.3125,0.9545454545454546,0.0
342,342,0.6675084008336251,-0.23330781130630052,0.7071067811865476,0.375,0.9545454545454546,0.0
343,343,0.87214175527307,-0.30483134566917824,0.3826834323650899,0.4375,0.9545454545454546,0.0
344,344,0.9439994334568889,-0.32994707095695314,1.2246467991473532e-16,0.5,0.9545454545454546,0.0
345,345,0.8721417552730701,-0.30483134566917824,-0.38268343236508967,0.5625,0.9545454545454546,0.0
346,346,0.6675084008336253,-0.23330781130630057,-0.7071067811865475,0.625,0.9545454545454546,0.0
347,347,0.3612529433459829,-0.12626527761261483,-0.9238795325112865,0.6875,0.9545454545454546,0.0
348,348,1.7340988268698406e-16,-6.061029365032159e-17,-1.0,0.75,0.9545454545454546,0.0
349,349,-0.3612529433459826,0.12626527761261472,-0.9238795325112866,0.8125,0.9545454545454546,0.0
350,350,-0.667508400833625,0.23330781130630046,-0.7071067811865477,0.875,0.9545454545454546,0.0
351,351,-0.8721417552730698,0.30483134566917813,-0.3826834323650904,0.9375,0.9545454545454546,0.0
352,352,-0.972260256896458,0.23310500342726834,-0.019288603806564792,0.0,1.0,0.0
353,353,-0.9058418880881709,0.21536094159242655,0.3647877994413752,0.0625,1.0,0.0
354,354,-0.7015173032956236,0.16483012865193486,0.6933285670340023,0.125,1.0,0.0
355,355,-0.3903930683465074,0.08920542281302307,0.9163163453348133,0.1875,1.0,0.0
356,356,-0.019835027663612642,1.427356481562185e-17,0.9998032664867542,0.25,1.0,0.0
357,357,0.3537427161760936,-0.08920542281302306,0.9310792035552664,0.3125,1.0,0.0
358,358,0.6734663381636969,-0.16483012865193483,0.7206067721364874,0.375,1.0,0.0
359,359,0.8906608151534354,-0.21536094159242655,0.40042849197658426,0.4375,1.0,0.0
360,360,0.972260256896458,-0.23310500342726834,0.019288603806564913,0.5,1.0,0.0
361,361,0.905841888088171,-0.21536094159242658,-0.36478779944137507,0.5625,1.0,0.0
362,362,0.7015173032956237,-0.1648301286519349,-0.6933285670340021,0.625,1.0,0.0
363,363,0.3903930683465079,-0.0892054228130232,-0.9163163453348132,0.6875,1.0,0.0
364,364,0.01983502766361276,-4.282069444686554e-17,-0.9998032664867542,0.75,1.0,0.0
365,365,-0.3537427161760939,0.08920542281302311,-0.9310792035552664,0.8125,1.0,0.0
366,366,-0.6734663381636968,0.1648301286519348,-0.7206067721364875,0.875,1.0,0.0
367,367,-0.8906608151534352,0.21536094159242652,-0.40042849197658476,0.9375,1.0,0.0
368,368,-0.001991793635435868,-0.015278398853870934,0.9998812945978017,0.0,0.04,0.0
369,369,0.37763218669631093,-0.06358593985581829,0.9237698630197972,0.0625,0.04,0.0
370,370,0.6997650898478412,-0.10221309792269746,0.7070228437916897,0.125,0.04,0.0
371,371,0.9153651014563733,-0.12527923839488592,0.3826380057743363,0.1875,0.04,0.0
372,372,0.9916090741734803,-0.12927275048057704,6.122507134782548e-17,0.25,0.04,0.0
373,373,0.9168895543063165,-0.11358565816600155,-0.3826380057743362,0.3125,0.04,0.0
374,374,0.7025819114205231,-0.08060617905220764,-0.7070228437916896,0.375,0.04,0.0
375,375,0.3813125414418419,-0.03535513987454779,-0.9237698630197972,0.4375,0.04,0.0
376,376,0.0019917936354359894,0.015278398853870919,-0.9998812945978017,0.5,0.04,0.0
377,377,-0.3776321866963108,0.06358593985581827,-0.9237698630197974,0.5625,0.04,0.0
378,378,-0.6997650898478411,0.10221309792269745,-0.7070228437916898,0.625,0.04,0.0
379,379,-0.9153651014563731,0.1252792383948859,-0.3826380057743368,0.6875,0.04,0.0
380,380,-0.9916090741734803,0.12927275048057704,-1.8367521404347643e-16,0.75,0.04,0.0
381,381,-0.9168895543063164,0.11358565816600154,0.3826380057743365,0.8125,0.04,0.0
382,382,-0.7025819114205232,0.08060617905220765,0.7070228437916894,0.875,0.04,0.0
383,383,-0.3813125414418424,0.03535513987454786,0.923769863019797,0.9375,0.04,0.0
384,384,-0.001775338796743395,-0.02380213614182847,0.999715112663224,0.0,0.08,0.0
385,385,0.3799831674156018,-0.05045459064293402,0.9236163309317678,0.0625,0.08,0.0
386,386,0.7038926809449119,-0.069425791090656,0.706905335418839,0.125,0.08,0.0
387,387,0.920640914603401,-0.077827544191189,0.38257441070121506,0.1875,0.08,0.0
388,388,0.9972299146441955,-0.07438075919705842,6.099805520461554e-17,0.25,0.08,0.0
389,389,0.9219997000920984,-0.05961017787843685,-0.38257441070121495,0.3125,0.08,0.0
390,390,0.7064033891490734,-0.035764487345431355,-0.7069053354188389,0.375,0.08,0.0
391,391,0.3832635657707708,-0.006473977819969053,-0.9236163309317678,0.4375,0.08,0.0
392,392,0.001775338796743517,0.02380213614182846,-0.999715112663224,0.5,0.08,0.0
393,393,-0.3799831674156017,0.05045459064293402,-0.9236163309317679,0.5625,0.08,0.0
394,394,-0.7038926809449118,0.06942579109065598,-0.7069053354188392,0.625,0.08,0.0
395,395,-0.9206409146034008,0.077827544191189,-0.38257441070121556,0.6875,0.08,0.0
396,396,-0.9972299146441955,0.07438075919705842,-1.8342784648284082e-16,0.75,0.08,0.0
397,397,-0.9219997000920983,0.05961017787843683,0.38257441070121523,0.8125,0.08,0.0
398,398,-0.7064033891490735,0.03576448734543136,0.7069053354188388,0.875,0.08,0.0
399,399,-0.3832635657707713,0.006473977819969095,0.9236163309317675,0.9375,0.08,0.0
400,400,-0.001290114133017081,-0.02716809829599015,0.9996300465874879,0.0,0.12,0.0
401,401,0.38106078379133695,-0.04325183950129459,0.9235377401254841,0.0625,0.12,0.0
402,402,0.7053986317080669,-0.052750880221428355,0.7068451846198371,0.125,0.12,0.0
403,403,0.9223459324017633,-0.05421907761576963,0.38254185732337453,0.1875,0.12,0.0
404,404,0.9988744259739892,-0.04743291194027248,6.120968684424433e-17,0.25,0.12,0.0
405,405,0.9233333430108948,-0.03342551540228631,-0.3825418573233744,0.3125,0.12,0.0
406,406,0.707223128611989,-0.014329387147353708,-0.706845184619837,0.375,0.12,0.0
407,407,0.3834446038755331,0.006948260404545537,-0.9235377401254841,0.4375,0.12,0.0
408,408,0.0012901141330172033,0.027168098295990144,-0.9996300465874879,0.5,0.12,0.0
409,409,-0.38106078379133684,0.04325183950129459,-0.9235377401254842,0.5625,0.12,0.0
410,410,-0.7053986317080668,0.052750880221428355,-0.7068451846198373,0.625,0.12,0.0
411,411,-0.9223459324017631,0.05421907761576963,-0.38254185732337503,0.6875,0.12,0.0
412,412,-0.9988744259739892,0.047432911940272486,-1.83629060532733e-16,0.75,0.12,0.0
413,413,-0.9233333430108946,0.0334255154022863,0.3825418573233747,0.8125,0.12,0.0
414,414,-0.7072231286119891,0.014329387147353718,0.7068451846198369,0.875,0.12,0.0
415,415,-0.3834446038755336,-0.0069482604045455094,0.9235377401254838,0.9375,0.12,0.0
416,416,-0.0008732306248673688,-0.02863271830464891,0.9995896182487903,0.0,0.16,0.0
417,417,0.38169882830941376,-0.03811870400039655,0.923500389210828,0.0625,0.16,0.0
418,418,0.7061607007420816,-0.04180146255899604,0.706816597467392,0.125,0.16,0.0
419,419,0.9231160078494601,-0.039120327374190085,0.3825263860679569,0.1875,0.16,0.0
420,420,0.9995352708292076,-0.03048347697331443,6.120721132246529e-17,0.25,0.16,0.0
421,421,0.9237843496350012,-0.017205793536658527,-0.3825263860679568,0.3125,0.16,0.0
422,422,0.7073956353348485,-0.0013086840049531777,-0.7068165974673919,0.375,0.16,0.0
423,423,0.38331234811236786,0.014787660803256254,-0.923500389210828,0.4375,0.16,0.0
424,424,0.0008732306248674912,0.028632718304648908,-0.9995896182487903,0.5,0.16,0.0
425,425,-0.38169882830941365,0.03811870400039654,-0.9235003892108281,0.5625,0.16,0.0
426,426,-0.7061607007420815,0.04180146255899604,-0.7068165974673921,0.625,0.16,0.0
427,427,-0.9231160078494599,0.0391203273741901,-0.3825263860679574,0.6875,0.16,0.0
428,428,-0.9995352708292076,0.030483476973314435,-1.8362163396739586e-16,0.75,0.16,0.0
429,429,-0.9237843496350011,0.01720579353665852,0.3825263860679571,0.8125,0.16,0.0
430,430,-0.7073956353348486,0.0013086840049531846,0.7068165974673918,0.875,0.16,0.0
431,431,-0.38331234811236836,-0.014787660803256232,0.9235003892108278,0.9375,0.16,0.0
432,432,-0.000540137700623147,-0.029117431178710528,0.9995758517755506,0.0,0.2,0.0
433,433,0.382118583744157,-0.03399867818830404,0.923487670647967,0.0625,0.2,0.0
434,434,0.7066032147274768,-0.03370393464251351,0.7068068631008112,0.125,0.2,0.0
435,435,0.9235139116426301,-0.02827807257432865,0.382521117866726,0.1875,0.2,0.0
436,436,0.999827987184649,-0.018547130298068475,6.109794815184731e-17,0.25,0.2,0.0
437,437,0.9239273151410785,-0.005992555564082196,-0.3825211178667259,0.3125,0.2,0.0
438,438,0.707367084789247,0.00747433143188413,-0.7068068631008111,0.375,0.2,0.0
439,439,0.38311662807684405,0.019803319222329252,-0.923487670647967,0.4375,0.2,0.0
440,440,0.0005401377006232694,0.029117431178710525,-0.9995758517755506,0.5,0.2,0.0
441,441,-0.3821185837441569,0.03399867818830404,-0.9234876706479671,0.5625,0.2,0.0
442,442,-0.7066032147274767,0.03370393464251351,-0.7068068631008113,0.625,0.2,0.0
443,443,-0.9235139116426299,0.028278072574328662,-0.3825211178667265,0.6875,0.2,0.0
444,444,-0.999827987184649,0.018547130298068478,-1.8351068489003902e-16,0.75,0.2,0.0
445,445,-0.9239273151410784,0.005992555564082184,0.38252111786672616,0.8125,0.2,0.0
446,446,-0.7073670847892471,-0.007474331431884125,0.706806863100811,0.875,0.2,0.0
447,447,-0.38311662807684455,-0.019803319222329238,0.9234876706479668,0.9375,0.2,0.0
448,448,-0.00027733474704775673,-0.028988288302286065,0.9995797127927024,0.0,0.24,0.0
449,449,0.3824096961649517,-0.03044270117067921,0.9234912377626882,0.0625,0.24,0.0
450,450,0.7068783173883654,-0.027262488749609758,0.7068095932522215,0.125,0.24,0.0
451,451,0.9237311226573041,-0.01993180955148814,0.38252259541402206,0.1875,0.24,0.0
452,452,0.9999542381451472,-0.009566693031455973,6.120660478821069e-17,0.25,0.24,0.0
453,453,0.9239433854831328,0.002254865780327084,-0.38252259541402195,0.3125,0.24,0.0
454,454,0.7072705279489576,0.01373314171746454,-0.7068095932522214,0.375,0.24,0.0
455,455,0.38292214395785507,0.023120671319357695,-0.9234912377626882,0.4375,0.24,0.0
456,456,0.0002773347470478792,0.028988288302286065,-0.9995797127927024,0.5,0.24,0.0
457,457,-0.3824096961649516,0.030442701170679213,-0.9234912377626883,0.5625,0.24,0.0
458,458,-0.7068783173883653,0.027262488749609758,-0.7068095932522216,0.625,0.24,0.0
459,459,-0.9237311226573038,0.019931809551488155,-0.38252259541402256,0.6875,0.24,0.0
460,460,-0.9999542381451472,0.009566693031455976,-1.8361981436463202e-16,0.75,0.24,0.0
461,461,-0.9239433854831327,-0.002254865780327093,0.3825225954140222,0.8125,0.24,0.0
462,462,-0.7072705279489577,-0.013733141717464536,0.7068095932522213,0.875,0.24,0.0
463,463,-0.38292214395785557,-0.02312067131935768,0.9234912377626879,0.9375,0.24,0.0
464,464,-7.134294161331519e-05,-0.028417969451822206,0.9995961254038652,0.0,0.28,0.0
465,465,0.3826163141475148,-0.027215499069663,0.9235064010382166,0.0625,0.28,0.0
466,466,0.7070541058332086,-0.021869715663261027,0.7068211987208717,0.125,0.28,0.0
467,467,0.9238493193672264,-0.013194466296593722,0.38252887624839593,0.1875,0.28,0.0
468,468,0.9999968487425185,-0.0025104790444048465,6.122116229795306e-17,0.25,0.28,0.0
469,469,0.9239039228907695,0.00855570588474546,-0.3825288762483958,0.3125,0.28,0.0
470,470,0.7071549999888177,0.018319362150610245,-0.7068211987208716,0.375,0.28,0.0
471,471,0.3827481387146063,0.02529406159447605,-0.9235064010382166,0.4375,0.28,0.0
472,472,7.134294161343765e-05,0.028417969451822206,-0.9995961254038652,0.5,0.28,0.0
473,473,-0.3826163141475147,0.027215499069663005,-0.9235064010382167,0.5625,0.28,0.0
474,474,-0.7070541058332085,0.021869715663261027,-0.7068211987208718,0.625,0.28,0.0
475,475,-0.9238493193672261,0.013194466296593736,-0.38252887624839643,0.6875,0.28,0.0
476,476,-0.9999968487425185,0.00251047904440485,-1.8363638183954704e-16,0.75,0.28,0.0
477,477,-0.9239039228907694,-0.008555705884745468,0.3825288762483961,0.8125,0.28,0.0
478,478,-0.7071549999888178,-0.018319362150610242,0.7068211987208715,0.875,0.28,0.0
479,479,-0.3827481387146068,-0.02529406159447604,0.9235064010382164,0.9375,0.28,0.0
480,480,8.813385235268227e-05,-0.027493889069169882,0.999621967693926,0.0,0.32,0.0
481,481,0.3827628912646082,-0.02417432544499242,0.9235302762010769,0.0625,0.32,0.0
482,482,0.7071654682360768,-0.01717443991262072,0.706839471979415,0.125,0.32,0.0
483,483,0.9239085131395354,-0.007559901590238017,0.38253876566465655,0.1875,0.32,0.0
484,484,0.9999948621690272,0.003205563218579861,6.120919215468727e-17,0.25,0.32,0.0
485,485,0.9238410584092837,0.013483010085871891,-0.38253876566465644,0.3125,0.32,0.0
486,486,0.7070408281467755,0.021707790891380713,-0.7068394719794149,0.375,0.32,0.0
487,487,0.3826000411399883,0.026627757315291274,-0.9235302762010769,0.4375,0.32,0.0
488,488,-8.813385235255981e-05,0.027493889069169882,-0.999621967693926,0.5,0.32,0.0
489,489,-0.3827628912646081,0.024174325444992425,-0.923530276201077,0.5625,0.32,0.0
490,490,-0.7071654682360767,0.01717443991262073,-0.7068394719794151,0.625,0.32,0.0
491,491,-0.9239085131395351,0.007559901590238031,-0.38253876566465705,0.6875,0.32,0.0
492,492,-0.9999948621690272,-0.0032055632185798576,-1.836275764640618e-16,0.75,0.32,0.0
493,493,-0.9238410584092835,-0.013483010085871898,0.3825387656646567,0.8125,0.32,0.0
494,494,-0.7070408281467756,-0.02170779089138071,0.7068394719794148,0.875,0.32,0.0
495,495,-0.3826000411399888,-0.02662775731529127,0.9235302762010766,0.9375,0.32,0.0
496,496,0.00020847955286996635,-0.026259086353943372,0.9996551489989596,0.0,0.36,0.0
497,497,0.3828639820920778,-0.02122207810843034,0.9235609317296595,0.0625,0.36,0.0
498,498,0.707231914028407,-0.012954200849525904,0.7068629347052129,0.125,0.36,0.0
499,499,0.9239301981271766,-0.0027141639414042674,0.38255146360035713,0.1875,0.36,0.0
500,500,0.999968485009186,0.007939079822838771,6.121122392363731e-17,0.25,0.36,0.0
501,501,0.9237706347854362,0.017383670651992415,-0.382551463600357,0.3125,0.36,0.0
502,502,0.7069370794172608,0.024181755207747083,-0.7068629347052128,0.375,0.36,0.0
503,503,0.38247876210839055,0.02729838674127908,-0.9235609317296595,0.4375,0.36,0.0
504,504,-0.0002084795528698439,0.026259086353943372,-0.9996551489989596,0.5,0.36,0.0
505,505,-0.38286398209207767,0.021222078108430343,-0.9235609317296596,0.5625,0.36,0.0
506,506,-0.7072319140284069,0.012954200849525904,-0.706862934705213,0.625,0.36,0.0
507,507,-0.9239301981271764,0.0027141639414042813,-0.38255146360035763,0.6875,0.36,0.0
508,508,-0.999968485009186,-0.007939079822838768,-1.8363367177091194e-16,0.75,0.36,0.0
509,509,-0.9237706347854361,-0.01738367065199242,0.3825514636003573,0.8125,0.36,0.0
510,510,-0.7069370794172609,-0.02418175520774708,0.7068629347052127,0.875,0.36,0.0
511,511,-0.38247876210839105,-0.02729838674127908,0.9235609317296593,0.9375,0.36,0.0
512,512,0.00029486635165028915,-0.02472947435337995,0.9996941362997186,0.0,0.4,0.0
513,513,0.38292865240539453,-0.01828438455192033,0.9235969512988585,0.0625,0.4,0.0
514,514,0.7072650223872956,-0.009055662950789549,0.7068905028899598,0.125,0.4,0.0
515,515,0.923926704084124,0.0015517012448098746,0.3825663833944303,0.1875,0.4,0.0
516,516,0.9999289205005737,0.011922832992093808,6.121361120729141e-17,0.25,0.4,0.0
517,517,0.9237010231490471,0.020478821497081672,-0.38256638339443017,0.3125,0.4,0.0
518,518,0.7068480183937043,0.025917095070118003,-0.7068905028899597,0.375,0.4,0.0
519,519,0.38238381043116265,0.027409725857780717,-0.9235969512988585,0.4375,0.4,0.0
520,520,-0.0002948663516501667,0.02472947435337995,-0.9996941362997186,0.5,0.4,0.0
521,521,-0.3829286524053944,0.018284384551920337,-0.9235969512988587,0.5625,0.4,0.0
522,522,-0.7072650223872955,0.009055662950789554,-0.7068905028899599,0.625,0.4,0.0
523,523,-0.9239267040841238,-0.001551701244809859,-0.3825663833944308,0.6875,0.4,0.0
524,524,-0.9999289205005737,-0.011922832992093804,-1.8364083362187423e-16,0.75,0.4,0.0
525,525,-0.923701023149047,-0.02047882149708168,0.38256638339443044,0.8125,0.4,0.0
526,526,-0.7068480183937044,-0.025917095070118003,0.7068905028899596,0.875,0.4,0.0
527,527,-0.38238381043116315,-0.02740972585778072,0.9235969512988583,0.9375,0.4,0.0
528,528,0.00035076688286561213,-0.022901964222948858,0.999737654085973,0.0,0.44,0.0
529,529,0.3829626215898682,-0.01529815722426851,0.9236371564908793,0.0625,0.44,0.0
530,530,0.707271888724623,-0.005365344466333851,0.7069212746117225,0.125,0.44,0.0
531,531,0.9239054222366906,0.005384293349631433,0.38258303693024304,0.1875,0.44,0.0
532,532,0.9998827304367306,0.015314221311856089,6.127048601179781e-17,0.25,0.44,0.0
533,533,0.9236369568873005,0.022912697903112546,-0.3825830369302429,0.3125,0.44,0.0
534,534,0.7067758294416431,0.027022923942743825,-0.7069212746117224,0.375,0.44,0.0
535,535,0.3823144889023437,0.027019154775507905,-0.9236371564908793,0.4375,0.44,0.0
536,536,-0.00035076688286548967,0.02290196422294886,-0.999737654085973,0.5,0.44,0.0
537,537,-0.3829626215898681,0.015298157224268513,-0.9236371564908794,0.5625,0.44,0.0
538,538,-0.7072718887246229,0.005365344466333856,-0.7069212746117226,0.625,0.44,0.0
539,539,-0.9239054222366904,-0.005384293349631418,-0.38258303693024354,0.6875,0.44,0.0
540,540,-0.9998827304367306,-0.015314221311856087,-1.8370303781814487e-16,0.75,0.44,0.0
541,541,-0.9236369568873004,-0.022912697903112546,0.3825830369302432,0.8125,0.44,0.0
542,542,-0.7067758294416432,-0.027022923942743825,0.7069212746117223,0.875,0.44,0.0
543,543,-0.3823144889023442,-0.027019154775507905,0.9236371564908791,0.9375,0.44,0.0
544,544,0.0003783129423726023,-0.020757797254877287,0.9997844621379365,0.0,0.48,0.0
545,545,0.3829694088056271,-0.012204417993615733,0.923680401492045,0.0625,0.48,0.0
546,546,0.7072568838045606,-0.0017930267261507902,0.70695437290268,0.125,0.48,0.0
547,547,0.9238709095438666,0.008891336606542862,0.38260094959623075,0.1875,0.48,0.0
548,548,0.9998339642157692,0.018222074541057412,6.116493196109983e-17,0.25,0.48,0.0
549,549,0.9235813613532762,0.02477866681021302,-0.38260094959623064,0.3125,0.48,0.0
550,550,0.7067218685106361,0.02756293167668767,-0.7069543729026799,0.375,0.48,0.0
551,551,0.3822703776369429,0.026150990053984472,-0.923680401492045,0.4375,0.48,0.0
552,552,-0.00037831294237247986,0.02075779725487729,-0.9997844621379365,0.5,0.48,0.0
553,553,-0.38296940880562697,0.012204417993615733,-0.9236804014920451,0.5625,0.48,0.0
554,554,-0.7072568838045605,0.0017930267261507937,-0.7069543729026802,0.625,0.48,0.0
555,555,-0.9238709095438664,-0.008891336606542849,-0.38260094959623125,0.6875,0.48,0.0
556,556,-0.9998339642157692,-0.01822207454105741,-1.83603216100548e-16,0.75,0.48,0.0
557,557,-0.9235813613532761,-0.02477866681021302,0.3826009495962309,0.8125,0.48,0.0
558,558,-0.7067218685106362,-0.02756293167668767,0.7069543729026798,0.875,0.48,0.0
559,559,-0.3822703776369434,-0.026150990053984476,0.9236804014920448,0.9375,0.48,0.0
560,560,0.00037853654451740616,-0.018262263547343786,0.9998331593021967,0.0,0.52,0.0
561,561,0.3829509726334532,-0.00894164934780668,0.9237253918053964,0.0625,0.52,0.0
562,562,0.7072225945981573,0.001740249908680807,0.706988806997753,0.125,0.52,0.0
563,563,0.9238259875240764,0.012157211891976345,0.3826195851941963,0.1875,0.52,0.0
564,564,0.9997852483528857,0.020723348570118722,6.122212391104105e-17,0.25,0.52,0.0
565,565,0.9235362681958132,0.026134543286083105,-0.3826195851941962,0.3125,0.52,0.0
566,566,0.7066872630830469,0.02756699069696618,-0.7069888069977529,0.375,0.52,0.0
567,567,0.382251528301879,0.0248026136696291,-0.9237253918053964,0.4375,0.52,0.0
568,568,-0.0003785365445172837,0.01826226354734379,-0.9998331593021967,0.5,0.52,0.0
569,569,-0.38295097263345307,0.008941649347806687,-0.9237253918053965,0.5625,0.52,0.0
570,570,-0.7072225945981572,-0.0017402499086808035,-0.7069888069977531,0.625,0.52,0.0
571,571,-0.9238259875240762,-0.012157211891976332,-0.3826195851941968,0.6875,0.52,0.0
572,572,-0.9997852483528857,-0.02072334857011872,-1.8366637173312312e-16,0.75,0.52,0.0
573,573,-0.9235362681958131,-0.02613454328608311,0.3826195851941965,0.8125,0.52,0.0
574,574,-0.706687263083047,-0.02756699069696618,0.7069888069977528,0.875,0.52,0.0
575,575,-0.3822515283018795,-0.024802613669629107,0.9237253918053961,0.9375,0.52,0.0
576,576,0.00035145363946976745,-0.015362231380619212,0.9998819321936703,0.0,0.56,0.0
577,577,0.3829080256670682,-0.005440196757381438,0.9237704520815702,0.0625,0.56,0.0
578,578,0.7071703218567519,0.005310058506661249,0.707023294640052,0.125,0.56,0.0
579,579,0.9237723470586758,0.01525190549886499,0.38263824977171174,0.1875,0.56,0.0
580,580,0.9997384064380954,0.022871788137734175,6.122511038931246e-17,0.25,0.56,0.0
581,581,0.9235033560885368,0.027009648365909095,-0.3826382497717116,0.3125,0.56,0.0
582,582,0.7066732913532684,0.027035534473446494,-0.7070232946400519,0.375,0.56,0.0
583,583,0.3822586240188029,0.022945505535131958,-0.9237704520815702,0.4375,0.56,0.0
584,584,-0.00035145363946964504,0.015362231380619215,-0.9998819321936703,0.5,0.56,0.0
585,585,-0.3829080256670681,0.005440196757381442,-0.9237704520815703,0.5625,0.56,0.0
586,586,-0.7071703218567518,-0.005310058506661247,-0.7070232946400521,0.625,0.56,0.0
587,587,-0.9237723470586756,-0.01525190549886498,-0.38263824977171224,0.6875,0.56,0.0
588,588,-0.9997384064380954,-0.022871788137734172,-1.8367533116793735e-16,0.75,0.56,0.0
589,589,-0.9235033560885367,-0.027009648365909095,0.3826382497717119,0.8125,0.56,0.0
590,590,-0.7066732913532685,-0.027035534473446497,0.7070232946400518,0.875,0.56,0.0
591,591,-0.3822586240188034,-0.022945505535131965,0.9237704520815699,0.9375,0.56,0.0
592,592,0.0002960678516840249,-0.011981574599771562,0.9999281745275194,0.0,0.6,0.0
593,593,0.3828401841792018,-0.0016162091756230911,0.9238131744273489,0.0625,0.6,0.0
594,594,0.7071003529203477,0.008995209444541333,0.7070559929078946,0.125,0.6,0.0
595,595,0.9237109028100317,0.018237188968551005,0.3826559459467497,0.1875,0.6,0.0
596,596,0.9996948412070736,0.02470272179262847,6.122794191561913e-17,0.25,0.6,0.0
597,597,0.9234843022866408,0.027407489154508923,-0.38265594594674956,0.3125,0.6,0.0
598,598,0.7066816497491135,0.025939714742123265,-0.7070559929078944,0.375,0.6,0.0
599,599,0.382293122122391,0.020522853904349027,-0.9238131744273489,0.4375,0.6,0.0
600,600,-0.0002960678516839025,0.011981574599771566,-0.9999281745275194,0.5,0.6,0.0
601,601,-0.3828401841792017,0.0016162091756230963,-0.923813174427349,0.5625,0.6,0.0
602,602,-0.7071003529203476,-0.008995209444541328,-0.7070559929078947,0.625,0.6,0.0
603,603,-0.9237109028100314,-0.018237188968550998,-0.3826559459467502,0.6875,0.6,0.0
604,604,-0.9996948412070736,-0.024702721792628467,-1.8368382574685738e-16,0.75,0.6,0.0
605,605,-0.9234843022866407,-0.027407489154508923,0.38265594594674984,0.8125,0.6,0.0
606,606,-0.7066816497491136,-0.025939714742123268,0.7070559929078943,0.875,0.6,0.0
607,607,-0.3822931221223915,-0.020522853904349037,0.9238131744273487,0.9375,0.6,0.0
608,608,0.00021025643801848512,-0.008011342698327461,0.9999678865745641,0.0,0.64,0.0
609,609,0.3827459574195478,0.002638494230240507,0.9238498635748077,0.0625,0.64,0.0
610,610,0.7070120559846949,0.012886644330264117,0.7070840735656547,0.125,0.64,0.0
611,611,0.9236419781064193,0.02117291964872676,0.38267114308921907,0.1875,0.64,0.0
612,612,0.9996557818968229,0.026235809883665324,6.123037357718417e-17,0.25,0.64,0.0
613,613,0.9234810547956638,0.027304535892024667,-0.38267114308921896,0.3125,0.64,0.0
614,614,0.7067147084784728,0.02421639382705748,-0.7070840735656546,0.375,0.64,0.0
615,615,0.3823574541802199,0.01744152532407748,-0.9238498635748077,0.4375,0.64,0.0
616,616,-0.00021025643801836268,0.008011342698327465,-0.9999678865745641,0.5,0.64,0.0
617,617,-0.3827459574195477,-0.0026384942302405045,-0.9238498635748078,0.5625,0.64,0.0
618,618,-0.7070120559846947,-0.012886644330264114,-0.7070840735656548,0.625,0.64,0.0
619,619,-0.9236419781064191,-0.02117291964872675,-0.38267114308921957,0.6875,0.64,0.0
620,620,-0.9996557818968229,-0.026235809883665324,-1.836911207315525e-16,0.75,0.64,0.0
621,621,-0.9234810547956637,-0.027304535892024667,0.38267114308921923,0.8125,0.64,0.0
622,622,-0.706714708478473,-0.02421639382705748,0.7070840735656545,0.875,0.64,0.0
623,623,-0.3823574541802204,-0.017441525324077493,0.9238498635748075,0.9375,0.64,0.0
624,624,9.057968104173374e-05,-0.003295587566633967,0.9999945654341889,0.0,0.68,0.0
625,625,0.3826226531061181,0.007469410666270115,0.9238745116271657,0.0625,0.68,0.0
626,626,0.7069038960787757,0.01709725883561087,0.7071029383682097,0.125,0.68,0.0
627,627,0.9235654289732146,0.02412220433426716,0.3826813526467918,0.1875,0.68,0.0
628,628,0.9996224974479436,0.02747476289135809,6.124555971334246e-17,0.25,0.68,0.0
629,629,0.9234961022867275,0.02664453785758556,-0.3826813526467917,0.3125,0.68,0.0
630,630,0.706775797065371,0.021757923468332774,-0.7071029383682096,0.375,0.68,0.0
631,631,0.38245528367936654,0.013558862467093714,-0.9238745116271657,0.4375,0.68,0.0
632,632,-9.057968104161132e-05,0.0032955875666339706,-0.9999945654341889,0.5,0.68,0.0
633,633,-0.382622653106118,-0.007469410666270111,-0.9238745116271658,0.5625,0.68,0.0
634,634,-0.7069038960787756,-0.01709725883561087,-0.7071029383682098,0.625,0.68,0.0
635,635,-0.9235654289732144,-0.024122204334267153,-0.3826813526467923,0.6875,0.68,0.0
636,636,-0.9996224974479436,-0.02747476289135809,-1.8370957408571522e-16,0.75,0.68,0.0
637,637,-0.9234961022867274,-0.02664453785758556,0.382681352646792,0.8125,0.68,0.0
638,638,-0.7067757970653711,-0.021757923468332774,0.7071029383682095,0.875,0.68,0.0
639,639,-0.38245528367936704,-0.013558862467093726,0.9238745116271655,0.9375,0.68,0.0
640,640,-6.808002037768265e-05,0.0023958349951148515,0.9999971276657684,0.0,0.72,0.0
641,641,0.38246612573852573,0.013083403360407295,0.9238768788204796,0.0625,0.72,0.0
642,642,0.706773330917802,0.02177914216542453,0.7071047501395346,0.125,0.72,0.0
643,643,0.923480703381042,0.027159204004171236,0.3826823331703672,0.1875,0.72,0.0
644,644,0.9995965101279408,0.028404523232080252,6.123216407762152e-17,0.25,0.72,0.0
645,645,0.9235328095727894,0.02532551128554934,-0.3826823331703671,0.3125,0.72,0.0
646,646,0.7068696106059468,0.018390919822125026,-0.7071047501395344,0.375,0.72,0.0
647,647,0.3825919212133256,0.008656477529885517,-0.9238768788204796,0.4375,0.72,0.0
648,648,6.808002037780507e-05,-0.002395834995114848,-0.9999971276657684,0.5,0.72,0.0
649,649,-0.3824661257385256,-0.013083403360407291,-0.9238768788204798,0.5625,0.72,0.0
650,650,-0.7067733309178019,-0.021779142165424526,-0.7071047501395347,0.625,0.72,0.0
651,651,-0.9234807033810418,-0.027159204004171232,-0.3826823331703677,0.6875,0.72,0.0
652,652,-0.9995965101279408,-0.028404523232080252,-1.8369649223286455e-16,0.75,0.72,0.0
653,653,-0.9235328095727893,-0.025325511285549333,0.3826823331703674,0.8125,0.72,0.0
654,654,-0.7068696106059469,-0.01839091982212503,0.7071047501395343,0.875,0.72,0.0
655,655,-0.3825919212133261,-0.008656477529885532,0.9238768788204794,0.9375,0.72,0.0
656,656,-0.0002730809867009597,0.009417772697327381,0.999955614507062,0.0,0.76,0.0
657,657,0.3822703619839908,0.0197926463560054,0.923838525662821,0.0625,0.76,0.0
658,658,0.7066166076320805,0.027154269027767602,0.7070753959035049,0.125,0.76,0.0
659,659,0.9233868802636849,0.03038190039411389,0.3826664467723051,0.1875,0.76,0.0
660,660,0.999579870898057,0.028984162838069236,6.117541202115064e-17,0.25,0.76,0.0
661,661,0.9235958874022936,0.023173849232018946,-0.382666446772305,0.3125,0.76,0.0
662,662,0.7070028024670992,0.013835527151860174,-0.7070753959035048,0.375,0.76,0.0
663,663,0.3827749498526529,0.0023908714821966395,-0.923838525662821,0.4375,0.76,0.0
664,664,0.0002730809867010821,-0.009417772697327378,-0.999955614507062,0.5,0.76,0.0
665,665,-0.38227036198399067,-0.019792646356005396,-0.9238385256628211,0.5625,0.76,0.0
666,666,-0.7066166076320803,-0.0271542690277676,-0.707075395903505,0.625,0.76,0.0
667,667,-0.9233868802636847,-0.030381900394113887,-0.3826664467723056,0.6875,0.76,0.0
668,668,-0.999579870898057,-0.028984162838069236,-1.8363465628070043e-16,0.75,0.76,0.0
669,669,-0.9235958874022935,-0.02317384923201894,0.38266644677230527,0.8125,0.76,0.0
670,670,-0.7070028024670993,-0.013835527151860177,0.7070753959035047,0.875,0.76,0.0
671,671,-0.3827749498526534,-0.002390871482196657,0.9238385256628208,0.9375,0.76,0.0
672,672,-0.0005347073816861445,0.018348349934311267,0.9998315118772282,0.0,0.8,0.0
673,673,0.3820270325969697,0.02809908820457027,0.9237238697831867,0.0625,0.8,0.0
674,674,0.706428619946411,0.033571995014552325,0.7069876420923862,0.125,0.8,0.0
675,675,0.9232828537003976,0.03393386991446143,0.3826189547519548,0.1875,0.8,0.0
676,676,0.9995756425584094,0.029129620731190565,6.122202303535532e-17,0.25,0.8,0.0
677,677,0.9236921010126669,0.01989065085226542,-0.3826189547519547,0.3125,0.8,0.0
678,678,0.7071848103774926,0.007623509690281846,-0.7069876420923861,0.375,0.8,0.0
679,679,0.3830150430086149,-0.005804241714759706,-0.9237238697831867,0.4375,0.8,0.0
680,680,0.0005347073816862669,-0.018348349934311264,-0.9998315118772282,0.5,0.8,0.0
681,681,-0.3820270325969696,-0.02809908820457027,-0.9237238697831868,0.5625,0.8,0.0
682,682,-0.7064286199464109,-0.033571995014552325,-0.7069876420923863,0.625,0.8,0.0
683,683,-0.9232828537003974,-0.033933869914461436,-0.3826189547519553,0.6875,0.8,0.0
684,684,-0.9995756425584094,-0.02912962073119057,-1.8366606910606593e-16,0.75,0.8,0.0
685,685,-0.9236921010126667,-0.019890650852265414,0.38261895475195495,0.8125,0.8,0.0
686,686,-0.7071848103774927,-0.007623509690281851,0.706987642092386,0.875,0.8,0.0
687,687,-0.3830150430086154,0.005804241714759689,0.9237238697831864,0.9375,0.8,0.0
688,688,-0.0008665707353502118,0.03020829049344525,0.999543249809944,0.0,0.84,0.0
689,689,0.3817254642697687,0.038882163167342644,0.9234575503592234,0.0625,0.84,0.0
690,690,0.7062032576897659,0.04163657896669894,0.7067838100298508,0.125,0.84,0.0
691,691,0.9231680068749685,0.03805220305490353,0.38250864163462583,0.1875,0.84,0.0
692,692,0.9995887955522788,0.02867472417207874,6.131279229170311e-17,0.25,0.84,0.0
693,693,0.9238312514017505,0.014931778471076858,-0.3825086416346257,0.3125,0.84,0.0
694,694,0.7074287737764537,-0.001084395145237567,-0.7067838100298507,0.375,0.84,0.0
695,695,0.38332667820149546,-0.016935479430756045,-0.9234575503592234,0.4375,0.84,0.0
696,696,0.0008665707353503342,-0.030208290493445245,-0.999543249809944,0.5,0.84,0.0
697,697,-0.3817254642697686,-0.038882163167342644,-0.9234575503592235,0.5625,0.84,0.0
698,698,-0.7062032576897658,-0.04163657896669894,-0.7067838100298509,0.625,0.84,0.0
699,699,-0.9231680068749682,-0.03805220305490355,-0.38250864163462633,0.6875,0.84,0.0
700,700,-0.9995887955522788,-0.028674724172078742,-1.8372153644061221e-16,0.75,0.84,0.0
701,701,-0.9238312514017504,-0.014931778471076846,0.382508641634626,0.8125,0.84,0.0
702,702,-0.7074287737764539,0.00108439514523756,0.7067838100298506,0.875,0.84,0.0
703,703,-0.38332667820149596,0.016935479430756024,0.9234575503592232,0.9375,0.84,0.0
704,704,-0.0012828194790302833,0.0470287290917312,0.9988927134653656,0.0,0.88,0.0
705,705,0.38135597248397585,0.05388359195354029,0.9228565331453127,0.0625,0.88,0.0
706,706,0.7059367746367959,0.05253516639640028,0.706323811369191,0.125,0.88,0.0
707,707,0.9230451021839611,0.04318873798787762,0.3822596921534043,0.1875,0.88,0.0
708,708,0.999628180348306,0.02726721572758536,6.11645382118487e-17,0.25,0.88,0.0
709,709,0.9240269297066414,0.007194507050694323,-0.38225969215340416,0.3125,0.88,0.0
710,710,0.7077509553421168,-0.0139735001062961,-0.7063238113691909,0.375,0.88,0.0
711,711,0.3837263138051417,-0.03301416854219684,-0.9228565331453127,0.4375,0.88,0.0
712,712,0.0012828194790304058,-0.0470287290917312,-0.9988927134653656,0.5,0.88,0.0
713,713,-0.38135597248397574,-0.0538835919535403,-0.9228565331453128,0.5625,0.88,0.0
714,714,-0.7059367746367958,-0.05253516639640029,-0.7063238113691911,0.625,0.88,0.0
715,715,-0.9230451021839609,-0.04318873798787763,-0.3822596921534048,0.6875,0.88,0.0
716,716,-0.999628180348306,-0.027267215727585364,-1.834936146355461e-16,0.75,0.88,0.0
717,717,-0.9240269297066412,-0.007194507050694306,0.38225969215340444,0.8125,0.88,0.0
718,718,-0.707750955342117,0.01397350010629609,0.7063238113691908,0.875,0.88,0.0
719,719,-0.3837263138051422,0.03301416854219682,0.9228565331453125,0.9375,0.88,0.0
720,720,-0.0017710298768989618,0.07370609528929656,0.9972784340245107,0.0,0.92,0.0
721,721,0.38093678930966873,0.07728811995728685,0.921365133410153,0.0625,0.92,0.0
722,722,0.7056504355244335,0.0691037289803323,0.7051823434298324,0.125,0.92,0.0
723,723,0.9229351996677303,0.05039892169298527,0.38164193415618153,0.1875,0.92,0.0
724,724,0.999711446090034,0.02402133544524407,6.106569210434009e-17,0.25,0.92,0.0
725,725,0.924290687251956,-0.006013281370087491,-0.3816419341561814,0.3125,0.92,0.0
726,726,0.7081550499957119,-0.03513243060735459,-0.7051823434298323,0.375,0.92,0.0
727,727,0.3842092258191347,-0.05890298576092847,-0.921365133410153,0.4375,0.92,0.0
728,728,0.0017710298768990843,-0.07370609528929656,-0.9972784340245107,0.5,0.92,0.0
729,729,-0.3809367893096686,-0.07728811995728685,-0.9213651334101531,0.5625,0.92,0.0
730,730,-0.7056504355244334,-0.0691037289803323,-0.7051823434298325,0.625,0.92,0.0
731,731,-0.9229351996677301,-0.05039892169298531,-0.38164193415618203,0.6875,0.92,0.0
732,732,-0.999711446090034,-0.02402133544524408,-1.8319707631302026e-16,0.75,0.92,0.0
733,733,-0.9242906872519558,0.0060132813700875115,0.3816419341561817,0.8125,0.92,0.0
734,734,-0.708155049995712,0.035132430607354576,0.7051823434298322,0.875,0.92,0.0
735,735,-0.3842092258191352,0.05890298576092843,0.9213651334101528,0.9375,0.92,0.0
736,736,-0.0020133417387620677,0.12776263453536355,0.9918027302198891,0.0,0.96,0.0
737,737,0.3807758403092819,0.12406703411605312,0.916306242738969,0.0625,0.96,0.0
738,738,0.7055953524118257,0.1014833524230385,0.7013104361378156,0.125,0.96,0.0
739,739,0.9229943683474662,0.06344975027249682,0.37954647302961436,0.1875,0.96,0.0
740,740,0.9998758586669894,0.015756498816386,6.029672107847545e-17,0.25,0.96,0.0
741,741,0.9245353134016929,-0.03433553675150214,-0.37954647302961425,0.3125,0.96,0.0
742,742,0.7084426476044747,-0.07920029810138979,-0.7013104361378155,0.375,0.96,0.0
743,743,0.38449601075806794,-0.112007532017831,-0.916306242738969,0.4375,0.96,0.0
744,744,0.00201334173876219,-0.12776263453536355,-0.9918027302198891,0.5,0.96,0.0
745,745,-0.3807758403092818,-0.12406703411605313,-0.9163062427389691,0.5625,0.96,0.0
746,746,-0.7055953524118256,-0.10148335242303852,-0.7013104361378157,0.625,0.96,0.0
747,747,-0.922994368347466,-0.06344975027249689,-0.37954647302961486,0.6875,0.96,0.0
748,748,-0.9998758586669894,-0.01575649881638602,-1.8175752497341474e-16,0.75,0.96,0.0
749,749,-0.9245353134016928,0.03433553675150217,0.37954647302961453,0.8125,0.96,0.0
750,750,-0.7084426476044748,0.07920029810138977,0.7013104361378154,0.875,0.96,0.0
751,751,-0.38449601075806844,0.11200753201783095,0.9163062427389688,0.9375,0.96,0.0
752,752,0.019799126311660854,0.23488356479250314,0.9718218486881538,0.0,1.0,0.0
753,753,0.40089604491203834,0.21700411803508232,0.8900514445411012,0.0625,1.0,0.0
754,754,0.7209601748062548,0.16608776145404877,0.6727787762991024,0.125,1.0,0.0
755,755,0.9312646536064781,0.08988604878094307,0.35308163812035936,0.1875,1.0,0.0
756,756,0.999792530830222,1.4382470289772946e-17,-0.020368978769188566,0.25,1.0,0.0
757,757,0.9161110583769254,-0.08988604878094304,-0.3907186032863799,0.3125,1.0,0.0
758,758,0.692959981853166,-0.16608776145404877,-0.7015848623261786,0.375,1.0,0.0
759,759,0.3643120297901402,-0.21700411803508232,-0.9056411859594307,0.4375,1.0,0.0
760,760,-0.019799126311660732,-0.23488356479250314,-0.9718218486881538,0.5,1.0,0.0
761,761,-0.40089604491203823,-0.21700411803508235,-0.8900514445411013,0.5625,1.0,0.0
762,762,-0.7209601748062547,-0.1660877614540488,-0.6727787762991025,0.625,1.0,0.0
763,763,-0.9312646536064779,-0.08988604878094318,-0.3530816381203598,0.6875,1.0,0.0
764,764,-0.999792530830222,-4.314741086931883e-17,0.02036897876918845,0.75,1.0,0.0
765,765,-0.9161110583769253,0.08988604878094311,0.3907186032863802,0.8125,1.0,0.0
766,766,-0.6929599818531661,0.16608776145404874,0.7015848623261784,0.875,1.0,0.0
767,767,-0.3643120297901407,0.21700411803508227,0.9056411859594304,0.9375,1.0,0.0
768,768,0.0,0.33999786489790307,0.9404262075595657,0.0,0.045454545454545456,0.0
769,769,0.3826834323650899,0.31411706847671034,0.8688405250014939,0.0625,0.045454545454545456,0.0
770,770,0.7071067811865477,0.2404147958582549,0.6649817485709166,0.125,0.045454545454545456,0.0
771,771,0.923879532511287,0.13011154993593163,0.359885528994979,0.1875,0.045454545454545456,0.0
772,772,1.0000000000000002,2.0818864848207563e-17,5.758449724610533e-17,0.25,0.045454545454545456,0.0
773,773,0.923879532511287,-0.1301115499359316,-0.3598855289949789,0.3125,0.045454545454545456,0.0
774,774,0.7071067811865477,-0.24041479585825487,-0.6649817485709165,0.375,0.045454545454545456,0.0
775,775,0.38268343236509,-0.31411706847671034,-0.8688405250014939,0.4375,0.045454545454545456,0.0
776,776,1.2246467991473535e-16,-0.33999786489790307,-0.9404262075595657,0.5,0.045454545454545456,0.0
777,777,-0.3826834323650898,-0.31411706847671034,-0.868840525001494,0.5625,0.045454545454545456,0.0
778,778,-0.7071067811865476,-0.24041479585825495,-0.6649817485709167,0.625,0.045454545454545456,0.0
779,779,-0.9238795325112867,-0.1301115499359318,-0.3598855289949795,0.6875,0.045454545454545456,0.0
780,780,-1.0000000000000002,-6.245659454462268e-17,-1.7275349173831598e-16,0.75,0.045454545454545456,0.0
781,781,-0.9238795325112868,0.1301115499359317,0.35988552899497916,0.8125,0.045454545454545456,0.0
782,782,-0.7071067811865478,0.24041479585825484,0.6649817485709164,0.875,0.045454545454545456,0.0
783,783,-0.3826834323650905,0.3141170684767102,0.8688405250014937,0.9375,0.045454545454545456,0.0
784,784,0.0,0.3944668669652769,0.9189101647422333,0.0,0.09090909090909091,0.0
785,785,0.3826834323650898,0.36443986464307193,0.848962293421924,0.0625,0.09090909090909091,0.0
786,786,0.7071067811865476,0.27893019658455903,0.6497676087904808,0.125,0.09090909090909091,0.0
787,787,0.9238795325112867,0.15095593460457543,0.351651695878728,0.1875,0.09090909090909091,0.0
788,788,1.0,2.4154129299935556e-17,5.626701959777715e-17,0.25,0.09090909090909091,0.0
789,789,0.9238795325112867,-0.15095593460457538,-0.3516516958787279,0.3125,0.09090909090909091,0.0
790,790,0.7071067811865476,-0.278930196584559,-0.6497676087904807,0.375,0.09090909090909091,0.0
791,791,0.3826834323650899,-0.36443986464307193,-0.848962293421924,0.4375,0.09090909090909091,0.0
792,792,1.2246467991473532e-16,-0.3944668669652769,-0.9189101647422333,0.5,0.09090909090909091,0.0
793,793,-0.38268343236508967,-0.364439864643072,-0.8489622934219241,0.5625,0.09090909090909091,0.0
794,794,-0.7071067811865475,-0.27893019658455903,-0.6497676087904809,0.625,0.09090909090909091,0.0
795,795,-0.9238795325112865,-0.15095593460457563,-0.35165169587872847,0.6875,0.09090909090909091,0.0
796,796,-1.0,-7.246238789980666e-17,-1.6880105879333145e-16,0.75,0.09090909090909091,0.0
797,797,-0.9238795325112866,0.1509559346045755,0.35165169587872813,0.8125,0.09090909090909091,0.0
798,798,-0.7071067811865477,0.2789301965845589,0.6497676087904806,0.875,0.09090909090909091,0.0
799,799,-0.3826834323650904,0.3644398646430719,0.8489622934219238,0.9375,0.09090909090909091,0.0
800,800,0.0,0.424058425143649,0.905634833729737,0.0,0.13636363636363635,0.0
801,801,0.3826834323650898,0.39177889957918693,0.8366974868121663,0.0625,0.13636363636363635,0.0
802,802,0.7071067811865476,0.2998545880383622,0.6403805322090486,0.125,0.13636363636363635,0.0
803,803,0.9238795325112867,0.16228013365730612,0.3465714466410832,0.1875,0.13636363636363635,0.0
804,804,1.0,2.596608965018186e-17,5.545414001617339e-17,0.25,0.13636363636363635,0.0
805,805,0.9238795325112867,-0.16228013365730606,-0.3465714466410831,0.3125,0.13636363636363635,0.0
806,806,0.7071067811865476,-0.2998545880383621,-0.6403805322090484,0.375,0.13636363636363635,0.0
807,807,0.3826834323650899,-0.39177889957918693,-0.8366974868121663,0.4375,0.13636363636363635,0.0
808,808,1.2246467991473532e-16,-0.424058425143649,-0.905634833729737,0.5,0.13636363636363635,0.0
809,809,-0.38268343236508967,-0.391778899579187,-0.8366974868121664,0.5625,0.13636363636363635,0.0
810,810,-0.7071067811865475,-0.29985458803836224,-0.6403805322090486,0.625,0.13636363636363635,0.0
811,811,-0.9238795325112865,-0.1622801336573063,-0.34657144664108364,0.6875,0.13636363636363635,0.0
812,812,-1.0,-7.789826895054558e-17,-1.6636242004852016e-16,0.75,0.13636363636363635,0.0
813,813,-0.9238795325112866,0.16228013365730617,0.3465714466410833,0.8125,0.13636363636363635,0.0
814,814,-0.7071067811865477,0.29985458803836207,0.6403805322090483,0.875,0.13636363636363635,0.0
815,815,-0.3826834323650904,0.3917788995791868,0.836697486812166,0.9375,0.13636363636363635,0.0
816,816,0.0,0.4428848745755154,0.8965784895212632,0.0,0.18181818181818182,0.0
817,817,0.3826834323650897,0.40917227087914704,0.8283305157585802,0.0625,0.18181818181818182,0.0
818,818,0.7071067811865475,0.31316689809730053,0.6339767298064771,0.125,0.18181818181818182,0.0
819,819,0.9238795325112866,0.16948470394514054,0.3431057337547047,0.1875,0.18181818181818182,0.0
820,820,0.9999999999999999,2.7118877201984096e-17,5.489959886882919e-17,0.25,0.18181818181818182,0.0
821,821,0.9238795325112866,-0.16948470394514048,-0.3431057337547046,0.3125,0.18181818181818182,0.0
822,822,0.7071067811865475,-0.3131668980973005,-0.6339767298064771,0.375,0.18181818181818182,0.0
823,823,0.38268343236508984,-0.40917227087914704,-0.8283305157585802,0.4375,0.18181818181818182,0.0
824,824,1.224646799147353e-16,-0.4428848745755154,-0.8965784895212632,0.5,0.18181818181818182,0.0
825,825,-0.3826834323650896,-0.4091722708791471,-0.8283305157585803,0.5625,0.18181818181818182,0.0
826,826,-0.7071067811865474,-0.3131668980973006,-0.6339767298064772,0.625,0.18181818181818182,0.0
827,827,-0.9238795325112864,-0.16948470394514076,-0.34310573375470516,0.6875,0.18181818181818182,0.0
828,828,-0.9999999999999999,-8.135663160595228e-17,-1.6469879660648754e-16,0.75,0.18181818181818182,0.0
829,829,-0.9238795325112865,0.16948470394514062,0.3431057337547049,0.8125,0.18181818181818182,0.0
830,830,-0.7071067811865476,0.3131668980973004,0.633976729806477,0.875,0.18181818181818182,0.0
831,831,-0.38268343236509034,0.4091722708791469,0.82833051575858,0.9375,0.18181818181818182,0.0
832,832,0.0,0.4558442840173669,0.8900595422378742,0.0,0.22727272727272727,0.0
833,833,0.3826834323650899,0.4211452040159071,0.8223077937899371,0.0625,0.22727272727272727,0.0
834,834,0.7071067811865477,0.3223305843938067,0.6293671379761953,0.125,0.22727272727272727,0.0
835,835,0.923879532511287,0.1744440552317728,0.3406110406328903,0.1875,0.22727272727272727,0.0
836,836,1.0000000000000002,2.7912412166574266e-17,5.450042847260855e-17,0.25,0.22727272727272727,0.0
837,837,0.923879532511287,-0.17444405523177275,-0.34061104063289027,0.3125,0.22727272727272727,0.0
838,838,0.7071067811865477,-0.32233058439380663,-0.6293671379761951,0.375,0.22727272727272727,0.0
839,839,0.38268343236509,-0.4211452040159071,-0.8223077937899371,0.4375,0.22727272727272727,0.0
840,840,1.2246467991473535e-16,-0.4558442840173669,-0.8900595422378742,0.5,0.22727272727272727,0.0
841,841,-0.3826834323650898,-0.42114520401590716,-0.8223077937899372,0.5625,0.22727272727272727,0.0
842,842,-0.7071067811865476,-0.32233058439380674,-0.6293671379761953,0.625,0.22727272727272727,0.0
843,843,-0.9238795325112867,-0.17444405523177306,-0.34061104063289077,0.6875,0.22727272727272727,0.0
844,844,-1.0000000000000002,-8.373723649972279e-17,-1.6350128541782566e-16,0.75,0.22727272727272727,0.0
845,845,-0.9238795325112868,0.1744440552317729,0.3406110406328905,0.8125,0.22727272727272727,0.0
846,846,-0.7071067811865478,0.3223305843938066,0.629367137976195,0.875,0.22727272727272727,0.0
847,847,-0.3826834323650905,0.42114520401590705,0.8223077937899369,0.9375,0.22727272727272727,0.0
848,848,0.0,0.46514670395821417,0.8852336097306798,0.0,0.2727272727272727,0.0
849,849,0.3826834323650899,0.42973951940208077,0.8178492135212593,0.0625,0.2727272727272727,0.0
850,850,0.7071067811865477,0.32890838861542476,0.6259546883748094,0.125,0.2727272727272727,0.0
851,851,0.923879532511287,0.1780039372240377,0.33876423621667495,0.1875,0.2727272727272727,0.0
852,852,1.0000000000000002,2.8482021106818426e-17,5.420492533271671e-17,0.25,0.2727272727272727,0.0
853,853,0.923879532511287,-0.17800393722403768,-0.33876423621667484,0.3125,0.2727272727272727,0.0
854,854,0.7071067811865477,-0.3289083886154247,-0.6259546883748094,0.375,0.2727272727272727,0.0
855,855,0.38268343236509,-0.42973951940208077,-0.8178492135212593,0.4375,0.2727272727272727,0.0
856,856,1.2246467991473535e-16,-0.46514670395821417,-0.8852336097306798,0.5,0.2727272727272727,0.0
857,857,-0.3826834323650898,-0.4297395194020808,-0.8178492135212594,0.5625,0.2727272727272727,0.0
858,858,-0.7071067811865476,-0.3289083886154248,-0.6259546883748095,0.625,0.2727272727272727,0.0
859,859,-0.9238795325112867,-0.17800393722403796,-0.33876423621667534,0.6875,0.2727272727272727,0.0
860,860,-1.0000000000000002,-8.544606332045526e-17,-1.6261477599815014e-16,0.75,0.2727272727272727,0.0
861,861,-0.9238795325112868,0.1780039372240378,0.33876423621667506,0.8125,0.2727272727272727,0.0
862,862,-0.7071067811865478,0.32890838861542465,0.6259546883748093,0.875,0.2727272727272727,0.0
863,863,-0.3826834323650905,0.4297395194020807,0.817849213521259,0.9375,0.2727272727272727,0.0
864,864,0.0,0.47194675565381633,0.8816270525725926,0.0,0.3181818181818182,0.0
865,865,0.3826834323650898,0.4360219479836663,0.8145171891800704,0.0625,0.3181818181818182,0.0
866,866,0.7071067811865476,0.3337167512818041,0.623404467351589,0.125,0.3181818181818182,0.0
867,867,0.9238795325112867,0.1806062043471708,0.33738406654439723,0.1875,0.3181818181818182,0.0
868,868,1.0,2.889840418397121e-17,5.398408739873704e-17,0.25,0.3181818181818182,0.0
869,869,0.9238795325112867,-0.18060620434717076,-0.3373840665443971,0.3125,0.3181818181818182,0.0
870,870,0.7071067811865476,-0.33371675128180406,-0.6234044673515889,0.375,0.3181818181818182,0.0
871,871,0.3826834323650899,-0.4360219479836663,-0.8145171891800704,0.4375,0.3181818181818182,0.0
872,872,1.2246467991473532e-16,-0.47194675565381633,-0.8816270525725926,0.5,0.3181818181818182,0.0
873,873,-0.38268343236508967,-0.43602194798366634,-0.8145171891800705,0.5625,0.3181818181818182,0.0
874,874,-0.7071067811865475,-0.33371675128180417,-0.6234044673515892,0.625,0.3181818181818182,0.0
875,875,-0.9238795325112865,-0.18060620434717103,-0.3373840665443977,0.6875,0.3181818181818182,0.0
876,876,-1.0,-8.669521255191363e-17,-1.619522621962111e-16,0.75,0.3181818181818182,0.0
877,877,-0.9238795325112866,0.18060620434717087,0.33738406654439734,0.8125,0.3181818181818182,0.0
878,878,-0.7071067811865477,0.33371675128180406,0.6234044673515888,0.875,0.3181818181818182,0.0
879,879,-0.3826834323650904,0.4360219479836662,0.8145171891800702,0.9375,0.3181818181818182,0.0
880,880,0.0,0.476903906539721,0.878955439102093,0.0,0.36363636363636365,0.0
881,881,0.3826834323650898,0.4406017582267238,0.8120489401758944,0.0625,0.36363636363636365,0.0
882,882,0.7071067811865476,0.33722198628859223,0.6215153513498894,0.125,0.36363636363636365,0.0
883,883,0.9238795325112867,0.18250322386294043,0.3363616843315536,0.1875,0.36363636363636365,0.0
884,884,1.0,2.920194213223689e-17,5.382049825447672e-17,0.25,0.36363636363636365,0.0
885,885,0.9238795325112867,-0.18250322386294038,-0.33636168433155356,0.3125,0.36363636363636365,0.0
886,886,0.7071067811865476,-0.3372219862885922,-0.6215153513498893,0.375,0.36363636363636365,0.0
887,887,0.3826834323650899,-0.4406017582267238,-0.8120489401758944,0.4375,0.36363636363636365,0.0
888,888,1.2246467991473532e-16,-0.476903906539721,-0.878955439102093,0.5,0.36363636363636365,0.0
889,889,-0.38268343236508967,-0.44060175822672387,-0.8120489401758945,0.5625,0.36363636363636365,0.0
890,890,-0.7071067811865475,-0.3372219862885923,-0.6215153513498896,0.625,0.36363636363636365,0.0
891,891,-0.9238795325112865,-0.18250322386294068,-0.33636168433155406,0.6875,0.36363636363636365,0.0
892,892,-1.0,-8.760582639671066e-17,-1.6146149476343017e-16,0.75,0.36363636363636365,0.0
893,893,-0.9238795325112866,0.18250322386294052,0.3363616843315538,0.8125,0.36363636363636365,0.0
894,894,-0.7071067811865477,0.3372219862885921,0.6215153513498893,0.875,0.36363636363636365,0.0
895,895,-0.3826834323650904,0.4406017582267237,0.8120489401758942,0.9375,0.36363636363636365,0.0
896,896,0.0,0.48041393852979636,0.8770418733825022,0.0,0.4090909090909091,0.0
897,897,0.3826834323650898,0.4438446049408143,0.8102810359734492,0.0625,0.4090909090909091,0.0
898,898,0.7071067811865476,0.33970395371095624,0.6201622560533208,0.125,0.4090909090909091,0.0
899,899,0.9238795325112867,0.18384645495261376,0.3356293944339245,0.1875,0.4090909090909091,0.0
900,900,1.0,2.941686960431442e-17,5.370332614780398e-17,0.25,0.4090909090909091,0.0
901,901,0.9238795325112867,-0.1838464549526137,-0.33562939443392437,0.3125,0.4090909090909091,0.0
902,902,0.7071067811865476,-0.3397039537109562,-0.6201622560533206,0.375,0.4090909090909091,0.0
903,903,0.3826834323650899,-0.4438446049408143,-0.8102810359734492,0.4375,0.4090909090909091,0.0
904,904,1.2246467991473532e-16,-0.48041393852979636,-0.8770418733825022,0.5,0.4090909090909091,0.0
905,905,-0.38268343236508967,-0.44384460494081435,-0.8102810359734494,0.5625,0.4090909090909091,0.0
906,906,-0.7071067811865475,-0.3397039537109563,-0.6201622560533209,0.625,0.4090909090909091,0.0
907,907,-0.9238795325112865,-0.18384645495261398,-0.33562939443392487,0.6875,0.4090909090909091,0.0
908,908,-1.0,-8.825060881294325e-17,-1.6110997844341192e-16,0.75,0.4090909090909091,0.0
909,909,-0.9238795325112866,0.18384645495261384,0.3356293944339246,0.8125,0.4090909090909091,0.0
910,910,-0.7071067811865477,0.33970395371095613,0.6201622560533205,0.875,0.4090909090909091,0.0
911,911,-0.3826834323650904,0.4438446049408142,0.810281035973449,0.9375,0.4090909090909091,0.0
912,912,0.0,0.48271725877448735,0.8757762545771863,0.0,0.45454545454545453,0.0
913,913,0.3826834323650898,0.4459725953717032,0.8091117566632565,0.0625,0.45454545454545453,0.0
914,914,0.7071067811865476,0.3413326470752215,0.6192673284136847,0.125,0.45454545454545453,0.0
915,915,0.9238795325112867,0.1847278974496881,0.3351450630854404,0.1875,0.45454545454545453,0.0
916,916,1.0,2.955790729256803e-17,5.362582934686044e-17,0.25,0.45454545454545453,0.0
917,917,0.9238795325112867,-0.18472789744968804,-0.3351450630854403,0.3125,0.45454545454545453,0.0
918,918,0.7071067811865476,-0.34133264707522143,-0.6192673284136846,0.375,0.45454545454545453,0.0
919,919,0.3826834323650899,-0.4459725953717032,-0.8091117566632565,0.4375,0.45454545454545453,0.0
920,920,1.2246467991473532e-16,-0.48271725877448735,-0.8757762545771863,0.5,0.45454545454545453,0.0
921,921,-0.38268343236508967,-0.44597259537170325,-0.8091117566632566,0.5625,0.45454545454545453,0.0
922,922,-0.7071067811865475,-0.34133264707522154,-0.6192673284136848,0.625,0.45454545454545453,0.0
923,923,-0.9238795325112865,-0.18472789744968834,-0.33514506308544084,0.6875,0.45454545454545453,0.0
924,924,-1.0,-8.867372187770407e-17,-1.608774880405813e-16,0.75,0.45454545454545453,0.0
925,925,-0.9238795325112866,0.18472789744968818,0.3351450630854405,0.8125,0.45454545454545453,0.0
926,926,-0.7071067811865477,0.3413326470752214,0.6192673284136845,0.875,0.45454545454545453,0.0
927,927,-0.3826834323650904,0.4459725953717031,0.8091117566632564,0.9375,0.45454545454545453,0.0
928,928,0.0,0.4839526679561621,0.8750941750338147,0.0,0.5,0.0
929,929,0.3826834323650898,0.447113964628929,0.8084815973335908,0.0625,0.5,0.0
930,930,0.7071067811865476,0.34220621328512385,0.618785025343258,0.125,0.5,0.0
931,931,0.9238795325112867,0.18520066807570673,0.33488404254463694,0.1875,0.5,0.0
932,932,1.0,2.963355428756679e-17,5.358406402038274e-17,0.25,0.5,0.0
933,933,0.9238795325112867,-0.18520066807570668,-0.33488404254463683,0.3125,0.5,0.0
934,934,0.7071067811865476,-0.3422062132851238,-0.6187850253432579,0.375,0.5,0.0
935,935,0.3826834323650899,-0.447113964628929,-0.8084815973335908,0.4375,0.5,0.0
936,936,1.2246467991473532e-16,-0.4839526679561621,-0.8750941750338147,0.5,0.5,0.0
937,937,-0.38268343236508967,-0.44711396462892905,-0.8084815973335909,0.5625,0.5,0.0
938,938,-0.7071067811865475,-0.3422062132851239,-0.6187850253432581,0.625,0.5,0.0
939,939,-0.9238795325112865,-0.18520066807570698,-0.33488404254463733,0.6875,0.5,0.0
940,940,-1.0,-8.890066286270036e-17,-1.6075219206114822e-16,0.75,0.5,0.0
941,941,-0.9238795325112866,0.18520066807570681,0.33488404254463705,0.8125,0.5,0.0
942,942,-0.7071067811865477,0.34220621328512374,0.6187850253432577,0.875,0.5,0.0
943,943,-0.3826834323650904,0.4471139646289289,0.8084815973335907,0.9375,0.5,0.0
944,944,0.0,0.48418422433654296,0.8749660775730795,0.0,0.5454545454545454,0.0
945,945,0.3826834323650898,0.4473278948293853,0.808363250711451,0.0625,0.5454545454545454,0.0
946,946,0.7071067811865476,0.34236994837191814,0.6186944467601193,0.125,0.5454545454545454,0.0
947,947,0.9238795325112867,0.1852892808661369,0.3348350217686855,0.1875,0.5454545454545454,0.0
948,948,1.0,2.9647733026569566e-17,5.357622031311933e-17,0.25,0.5454545454545454,0.0
949,949,0.9238795325112867,-0.18528928086613686,-0.33483502176868546,0.3125,0.5454545454545454,0.0
950,950,0.7071067811865476,-0.3423699483719181,-0.6186944467601193,0.375,0.5454545454545454,0.0
951,951,0.3826834323650899,-0.4473278948293853,-0.808363250711451,0.4375,0.5454545454545454,0.0
952,952,1.2246467991473532e-16,-0.48418422433654296,-0.8749660775730795,0.5,0.5454545454545454,0.0
953,953,-0.38268343236508967,-0.44732789482938534,-0.8083632507114511,0.5625,0.5454545454545454,0.0
954,954,-0.7071067811865475,-0.3423699483719182,-0.6186944467601194,0.625,0.5454545454545454,0.0
955,955,-0.9238795325112865,-0.18528928086613716,-0.33483502176868596,0.6875,0.5454545454545454,0.0
956,956,-1.0,-8.894319907970869e-17,-1.6072866093935798e-16,0.75,0.5454545454545454,0.0
957,957,-0.9238795325112866,0.185289280866137,0.3348350217686857,0.8125,0.5454545454545454,0.0
958,958,-0.7071067811865477,0.34236994837191803,0.6186944467601192,0.875,0.5454545454545454,0.0
959,959,-0.3826834323650904,0.4473278948293852,0.8083632507114508,0.9375,0.5454545454545454,0.0
960,960,0.0,0.4834119143542913,0.8753930094879209,0.0,0.5909090909090909,0.0
961,961,0.3826834323650898,0.4466143734440288,0.8087576843693487,0.0625,0.5909090909090909,0.0
962,962,0.7071067811865476,0.34182384274628996,0.6189963332122086,0.125,0.5909090909090909,0.0
963,963,0.9238795325112867,0.18499373063127905,0.3349984015392432,0.1875,0.5909090909090909,0.0
964,964,1.0,2.9600442679183866e-17,5.3602362353267543e-17,0.25,0.5909090909090909,0.0
965,965,0.9238795325112867,-0.184993730631279,-0.3349984015392431,0.3125,0.5909090909090909,0.0
966,966,0.7071067811865476,-0.3418238427462899,-0.6189963332122085,0.375,0.5909090909090909,0.0
967,967,0.3826834323650899,-0.4466143734440288,-0.8087576843693487,0.4375,0.5909090909090909,0.0
968,968,1.2246467991473532e-16,-0.4834119143542913,-0.8753930094879209,0.5,0.5909090909090909,0.0
969,969,-0.38268343236508967,-0.4466143734440289,-0.8087576843693488,0.5625,0.5909090909090909,0.0
970,970,-0.7071067811865475,-0.34182384274629,-0.6189963332122087,0.625,0.5909090909090909,0.0
971,971,-0.9238795325112865,-0.18499373063127927,-0.33499840153924365,0.6875,0.5909090909090909,0.0
972,972,-1.0,-8.880132803755159e-17,-1.6080708705980262e-16,0.75,0.5909090909090909,0.0
973,973,-0.9238795325112866,0.18499373063127914,0.3349984015392434,0.8125,0.5909090909090909,0.0
974,974,-0.7071067811865477,0.34182384274628985,0.6189963332122085,0.875,0.5909090909090909,0.0
975,975,-0.3826834323650904,0.4466143734440287,0.8087576843693486,0.9375,0.5909090909090909,0.0
976,976,0.0,0.48157136991402966,0.8764068779277836,0.0,0.6363636363636364,0.0
977,977,0.3826834323650899,0.44491393210699365,0.8096943766695971,0.0625,0.6363636363636364,0.0
978,978,0.7071067811865477,0.34052238129150575,0.6197132464612666,0.125,0.6363636363636364,0.0
979,979,0.923879532511287,0.18428938476745924,0.33538639219377653,0.1875,0.6363636363636364,0.0
980,980,1.0000000000000002,2.9487741836311124e-17,5.3664443890249264e-17,0.25,0.6363636363636364,0.0
981,981,0.923879532511287,-0.18428938476745918,-0.3353863921937764,0.3125,0.6363636363636364,0.0
982,982,0.7071067811865477,-0.3405223812915057,-0.6197132464612665,0.375,0.6363636363636364,0.0
983,983,0.38268343236509,-0.44491393210699365,-0.8096943766695971,0.4375,0.6363636363636364,0.0
984,984,1.2246467991473535e-16,-0.48157136991402966,-0.8764068779277836,0.5,0.6363636363636364,0.0
985,985,-0.3826834323650898,-0.4449139321069937,-0.8096943766695972,0.5625,0.6363636363636364,0.0
986,986,-0.7071067811865476,-0.3405223812915058,-0.6197132464612667,0.625,0.6363636363636364,0.0
987,987,-0.9238795325112867,-0.18428938476745946,-0.33538639219377697,0.6875,0.6363636363636364,0.0
988,988,-1.0000000000000002,-8.846322550893335e-17,-1.6099333167074778e-16,0.75,0.6363636363636364,0.0
989,989,-0.9238795325112868,0.18428938476745932,0.3353863921937767,0.8125,0.6363636363636364,0.0
990,990,-0.7071067811865478,0.34052238129150564,0.6197132464612664,0.875,0.6363636363636364,0.0
991,991,-0.3826834323650905,0.44491393210699354,0.8096943766695969,0.9375,0.6363636363636364,0.0
992,992,0.0,0.47852101577731804,0.8780761000388542,0.0,0.6818181818181818,0.0
993,993,0.3826834323650899,0.44209577235317465,0.8112365368132305,0.0625,0.6818181818181818,0.0
994,994,0.7071067811865477,0.33836545519641653,0.6208935647353111,0.125,0.6818181818181818,0.0
995,995,0.923879532511287,0.18312206477649337,0.3360251758406207,0.1875,0.6818181818181818,0.0
996,996,1.0000000000000002,2.930096151482163e-17,5.3766654266018695e-17,0.25,0.6818181818181818,0.0
997,997,0.923879532511287,-0.18312206477649332,-0.3360251758406206,0.3125,0.6818181818181818,0.0
998,998,0.7071067811865477,-0.3383654551964165,-0.620893564735311,0.375,0.6818181818181818,0.0
999,999,0.38268343236509,-0.44209577235317465,-0.8112365368132305,0.4375,0.6818181818181818,0.0
1000,1000,1.2246467991473535e-16,-0.47852101577731804,-0.8780761000388542,0.5,0.6818181818181818,0.0
1001,1001,-0.3826834323650898,-0.4420957723531747,-0.8112365368132305,0.5625,0.6818181818181818,0.0
1002,1002,-0.7071067811865476,-0.33836545519641653,-0.6208935647353112,0.625,0.6818181818181818,0.0
1003,1003,-0.9238795325112867,-0.18312206477649362,-0.33602517584062114,0.6875,0.6818181818181818,0.0
1004,1004,-1.0000000000000002,-8.790288454446489e-17,-1.6129996279805607e-16,0.75,0.6818181818181818,0.0
1005,1005,-0.9238795325112868,0.18312206477649345,0.33602517584062086,0.8125,0.6818181818181818,0.0
1006,1006,-0.7071067811865478,0.3383654551964164,0.6208935647353109,0.875,0.6818181818181818,0.0
1007,1007,-0.3826834323650905,0.44209577235317454,0.8112365368132303,0.9375,0.6818181818181818,0.0
1008,1008,0.0,0.4740114354565687,0.8805186875111756,0.0,0.7272727272727273,0.0
1009,1009,0.3826834323650899,0.4379294633946187,0.8134931933852767,0.0625,0.7272727272727273,0.0
1010,1010,0.7071067811865477,0.33517670037130926,0.6226207349006309,0.125,0.7272727272727273,0.0
1011,1011,0.923879532511287,0.18139632310082296,0.3369599135983806,0.1875,0.7272727272727273,0.0
1012,1012,1.0000000000000002,2.902482935955645e-17,5.3916219612499486e-17,0.25,0.7272727272727273,0.0
1013,1013,0.923879532511287,-0.1813963231008229,-0.3369599135983805,0.3125,0.7272727272727273,0.0
1014,1014,0.7071067811865477,-0.3351767003713092,-0.6226207349006307,0.375,0.7272727272727273,0.0
1015,1015,0.38268343236509,-0.4379294633946187,-0.8134931933852767,0.4375,0.7272727272727273,0.0
1016,1016,1.2246467991473535e-16,-0.4740114354565687,-0.8805186875111756,0.5,0.7272727272727273,0.0
1017,1017,-0.3826834323650898,-0.43792946339461875,-0.8134931933852767,0.5625,0.7272727272727273,0.0
1018,1018,-0.7071067811865476,-0.3351767003713093,-0.622620734900631,0.625,0.7272727272727273,0.0
1019,1019,-0.9238795325112867,-0.18139632310082318,-0.33695991359838107,0.6875,0.7272727272727273,0.0
1020,1020,-1.0000000000000002,-8.707448807866936e-17,-1.6174865883749844e-16,0.75,0.7272727272727273,0.0
1021,1021,-0.9238795325112868,0.18139632310082304,0.3369599135983808,0.8125,0.7272727272727273,0.0
1022,1022,-0.7071067811865478,0.33517670037130914,0.6226207349006306,0.875,0.7272727272727273,0.0
1023,1023,-0.3826834323650905,0.4379294633946186,0.8134931933852765,0.9375,0.7272727272727273,0.0
1024,1024,0.0,0.4676262311874643,0.8839263023043313,0.0,0.7727272727272727,0.0
1025,1025,0.3826834323650898,0.43203030385948943,0.816641418947356,0.0625,0.7727272727272727,0.0
1026,1026,0.7071067811865476,0.33066167913336425,0.625030282428543,0.125,0.7727272727272727,0.0
1027,1027,0.9238795325112867,0.17895281121476986,0.33826395132360354,0.1875,0.7727272727272727,0.0
1028,1028,1.0,2.863384836105342e-17,5.412487583995775e-17,0.25,0.7727272727272727,0.0
1029,1029,0.9238795325112867,-0.1789528112147698,-0.33826395132360343,0.3125,0.7727272727272727,0.0
1030,1030,0.7071067811865476,-0.3306616791333642,-0.6250302824285429,0.375,0.7727272727272727,0.0
1031,1031,0.3826834323650899,-0.43203030385948943,-0.816641418947356,0.4375,0.7727272727272727,0.0
1032,1032,1.2246467991473532e-16,-0.4676262311874643,-0.8839263023043313,0.5,0.7727272727272727,0.0
1033,1033,-0.38268343236508967,-0.4320303038594895,-0.8166414189473561,0.5625,0.7727272727272727,0.0
1034,1034,-0.7071067811865475,-0.3306616791333643,-0.625030282428543,0.625,0.7727272727272727,0.0
1035,1035,-0.9238795325112865,-0.1789528112147701,-0.338263951323604,0.6875,0.7727272727272727,0.0
1036,1036,-1.0,-8.590154508316026e-17,-1.6237462751987325e-16,0.75,0.7727272727272727,0.0
1037,1037,-0.9238795325112866,0.17895281121476994,0.3382639513236037,0.8125,0.7727272727272727,0.0
1038,1038,-0.7071067811865477,0.33066167913336414,0.6250302824285427,0.875,0.7727272727272727,0.0
1039,1039,-0.3826834323650904,0.4320303038594893,0.8166414189473558,0.9375,0.7727272727272727,0.0
1040,1040,0.0,0.4586553606805969,0.8886142358295592,0.0,0.8181818181818182,0.0
1041,1041,0.3826834323650898,0.42374230020938547,0.8209725047810875,0.0625,0.8181818181818182,0.0
1042,1042,0.7071067811865476,0.3243183157648119,0.6283451520139833,0.125,0.8181818181818182,0.0
1043,1043,0.9238795325112867,0.1755198076978991,0.3400579458157371,0.1875,0.8181818181818182,0.0
1044,1044,1.0,2.808454096846339e-17,5.441192897927205e-17,0.25,0.8181818181818182,0.0
1045,1045,0.9238795325112867,-0.17551980769789904,-0.340057945815737,0.3125,0.8181818181818182,0.0
1046,1046,0.7071067811865476,-0.32431831576481185,-0.6283451520139832,0.375,0.8181818181818182,0.0
1047,1047,0.3826834323650899,-0.42374230020938547,-0.8209725047810875,0.4375,0.8181818181818182,0.0
1048,1048,1.2246467991473532e-16,-0.4586553606805969,-0.8886142358295592,0.5,0.8181818181818182,0.0
1049,1049,-0.38268343236508967,-0.4237423002093855,-0.8209725047810876,0.5625,0.8181818181818182,0.0
1050,1050,-0.7071067811865475,-0.32431831576481196,-0.6283451520139834,0.625,0.8181818181818182,0.0
1051,1051,-0.9238795325112865,-0.17551980769789932,-0.34005794581573756,0.6875,0.8181818181818182,0.0
1052,1052,-1.0,-8.425362290539017e-17,-1.6323578693781614e-16,0.75,0.8181818181818182,0.0
1053,1053,-0.9238795325112866,0.17551980769789918,0.3400579458157373,0.8125,0.8181818181818182,0.0
1054,1054,-0.7071067811865477,0.3243183157648118,0.6283451520139831,0.875,0.8181818181818182,0.0
1055,1055,-0.3826834323650904,0.4237423002093854,0.8209725047810873,0.9375,0.8181818181818182,0.0
1056,1056,0.0,0.44581781182757413,0.895123722541903,0.0,0.8636363636363636,0.0
1057,1057,0.3826834323650898,0.411881951576464,0.8269864863217761,0.0625,0.8636363636363636,0.0
1058,1058,0.7071067811865476,0.3152407979170259,0.6329480542103253,0.125,0.8636363636363636,0.0
1059,1059,0.9238795325112867,0.17060709043966982,0.34254901853375175,0.1875,0.8636363636363636,0.0
1060,1060,1.0,2.7298467812875784e-17,5.481052008259025e-17,0.25,0.8636363636363636,0.0
1061,1061,0.9238795325112867,-0.17060709043966976,-0.3425490185337517,0.3125,0.8636363636363636,0.0
1062,1062,0.7071067811865476,-0.31524079791702586,-0.6329480542103252,0.375,0.8636363636363636,0.0
1063,1063,0.3826834323650899,-0.411881951576464,-0.8269864863217761,0.4375,0.8636363636363636,0.0
1064,1064,1.2246467991473532e-16,-0.44581781182757413,-0.895123722541903,0.5,0.8636363636363636,0.0
1065,1065,-0.38268343236508967,-0.411881951576464,-0.8269864863217762,0.5625,0.8636363636363636,0.0
1066,1066,-0.7071067811865475,-0.31524079791702597,-0.6329480542103254,0.625,0.8636363636363636,0.0
1067,1067,-0.9238795325112865,-0.17060709043967004,-0.3425490185337522,0.6875,0.8636363636363636,0.0
1068,1068,-1.0,-8.189540343862734e-17,-1.6443156024777074e-16,0.75,0.8636363636363636,0.0
1069,1069,-0.9238795325112866,0.17060709043966987,0.3425490185337519,0.8125,0.8636363636363636,0.0
1070,1070,-0.7071067811865477,0.3152407979170258,0.6329480542103251,0.875,0.8636363636363636,0.0
1071,1071,-0.3826834323650904,0.4118819515764639,0.8269864863217758,0.9375,0.8636363636363636,0.0
1072,1072,0.0,0.42654767011447703,0.9044650823110372,0.0,0.9090909090909091,0.0
1073,1073,0.3826834323650898,0.3940786620591416,0.8356167774183035,0.0625,0.9090909090909091,0.0
1074,1074,0.7071067811865476,0.3016147500372692,0.6395533930485833,0.125,0.9090909090909091,0.0
1075,1075,0.9238795325112867,0.1632327264667401,0.3461238021531612,0.1875,0.9090909090909091,0.0
1076,1076,1.0,2.611851194447277e-17,5.538251339963795e-17,0.25,0.9090909090909091,0.0
1077,1077,0.9238795325112867,-0.16323272646674009,-0.34612380215316113,0.3125,0.9090909090909091,0.0
1078,1078,0.7071067811865476,-0.3016147500372691,-0.6395533930485832,0.375,0.9090909090909091,0.0
1079,1079,0.3826834323650899,-0.3940786620591416,-0.8356167774183035,0.4375,0.9090909090909091,0.0
1080,1080,1.2246467991473532e-16,-0.42654767011447703,-0.9044650823110372,0.5,0.9090909090909091,0.0
1081,1081,-0.38268343236508967,-0.39407866205914166,-0.8356167774183036,0.5625,0.9090909090909091,0.0
1082,1082,-0.7071067811865475,-0.30161475003726923,-0.6395533930485834,0.625,0.9090909090909091,0.0
1083,1083,-0.9238795325112865,-0.16323272646674034,-0.34612380215316163,0.6875,0.9090909090909091,0.0
1084,1084,-1.0,-7.83555358334183e-17,-1.6614754019891384e-16,0.75,0.9090909090909091,0.0
1085,1085,-0.9238795325112866,0.1632327264667402,0.34612380215316135,0.8125,0.9090909090909091,0.0
1086,1086,-0.7071067811865477,0.30161475003726906,0.639553393048583,0.875,0.9090909090909091,0.0
1087,1087,-0.3826834323650904,0.3940786620591415,0.8356167774183033,0.9375,0.9090909090909091,0.0
1088,1088,0.0,0.39471929766993785,0.9188017610164616,0.0,0.9545454545454546,0.0
1089,1089,0.3826834323650898,0.36467308020448563,0.8488621414384355,0.0625,0.9545454545454546,0.0
1090,1090,0.7071067811865476,0.27910869204760447,0.6496909557808817,0.125,0.9545454545454546,0.0
1091,1091,0.9238795325112867,0.15105253565306942,0.3516102115688685,0.1875,0.9545454545454546,0.0
1092,1092,1.0,2.4169586222659034e-17,5.626038178398805e-17,0.25,0.9545454545454546,0.0
1093,1093,0.9238795325112867,-0.1510525356530694,-0.3516102115688684,0.3125,0.9545454545454546,0.0
1094,1094,0.7071067811865476,-0.2791086920476044,-0.6496909557808815,0.375,0.9545454545454546,0.0
1095,1095,0.3826834323650899,-0.36467308020448563,-0.8488621414384355,0.4375,0.9545454545454546,0.0
1096,1096,1.2246467991473532e-16,-0.39471929766993785,-0.9188017610164616,0.5,0.9545454545454546,0.0
1097,1097,-0.38268343236508967,-0.36467308020448563,-0.8488621414384356,0.5625,0.9545454545454546,0.0
1098,1098,-0.7071067811865475,-0.2791086920476045,-0.6496909557808818,0.625,0.9545454545454546,0.0
1099,1099,-0.9238795325112865,-0.15105253565306961,-0.35161021156886896,0.6875,0.9545454545454546,0.0
1100,1100,-1.0,-7.25087586679771e-17,-1.6878114535196414e-16,0.75,0.9545454545454546,0.0
1101,1101,-0.9238795325112866,0.1510525356530695,0.3516102115688687,0.8125,0.9545454545454546,0.0
1102,1102,-0.7071067811865477,0.2791086920476044,0.6496909557808815,0.875,0.9545454545454546,0.0
1103,1103,-0.3826834323650904,0.3646730802044855,0.8488621414384353,0.9375,0.9545454545454546,0.0
1104,1104,0.0,0.34936257369265344,0.9369876157681302,0.0,1.0,0.0
1105,1105,0.3826834323650898,0.32276893126010864,0.8656636804247253,0.0625,1.0,0.0
1106,1106,0.7071067811865476,0.2470366449508602,0.6625502969974602,0.125,1.0,0.0
1107,1107,0.9238795325112867,0.13369526884060626,0.35856963688573,0.1875,1.0,0.0
1108,1108,1.0,2.1392287880729466e-17,5.737394422455753e-17,0.25,1.0,0.0
1109,1109,0.9238795325112867,-0.13369526884060623,-0.3585696368857299,0.3125,1.0,0.0
1110,1110,0.7071067811865476,-0.24703664495086017,-0.66255029699746,0.375,1.0,0.0
1111,1111,0.3826834323650899,-0.32276893126010864,-0.8656636804247253,0.4375,1.0,0.0
1112,1112,1.2246467991473532e-16,-0.34936257369265344,-0.9369876157681302,0.5,1.0,0.0
1113,1113,-0.38268343236508967,-0.32276893126010864,-0.8656636804247254,0.5625,1.0,0.0
1114,1114,-0.7071067811865475,-0.24703664495086025,-0.6625502969974603,0.625,1.0,0.0
1115,1115,-0.9238795325112865,-0.13369526884060642,-0.3585696368857305,0.6875,1.0,0.0
1116,1116,-1.0,-6.41768636421884e-17,-1.721218326736726e-16,0.75,1.0,0.0
1117,1117,-0.9238795325112866,0.1336952688406063,0.3585696368857302,0.8125,1.0,0.0
1118,1118,-0.7071067811865477,0.2470366449508601,0.6625502969974599,0.875,1.0,0.0
1119,1119,-0.3826834323650904,0.3227689312601085,0.8656636804247251,0.9375,1.0,0.0
1120,1120,0.0,0.31437082025130914,0.9493002619690564,0.0,0.027777777777777776,0.0
1121,1121,0.3826834323650898,0.2904407664489692,0.8770390822408138,0.0625,0.027777777777777776,0.0
1122,1122,0.7071067811865476,0.22229373880687792,0.6712566526204858,0.125,0.027777777777777776,0.0
1123,1123,0.9238795325112867,0.12030450452919968,0.36328148259539744,0.1875,0.027777777777777776,0.0
1124,1124,1.0,1.9249660938304682e-17,5.812787636250744e-17,0.25,0.027777777777777776,0.0
1125,1125,0.9238795325112867,-0.12030450452919964,-0.36328148259539733,0.3125,0.027777777777777776,0.0
1126,1126,0.7071067811865476,-0.2222937388068779,-0.6712566526204857,0.375,0.027777777777777776,0.0
1127,1127,0.3826834323650899,-0.2904407664489692,-0.8770390822408138,0.4375,0.027777777777777776,0.0
1128,1128,1.2246467991473532e-16,-0.31437082025130914,-0.9493002619690564,0.5,0.027777777777777776,0.0
1129,1129,-0.38268343236508967,-0.29044076644896927,-0.877039082240814,0.5625,0.027777777777777776,0.0
1130,1130,-0.7071067811865475,-0.22229373880687797,-0.671256652620486,0.625,0.027777777777777776,0.0
1131,1131,-0.9238795325112865,-0.12030450452919983,-0.36328148259539794,0.6875,0.027777777777777776,0.0
1132,1132,-1.0,-5.774898281491405e-17,-1.743836290875223e-16,0.75,0.027777777777777776,0.0
1133,1133,-0.9238795325112866,0.12030450452919973,0.3632814825953976,0.8125,0.027777777777777776,0.0
1134,1134,-0.7071067811865477,0.22229373880687786,0.6712566526204856,0.875,0.027777777777777776,0.0
1135,1135,-0.3826834323650904,0.29044076644896916,0.8770390822408136,0.9375,0.027777777777777776,0.0
1136,1136,0.0,0.30001621116274957,0.9539341030907473,0.0,0.05555555555555555,0.0
1137,1137,0.3826834323650899,0.27717883691484857,0.8813201932100533,0.0625,0.05555555555555555,0.0
1138,1138,0.7071067811865477,0.21214349737907542,0.6745332731005745,0.125,0.05555555555555555,0.0
1139,1139,0.923879532511287,0.11481123345293058,0.36505477682088067,0.1875,0.05555555555555555,0.0
1140,1140,1.0000000000000002,1.8370694634638885e-17,5.841161729737925e-17,0.25,0.05555555555555555,0.0
1141,1141,0.923879532511287,-0.11481123345293055,-0.36505477682088056,0.3125,0.05555555555555555,0.0
1142,1142,0.7071067811865477,-0.21214349737907537,-0.6745332731005745,0.375,0.05555555555555555,0.0
1143,1143,0.38268343236509,-0.27717883691484857,-0.8813201932100533,0.4375,0.05555555555555555,0.0
1144,1144,1.2246467991473535e-16,-0.30001621116274957,-0.9539341030907473,0.5,0.05555555555555555,0.0
1145,1145,-0.3826834323650898,-0.27717883691484857,-0.8813201932100534,0.5625,0.05555555555555555,0.0
1146,1146,-0.7071067811865476,-0.21214349737907545,-0.6745332731005746,0.625,0.05555555555555555,0.0
1147,1147,-0.9238795325112867,-0.11481123345293073,-0.3650547768208811,0.6875,0.05555555555555555,0.0
1148,1148,-1.0000000000000002,-5.5112083903916646e-17,-1.7523485189213774e-16,0.75,0.05555555555555555,0.0
1149,1149,-0.9238795325112868,0.11481123345293064,0.3650547768208808,0.8125,0.05555555555555555,0.0
1150,1150,-0.7071067811865478,0.21214349737907534,0.6745332731005744,0.875,0.05555555555555555,0.0
1151,1151,-0.3826834323650905,0.2771788369148485,0.8813201932100531,0.9375,0.05555555555555555,0.0
1152,1152,0.0,0.29249429154149886,0.9562672688195684,0.0,0.08333333333333333,0.0
1153,1153,0.3826834323650898,0.27022948933158,0.8834757572728678,0.0625,0.08333333333333333,0.0
1154,1154,0.7071067811865476,0.2068246970073489,0.676183070409056,0.125,0.08333333333333333,0.0
1155,1155,0.9238795325112867,0.11193271943429604,0.3659476406902625,0.1875,0.08333333333333333,0.0
1156,1156,1.0,1.7910109895258466e-17,5.85544824944633e-17,0.25,0.08333333333333333,0.0
1157,1157,0.9238795325112867,-0.11193271943429602,-0.36594764069026237,0.3125,0.08333333333333333,0.0
1158,1158,0.7071067811865476,-0.20682469700734885,-0.6761830704090559,0.375,0.08333333333333333,0.0
1159,1159,0.3826834323650899,-0.27022948933158,-0.8834757572728678,0.4375,0.08333333333333333,0.0
1160,1160,1.2246467991473532e-16,-0.29249429154149886,-0.9562672688195684,0.5,0.08333333333333333,0.0
1161,1161,-0.38268343236508967,-0.27022948933158003,-0.8834757572728679,0.5625,0.08333333333333333,0.0
1162,1162,-0.7071067811865475,-0.20682469700734893,-0.6761830704090561,0.625,0.08333333333333333,0.0
1163,1163,-0.9238795325112865,-0.1119327194342962,-0.3659476406902629,0.6875,0.08333333333333333,0.0
1164,1164,-1.0,-5.37303296857754e-17,-1.756634474833899e-16,0.75,0.08333333333333333,0.0
1165,1165,-0.9238795325112866,0.1119327194342961,0.36594764069026264,0.8125,0.08333333333333333,0.0
1166,1166,-0.7071067811865477,0.20682469700734882,0.6761830704090558,0.875,0.08333333333333333,0.0
1167,1167,-0.3826834323650904,0.2702294893315799,0.8834757572728675,0.9375,0.08333333333333333,0.0
1168,1168,0.0,0.28761930517972556,0.9577448174163784,0.0,0.1111111111111111,0.0
1169,1169,0.3826834323650898,0.26572558921066597,0.8848408341797513,0.0625,0.1111111111111111,0.0
1170,1170,0.7071067811865476,0.20337756109274704,0.677227855041393,0.125,0.1111111111111111,0.0
1171,1171,0.9238795325112867,0.11006714292063964,0.366513074058776,0.1875,0.1111111111111111,0.0
1172,1172,1.0,1.7611603073066833e-17,5.86449562524467e-17,0.25,0.1111111111111111,0.0
1173,1173,0.9238795325112867,-0.11006714292063961,-0.36651307405877587,0.3125,0.1111111111111111,0.0
1174,1174,0.7071067811865476,-0.20337756109274702,-0.6772278550413929,0.375,0.1111111111111111,0.0
1175,1175,0.3826834323650899,-0.26572558921066597,-0.8848408341797513,0.4375,0.1111111111111111,0.0
1176,1176,1.2246467991473532e-16,-0.28761930517972556,-0.9577448174163784,0.5,0.1111111111111111,0.0
1177,1177,-0.38268343236508967,-0.26572558921066597,-0.8848408341797515,0.5625,0.1111111111111111,0.0
1178,1178,-0.7071067811865475,-0.20337756109274707,-0.6772278550413932,0.625,0.1111111111111111,0.0
1179,1179,-0.9238795325112865,-0.11006714292063978,-0.3665130740587764,0.6875,0.1111111111111111,0.0
1180,1180,-1.0,-5.283480921920049e-17,-1.759348687573401e-16,0.75,0.1111111111111111,0.0
1181,1181,-0.9238795325112866,0.11006714292063968,0.36651307405877614,0.8125,0.1111111111111111,0.0
1182,1182,-0.7071067811865477,0.203377561092747,0.6772278550413928,0.875,0.1111111111111111,0.0
1183,1183,-0.3826834323650904,0.2657255892106659,0.8848408341797511,0.9375,0.1111111111111111,0.0
1184,1184,0.0,0.28412257205004254,0.9587879661591862,0.0,0.1388888888888889,0.0
1185,1185,0.3826834323650899,0.2624950290414977,0.8858045779525963,0.0625,0.1388888888888889,0.0
1186,1186,0.7071067811865477,0.20090499738474854,0.6779654725912186,0.125,0.1388888888888889,0.0
1187,1187,0.923879532511287,0.10872900108450782,0.36691226980014097,0.1875,0.1388888888888889,0.0
1188,1188,1.0000000000000002,1.7397489921329893e-17,5.87088306908924e-17,0.25,0.1388888888888889,0.0
1189,1189,0.923879532511287,-0.10872900108450778,-0.36691226980014086,0.3125,0.1388888888888889,0.0
1190,1190,0.7071067811865477,-0.20090499738474848,-0.6779654725912185,0.375,0.1388888888888889,0.0
1191,1191,0.38268343236509,-0.2624950290414977,-0.8858045779525963,0.4375,0.1388888888888889,0.0
1192,1192,1.2246467991473535e-16,-0.28412257205004254,-0.9587879661591862,0.5,0.1388888888888889,0.0
1193,1193,-0.3826834323650898,-0.26249502904149774,-0.8858045779525964,0.5625,0.1388888888888889,0.0
1194,1194,-0.7071067811865476,-0.20090499738474857,-0.6779654725912188,0.625,0.1388888888888889,0.0
1195,1195,-0.9238795325112867,-0.10872900108450796,-0.3669122698001414,0.6875,0.1388888888888889,0.0
1196,1196,-1.0000000000000002,-5.2192469763989675e-17,-1.761264920726772e-16,0.75,0.1388888888888889,0.0
1197,1197,-0.9238795325112868,0.10872900108450786,0.36691226980014113,0.8125,0.1388888888888889,0.0
1198,1198,-0.7071067811865478,0.20090499738474846,0.6779654725912184,0.875,0.1388888888888889,0.0
1199,1199,-0.3826834323650905,0.26249502904149763,0.8858045779525962,0.9375,0.1388888888888889,0.0
1200,1200,0.0,0.28145649375779913,0.9595739899150905,0.0,0.16666666666666666,0.0
1201,1201,0.3826834323650899,0.26003189387522135,0.886530769212744,0.0625,0.16666666666666666,0.0
1202,1202,0.7071067811865477,0.19901979534512895,0.6785212753191923,0.125,0.16666666666666666,0.0
1203,1203,0.923879532511287,0.10770873709267806,0.3672130680689709,0.1875,0.16666666666666666,0.0
1204,1204,1.0000000000000002,1.7234239708986284e-17,5.87569607647285e-17,0.25,0.16666666666666666,0.0
1205,1205,0.923879532511287,-0.10770873709267802,-0.3672130680689708,0.3125,0.16666666666666666,0.0
1206,1206,0.7071067811865477,-0.19901979534512892,-0.6785212753191922,0.375,0.16666666666666666,0.0
1207,1207,0.38268343236509,-0.26003189387522135,-0.886530769212744,0.4375,0.16666666666666666,0.0
1208,1208,1.2246467991473535e-16,-0.28145649375779913,-0.9595739899150905,0.5,0.16666666666666666,0.0
1209,1209,-0.3826834323650898,-0.2600318938752214,-0.8865307692127441,0.5625,0.16666666666666666,0.0
1210,1210,-0.7071067811865476,-0.199019795345129,-0.6785212753191924,0.625,0.16666666666666666,0.0
1211,1211,-0.9238795325112867,-0.1077087370926782,-0.3672130680689714,0.6875,0.16666666666666666,0.0
1212,1212,-1.0000000000000002,-5.170271912695885e-17,-1.7627088229418552e-16,0.75,0.16666666666666666,0.0
1213,1213,-0.9238795325112868,0.1077087370926781,0.3672130680689711,0.8125,0.16666666666666666,0.0
1214,1214,-0.7071067811865478,0.1990197953451289,0.678521275319192,0.875,0.16666666666666666,0.0
1215,1215,-0.3826834323650905,0.2600318938752213,0.8865307692127438,0.9375,0.16666666666666666,0.0
1216,1216,0.0,0.2793386427990043,0.960192648711294,0.0,0.19444444444444445,0.0
1217,1217,0.3826834323650899,0.2580752547214814,0.8871023354121644,0.0625,0.19444444444444445,0.0
1218,1218,0.7071067811865477,0.1975222485706227,0.6789587331492285,0.125,0.19444444444444445,0.0
1219,1219,0.923879532511287,0.10689827061852875,0.3674498185405649,0.1875,0.19444444444444445,0.0
1220,1220,1.0000000000000002,1.7104558739098323e-17,5.879484269045525e-17,0.25,0.19444444444444445,0.0
1221,1221,0.923879532511287,-0.10689827061852872,-0.3674498185405648,0.3125,0.19444444444444445,0.0
1222,1222,0.7071067811865477,-0.19752224857062267,-0.6789587331492284,0.375,0.19444444444444445,0.0
1223,1223,0.38268343236509,-0.2580752547214814,-0.8871023354121644,0.4375,0.19444444444444445,0.0
1224,1224,1.2246467991473535e-16,-0.2793386427990043,-0.960192648711294,0.5,0.19444444444444445,0.0
1225,1225,-0.3826834323650898,-0.2580752547214814,-0.8871023354121645,0.5625,0.19444444444444445,0.0
1226,1226,-0.7071067811865476,-0.19752224857062273,-0.6789587331492286,0.625,0.19444444444444445,0.0
1227,1227,-0.9238795325112867,-0.10689827061852888,-0.3674498185405654,0.6875,0.19444444444444445,0.0
1228,1228,-1.0000000000000002,-5.131367621729496e-17,-1.7638452807136576e-16,0.75,0.19444444444444445,0.0
1229,1229,-0.9238795325112868,0.10689827061852879,0.3674498185405651,0.8125,0.19444444444444445,0.0
1230,1230,-0.7071067811865478,0.19752224857062262,0.6789587331492283,0.875,0.19444444444444445,0.0
1231,1231,-0.3826834323650905,0.25807525472148135,0.8871023354121642,0.9375,0.19444444444444445,0.0
1232,1232,0.0,0.27760564562872747,0.9606951157963995,0.0,0.2222222222222222,0.0
1233,1233,0.3826834323650898,0.2564741741059627,0.887566554467854,0.0625,0.2222222222222222,0.0
1234,1234,0.7071067811865476,0.19629683451974286,0.6793140310324297,0.125,0.2222222222222222,0.0
1235,1235,0.9238795325112867,0.10623508131312823,0.36764210436934364,0.1875,0.2222222222222222,0.0
1236,1236,1.0,1.6998443267222776e-17,5.882560992582782e-17,0.25,0.2222222222222222,0.0
1237,1237,0.9238795325112867,-0.1062350813131282,-0.3676421043693435,0.3125,0.2222222222222222,0.0
1238,1238,0.7071067811865476,-0.19629683451974284,-0.6793140310324296,0.375,0.2222222222222222,0.0
1239,1239,0.3826834323650899,-0.2564741741059627,-0.887566554467854,0.4375,0.2222222222222222,0.0
1240,1240,1.2246467991473532e-16,-0.27760564562872747,-0.9606951157963995,0.5,0.2222222222222222,0.0
1241,1241,-0.38268343236508967,-0.2564741741059627,-0.8875665544678542,0.5625,0.2222222222222222,0.0
1242,1242,-0.7071067811865475,-0.1962968345197429,-0.6793140310324298,0.625,0.2222222222222222,0.0
1243,1243,-0.9238795325112865,-0.10623508131312837,-0.3676421043693441,0.6875,0.2222222222222222,0.0
1244,1244,-1.0,-5.0995329801668325e-17,-1.7647682977748348e-16,0.75,0.2222222222222222,0.0
1245,1245,-0.9238795325112866,0.10623508131312827,0.36764210436934375,0.8125,0.2222222222222222,0.0
1246,1246,-0.7071067811865477,0.1962968345197428,0.6793140310324295,0.875,0.2222222222222222,0.0
1247,1247,-0.3826834323650904,0.2564741741059626,0.8875665544678539,0.9375,0.2222222222222222,0.0
1248,1248,0.0,0.2761556574511535,0.9611129240925445,0.0,0.25,0.0
1249,1249,0.3826834323650898,0.2551345597063187,0.8879525590011758,0.0625,0.25,0.0
1250,1250,0.7071067811865476,0.19527153804674,0.6796094661118698,0.125,0.25,0.0
1251,1251,0.9238795325112867,0.10568019486044541,0.36780199268218294,0.1875,0.25,0.0
1252,1252,1.0,1.6909657098199402e-17,5.885119330545438e-17,0.25,0.25,0.0
1253,1253,0.9238795325112867,-0.10568019486044539,-0.36780199268218283,0.3125,0.25,0.0
1254,1254,0.7071067811865476,-0.19527153804673997,-0.6796094661118697,0.375,0.25,0.0
1255,1255,0.3826834323650899,-0.2551345597063187,-0.8879525590011758,0.4375,0.25,0.0
1256,1256,1.2246467991473532e-16,-0.2761556574511535,-0.9611129240925445,0.5,0.25,0.0
1257,1257,-0.38268343236508967,-0.25513455970631876,-0.8879525590011759,0.5625,0.25,0.0
1258,1258,-0.7071067811865475,-0.19527153804674002,-0.6796094661118699,0.625,0.25,0.0
1259,1259,-0.9238795325112865,-0.10568019486044555,-0.36780199268218344,0.6875,0.25,0.0
1260,1260,-1.0,-5.07289712945982e-17,-1.7655357991636312e-16,0.75,0.25,0.0
1261,1261,-0.9238795325112866,0.10568019486044547,0.3678019926821831,0.8125,0.25,0.0
1262,1262,-0.7071067811865477,0.1952715380467399,0.6796094661118696,0.875,0.25,0.0
1263,1263,-0.3826834323650904,0.25513455970631865,0.8879525590011755,0.9375,0.25,0.0
1264,1264,0.0,0.27492171211260896,0.9614666152337644,0.0,0.2777777777777778,0.0
1265,1265,0.3826834323650898,0.25399454286379974,0.8882793270073794,0.0625,0.2777777777777778,0.0
1266,1266,0.7071067811865476,0.19439900693024162,0.679859563516272,0.125,0.2777777777777778,0.0
1267,1267,0.9238795325112867,0.1052079844229403,0.36793734442210213,0.1875,0.2777777777777778,0.0
1268,1268,1.0,1.6834099737740834e-17,5.887285064165347e-17,0.25,0.2777777777777778,0.0
1269,1269,0.9238795325112867,-0.10520798442294026,-0.367937344422102,0.3125,0.2777777777777778,0.0
1270,1270,0.7071067811865476,-0.1943990069302416,-0.6798595635162719,0.375,0.2777777777777778,0.0
1271,1271,0.3826834323650899,-0.25399454286379974,-0.8882793270073794,0.4375,0.2777777777777778,0.0
1272,1272,1.2246467991473532e-16,-0.27492171211260896,-0.9614666152337644,0.5,0.2777777777777778,0.0
1273,1273,-0.38268343236508967,-0.25399454286379974,-0.8882793270073795,0.5625,0.2777777777777778,0.0
1274,1274,-0.7071067811865475,-0.19439900693024165,-0.6798595635162721,0.625,0.2777777777777778,0.0
1275,1275,-0.9238795325112865,-0.10520798442294042,-0.36793734442210263,0.6875,0.2777777777777778,0.0
1276,1276,-1.0,-5.05022992132225e-17,-1.766185519249604e-16,0.75,0.2777777777777778,0.0
1277,1277,-0.9238795325112866,0.10520798442294034,0.3679373444221023,0.8125,0.2777777777777778,0.0
1278,1278,-0.7071067811865477,0.19439900693024156,0.6798595635162717,0.875,0.2777777777777778,0.0
1279,1279,-0.3826834323650904,0.2539945428637997,0.8882793270073792,0.9375,0.2777777777777778,0.0
1280,1280,0.0,0.2738571794709877,0.9617703703338938,0.0,0.3055555555555556,0.0
1281,1281,0.3826834323650898,0.25301104294451565,0.8885599601272849,0.0625,0.3055555555555556,0.0
1282,1282,0.7071067811865476,0.1936462686805568,0.6800743508073934,0.125,0.3055555555555556,0.0
1283,1283,0.9238795325112867,0.10480060541778,0.36805358646641806,0.1875,0.3055555555555556,0.0
1284,1284,1.0,1.6768915913133366e-17,5.889145027720838e-17,0.25,0.3055555555555556,0.0
1285,1285,0.9238795325112867,-0.10480060541777995,-0.36805358646641795,0.3125,0.3055555555555556,0.0
1286,1286,0.7071067811865476,-0.19364626868055676,-0.6800743508073933,0.375,0.3055555555555556,0.0
1287,1287,0.3826834323650899,-0.25301104294451565,-0.8885599601272849,0.4375,0.3055555555555556,0.0
1288,1288,1.2246467991473532e-16,-0.2738571794709877,-0.9617703703338938,0.5,0.3055555555555556,0.0
1289,1289,-0.38268343236508967,-0.2530110429445157,-0.888559960127285,0.5625,0.3055555555555556,0.0
1290,1290,-0.7071067811865475,-0.19364626868055682,-0.6800743508073935,0.625,0.3055555555555556,0.0
1291,1291,-0.9238795325112865,-0.10480060541778012,-0.3680535864664185,0.6875,0.3055555555555556,0.0
1292,1292,-1.0,-5.03067477394001e-17,-1.7667435083162513e-16,0.75,0.3055555555555556,0.0
1293,1293,-0.9238795325112866,0.10480060541778004,0.3680535864664182,0.8125,0.3055555555555556,0.0
1294,1294,-0.7071067811865477,0.19364626868055673,0.6800743508073932,0.875,0.3055555555555556,0.0
1295,1295,-0.3826834323650904,0.2530110429445156,0.8885599601272847,0.9375,0.3055555555555556,0.0
1296,1296,0.0,0.27292868927842256,0.9620342668370823,0.0,0.3333333333333333,0.0
1297,1297,0.3826834323650898,0.25215322985946725,0.888803768705282,0.0625,0.3333333333333333,0.0
1298,1298,0.7071067811865476,0.19298972696912878,0.6802609538143295,0.125,0.3333333333333333,0.0
1299,1299,0.9238795325112867,0.10444528760397184,0.36815457528604734,0.1875,0.3333333333333333,0.0
1300,1300,1.0,1.6712062286015137e-17,5.890760927760518e-17,0.25,0.3333333333333333,0.0
1301,1301,0.9238795325112867,-0.10444528760397181,-0.3681545752860472,0.3125,0.3333333333333333,0.0
1302,1302,0.7071067811865476,-0.19298972696912875,-0.6802609538143294,0.375,0.3333333333333333,0.0
1303,1303,0.3826834323650899,-0.25215322985946725,-0.888803768705282,0.4375,0.3333333333333333,0.0
1304,1304,1.2246467991473532e-16,-0.27292868927842256,-0.9620342668370823,0.5,0.3333333333333333,0.0
1305,1305,-0.38268343236508967,-0.2521532298594673,-0.8888037687052821,0.5625,0.3333333333333333,0.0
1306,1306,-0.7071067811865475,-0.1929897269691288,-0.6802609538143296,0.625,0.3333333333333333,0.0
1307,1307,-0.9238795325112865,-0.10444528760397198,-0.36815457528604784,0.6875,0.3333333333333333,0.0
1308,1308,-1.0,-5.013618685804541e-17,-1.767228278328155e-16,0.75,0.3333333333333333,0.0
1309,1309,-0.9238795325112866,0.10444528760397188,0.3681545752860475,0.8125,0.3333333333333333,0.0
1310,1310,-0.7071067811865477,0.19298972696912872,0.6802609538143293,0.875,0.3333333333333333,0.0
1311,1311,-0.3826834323650904,0.2521532298594672,0.8888037687052819,0.9375,0.3333333333333333,0.0
1312,1312,0.0,0.27211214466088585,0.962265545848989,0.0,0.3611111111111111,0.0
1313,1313,0.3826834323650897,0.25139884099994286,0.8890174426506822,0.0625,0.3611111111111111,0.0
1314,1314,0.7071067811865475,0.19241234273292718,0.6804244927719949,0.125,0.3611111111111111,0.0
1315,1315,0.9238795325112866,0.10413280950705366,0.3682430819321579,0.1875,0.3611111111111111,0.0
1316,1316,0.9999999999999999,1.666206334840377e-17,5.892177103268725e-17,0.25,0.3611111111111111,0.0
1317,1317,0.9238795325112866,-0.10413280950705361,-0.36824308193215777,0.3125,0.3611111111111111,0.0
1318,1318,0.7071067811865475,-0.19241234273292715,-0.6804244927719948,0.375,0.3611111111111111,0.0
1319,1319,0.38268343236508984,-0.25139884099994286,-0.8890174426506822,0.4375,0.3611111111111111,0.0
1320,1320,1.224646799147353e-16,-0.27211214466088585,-0.962265545848989,0.5,0.3611111111111111,0.0
1321,1321,-0.3826834323650896,-0.25139884099994286,-0.8890174426506823,0.5625,0.3611111111111111,0.0
1322,1322,-0.7071067811865474,-0.1924123427329272,-0.680424492771995,0.625,0.3611111111111111,0.0
1323,1323,-0.9238795325112864,-0.10413280950705378,-0.3682430819321583,0.6875,0.3611111111111111,0.0
1324,1324,-0.9999999999999999,-4.99861900452113e-17,-1.7676531309806175e-16,0.75,0.3611111111111111,0.0
1325,1325,-0.9238795325112865,0.1041328095070537,0.368243081932158,0.8125,0.3611111111111111,0.0
1326,1326,-0.7071067811865476,0.19241234273292712,0.6804244927719947,0.875,0.3611111111111111,0.0
1327,1327,-0.38268343236509034,0.2513988409999428,0.8890174426506819,0.9375,0.3611111111111111,0.0
1328,1328,0.0,0.2713890739776152,0.9624697244721896,0.0,0.3888888888888889,0.0
1329,1329,0.3826834323650898,0.2507308107951101,0.8892060791016335,0.0625,0.3888888888888889,0.0
1330,1330,0.7071067811865476,0.19190105454950931,0.6805688688610333,0.125,0.3888888888888889,0.0
1331,1331,0.9238795325112867,0.10385610233613707,0.3683212177084998,0.1875,0.3888888888888889,0.0
1332,1332,1.0,1.6617788038512535e-17,5.89342733675551e-17,0.25,0.3888888888888889,0.0
1333,1333,0.9238795325112867,-0.10385610233613704,-0.36832121770849974,0.3125,0.3888888888888889,0.0
1334,1334,0.7071067811865476,-0.1919010545495093,-0.6805688688610332,0.375,0.3888888888888889,0.0
1335,1335,0.3826834323650899,-0.2507308107951101,-0.8892060791016335,0.4375,0.3888888888888889,0.0
1336,1336,1.2246467991473532e-16,-0.2713890739776152,-0.9624697244721896,0.5,0.3888888888888889,0.0
1337,1337,-0.38268343236508967,-0.25073081079511017,-0.8892060791016336,0.5625,0.3888888888888889,0.0
1338,1338,-0.7071067811865475,-0.19190105454950934,-0.6805688688610334,0.625,0.3888888888888889,0.0
1339,1339,-0.9238795325112865,-0.10385610233613721,-0.3683212177085003,0.6875,0.3888888888888889,0.0
1340,1340,-1.0,-4.98533641155376e-17,-1.7680282010266529e-16,0.75,0.3888888888888889,0.0
1341,1341,-0.9238795325112866,0.10385610233613711,0.36832121770849996,0.8125,0.3888888888888889,0.0
1342,1342,-0.7071067811865477,0.19190105454950926,0.6805688688610331,0.875,0.3888888888888889,0.0
1343,1343,-0.3826834323650904,0.25073081079511006,0.8892060791016333,0.9375,0.3888888888888889,0.0
1344,1344,0.0,0.27074542675121815,0.9626509823883735,0.0,0.4166666666666667,0.0
1345,1345,0.3826834323650898,0.2501361582964843,0.8893735395805015,0.0625,0.4166666666666667,0.0
1346,1346,0.7071067811865476,0.19144592723103207,0.6806970375627107,0.125,0.4166666666666667,0.0
1347,1347,0.9238795325112867,0.10360978920630717,0.3683905821100084,0.1875,0.4166666666666667,0.0
1348,1348,1.0,1.6578376012733174e-17,5.894537221389883e-17,0.25,0.4166666666666667,0.0
1349,1349,0.9238795325112867,-0.10360978920630715,-0.3683905821100083,0.3125,0.4166666666666667,0.0
1350,1350,0.7071067811865476,-0.19144592723103204,-0.6806970375627106,0.375,0.4166666666666667,0.0
1351,1351,0.3826834323650899,-0.2501361582964843,-0.8893735395805015,0.4375,0.4166666666666667,0.0
1352,1352,1.2246467991473532e-16,-0.27074542675121815,-0.9626509823883735,0.5,0.4166666666666667,0.0
1353,1353,-0.38268343236508967,-0.2501361582964843,-0.8893735395805016,0.5625,0.4166666666666667,0.0
1354,1354,-0.7071067811865475,-0.1914459272310321,-0.6806970375627108,0.625,0.4166666666666667,0.0
1355,1355,-0.9238795325112865,-0.10360978920630731,-0.3683905821100089,0.6875,0.4166666666666667,0.0
1356,1356,-1.0,-4.973512803819952e-17,-1.768361166416965e-16,0.75,0.4166666666666667,0.0
1357,1357,-0.9238795325112866,0.10360978920630723,0.3683905821100086,0.8125,0.4166666666666667,0.0
1358,1358,-0.7071067811865477,0.191445927231032,0.6806970375627105,0.875,0.4166666666666667,0.0
1359,1359,-0.3826834323650904,0.25013615829648417,0.8893735395805012,0.9375,0.4166666666666667,0.0
1360,1360,0.0,0.27017041011355775,0.9628125204311959,0.0,0.4444444444444444,0.0
1361,1361,0.3826834323650899,0.24960491219409633,0.889522781271987,0.0625,0.4444444444444444,0.0
1362,1362,0.7071067811865477,0.1910393290672473,0.68081126220821,0.125,0.4444444444444444,0.0
1363,1363,0.923879532511287,0.10338973986574027,0.36845240004269325,0.1875,0.4444444444444444,0.0
1364,1364,1.0000000000000002,1.654316639849481e-17,5.895526356625299e-17,0.25,0.4444444444444444,0.0
1365,1365,0.923879532511287,-0.10338973986574022,-0.36845240004269314,0.3125,0.4444444444444444,0.0
1366,1366,0.7071067811865477,-0.19103932906724727,-0.6808112622082099,0.375,0.4444444444444444,0.0
1367,1367,0.38268343236509,-0.24960491219409633,-0.889522781271987,0.4375,0.4444444444444444,0.0
1368,1368,1.2246467991473535e-16,-0.27017041011355775,-0.9628125204311959,0.5,0.4444444444444444,0.0
1369,1369,-0.3826834323650898,-0.24960491219409636,-0.8895227812719871,0.5625,0.4444444444444444,0.0
1370,1370,-0.7071067811865476,-0.19103932906724733,-0.6808112622082101,0.625,0.4444444444444444,0.0
1371,1371,-0.9238795325112867,-0.10338973986574039,-0.3684524000426937,0.6875,0.4444444444444444,0.0
1372,1372,-1.0000000000000002,-4.9629499195484424e-17,-1.7686579069875893e-16,0.75,0.4444444444444444,0.0
1373,1373,-0.9238795325112868,0.10338973986574031,0.3684524000426934,0.8125,0.4444444444444444,0.0
1374,1374,-0.7071067811865478,0.19103932906724724,0.6808112622082098,0.875,0.4444444444444444,0.0
1375,1375,-0.3826834323650905,0.24960491219409628,0.8895227812719868,0.9375,0.4444444444444444,0.0
1376,1376,0.0,0.26965549387081894,0.9629568602098875,0.0,0.4722222222222222,0.0
1377,1377,0.3826834323650898,0.24912919161647235,0.8896561338392474,0.0625,0.4722222222222222,0.0
1378,1378,0.7071067811865476,0.1906752283002636,0.6809133258445178,0.125,0.4722222222222222,0.0
1379,1379,0.9238795325112867,0.10319268995058843,0.36850763648462975,0.1875,0.4722222222222222,0.0
1380,1380,1.0,1.6511636872069857e-17,5.89641018286512e-17,0.25,0.4722222222222222,0.0
1381,1381,0.9238795325112867,-0.1031926899505884,-0.36850763648462964,0.3125,0.4722222222222222,0.0
1382,1382,0.7071067811865476,-0.19067522830026357,-0.6809133258445177,0.375,0.4722222222222222,0.0
1383,1383,0.3826834323650899,-0.24912919161647235,-0.8896561338392474,0.4375,0.4722222222222222,0.0
1384,1384,1.2246467991473532e-16,-0.26965549387081894,-0.9629568602098875,0.5,0.4722222222222222,0.0
1385,1385,-0.38268343236508967,-0.24912919161647237,-0.8896561338392475,0.5625,0.4722222222222222,0.0
1386,1386,-0.7071067811865475,-0.19067522830026362,-0.6809133258445179,0.625,0.4722222222222222,0.0
1387,1387,-0.9238795325112865,-0.10319268995058857,-0.3685076364846302,0.6875,0.4722222222222222,0.0
1388,1388,-1.0,-4.9534910616209567e-17,-1.7689230548595358e-16,0.75,0.4722222222222222,0.0
1389,1389,-0.9238795325112866,0.10319268995058849,0.3685076364846299,0.8125,0.4722222222222222,0.0
1390,1390,-0.7071067811865477,0.19067522830026354,0.6809133258445176,0.875,0.4722222222222222,0.0
1391,1391,-0.3826834323650904,0.2491291916164723,0.8896561338392471,0.9375,0.4722222222222222,0.0
1392,1392,0.0,0.26919399664065424,0.9630859734066484,0.0,0.5,0.0
1393,1393,0.3826834323650898,0.24870282377121253,0.8897754188791118,0.0625,0.5,0.0
1394,1394,0.7071067811865476,0.19034890047931532,0.6810046226614881,0.125,0.5,0.0
1395,1395,0.9238795325112867,0.10301608260652202,0.3685570459659298,0.1875,0.5,0.0
1396,1396,1.0,1.648337831678303e-17,5.897200773180824e-17,0.25,0.5,0.0
1397,1397,0.9238795325112867,-0.103016082606522,-0.3685570459659297,0.3125,0.5,0.0
1398,1398,0.7071067811865476,-0.1903489004793153,-0.681004622661488,0.375,0.5,0.0
1399,1399,0.3826834323650899,-0.24870282377121253,-0.8897754188791118,0.4375,0.5,0.0
1400,1400,1.2246467991473532e-16,-0.26919399664065424,-0.9630859734066484,0.5,0.5,0.0
1401,1401,-0.38268343236508967,-0.24870282377121256,-0.8897754188791119,0.5625,0.5,0.0
1402,1402,-0.7071067811865475,-0.19034890047931535,-0.6810046226614882,0.625,0.5,0.0
1403,1403,-0.9238795325112865,-0.10301608260652216,-0.3685570459659303,0.6875,0.5,0.0
1404,1404,-1.0,-4.9450134950349084e-17,-1.7691602319542472e-16,0.75,0.5,0.0
1405,1405,-0.9238795325112866,0.10301608260652208,0.36855704596593,0.8125,0.5,0.0
1406,1406,-0.7071067811865477,0.19034890047931527,0.6810046226614879,0.875,0.5,0.0
1407,1407,-0.3826834323650904,0.24870282377121247,0.8897754188791116,0.9375,0.5,0.0
1408,1408,0.0,0.26878087778903265,0.9632013495292441,0.0,0.5277777777777778,0.0
1409,1409,0.3826834323650898,0.24832115171970479,0.8898820125173185,0.0625,0.5277777777777778,0.0
1410,1410,0.7071067811865476,0.1900567813378977,0.6810862059001626,0.125,0.5277777777777778,0.0
1411,1411,0.9238795325112867,0.10285798886640875,0.3686011984965377,0.1875,0.5277777777777778,0.0
1412,1412,1.0,1.6458082082817736e-17,5.897907248176998e-17,0.25,0.5277777777777778,0.0
1413,1413,0.9238795325112867,-0.10285798886640872,-0.3686011984965376,0.3125,0.5277777777777778,0.0
1414,1414,0.7071067811865476,-0.19005678133789766,-0.6810862059001624,0.375,0.5277777777777778,0.0
1415,1415,0.3826834323650899,-0.24832115171970479,-0.8898820125173185,0.4375,0.5277777777777778,0.0
1416,1416,1.2246467991473532e-16,-0.26878087778903265,-0.9632013495292441,0.5,0.5277777777777778,0.0
1417,1417,-0.38268343236508967,-0.2483211517197048,-0.8898820125173186,0.5625,0.5277777777777778,0.0
1418,1418,-0.7071067811865475,-0.19005678133789772,-0.6810862059001627,0.625,0.5277777777777778,0.0
1419,1419,-0.9238795325112865,-0.10285798886640889,-0.3686011984965382,0.6875,0.5277777777777778,0.0
1420,1420,-1.0,-4.937424624845321e-17,-1.7693721744530995e-16,0.75,0.5277777777777778,0.0
1421,1421,-0.9238795325112866,0.1028579888664088,0.3686011984965379,0.8125,0.5277777777777778,0.0
1422,1422,-0.7071067811865477,0.19005678133789763,0.6810862059001623,0.875,0.5277777777777778,0.0
1423,1423,-0.3826834323650904,0.2483211517197047,0.8898820125173184,0.9375,0.5277777777777778,0.0
1424,1424,0.0,0.26841228091531,0.963304130300416,0.0,0.5555555555555556,0.0
1425,1425,0.3826834323650898,0.24798061261232476,0.88997696956814,0.0625,0.5555555555555556,0.0
1426,1426,0.7071067811865476,0.18979614398896424,0.6811588828804337,0.125,0.5555555555555556,0.0
1427,1427,0.9238795325112867,0.10271693294961352,0.3686405309948309,0.1875,0.5555555555555556,0.0
1428,1428,1.0,1.643551203373873e-17,5.898536598889146e-17,0.25,0.5555555555555556,0.0
1429,1429,0.9238795325112867,-0.1027169329496135,-0.3686405309948308,0.3125,0.5555555555555556,0.0
1430,1430,0.7071067811865476,-0.18979614398896422,-0.6811588828804336,0.375,0.5555555555555556,0.0
1431,1431,0.3826834323650899,-0.24798061261232476,-0.88997696956814,0.4375,0.5555555555555556,0.0
1432,1432,1.2246467991473532e-16,-0.26841228091531,-0.963304130300416,0.5,0.5555555555555556,0.0
1433,1433,-0.38268343236508967,-0.2479806126123248,-0.8899769695681401,0.5625,0.5555555555555556,0.0
1434,1434,-0.7071067811865475,-0.18979614398896427,-0.6811588828804338,0.625,0.5555555555555556,0.0
1435,1435,-0.9238795325112865,-0.10271693294961366,-0.3686405309948314,0.6875,0.5555555555555556,0.0
1436,1436,-1.0,-4.930653610121619e-17,-1.7695609796667437e-16,0.75,0.5555555555555556,0.0
1437,1437,-0.9238795325112866,0.10271693294961357,0.3686405309948311,0.8125,0.5555555555555556,0.0
1438,1438,-0.7071067811865477,0.1897961439889642,0.6811588828804335,0.875,0.5555555555555556,0.0
1439,1439,-0.3826834323650904,0.2479806126123247,0.8899769695681398,0.9375,0.5555555555555556,0.0
1440,1440,0.0,0.26808525197447663,0.9633951928849248,0.0,0.5833333333333334,0.0
1441,1441,0.3826834323650898,0.24767847726734998,0.8900611004261453,0.0625,0.5833333333333334,0.0
1442,1442,0.7071067811865476,0.18956489960725673,0.6812232738514523,0.125,0.5833333333333334,0.0
1443,1443,0.9238795325112867,0.1025917843920527,0.3686753791372308,0.1875,0.5833333333333334,0.0
1444,1444,1.0,1.6415487286457722e-17,5.899094196402351e-17,0.25,0.5833333333333334,0.0
1445,1445,0.9238795325112867,-0.10259178439205266,-0.3686753791372307,0.3125,0.5833333333333334,0.0
1446,1446,0.7071067811865476,-0.1895648996072567,-0.6812232738514522,0.375,0.5833333333333334,0.0
1447,1447,0.3826834323650899,-0.24767847726734998,-0.8900611004261453,0.4375,0.5833333333333334,0.0
1448,1448,1.2246467991473532e-16,-0.26808525197447663,-0.9633951928849248,0.5,0.5833333333333334,0.0
1449,1449,-0.38268343236508967,-0.24767847726735,-0.8900611004261454,0.5625,0.5833333333333334,0.0
1450,1450,-0.7071067811865475,-0.18956489960725675,-0.6812232738514524,0.625,0.5833333333333334,0.0
1451,1451,-0.9238795325112865,-0.10259178439205283,-0.3686753791372313,0.6875,0.5833333333333334,0.0
1452,1452,-1.0,-4.9246461859373166e-17,-1.7697282589207051e-16,0.75,0.5833333333333334,0.0
1453,1453,-0.9238795325112866,0.10259178439205274,0.368675379137231,0.8125,0.5833333333333334,0.0
1454,1454,-0.7071067811865477,0.18956489960725667,0.6812232738514521,0.875,0.5833333333333334,0.0
1455,1455,-0.3826834323650904,0.24767847726734993,0.8900611004261451,0.9375,0.5833333333333334,0.0
1456,1456,0.0,0.26779793595392615,0.9634750985359283,0.0,0.6111111111111112,0.0
1457,1457,0.3826834323650898,0.2474130318766008,0.8901349236216394,0.0625,0.6111111111111112,0.0
1458,1458,0.7071067811865476,0.18936173650078195,0.681279775679132,0.125,0.6111111111111112,0.0
1459,1459,0.9238795325112867,0.10248183331113496,0.36870595770602216,0.1875,0.6111111111111112,0.0
1460,1460,1.0,1.6397894254212178e-17,5.899583477401027e-17,0.25,0.6111111111111112,0.0
1461,1461,0.9238795325112867,-0.10248183331113493,-0.36870595770602205,0.3125,0.6111111111111112,0.0
1462,1462,0.7071067811865476,-0.18936173650078192,-0.6812797756791319,0.375,0.6111111111111112,0.0
1463,1463,0.3826834323650899,-0.2474130318766008,-0.8901349236216394,0.4375,0.6111111111111112,0.0
1464,1464,1.2246467991473532e-16,-0.26779793595392615,-0.9634750985359283,0.5,0.6111111111111112,0.0
1465,1465,-0.38268343236508967,-0.24741303187660083,-0.8901349236216395,0.5625,0.6111111111111112,0.0
1466,1466,-0.7071067811865475,-0.18936173650078197,-0.6812797756791321,0.625,0.6111111111111112,0.0
1467,1467,-0.9238795325112865,-0.10248183331113508,-0.36870595770602266,0.6875,0.6111111111111112,0.0
1468,1468,-1.0,-4.919368276263653e-17,-1.7698750432203077e-16,0.75,0.6111111111111112,0.0
1469,1469,-0.9238795325112866,0.102481833311135,0.3687059577060223,0.8125,0.6111111111111112,0.0
1470,1470,-0.7071067811865477,0.1893617365007819,0.6812797756791318,0.875,0.6111111111111112,0.0
1471,1471,-0.3826834323650904,0.24741303187660074,0.8901349236216392,0.9375,0.6111111111111112,0.0
1472,1472,0.0,0.2675493810207507,0.9635441498527263,0.0,0.6388888888888888,0.0
1473,1473,0.3826834323650898,0.2471833970611353,0.890198718719922,0.0625,0.6388888888888888,0.0
1474,1474,0.7071067811865476,0.1891859816220362,0.6813286023334897,0.125,0.6388888888888888,0.0
1475,1475,0.9238795325112867,0.1023867154561761,0.36873238250094376,0.1875,0.6388888888888888,0.0
1476,1476,1.0,1.6382674654045897e-17,5.900006294771495e-17,0.25,0.6388888888888888,0.0
1477,1477,0.9238795325112867,-0.10238671545617607,-0.36873238250094365,0.3125,0.6388888888888888,0.0
1478,1478,0.7071067811865476,-0.18918598162203618,-0.6813286023334896,0.375,0.6388888888888888,0.0
1479,1479,0.3826834323650899,-0.2471833970611353,-0.890198718719922,0.4375,0.6388888888888888,0.0
1480,1480,1.2246467991473532e-16,-0.2675493810207507,-0.9635441498527263,0.5,0.6388888888888888,0.0
1481,1481,-0.38268343236508967,-0.24718339706113532,-0.8901987187199221,0.5625,0.6388888888888888,0.0
1482,1482,-0.7071067811865475,-0.18918598162203626,-0.6813286023334898,0.625,0.6388888888888888,0.0
1483,1483,-0.9238795325112865,-0.10238671545617624,-0.36873238250094426,0.6875,0.6388888888888888,0.0
1484,1484,-1.0,-4.9148023962137695e-17,-1.7700018884314483e-16,0.75,0.6388888888888888,0.0
1485,1485,-0.9238795325112866,0.10238671545617616,0.3687323825009439,0.8125,0.6388888888888888,0.0
1486,1486,-0.7071067811865477,0.18918598162203615,0.6813286023334896,0.875,0.6388888888888888,0.0
1487,1487,-0.3826834323650904,0.24718339706113523,0.8901987187199217,0.9375,0.6388888888888888,0.0
1488,1488,0.0,0.26733965994053555,0.9636023589753602,0.0,0.6666666666666666,0.0
1489,1489,0.3826834323650898,0.24698964004758836,0.8902524969369289,0.0625,0.6666666666666666,0.0
1490,1490,0.7071067811865476,0.1890376864240583,0.6813697623988311,0.125,0.6666666666666666,0.0
1491,1491,0.9238795325112867,0.10230645867336005,0.36875465816778824,0.1875,0.6666666666666666,0.0
1492,1492,1.0,1.6369832941565937e-17,5.900362722850069e-17,0.25,0.6666666666666666,0.0
1493,1493,0.9238795325112867,-0.10230645867336002,-0.36875465816778813,0.3125,0.6666666666666666,0.0
1494,1494,0.7071067811865476,-0.18903768642405827,-0.681369762398831,0.375,0.6666666666666666,0.0
1495,1495,0.3826834323650899,-0.24698964004758836,-0.8902524969369289,0.4375,0.6666666666666666,0.0
1496,1496,1.2246467991473532e-16,-0.26733965994053555,-0.9636023589753602,0.5,0.6666666666666666,0.0
1497,1497,-0.38268343236508967,-0.2469896400475884,-0.890252496936929,0.5625,0.6666666666666666,0.0
1498,1498,-0.7071067811865475,-0.18903768642405833,-0.6813697623988312,0.625,0.6666666666666666,0.0
1499,1499,-0.9238795325112865,-0.10230645867336019,-0.36875465816778874,0.6875,0.6666666666666666,0.0
1500,1500,-1.0,-4.910949882469781e-17,-1.7701088168550203e-16,0.75,0.6666666666666666,0.0
1501,1501,-0.9238795325112866,0.10230645867336009,0.3687546581677884,0.8125,0.6666666666666666,0.0
1502,1502,-0.7071067811865477,0.18903768642405824,0.6813697623988308,0.875,0.6666666666666666,0.0
1503,1503,-0.3826834323650904,0.2469896400475883,0.8902524969369287,0.9375,0.6666666666666666,0.0
1504,1504,0.0,0.26716996011821814,0.9636494240181073,0.0,0.6944444444444444,0.0
1505,1505,0.3826834323650899,0.2468328578550785,0.8902959793666196,0.0625,0.6944444444444444,0.0
1506,1506,0.7071067811865477,0.1889176905289315,0.6814030424097144,0.125,0.6944444444444444,0.0
1507,1507,0.923879532511287,0.10224151736288388,0.36877266917989115,0.1875,0.6944444444444444,0.0
1508,1508,1.0000000000000002,1.6359441824355094e-17,5.900650913119828e-17,0.25,0.6944444444444444,0.0
1509,1509,0.923879532511287,-0.10224151736288385,-0.36877266917989104,0.3125,0.6944444444444444,0.0
1510,1510,0.7071067811865477,-0.18891769052893148,-0.6814030424097143,0.375,0.6944444444444444,0.0
1511,1511,0.38268343236509,-0.2468328578550785,-0.8902959793666196,0.4375,0.6944444444444444,0.0
1512,1512,1.2246467991473535e-16,-0.26716996011821814,-0.9636494240181073,0.5,0.6944444444444444,0.0
1513,1513,-0.3826834323650898,-0.24683285785507852,-0.8902959793666197,0.5625,0.6944444444444444,0.0
1514,1514,-0.7071067811865476,-0.18891769052893154,-0.6814030424097145,0.625,0.6944444444444444,0.0
1515,1515,-0.9238795325112867,-0.10224151736288402,-0.3687726691798916,0.6875,0.6944444444444444,0.0
1516,1516,-1.0000000000000002,-4.907832547306527e-17,-1.7701952739359484e-16,0.75,0.6944444444444444,0.0
1517,1517,-0.9238795325112868,0.10224151736288392,0.36877266917989127,0.8125,0.6944444444444444,0.0
1518,1518,-0.7071067811865478,0.18891769052893145,0.6814030424097142,0.875,0.6944444444444444,0.0
1519,1519,-0.3826834323650905,0.24683285785507844,0.8902959793666194,0.9375,0.6944444444444444,0.0
1520,1520,0.0,0.2670428069576409,0.963684667955335,0.0,0.7222222222222222,0.0
1521,1521,0.3826834323650898,0.24671538365252704,0.8903285405188696,0.0625,0.7222222222222222,0.0
1522,1522,0.7071067811865476,0.18882777966683803,0.6814279636367239,0.125,0.7222222222222222,0.0
1523,1523,0.9238795325112867,0.10219285795495811,0.3687861564507595,0.1875,0.7222222222222222,0.0
1524,1524,1.0,1.6351655938799973e-17,5.900866719994405e-17,0.25,0.7222222222222222,0.0
1525,1525,0.9238795325112867,-0.10219285795495807,-0.3687861564507594,0.3125,0.7222222222222222,0.0
1526,1526,0.7071067811865476,-0.188827779666838,-0.6814279636367238,0.375,0.7222222222222222,0.0
1527,1527,0.3826834323650899,-0.24671538365252704,-0.8903285405188696,0.4375,0.7222222222222222,0.0
1528,1528,1.2246467991473532e-16,-0.2670428069576409,-0.963684667955335,0.5,0.7222222222222222,0.0
1529,1529,-0.38268343236508967,-0.24671538365252707,-0.8903285405188697,0.5625,0.7222222222222222,0.0
1530,1530,-0.7071067811865475,-0.18882777966683806,-0.681427963636724,0.625,0.7222222222222222,0.0
1531,1531,-0.9238795325112865,-0.10219285795495824,-0.36878615645076,0.6875,0.7222222222222222,0.0
1532,1532,-1.0,-4.9054967816399915e-17,-1.7702600159983212e-16,0.75,0.7222222222222222,0.0
1533,1533,-0.9238795325112866,0.10219285795495815,0.3687861564507597,0.8125,0.7222222222222222,0.0
1534,1534,-0.7071067811865477,0.18882777966683797,0.6814279636367236,0.875,0.7222222222222222,0.0
1535,1535,-0.3826834323650904,0.246715383652527,0.8903285405188693,0.9375,0.7222222222222222,0.0
1536,1536,0.0,0.2669625486581657,0.963706904413337,0.0,0.75,0.0
1537,1537,0.3826834323650898,0.24664123465232776,0.890349084327293,0.0625,0.75,0.0
1538,1538,0.7071067811865476,0.18877102847903263,0.6814436871869666,0.125,0.75,0.0
1539,1539,0.9238795325112867,0.10216214443343916,0.36879466597483135,0.1875,0.75,0.0
1540,1540,1.0,1.634674153532211e-17,5.901002879029986e-17,0.25,0.75,0.0
1541,1541,0.9238795325112867,-0.10216214443343913,-0.36879466597483124,0.3125,0.75,0.0
1542,1542,0.7071067811865476,-0.1887710284790326,-0.6814436871869665,0.375,0.75,0.0
1543,1543,0.3826834323650899,-0.24664123465232776,-0.890349084327293,0.4375,0.75,0.0
1544,1544,1.2246467991473532e-16,-0.2669625486581657,-0.963706904413337,0.5,0.75,0.0
1545,1545,-0.38268343236508967,-0.24664123465232782,-0.8903490843272931,0.5625,0.75,0.0
1546,1546,-0.7071067811865475,-0.18877102847903268,-0.6814436871869667,0.625,0.75,0.0
1547,1547,-0.9238795325112865,-0.1021621444334393,-0.3687946659748318,0.6875,0.75,0.0
1548,1548,-1.0,-4.904022460596632e-17,-1.770300863708996e-16,0.75,0.75,0.0
1549,1549,-0.9238795325112866,0.10216214443343921,0.3687946659748315,0.8125,0.75,0.0
1550,1550,-0.7071067811865477,0.18877102847903257,0.6814436871869664,0.875,0.75,0.0
1551,1551,-0.3826834323650904,0.2466412346523277,0.8903490843272929,0.9375,0.75,0.0
1552,1552,0.0,0.2669360182250057,0.963714253383325,0.0,0.7777777777777778,0.0
1553,1553,0.3826834323650899,0.24661672372814256,0.89035587389025,0.0625,0.7777777777777778,0.0
1554,1554,0.7071067811865477,0.18875226862983738,0.6814488836934798,0.125,0.7777777777777778,0.0
1555,1555,0.923879532511287,0.10215199167621535,0.3687974783038907,0.1875,0.7777777777777778,0.0
1556,1556,1.0000000000000002,1.6345117014819637e-17,5.901047878492851e-17,0.25,0.7777777777777778,0.0
1557,1557,0.923879532511287,-0.10215199167621532,-0.3687974783038906,0.3125,0.7777777777777778,0.0
1558,1558,0.7071067811865477,-0.18875226862983732,-0.6814488836934797,0.375,0.7777777777777778,0.0
1559,1559,0.38268343236509,-0.24661672372814256,-0.89035587389025,0.4375,0.7777777777777778,0.0
1560,1560,1.2246467991473535e-16,-0.2669360182250057,-0.963714253383325,0.5,0.7777777777777778,0.0
1561,1561,-0.3826834323650898,-0.24661672372814258,-0.8903558738902501,0.5625,0.7777777777777778,0.0
1562,1562,-0.7071067811865476,-0.1887522686298374,-0.6814488836934799,0.625,0.7777777777777778,0.0
1563,1563,-0.9238795325112867,-0.10215199167621548,-0.36879747830389115,0.6875,0.7777777777777778,0.0
1564,1564,-1.0000000000000002,-4.903535104445891e-17,-1.7703143635478553e-16,0.75,0.7777777777777778,0.0
1565,1565,-0.9238795325112868,0.10215199167621539,0.36879747830389087,0.8125,0.7777777777777778,0.0
1566,1566,-0.7071067811865478,0.1887522686298373,0.6814488836934796,0.875,0.7777777777777778,0.0
1567,1567,-0.3826834323650905,0.2466167237281425,0.8903558738902497,0.9375,0.7777777777777778,0.0
1568,1568,0.0,0.2669737891613047,0.9637037905398396,0.0,0.8055555555555556,0.0
1569,1569,0.3826834323650897,0.246651619523113,0.890346207483302,0.0625,0.8055555555555556,0.0
1570,1570,0.7071067811865475,0.18877897671502616,0.6814414853459008,0.125,0.8055555555555556,0.0
1571,1571,0.9238795325112866,0.10216644598776191,0.3687934743470334,0.1875,0.8055555555555556,0.0
1572,1572,0.9999999999999999,1.6347429817631608e-17,5.900983812053929e-17,0.25,0.8055555555555556,0.0
1573,1573,0.9238795325112866,-0.10216644598776188,-0.3687934743470333,0.3125,0.8055555555555556,0.0
1574,1574,0.7071067811865475,-0.18877897671502614,-0.6814414853459007,0.375,0.8055555555555556,0.0
1575,1575,0.38268343236508984,-0.246651619523113,-0.890346207483302,0.4375,0.8055555555555556,0.0
1576,1576,1.224646799147353e-16,-0.2669737891613047,-0.9637037905398396,0.5,0.8055555555555556,0.0
1577,1577,-0.3826834323650896,-0.24665161952311304,-0.8903462074833021,0.5625,0.8055555555555556,0.0
1578,1578,-0.7071067811865474,-0.1887789767150262,-0.6814414853459009,0.625,0.8055555555555556,0.0
1579,1579,-0.9238795325112864,-0.10216644598776203,-0.36879347434703386,0.6875,0.8055555555555556,0.0
1580,1580,-0.9999999999999999,-4.904228945289482e-17,-1.7702951436161787e-16,0.75,0.8055555555555556,0.0
1581,1581,-0.9238795325112865,0.10216644598776195,0.3687934743470336,0.8125,0.8055555555555556,0.0
1582,1582,-0.7071067811865476,0.1887789767150261,0.6814414853459005,0.875,0.8055555555555556,0.0
1583,1583,-0.38268343236509034,0.24665161952311296,0.8903462074833017,0.9375,0.8055555555555556,0.0
1584,1584,0.0,0.2670923780220254,0.9636709301429298,0.0,0.8333333333333334,0.0
1585,1585,0.3826834323650898,0.2467611813443167,0.8903158484351669,0.0625,0.8333333333333334,0.0
1586,1586,0.7071067811865476,0.18886283170261497,0.6814182495364134,0.125,0.8333333333333334,0.0
1587,1587,0.9238795325112867,0.10221182798002276,0.3687808992175551,0.1875,0.8333333333333334,0.0
1588,1588,1.0,1.6354691291066413e-17,5.900782600154458e-17,0.25,0.8333333333333334,0.0
1589,1589,0.9238795325112867,-0.10221182798002273,-0.36878089921755497,0.3125,0.8333333333333334,0.0
1590,1590,0.7071067811865476,-0.18886283170261492,-0.6814182495364134,0.375,0.8333333333333334,0.0
1591,1591,0.3826834323650899,-0.2467611813443167,-0.8903158484351669,0.4375,0.8333333333333334,0.0
1592,1592,1.2246467991473532e-16,-0.2670923780220254,-0.9636709301429298,0.5,0.8333333333333334,0.0
1593,1593,-0.38268343236508967,-0.24676118134431674,-0.890315848435167,0.5625,0.8333333333333334,0.0
1594,1594,-0.7071067811865475,-0.188862831702615,-0.6814182495364135,0.625,0.8333333333333334,0.0
1595,1595,-0.9238795325112865,-0.1022118279800229,-0.3687808992175556,0.6875,0.8333333333333334,0.0
1596,1596,-1.0,-4.906407387319924e-17,-1.7702347800463373e-16,0.75,0.8333333333333334,0.0
1597,1597,-0.9238795325112866,0.1022118279800228,0.36878089921755525,0.8125,0.8333333333333334,0.0
1598,1598,-0.7071067811865477,0.1888628317026149,0.6814182495364133,0.875,0.8333333333333334,0.0
1599,1599,-0.3826834323650904,0.24676118134431665,0.8903158484351666,0.9375,0.8333333333333334,0.0
1600,1600,0.0,0.2673183341836624,0.9636082752909876,0.0,0.8611111111111112,0.0
1601,1601,0.3826834323650898,0.24696993761729794,0.8902579628998449,0.0625,0.8611111111111112,0.0
1602,1602,0.7071067811865476,0.18902260683675937,0.6813739458657309,0.125,0.8611111111111112,0.0
1603,1603,0.9238795325112867,0.10229829765952206,0.3687569222437595,0.1875,0.8611111111111112,0.0
1604,1604,1.0,1.6368527115571233e-17,5.900398949835048e-17,0.25,0.8611111111111112,0.0
1605,1605,0.9238795325112867,-0.10229829765952203,-0.3687569222437594,0.3125,0.8611111111111112,0.0
1606,1606,0.7071067811865476,-0.18902260683675934,-0.6813739458657307,0.375,0.8611111111111112,0.0
1607,1607,0.3826834323650899,-0.24696993761729794,-0.8902579628998449,0.4375,0.8611111111111112,0.0
1608,1608,1.2246467991473532e-16,-0.2673183341836624,-0.9636082752909876,0.5,0.8611111111111112,0.0
1609,1609,-0.38268343236508967,-0.246969937617298,-0.890257962899845,0.5625,0.8611111111111112,0.0
1610,1610,-0.7071067811865475,-0.1890226068367594,-0.681373945865731,0.625,0.8611111111111112,0.0
1611,1611,-0.9238795325112865,-0.10229829765952218,-0.36875692224376,0.6875,0.8611111111111112,0.0
1612,1612,-1.0,-4.91055813467137e-17,-1.770119684950514e-16,0.75,0.8611111111111112,0.0
1613,1613,-0.9238795325112866,0.1022982976595221,0.36875692224375967,0.8125,0.8611111111111112,0.0
1614,1614,-0.7071067811865477,0.1890226068367593,0.6813739458657306,0.875,0.8611111111111112,0.0
1615,1615,-0.3826834323650904,0.24696993761729788,0.8902579628998447,0.9375,0.8611111111111112,0.0
1616,1616,0.0,0.26769693809190565,0.963503165192631,0.0,0.8888888888888888,0.0
1617,1617,0.3826834323650898,0.24731972201905267,0.890160853831313,0.0625,0.8888888888888888,0.0
1618,1618,0.7071067811865476,0.1892903202276619,0.6812996218024118,0.125,0.8888888888888888,0.0
1619,1619,0.9238795325112867,0.10244318310263542,0.3687166983505442,0.1875,0.8888888888888888,0.0
1620,1620,1.0,1.6391709918789972e-17,5.899755336107495e-17,0.25,0.8888888888888888,0.0
1621,1621,0.9238795325112867,-0.10244318310263538,-0.3687166983505441,0.3125,0.8888888888888888,0.0
1622,1622,0.7071067811865476,-0.18929032022766187,-0.6812996218024117,0.375,0.8888888888888888,0.0
1623,1623,0.3826834323650899,-0.24731972201905267,-0.890160853831313,0.4375,0.8888888888888888,0.0
1624,1624,1.2246467991473532e-16,-0.26769693809190565,-0.963503165192631,0.5,0.8888888888888888,0.0
1625,1625,-0.38268343236508967,-0.2473197220190527,-0.8901608538313132,0.5625,0.8888888888888888,0.0
1626,1626,-0.7071067811865475,-0.18929032022766193,-0.6812996218024119,0.625,0.8888888888888888,0.0
1627,1627,-0.9238795325112865,-0.10244318310263555,-0.36871669835054466,0.6875,0.8888888888888888,0.0
1628,1628,-1.0,-4.917512975636991e-17,-1.7699266008322486e-16,0.75,0.8888888888888888,0.0
1629,1629,-0.9238795325112866,0.10244318310263546,0.3687166983505444,0.8125,0.8888888888888888,0.0
1630,1630,-0.7071067811865477,0.18929032022766185,0.6812996218024115,0.875,0.8888888888888888,0.0
1631,1631,-0.3826834323650904,0.24731972201905258,0.8901608538313128,0.9375,0.8888888888888888,0.0
1632,1632,0.0,0.2683120485198869,0.9633320531462981,0.0,0.9166666666666666,0.0
1633,1633,0.3826834323650899,0.24788800995369878,0.89000276691394,0.0625,0.9166666666666666,0.0
1634,1634,0.7071067811865477,0.189725268982466,0.681178627314107,0.125,0.9166666666666666,0.0
1635,1635,0.923879532511287,0.10267857567249883,0.3686512166053345,0.1875,0.9166666666666666,0.0
1636,1636,1.0000000000000002,1.642937456962744e-17,5.89870757700831e-17,0.25,0.9166666666666666,0.0
1637,1637,0.923879532511287,-0.1026785756724988,-0.3686512166053344,0.3125,0.9166666666666666,0.0
1638,1638,0.7071067811865477,-0.18972526898246597,-0.6811786273141069,0.375,0.9166666666666666,0.0
1639,1639,0.38268343236509,-0.24788800995369878,-0.89000276691394,0.4375,0.9166666666666666,0.0
1640,1640,1.2246467991473535e-16,-0.2683120485198869,-0.9633320531462981,0.5,0.9166666666666666,0.0
1641,1641,-0.3826834323650898,-0.2478880099536988,-0.89000276691394,0.5625,0.9166666666666666,0.0
1642,1642,-0.7071067811865476,-0.18972526898246603,-0.6811786273141072,0.625,0.9166666666666666,0.0
1643,1643,-0.9238795325112867,-0.10267857567249897,-0.368651216605335,0.6875,0.9166666666666666,0.0
1644,1644,-1.0000000000000002,-4.9288123708882315e-17,-1.7696122731024927e-16,0.75,0.9166666666666666,0.0
1645,1645,-0.9238795325112868,0.10267857567249888,0.3686512166053347,0.8125,0.9166666666666666,0.0
1646,1646,-0.7071067811865478,0.18972526898246592,0.6811786273141068,0.875,0.9166666666666666,0.0
1647,1647,-0.3826834323650905,0.24788800995369872,0.8900027669139398,0.9375,0.9166666666666666,0.0
1648,1648,0.0,0.26934179456177343,0.9630446499006385,0.0,0.9444444444444444,0.0
1649,1649,0.3826834323650899,0.24883937124548228,0.8897372409376978,0.0625,0.9444444444444444,0.0
1650,1650,0.7071067811865477,0.19045340939158398,0.6809754025301661,0.125,0.9444444444444444,0.0
1651,1651,0.923879532511287,0.10307264242227235,0.3685412321448126,0.1875,0.9444444444444444,0.0
1652,1652,1.0000000000000002,1.6492428329333992e-17,5.896947739684001e-17,0.25,0.9444444444444444,0.0
1653,1653,0.923879532511287,-0.10307264242227232,-0.36854123214481255,0.3125,0.9444444444444444,0.0
1654,1654,0.7071067811865477,-0.19045340939158395,-0.680975402530166,0.375,0.9444444444444444,0.0
1655,1655,0.38268343236509,-0.24883937124548228,-0.8897372409376978,0.4375,0.9444444444444444,0.0
1656,1656,1.2246467991473535e-16,-0.26934179456177343,-0.9630446499006385,0.5,0.9444444444444444,0.0
1657,1657,-0.3826834323650898,-0.2488393712454823,-0.8897372409376978,0.5625,0.9444444444444444,0.0
1658,1658,-0.7071067811865476,-0.190453409391584,-0.6809754025301662,0.625,0.9444444444444444,0.0
1659,1659,-0.9238795325112867,-0.10307264242227247,-0.3685412321448131,0.6875,0.9444444444444444,0.0
1660,1660,-1.0000000000000002,-4.947728498800197e-17,-1.7690843219052004e-16,0.75,0.9444444444444444,0.0
1661,1661,-0.9238795325112868,0.10307264242227239,0.36854123214481277,0.8125,0.9444444444444444,0.0
1662,1662,-0.7071067811865478,0.19045340939158392,0.6809754025301659,0.875,0.9444444444444444,0.0
1663,1663,-0.3826834323650905,0.24883937124548222,0.8897372409376976,0.9375,0.9444444444444444,0.0
1664,1664,0.0,0.2712664336787782,0.9625042971120685,0.0,0.9722222222222222,0.0
1665,1665,0.3826834323650898,0.2506175059331536,0.8892380200560025,0.0625,0.9722222222222222,0.0
1666,1666,0.7071067811865476,0.1918143347625549,0.6805933154091353,0.125,0.9722222222222222,0.0
1667,1667,0.9238795325112867,0.10380916992563184,0.3683344480849946,0.1875,0.9722222222222222,0.0
1668,1668,1.0,1.6610278486041674e-17,5.893639033119339e-17,0.25,0.9722222222222222,0.0
1669,1669,0.9238795325112867,-0.1038091699256318,-0.3683344480849945,0.3125,0.9722222222222222,0.0
1670,1670,0.7071067811865476,-0.19181433476255488,-0.6805933154091351,0.375,0.9722222222222222,0.0
1671,1671,0.3826834323650899,-0.2506175059331536,-0.8892380200560025,0.4375,0.9722222222222222,0.0
1672,1672,1.2246467991473532e-16,-0.2712664336787782,-0.9625042971120685,0.5,0.9722222222222222,0.0
1673,1673,-0.38268343236508967,-0.2506175059331536,-0.8892380200560026,0.5625,0.9722222222222222,0.0
1674,1674,-0.7071067811865475,-0.19181433476255494,-0.6805933154091354,0.625,0.9722222222222222,0.0
1675,1675,-0.9238795325112865,-0.10380916992563197,-0.3683344480849951,0.6875,0.9722222222222222,0.0
1676,1676,-1.0,-4.9830835458125015e-17,-1.7680917099358016e-16,0.75,0.9722222222222222,0.0
1677,1677,-0.9238795325112866,0.10380916992563188,0.36833444808499477,0.8125,0.9722222222222222,0.0
1678,1678,-0.7071067811865477,0.19181433476255486,0.680593315409135,0.875,0.9722222222222222,0.0
1679,1679,-0.3826834323650904,0.25061750593315346,0.8892380200560023,0.9375,0.9722222222222222,0.0
1680,1680,0.0,0.2725413804422416,0.9621440619505154,0.0,1.0,0.0
1681,1681,0.3826834323650897,0.2517954031529589,0.8889052061633527,0.0625,1.0,0.0
1682,1682,0.7071067811865475,0.19271585826465173,0.6803385906835792,0.125,1.0,0.0
1683,1683,0.9238795325112866,0.10429707092915677,0.36819659205691285,0.1875,1.0,0.0
1684,1684,0.9999999999999999,1.668834645968961e-17,5.891433228931656e-17,0.25,1.0,0.0
1685,1685,0.9238795325112866,-0.10429707092915674,-0.36819659205691274,0.3125,1.0,0.0
1686,1686,0.7071067811865475,-0.1927158582646517,-0.680338590683579,0.375,1.0,0.0
1687,1687,0.38268343236508984,-0.2517954031529589,-0.8889052061633527,0.4375,1.0,0.0
1688,1688,1.224646799147353e-16,-0.2725413804422416,-0.9621440619505154,0.5,1.0,0.0
1689,1689,-0.3826834323650896,-0.25179540315295895,-0.8889052061633528,0.5625,1.0,0.0
1690,1690,-0.7071067811865474,-0.19271585826465176,-0.6803385906835793,0.625,1.0,0.0
1691,1691,-0.9238795325112864,-0.10429707092915691,-0.36819659205691335,0.6875,1.0,0.0
1692,1692,-0.9999999999999999,-5.0065039379068826e-17,-1.767429968679497e-16,0.75,1.0,0.0
1693,1693,-0.9238795325112865,0.10429707092915681,0.368196592056913,0.8125,1.0,0.0
1694,1694,-0.7071067811865476,0.19271585826465168,0.6803385906835789,0.875,1.0,0.0
1695,1695,-0.38268343236509034,0.25179540315295884,0.8889052061633524,0.9375,1.0,0.0
1696,1696,0.0,-0.9621440619505153,0.2725413804422423,0.5,0.0,0.0
1697,1697,0.0,-0.9183389975106415,0.39579475192472,0.0,0.049999999999999996,0.0
1698,1698,0.04995021125231491,-0.9210468909300955,0.38623516295626825,0.0625,0.049999999999999996,0.0
1699,1699,0.09229595564125725,-0.9287583189624593,0.35901175681346975,0.125,0.049999999999999996,0.0
1700,1700,0.12059047744873963,-0.940299286594076,0.31826905030077435,0.1875,0.049999999999999996,0.0
1701,1701,0.13052619222005157,-0.9539127861221637,0.27020975115118584,0.25,0.049999999999999996,0.0
1702,1702,0.12059047744873963,-0.9675262856502513,0.22215045200159733,0.3125,0.049999999999999996,0.0
1703,1703,0.09229595564125725,-0.979067253281868,0.18140774548890198,0.375,0.049999999999999996,0.0
1704,1704,0.04995021125231491,-0.9867786813142319,0.15418433934610348,0.4375,0.049999999999999996,0.0
1705,1705,0.0,-0.9894865747336858,0.14462475037765166,0.5,0.049999999999999996,0.0
1706,1706,-0.04995021125231469,-0.9867786813142319,0.15418433934610343,0.5625,0.049999999999999996,0.0
1707,1707,-0.09229595564125725,-0.979067253281868,0.18140774548890198,0.625,0.049999999999999996,0.0
1708,1708,-0.12059047744873963,-0.9675262856502513,0.22215045200159722,0.6875,0.049999999999999996,0.0
1709,1709,-0.13052619222005157,-0.9539127861221637,0.27020975115118584,0.75,0.049999999999999996,0.0
1710,1710,-0.12059047744873963,-0.940299286594076,0.31826905030077435,0.8125,0.049999999999999996,0.0
1711,1711,-0.09229595564125725,-0.9287583189624593,0.35901175681346964,0.875,0.049999999999999996,0.0
1712,1712,-0.04995021125231469,-0.9210468909300955,0.38623516295626814,0.9375,0.049999999999999996,0.0
1713,1713,0.0,-0.8588208982116887,0.5122759654667293,0.0,0.09999999999999999,0.0
1714,1714,0.09904576054128755,-0.8641903522434191,0.4933203547474946,0.0625,0.09999999999999999,0.0
1715,1715,0.1830127018922194,-0.8794812636365021,0.43933934248875495,0.125,0.09999999999999999,0.0
1716,1716,0.23911761839433443,-0.9023657297437984,0.35855104846780883,0.1875,0.09999999999999999,0.0
1717,1717,0.25881904510252074,-0.9293597980486723,0.26325475810163623,0.25,0.09999999999999999,0.0
1718,1718,0.23911761839433443,-0.9563538663535462,0.1679584677354637,0.3125,0.09999999999999999,0.0
1719,1719,0.1830127018922194,-0.9792383324608425,0.08717017371451752,0.375,0.09999999999999999,0.0
1720,1720,0.09904576054128755,-0.9945292438539255,0.03318916145577788,0.4375,0.09999999999999999,0.0
1721,1721,0.0,-0.9998986978856559,0.014233550736543227,0.5,0.09999999999999999,0.0
1722,1722,-0.09904576054128755,-0.9945292438539255,0.03318916145577788,0.5625,0.09999999999999999,0.0
1723,1723,-0.1830127018922192,-0.9792383324608425,0.08717017371451752,0.625,0.09999999999999999,0.0
1724,1724,-0.23911761839433465,-0.9563538663535462,0.16795846773546352,0.6875,0.09999999999999999,0.0
1725,1725,-0.25881904510252074,-0.9293597980486723,0.2632547581016362,0.75,0.09999999999999999,0.0
1726,1726,-0.23911761839433465,-0.9023657297437984,0.35855104846780883,0.8125,0.09999999999999999,0.0
1727,1727,-0.1830127018922192,-0.8794812636365021,0.43933934248875495,0.875,0.09999999999999999,0.0
1728,1728,-0.099045760541288,-0.8641903522434191,0.49332035474749447,0.9375,0.09999999999999999,0.0
1729,1729,0.0,-0.7846081352341958,0.6199919952098724,0.0,0.15,0.0
1730,1730,0.14644660940672627,-0.7925472770310265,0.5919646984947492,0.0625,0.15,0.0
1731,1731,0.27059805007309845,-0.815156040051451,0.5121497102061795,0.125,0.15,0.0
1732,1732,0.35355339059327373,-0.8489924450745576,0.3926981387864278,0.1875,0.15,0.0
1733,1733,0.38268343236508984,-0.8889052061633524,0.25179540315295956,0.25,0.15,0.0
1734,1734,0.35355339059327373,-0.9288179672521473,0.11089266751949145,0.3125,0.15,0.0
1735,1735,0.27059805007309845,-0.9626543722752539,-0.008558903900260373,0.375,0.15,0.0
1736,1736,0.14644660940672627,-0.9852631352956784,-0.08837389218883007,0.4375,0.15,0.0
1737,1737,0.0,-0.9932022770925091,-0.11640118890395329,0.5,0.15,0.0
1738,1738,-0.14644660940672605,-0.9852631352956784,-0.08837389218883007,0.5625,0.15,0.0
1739,1739,-0.27059805007309823,-0.9626543722752539,-0.008558903900260484,0.625,0.15,0.0
1740,1740,-0.3535533905932735,-0.9288179672521473,0.11089266751949123,0.6875,0.15,0.0
1741,1741,-0.3826834323650896,-0.8889052061633524,0.2517954031529595,0.75,0.15,0.0
1742,1742,-0.35355339059327395,-0.8489924450745576,0.3926981387864278,0.8125,0.15,0.0
1743,1743,-0.2705980500730987,-0.815156040051451,0.5121497102061795,0.875,0.15,0.0
1744,1744,-0.1464466094067265,-0.7925472770310265,0.5919646984947491,0.9375,0.15,0.0
1745,1745,0.0,-0.6969705095283745,0.7170997900207189,0.0,0.19999999999999998,0.0
1746,1746,0.1913417161825448,-0.7073434981730156,0.6804803621271375,0.0625,0.19999999999999998,0.0
1747,1747,0.35355339059327373,-0.7368832706171693,0.5761970543872508,0.125,0.19999999999999998,0.0
1748,1748,0.46193976625564326,-0.781092664284917,0.42012605507391765,0.1875,0.19999999999999998,0.0
1749,1749,0.5,-0.8332411997494953,0.23602775904546125,0.25,0.19999999999999998,0.0
1750,1750,0.46193976625564326,-0.8853897352140736,0.05192946301700485,0.3125,0.19999999999999998,0.0
1751,1751,0.35355339059327373,-0.9295991288818213,-0.10414153629632833,0.375,0.19999999999999998,0.0
1752,1752,0.1913417161825448,-0.959138901325975,-0.20842484403621514,0.4375,0.19999999999999998,0.0
1753,1753,0.0,-0.9695118899706161,-0.2450442719297965,0.5,0.19999999999999998,0.0
1754,1754,-0.1913417161825448,-0.959138901325975,-0.2084248440362152,0.5625,0.19999999999999998,0.0
1755,1755,-0.3535533905932735,-0.9295991288818213,-0.10414153629632844,0.625,0.19999999999999998,0.0
1756,1756,-0.46193976625564304,-0.8853897352140736,0.05192946301700452,0.6875,0.19999999999999998,0.0
1757,1757,-0.5,-0.8332411997494953,0.23602775904546108,0.75,0.19999999999999998,0.0
1758,1758,-0.46193976625564304,-0.781092664284917,0.42012605507391776,0.8125,0.19999999999999998,0.0
1759,1759,-0.35355339059327395,-0.7368832706171693,0.5761970543872507,0.875,0.19999999999999998,0.0
1760,1760,-0.19134171618254525,-0.7073434981730156,0.6804803621271375,0.9375,0.19999999999999998,0.0
1761,1761,0.0,-0.5974075251677897,0.8019378086066881,0.0,0.25,0.0
1762,1762,0.2329629131445341,-0.6100368759485963,0.7573528180987313,0.0625,0.25,0.0
1763,1763,0.43045933457687946,-0.6460022241199868,0.6303855072157519,0.125,0.25,0.0
1764,1764,0.5624222244434798,-0.6998281714495604,0.4403654980781445,0.1875,0.25,0.0
1765,1765,0.6087614290087207,-0.7633202053898183,0.21622161454143723,0.25,0.25,0.0
1766,1766,0.5624222244434798,-0.8268122393300752,-0.007922268995270015,0.3125,0.25,0.0
1767,1767,0.43045933457687946,-0.8806381866596498,-0.19794227813287757,0.375,0.25,0.0
1768,1768,0.23296291314453432,-0.9166035348310402,-0.324909589015857,0.4375,0.25,0.0
1769,1769,0.0,-0.9292328856118468,-0.3694945795238137,0.5,0.25,0.0
1770,1770,-0.23296291314453388,-0.9166035348310402,-0.324909589015857,0.5625,0.25,0.0
1771,1771,-0.43045933457687946,-0.8806381866596498,-0.19794227813287768,0.625,0.25,0.0
1772,1772,-0.5624222244434796,-0.8268122393300761,-0.007922268995270404,0.6875,0.25,0.0
1773,1773,-0.6087614290087204,-0.7633202053898183,0.21622161454143707,0.75,0.25,0.0
1774,1774,-0.5624222244434796,-0.6998281714495604,0.4403654980781445,0.8125,0.25,0.0
1775,1775,-0.43045933457687946,-0.6460022241199868,0.6303855072157519,0.875,0.25,0.0
1776,1776,-0.23296291314453477,-0.6100368759485963,0.7573528180987311,0.9375,0.25,0.0
1777,1777,0.0,-0.4876227324189273,0.8730544489482314,0.0,0.3,0.0
1778,1778,0.27059805007309845,-0.5022923536425212,0.8212667573747848,0.0625,0.3,0.0
1779,1779,0.5,-0.5440679004624585,0.67378788923991,0.125,0.3,0.0
1780,1780,0.6532814824381883,-0.6065894245716779,0.45307016531787225,0.1875,0.3,0.0
1781,1781,0.7071067811865475,-0.6803385906835793,0.19271585826465226,0.25,0.3,0.0
1782,1782,0.6532814824381883,-0.7540877567954807,-0.06763844878856773,0.3125,0.3,0.0
1783,1783,0.5,-0.8166092809047001,-0.2883561727106055,0.375,0.3,0.0
1784,1784,0.2705980500730987,-0.8583848277246373,-0.4358350408454805,0.4375,0.3,0.0
1785,1785,0.0,-0.8730544489482313,-0.48762273241892695,0.5,0.3,0.0
1786,1786,-0.27059805007309823,-0.8583848277246373,-0.43583504084548064,0.5625,0.3,0.0
1787,1787,-0.5,-0.8166092809047001,-0.28835617271060565,0.625,0.3,0.0
1788,1788,-0.6532814824381878,-0.7540877567954807,-0.06763844878856812,0.6875,0.3,0.0
1789,1789,-0.7071067811865475,-0.6803385906835793,0.1927158582646521,0.75,0.3,0.0
1790,1790,-0.6532814824381883,-0.6065894245716779,0.45307016531787225,0.8125,0.3,0.0
1791,1791,-0.5,-0.5440679004624585,0.6737878892399097,0.875,0.3,0.0
1792,1792,-0.2705980500730991,-0.5022923536425212,0.8212667573747848,0.9375,0.3,0.0
1793,1793,0.0,-0.36949457952381426,0.9292328856118474,0.0,0.3499999999999999,0.0
1794,1794,0.3036031793409588,-0.3859534699038729,0.8711285947339936,0.0625,0.3499999999999999,0.0
1795,1795,0.560985526796931,-0.432824424183897,0.7056615736698778,0.125,0.3499999999999999,0.0
1796,1796,0.7329629131445339,-0.5029717644610123,0.4580226764142299,0.1875,0.3499999999999999,0.0
1797,1797,0.7933533402912349,-0.5857161940652507,0.16591268022202887,0.25,0.3499999999999999,0.0
1798,1798,0.7329629131445339,-0.668460623669489,-0.1261973159701722,0.3125,0.3499999999999999,0.0
1799,1799,0.560985526796931,-0.7386079639466043,-0.37383621322582,0.375,0.3499999999999999,0.0
1800,1800,0.30360317934095904,-0.7854789182266284,-0.539303234289936,0.4375,0.3499999999999999,0.0
1801,1801,0.0,-0.8019378086066871,-0.5974075251677897,0.5,0.3499999999999999,0.0
1802,1802,-0.3036031793409588,-0.7854789182266284,-0.5393032342899362,0.5625,0.3499999999999999,0.0
1803,1803,-0.560985526796931,-0.7386079639466043,-0.3738362132258202,0.625,0.3499999999999999,0.0
1804,1804,-0.7329629131445339,-0.668460623669489,-0.12619731597017264,0.6875,0.3499999999999999,0.0
1805,1805,-0.7933533402912349,-0.5857161940652507,0.16591268022202865,0.75,0.3499999999999999,0.0
1806,1806,-0.7329629131445339,-0.5029717644610123,0.45802267641423,0.8125,0.3499999999999999,0.0
1807,1807,-0.560985526796931,-0.432824424183897,0.7056615736698776,0.875,0.3499999999999999,0.0
1808,1808,-0.30360317934095926,-0.3859534699038729,0.8711285947339936,0.9375,0.3499999999999999,0.0
1809,1809,0.0,-0.24504427192979694,0.9695118899706162,0.0,0.39999999999999997,0.0
1810,1810,0.3314135740355919,-0.26301081528865033,0.9060851803148285,0.0625,0.39999999999999997,0.0
1811,1811,0.6123724356957945,-0.3141752020059476,0.7254611929280037,0.125,0.39999999999999997,0.0
1812,1812,0.8001031451912655,-0.3907481180102996,0.4551382925292634,0.1875,0.39999999999999997,0.0
1813,1813,0.8660254037844386,-0.4810720309752572,0.1362706902211212,0.25,0.39999999999999997,0.0
1814,1814,0.8001031451912655,-0.5713959439402148,-0.18259691208702095,0.3125,0.39999999999999997,0.0
1815,1815,0.6123724356957945,-0.6479688599445668,-0.4529198124857614,0.375,0.39999999999999997,0.0
1816,1816,0.3314135740355919,-0.699133246661864,-0.6335437998725861,0.4375,0.39999999999999997,0.0
1817,1817,0.0,-0.7170997900207174,-0.6969705095283739,0.5,0.39999999999999997,0.0
1818,1818,-0.3314135740355919,-0.699133246661864,-0.6335437998725861,0.5625,0.39999999999999997,0.0
1819,1819,-0.6123724356957947,-0.6479688599445668,-0.4529198124857615,0.625,0.39999999999999997,0.0
1820,1820,-0.8001031451912652,-0.5713959439402148,-0.1825969120870215,0.6875,0.39999999999999997,0.0
1821,1821,-0.8660254037844384,-0.4810720309752572,0.13627069022112098,0.75,0.39999999999999997,0.0
1822,1822,-0.8001031451912652,-0.3907481180102996,0.4551382925292635,0.8125,0.39999999999999997,0.0
1823,1823,-0.6123724356957947,-0.3141752020059476,0.7254611929280036,0.875,0.39999999999999997,0.0
1824,1824,-0.33141357403559235,-0.26301081528865033,0.9060851803148281,0.9375,0.39999999999999997,0.0
1825,1825,0.0,-0.11640118890395446,0.9932022770925096,0.0,0.44999999999999996,0.0
1826,1826,0.35355339059327373,-0.1355679727034662,0.9255383972462042,0.0625,0.44999999999999996,0.0
1827,1827,0.6532814824381883,-0.19015035501585498,0.7328479700392898,0.125,0.44999999999999996,0.0
1828,1828,0.8535533905932737,-0.271838662924587,0.4444663662709466,0.1875,0.44999999999999996,0.0
1829,1829,0.9238795325112867,-0.368196592056913,0.10429707092915702,0.25,0.44999999999999996,0.0
1830,1830,0.8535533905932737,-0.464554521189239,-0.23587222441263256,0.3125,0.44999999999999996,0.0
1831,1831,0.6532814824381883,-0.5462428290979711,-0.5242538281809758,0.375,0.44999999999999996,0.0
1832,1832,0.35355339059327395,-0.6008252114103598,-0.7169442553878903,0.4375,0.44999999999999996,0.0
1833,1833,2.220446049250313e-16,-0.6199919952098716,-0.7846081352341958,0.5,0.44999999999999996,0.0
1834,1834,-0.3535533905932735,-0.6008252114103598,-0.7169442553878904,0.5625,0.44999999999999996,0.0
1835,1835,-0.6532814824381883,-0.5462428290979711,-0.524253828180976,0.625,0.44999999999999996,0.0
1836,1836,-0.8535533905932735,-0.464554521189239,-0.2358722244126331,0.6875,0.44999999999999996,0.0
1837,1837,-0.923879532511287,-0.368196592056913,0.1042970709291568,0.75,0.44999999999999996,0.0
1838,1838,-0.8535533905932735,-0.271838662924587,0.4444663662709468,0.8125,0.44999999999999996,0.0
1839,1839,-0.6532814824381883,-0.19015035501585498,0.7328479700392896,0.875,0.44999999999999996,0.0
1840,1840,-0.3535533905932744,-0.1355679727034662,0.925538397246204,0.9375,0.44999999999999996,0.0
1841,1841,0.0,0.014233550736542533,0.999898697885656,0.0,0.5,0.0
1842,1842,0.369643810614386,-0.005805524518781802,0.9291553955929751,0.0625,0.5,0.0
1843,1843,0.6830127018922192,-0.06287198273180206,0.7276955151993604,0.125,0.5,0.0
1844,1844,0.8923991008325227,-0.14827797294831768,0.42618949725637645,0.1875,0.5,0.0
1845,1845,0.9659258262890682,-0.24902120736509303,0.07053889983698397,0.25,0.5,0.0
1846,1846,0.8923991008325227,-0.3497644417818684,-0.2851116975824085,0.3125,0.5,0.0
1847,1847,0.6830127018922192,-0.435170431998384,-0.5866177155253924,0.375,0.5,0.0
1848,1848,0.3696438106143862,-0.49223689021140427,-0.7880775959190072,0.4375,0.5,0.0
1849,1849,2.220446049250313e-16,-0.5122759654667286,-0.8588208982116882,0.5,0.5,0.0
1850,1850,-0.3696438106143858,-0.49223689021140427,-0.7880775959190073,0.5625,0.5,0.0
1851,1851,-0.6830127018922192,-0.435170431998384,-0.5866177155253927,0.625,0.5,0.0
1852,1852,-0.8923991008325225,-0.3497644417818684,-0.2851116975824091,0.6875,0.5,0.0
1853,1853,-0.9659258262890682,-0.24902120736509303,0.07053889983698375,0.75,0.5,0.0
1854,1854,-0.8923991008325225,-0.14827797294831768,0.42618949725637656,0.8125,0.5,0.0
1855,1855,-0.6830127018922196,-0.06287198273180206,0.7276955151993602,0.875,0.5,0.0
1856,1856,-0.36964381061438667,-0.005805524518781802,0.9291553955929747,0.9375,0.5,0.0
1857,1857,0.0,0.144624750377651,0.989486574733686,0.0,0.5499999999999999,0.0
1858,1858,0.37940952255126037,0.12405625780001373,0.9168742875106058,0.0625,0.5499999999999999,0.0
1859,1859,0.7010573846499777,0.06548214660819873,0.710091988339057,0.125,0.5499999999999999,0.0
1860,1860,0.9159756150367533,-0.02218020574448154,0.4006204077816976,0.1875,0.5499999999999999,0.0
1861,1861,0.9914448613738103,-0.12558500077353418,0.03557378861152233,0.25,0.5499999999999999,0.0
1862,1862,0.9159756150367533,-0.22898979580258683,-0.329472830558653,0.3125,0.5499999999999999,0.0
1863,1863,0.7010573846499777,-0.3166521481552671,-0.6389444111160123,0.375,0.5499999999999999,0.0
1864,1864,0.37940952255126037,-0.3752262593470821,-0.8457267102875613,0.4375,0.5499999999999999,0.0
1865,1865,2.220446049250313e-16,-0.39579475192471936,-0.9183389975106413,0.5,0.5499999999999999,0.0
1866,1866,-0.37940952255126037,-0.3752262593470821,-0.8457267102875614,0.5625,0.5499999999999999,0.0
1867,1867,-0.7010573846499777,-0.3166521481552671,-0.6389444111160125,0.625,0.5499999999999999,0.0
1868,1868,-0.9159756150367531,-0.22898979580258683,-0.3294728305586536,0.6875,0.5499999999999999,0.0
1869,1869,-0.99144486137381,-0.12558500077353418,0.035573788611522106,0.75,0.5499999999999999,0.0
1870,1870,-0.9159756150367531,-0.02218020574448154,0.40062040778169783,0.8125,0.5499999999999999,0.0
1871,1871,-0.7010573846499781,0.06548214660819873,0.7100919883390567,0.875,0.5499999999999999,0.0
1872,1872,-0.3794095225512608,0.12405625780001373,0.9168742875106056,0.9375,0.5499999999999999,0.0
1873,1873,0.0,0.27254138044224163,0.9621440619505154,0.0,0.6,0.0
1874,1874,0.3826834323650896,0.25179540315295856,0.8889052061633526,0.0625,0.6,0.0
1875,1875,0.7071067811865475,0.19271585826465198,0.6803385906835792,0.125,0.6,0.0
1876,1876,0.9238795325112865,0.10429707092915663,0.3681965920569128,0.1875,0.6,0.0
1877,1877,1.0,0.0,0.0,0.25,0.6,0.0
1878,1878,0.9238795325112865,-0.10429707092915663,-0.3681965920569128,0.3125,0.6,0.0
1879,1879,0.7071067811865475,-0.19271585826465198,-0.680338590683579,0.375,0.6,0.0
1880,1880,0.38268343236508984,-0.25179540315295856,-0.8889052061633528,0.4375,0.6,0.0
1881,1881,2.220446049250313e-16,-0.27254138044224163,-0.9621440619505154,0.5,0.6,0.0
1882,1882,-0.3826834323650896,-0.25179540315295856,-0.8889052061633528,0.5625,0.6,0.0
1883,1883,-0.7071067811865475,-0.19271585826465198,-0.6803385906835793,0.625,0.6,0.0
1884,1884,-0.9238795325112865,-0.10429707092915663,-0.3681965920569134,0.6875,0.6,0.0
1885,1885,-1.0,0.0,-2.220446049250313e-16,0.75,0.6,0.0
1886,1886,-0.9238795325112865,0.10429707092915663,0.3681965920569129,0.8125,0.6,0.0
1887,1887,-0.7071067811865475,0.19271585826465198,0.6803385906835789,0.875,0.6,0.0
1888,1888,-0.3826834323650905,0.25179540315295856,0.8889052061633523,0.9375,0.6,0.0
1889,1889,0.0,0.39579475192471936,0.9183389975106412,0.0,0.6499999999999999,0.0
1890,1890,0.37940952255126037,0.3752262593470821,0.8457267102875613,0.0625,0.6499999999999999,0.0
1891,1891,0.7010573846499777,0.3166521481552671,0.6389444111160123,0.125,0.6499999999999999,0.0
1892,1892,0.9159756150367533,0.22898979580258683,0.32947283055865306,0.1875,0.6499999999999999,0.0
1893,1893,0.9914448613738103,0.12558500077353418,-0.03557378861152233,0.25,0.6499999999999999,0.0
1894,1894,0.9159756150367533,0.02218020574448154,-0.40062040778169766,0.3125,0.6499999999999999,0.0
1895,1895,0.7010573846499777,-0.06548214660819873,-0.710091988339057,0.375,0.6499999999999999,0.0
1896,1896,0.37940952255126037,-0.12405625780001373,-0.916874287510606,0.4375,0.6499999999999999,0.0
1897,1897,2.220446049250313e-16,-0.144624750377651,-0.989486574733686,0.5,0.6499999999999999,0.0
1898,1898,-0.37940952255126037,-0.12405625780001373,-0.9168742875106061,0.5625,0.6499999999999999,0.0
1899,1899,-0.7010573846499777,-0.06548214660819873,-0.7100919883390572,0.625,0.6499999999999999,0.0
1900,1900,-0.9159756150367531,0.02218020574448154,-0.4006204077816983,0.6875,0.6499999999999999,0.0
1901,1901,-0.99144486137381,0.12558500077353418,-0.03557378861152255,0.75,0.6499999999999999,0.0
1902,1902,-0.9159756150367531,0.22898979580258683,0.3294728305586532,0.8125,0.6499999999999999,0.0
1903,1903,-0.7010573846499781,0.3166521481552671,0.6389444111160121,0.875,0.6499999999999999,0.0
1904,1904,-0.3794095225512608,0.3752262593470821,0.8457267102875609,0.9375,0.6499999999999999,0.0
1905,1905,0.0,0.5122759654667286,0.8588208982116882,0.0,0.6999999999999998,0.0
1906,1906,0.369643810614386,0.49223689021140427,0.7880775959190071,0.0625,0.6999999999999998,0.0
1907,1907,0.6830127018922192,0.435170431998384,0.5866177155253924,0.125,0.6999999999999998,0.0
1908,1908,0.8923991008325227,0.3497644417818684,0.2851116975824085,0.1875,0.6999999999999998,0.0
1909,1909,0.9659258262890682,0.24902120736509303,-0.07053889983698394,0.25,0.6999999999999998,0.0
1910,1910,0.8923991008325227,0.14827797294831768,-0.42618949725637645,0.3125,0.6999999999999998,0.0
1911,1911,0.6830127018922192,0.06287198273180206,-0.7276955151993604,0.375,0.6999999999999998,0.0
1912,1912,0.3696438106143862,0.005805524518781802,-0.9291553955929751,0.4375,0.6999999999999998,0.0
1913,1913,2.220446049250313e-16,-0.014233550736542533,-0.9998986978856561,0.5,0.6999999999999998,0.0
1914,1914,-0.3696438106143858,0.005805524518781802,-0.9291553955929752,0.5625,0.6999999999999998,0.0
1915,1915,-0.6830127018922192,0.06287198273180206,-0.7276955151993606,0.625,0.6999999999999998,0.0
1916,1916,-0.8923991008325225,0.14827797294831768,-0.426189497256377,0.6875,0.6999999999999998,0.0
1917,1917,-0.9659258262890682,0.24902120736509303,-0.07053889983698416,0.75,0.6999999999999998,0.0
1918,1918,-0.8923991008325225,0.3497644417818684,0.28511169758240873,0.8125,0.6999999999999998,0.0
1919,1919,-0.6830127018922196,0.435170431998384,0.5866177155253922,0.875,0.6999999999999998,0.0
1920,1920,-0.36964381061438667,0.49223689021140427,0.7880775959190068,0.9375,0.6999999999999998,0.0
1921,1921,0.0,0.6199919952098716,0.7846081352341957,0.0,0.7499999999999999,0.0
1922,1922,0.35355339059327373,0.6008252114103598,0.7169442553878902,0.0625,0.7499999999999999,0.0
1923,1923,0.6532814824381883,0.5462428290979711,0.5242538281809757,0.125,0.7499999999999999,0.0
1924,1924,0.8535533905932735,0.464554521189239,0.2358722244126325,0.1875,0.7499999999999999,0.0
1925,1925,0.9238795325112865,0.368196592056913,-0.10429707092915701,0.25,0.7499999999999999,0.0
1926,1926,0.8535533905932735,0.271838662924587,-0.44446636627094654,0.3125,0.7499999999999999,0.0
1927,1927,0.6532814824381883,0.19015035501585498,-0.7328479700392897,0.375,0.7499999999999999,0.0
1928,1928,0.35355339059327395,0.1355679727034662,-0.9255383972462043,0.4375,0.7499999999999999,0.0
1929,1929,2.220446049250313e-16,0.11640118890395446,-0.9932022770925097,0.5,0.7499999999999999,0.0
1930,1930,-0.3535533905932735,0.1355679727034662,-0.9255383972462043,0.5625,0.7499999999999999,0.0
1931,1931,-0.6532814824381878,0.19015035501585498,-0.7328479700392899,0.625,0.7499999999999999,0.0
1932,1932,-0.8535533905932735,0.271838662924587,-0.44446636627094716,0.6875,0.7499999999999999,0.0
1933,1933,-0.9238795325112865,0.368196592056913,-0.10429707092915723,0.75,0.7499999999999999,0.0
1934,1934,-0.8535533905932735,0.464554521189239,0.23587222441263267,0.8125,0.7499999999999999,0.0
1935,1935,-0.6532814824381883,0.5462428290979711,0.5242538281809755,0.875,0.7499999999999999,0.0
1936,1936,-0.3535533905932744,0.6008252114103598,0.71694425538789,0.9375,0.7499999999999999,0.0
1937,1937,0.0,0.7170997900207183,0.6969705095283737,0.0,0.7999999999999999,0.0
1938,1938,0.3314135740355917,0.6991332466618649,0.633543799872586,0.0625,0.7999999999999999,0.0
1939,1939,0.6123724356957945,0.6479688599445677,0.4529198124857613,0.125,0.7999999999999999,0.0
1940,1940,0.8001031451912652,0.5713959439402156,0.18259691208702095,0.1875,0.7999999999999999,0.0
1941,1941,0.8660254037844384,0.4810720309752581,-0.13627069022112115,0.25,0.7999999999999999,0.0
1942,1942,0.8001031451912652,0.3907481180103005,-0.4551382925292633,0.3125,0.7999999999999999,0.0
1943,1943,0.6123724356957945,0.3141752020059485,-0.7254611929280037,0.375,0.7999999999999999,0.0
1944,1944,0.3314135740355919,0.2630108152886512,-0.9060851803148283,0.4375,0.7999999999999999,0.0
1945,1945,0.0,0.24504427192979783,-0.9695118899706162,0.5,0.7999999999999999,0.0
1946,1946,-0.33141357403559146,0.2630108152886512,-0.9060851803148285,0.5625,0.7999999999999999,0.0
1947,1947,-0.6123724356957942,0.3141752020059485,-0.7254611929280039,0.625,0.7999999999999999,0.0
1948,1948,-0.8001031451912652,0.3907481180103005,-0.4551382925292638,0.6875,0.7999999999999999,0.0
1949,1949,-0.8660254037844384,0.4810720309752581,-0.13627069022112137,0.75,0.7999999999999999,0.0
1950,1950,-0.8001031451912652,0.5713959439402156,0.1825969120870211,0.8125,0.7999999999999999,0.0
1951,1951,-0.6123724356957947,0.6479688599445677,0.4529198124857611,0.875,0.7999999999999999,0.0
1952,1952,-0.33141357403559235,0.6991332466618649,0.6335437998725858,0.9375,0.7999999999999999,0.0
1953,1953,0.0,0.8019378086066871,0.5974075251677896,0.0,0.8499999999999999,0.0
1954,1954,0.3036031793409588,0.7854789182266284,0.5393032342899361,0.0625,0.8499999999999999,0.0
1955,1955,0.560985526796931,0.7386079639466043,0.37383621322582006,0.125,0.8499999999999999,0.0
1956,1956,0.7329629131445339,0.668460623669489,0.12619731597017225,0.1875,0.8499999999999999,0.0
1957,1957,0.7933533402912349,0.5857161940652507,-0.16591268022202876,0.25,0.8499999999999999,0.0
1958,1958,0.7329629131445339,0.5029717644610123,-0.45802267641422983,0.3125,0.8499999999999999,0.0
1959,1959,0.560985526796931,0.432824424183897,-0.7056615736698777,0.375,0.8499999999999999,0.0
1960,1960,0.30360317934095904,0.3859534699038729,-0.8711285947339936,0.4375,0.8499999999999999,0.0
1961,1961,0.0,0.36949457952381426,-0.9292328856118474,0.5,0.8499999999999999,0.0
1962,1962,-0.3036031793409588,0.3859534699038729,-0.8711285947339938,0.5625,0.8499999999999999,0.0
1963,1963,-0.560985526796931,0.432824424183897,-0.7056615736698779,0.625,0.8499999999999999,0.0
1964,1964,-0.7329629131445339,0.5029717644610123,-0.4580226764142303,0.6875,0.8499999999999999,0.0
1965,1965,-0.7933533402912349,0.5857161940652507,-0.16591268022202896,0.75,0.8499999999999999,0.0
1966,1966,-0.7329629131445339,0.668460623669489,0.12619731597017236,0.8125,0.8499999999999999,0.0
1967,1967,-0.560985526796931,0.7386079639466043,0.37383621322581984,0.875,0.8499999999999999,0.0
1968,1968,-0.30360317934095926,0.7854789182266284,0.5393032342899359,0.9375,0.8499999999999999,0.0
1969,1969,0.0,0.8730544489482308,0.4876227324189265,0.0,0.8999999999999999,0.0
1970,1970,0.27059805007309823,0.8583848277246369,0.4358350408454802,0.0625,0.8999999999999999,0.0
1971,1971,0.4999999999999998,0.8166092809047001,0.2883561727106052,0.125,0.8999999999999999,0.0
1972,1972,0.6532814824381878,0.7540877567954807,0.06763844878856762,0.1875,0.8999999999999999,0.0
1973,1973,0.707106781186547,0.6803385906835793,-0.19271585826465226,0.25,0.8999999999999999,0.0
1974,1974,0.6532814824381878,0.6065894245716779,-0.45307016531787203,0.3125,0.8999999999999999,0.0
1975,1975,0.4999999999999998,0.5440679004624585,-0.6737878892399097,0.375,0.8999999999999999,0.0
1976,1976,0.27059805007309845,0.5022923536425212,-0.8212667573747848,0.4375,0.8999999999999999,0.0
1977,1977,0.0,0.4876227324189273,-0.8730544489482311,0.5,0.8999999999999999,0.0
1978,1978,-0.27059805007309823,0.5022923536425212,-0.8212667573747848,0.5625,0.8999999999999999,0.0
1979,1979,-0.49999999999999956,0.5440679004624585,-0.67378788923991,0.625,0.8999999999999999,0.0
1980,1980,-0.6532814824381878,0.6065894245716779,-0.4530701653178725,0.6875,0.8999999999999999,0.0
1981,1981,-0.707106781186547,0.6803385906835793,-0.19271585826465243,0.75,0.8999999999999999,0.0
1982,1982,-0.6532814824381878,0.7540877567954807,0.06763844878856773,0.8125,0.8999999999999999,0.0
1983,1983,-0.5,0.8166092809047001,0.2883561727106051,0.875,0.8999999999999999,0.0
1984,1984,-0.2705980500730987,0.8583848277246369,0.43583504084547997,0.9375,0.8999999999999999,0.0
1985,1985,0.0,0.9292328856118468,0.36949457952381326,0.0,0.9499999999999998,0.0
1986,1986,0.2329629131445341,0.9166035348310402,0.32490958901585654,0.0625,0.9499999999999998,0.0
1987,1987,0.43045933457687924,0.8806381866596498,0.19794227813287735,0.125,0.9499999999999998,0.0
1988,1988,0.5624222244434796,0.8268122393300756,0.007922268995269877,0.1875,0.9499999999999998,0.0
1989,1989,0.6087614290087204,0.7633202053898183,-0.21622161454143723,0.25,0.9499999999999998,0.0
1990,1990,0.5624222244434796,0.6998281714495613,-0.44036549807814435,0.3125,0.9499999999999998,0.0
1991,1991,0.43045933457687924,0.6460022241199868,-0.6303855072157518,0.375,0.9499999999999998,0.0
1992,1992,0.2329629131445341,0.6100368759485963,-0.7573528180987311,0.4375,0.9499999999999998,0.0
1993,1993,0.0,0.5974075251677897,-0.8019378086066878,0.5,0.9499999999999998,0.0
1994,1994,-0.23296291314453388,0.6100368759485963,-0.7573528180987312,0.5625,0.9499999999999998,0.0
1995,1995,-0.430459334576879,0.6460022241199868,-0.6303855072157519,0.625,0.9499999999999998,0.0
1996,1996,-0.5624222244434796,0.6998281714495604,-0.44036549807814473,0.6875,0.9499999999999998,0.0
1997,1997,-0.6087614290087204,0.7633202053898183,-0.21622161454143737,0.75,0.9499999999999998,0.0
1998,1998,-0.5624222244434796,0.8268122393300756,0.007922268995269988,0.8125,0.9499999999999998,0.0
1999,1999,-0.43045933457687946,0.8806381866596498,0.19794227813287724,0.875,0.9499999999999998,0.0
2000,2000,-0.23296291314453432,0.9166035348310402,0.3249095890158564,0.9375,0.9499999999999998,0.0
2001,2001,0.0,0.9695118899706161,0.24504427192979594,0.0,1.0,0.0
2002,2002,0.1913417161825448,0.9591389013259746,0.20842484403621464,0.0625,1.0,0.0
2003,2003,0.3535533905932735,0.9295991288818213,0.10414153629632805,0.125,1.0,0.0
2004,2004,0.46193976625564304,0.8853897352140736,-0.05192946301700502,0.1875,1.0,0.0
2005,2005,0.49999999999999956,0.8332411997494953,-0.23602775904546125,0.25,1.0,0.0
2006,2006,0.46193976625564304,0.781092664284917,-0.4201260550739175,0.3125,1.0,0.0
2007,2007,0.3535533905932735,0.7368832706171693,-0.5761970543872506,0.375,1.0,0.0
2008,2008,0.1913417161825448,0.7073434981730156,-0.6804803621271373,0.4375,1.0,0.0
2009,2009,0.0,0.6969705095283745,-0.7170997900207186,0.5,1.0,0.0
2010,2010,-0.1913417161825448,0.7073434981730156,-0.6804803621271373,0.5625,1.0,0.0
2011,2011,-0.3535533905932735,0.7368832706171693,-0.5761970543872507,0.625,1.0,0.0
2012,2012,-0.46193976625564304,0.781092664284917,-0.42012605507391776,0.6875,1.0,0.0
2013,2013,-0.49999999999999956,0.8332411997494953,-0.23602775904546136,0.75,1.0,0.0
2014,2014,-0.46193976625564304,0.8853897352140736,-0.051929463017004934,0.8125,1.0,0.0
2015,2015,-0.3535533905932735,0.9295991288818208,0.10414153629632794,0.875,1.0,0.0
2016,2016,-0.1913417161825448,0.9591389013259746,0.20842484403621453,0.9375,1.0,0.0
