index,prim:vindex,pindex,N(0),N(1),N(2),Tex(0),Tex(1),Tex(2)
0,0:0,0,0.6788034076363227,0.6861605959282566,0.2615522325974226,0.0,0.0,0.0
1,0:1,1,0.6507782233685382,0.34308029796412837,-0.6773356724240459,0.16666666666666666,0.0,0.0
2,0:2,7,0.8428457629403949,0.34261747859555086,-0.41499913645000663,0.16666666666666666,0.004016064257028112,0.0
3,0:3,6,0.5498488191301693,0.6852349571911016,0.47761839322252614,0.0,0.004016064257028112,0.0
4,1:0,1,0.6507782233685382,0.34308029796412837,-0.6773356724240459,0.16666666666666666,0.0,0.0
5,1:1,2,-0.028025184267784442,-0.34308029796412814,-0.9388879050214685,0.3333333333333333,0.0,0.0
6,1:2,8,0.29299694381022573,-0.34261747859555064,-0.8926175296725328,0.3333333333333333,0.004016064257028112,0.0
7,1:3,7,0.8428457629403949,0.34261747859555086,-0.41499913645000663,0.16666666666666666,0.004016064257028112,0.0
8,2:0,2,-0.028025184267784442,-0.34308029796412814,-0.9388879050214685,0.3333333333333333,0.0,0.0
9,2:1,3,-0.6788034076363227,-0.6861605959282566,-0.2615522325974227,0.5,0.0,0.0
10,2:2,9,-0.5498488191301691,-0.6852349571911016,-0.47761839322252625,0.5,0.004016064257028112,0.0
11,2:3,8,0.29299694381022573,-0.34261747859555064,-0.8926175296725328,0.3333333333333333,0.004016064257028112,0.0
12,3:0,3,-0.6788034076363227,-0.6861605959282566,-0.2615522325974227,0.5,0.0,0.0
13,3:1,4,-0.6507782233685384,-0.3430802979641286,0.6773356724240457,0.6666666666666666,0.0,0.0
14,3:2,10,-0.8428457629403949,-0.3426174785955511,0.4149991364500063,0.6666666666666666,0.004016064257028112,0.0
15,3:3,9,-0.5498488191301691,-0.6852349571911016,-0.47761839322252625,0.5,0.004016064257028112,0.0
16,4:0,4,-0.6507782233685384,-0.3430802979641286,0.6773356724240457,0.6666666666666666,0.0,0.0
17,4:1,5,0.028025184267783998,0.34308029796412787,0.9388879050214687,0.8333333333333334,0.0,0.0
18,4:2,11,-0.29299694381022623,0.34261747859555036,0.8926175296725328,0.8333333333333334,0.004016064257028112,0.0
19,4:3,10,-0.8428457629403949,-0.3426174785955511,0.4149991364500063,0.6666666666666666,0.004016064257028112,0.0
20,5:0,5,0.028025184267783998,0.34308029796412787,0.9388879050214687,0.8333333333333334,0.0,0.0
21,5:1,0,0.6788034076363227,0.6861605959282566,0.2615522325974226,1.0,0.0,0.0
22,5:2,6,0.5498488191301693,0.6852349571911016,0.47761839322252614,1.0,0.004016064257028112,0.0
23,5:3,11,-0.29299694381022623,0.34261747859555036,0.8926175296725328,0.8333333333333334,0.004016064257028112,0.0
24,6:0,6,0.5498488191301693,0.6852349571911016,0.47761839322252614,0.0,0.004016064257028112,0.0
25,6:1,7,0.8428457629403949,0.34261747859555086,-0.41499913645000663,0.16666666666666666,0.004016064257028112,0.0
26,6:2,13,0.9212677738580928,0.36961013172497675,0.12105386973079119,0.16666666666666666,0.008032128514056224,0.0
27,6:3,12,0.1602048563723845,0.7392202634499534,0.6541313370414882,0.0,0.008032128514056224,0.0
28,7:0,7,0.8428457629403949,0.34261747859555086,-0.41499913645000663,0.16666666666666666,0.004016064257028112,0.0
29,7:1,8,0.29299694381022573,-0.34261747859555064,-0.8926175296725328,0.3333333333333333,0.004016064257028112,0.0
30,7:2,14,0.7610629174857084,-0.36961013172497653,-0.5330774673106969,0.3333333333333333,0.008032128514056224,0.0
31,7:3,13,0.9212677738580928,0.36961013172497675,0.12105386973079119,0.16666666666666666,0.008032128514056224,0.0
32,8:0,8,0.29299694381022573,-0.34261747859555064,-0.8926175296725328,0.3333333333333333,0.004016064257028112,0.0
33,8:1,9,-0.5498488191301691,-0.6852349571911016,-0.47761839322252625,0.5,0.004016064257028112,0.0
34,8:2,15,-0.16020485637238438,-0.7392202634499534,-0.6541313370414882,0.5,0.008032128514056224,0.0
35,8:3,14,0.7610629174857084,-0.36961013172497653,-0.5330774673106969,0.3333333333333333,0.008032128514056224,0.0
36,9:0,9,-0.5498488191301691,-0.6852349571911016,-0.47761839322252625,0.5,0.004016064257028112,0.0
37,9:1,10,-0.8428457629403949,-0.3426174785955511,0.4149991364500063,0.6666666666666666,0.004016064257028112,0.0
38,9:2,16,-0.9212677738580927,-0.36961013172497703,-0.12105386973079144,0.6666666666666666,0.008032128514056224,0.0
39,9:3,15,-0.16020485637238438,-0.7392202634499534,-0.6541313370414882,0.5,0.008032128514056224,0.0
40,10:0,10,-0.8428457629403949,-0.3426174785955511,0.4149991364500063,0.6666666666666666,0.004016064257028112,0.0
41,10:1,11,-0.29299694381022623,0.34261747859555036,0.8926175296725328,0.8333333333333334,0.004016064257028112,0.0
42,10:2,17,-0.7610629174857088,0.3696101317249762,0.5330774673106967,0.8333333333333334,0.008032128514056224,0.0
43,10:3,16,-0.9212677738580927,-0.36961013172497703,-0.12105386973079144,0.6666666666666666,0.008032128514056224,0.0
44,11:0,11,-0.29299694381022623,0.34261747859555036,0.8926175296725328,0.8333333333333334,0.004016064257028112,0.0
45,11:1,6,0.5498488191301693,0.6852349571911016,0.47761839322252614,1.0,0.004016064257028112,0.0
46,11:2,12,0.1602048563723845,0.7392202634499534,0.6541313370414882,1.0,0.008032128514056224,0.0
47,11:3,17,-0.7610629174857088,0.3696101317249762,0.5330774673106967,0.8333333333333334,0.008032128514056224,0.0
48,12:0,12,0.1602048563723845,0.7392202634499534,0.6541313370414882,0.0,0.008032128514056224,0.0
49,12:1,13,0.9212677738580928,0.36961013172497675,0.12105386973079119,0.16666666666666666,0.008032128514056224,0.0
50,12:2,19,0.7577400471635676,0.39595979966124845,0.5186963061144535,0.16666666666666666,0.012048192771084338,0.0
51,12:3,18,-0.157763550081719,0.7919195993224967,0.5898932195529201,0.0,0.012048192771084338,0.0
52,13:0,13,0.9212677738580928,0.36961013172497675,0.12105386973079119,0.16666666666666666,0.008032128514056224,0.0
53,13:1,14,0.7610629174857084,-0.36961013172497653,-0.5330774673106969,0.3333333333333333,0.008032128514056224,0.0
54,13:2,20,0.9155035972452866,-0.39595979966124817,-0.07119691343846649,0.3333333333333333,0.012048192771084338,0.0
55,13:3,19,0.7577400471635676,0.39595979966124845,0.5186963061144535,0.16666666666666666,0.012048192771084338,0.0
56,14:0,14,0.7610629174857084,-0.36961013172497653,-0.5330774673106969,0.3333333333333333,0.008032128514056224,0.0
57,14:1,15,-0.16020485637238438,-0.7392202634499534,-0.6541313370414882,0.5,0.008032128514056224,0.0
58,14:2,21,0.1577635500817191,-0.7919195993224967,-0.5898932195529201,0.5,0.012048192771084338,0.0
59,14:3,20,0.9155035972452866,-0.39595979966124817,-0.07119691343846649,0.3333333333333333,0.012048192771084338,0.0
60,15:0,15,-0.16020485637238438,-0.7392202634499534,-0.6541313370414882,0.5,0.008032128514056224,0.0
61,15:1,16,-0.9212677738580927,-0.36961013172497703,-0.12105386973079144,0.6666666666666666,0.008032128514056224,0.0
62,15:2,22,-0.7577400471635674,-0.39595979966124867,-0.5186963061144537,0.6666666666666666,0.012048192771084338,0.0
63,15:3,21,0.1577635500817191,-0.7919195993224967,-0.5898932195529201,0.5,0.012048192771084338,0.0
64,16:0,16,-0.9212677738580927,-0.36961013172497703,-0.12105386973079144,0.6666666666666666,0.008032128514056224,0.0
65,16:1,17,-0.7610629174857088,0.3696101317249762,0.5330774673106967,0.8333333333333334,0.008032128514056224,0.0
66,16:2,23,-0.9155035972452868,0.3959597996612478,0.07119691343846613,0.8333333333333334,0.012048192771084338,0.0
67,16:3,22,-0.7577400471635674,-0.39595979966124867,-0.5186963061144537,0.6666666666666666,0.012048192771084338,0.0
68,17:0,17,-0.7610629174857088,0.3696101317249762,0.5330774673106967,0.8333333333333334,0.008032128514056224,0.0
69,17:1,12,0.1602048563723845,0.7392202634499534,0.6541313370414882,1.0,0.008032128514056224,0.0
70,17:2,18,-0.157763550081719,0.7919195993224967,0.5898932195529201,1.0,0.012048192771084338,0.0
71,17:3,23,-0.9155035972452868,0.3959597996612478,0.07119691343846613,0.8333333333333334,0.012048192771084338,0.0
72,18:0,18,-0.157763550081719,0.7919195993224967,0.5898932195529201,0.0,0.012048192771084338,0.0
73,18:1,19,0.7577400471635676,0.39595979966124845,0.5186963061144535,0.16666666666666666,0.012048192771084338,0.0
74,18:2,25,0.5028744649505716,0.4165993513084903,0.7573389287432819,0.16666666666666666,0.01606425702811245,0.0
75,18:3,24,-0.3458149579346487,0.8331987026169804,0.4314996371099724,0.0,0.01606425702811245,0.0
76,19:0,19,0.7577400471635676,0.39595979966124845,0.5186963061144535,0.16666666666666666,0.012048192771084338,0.0
77,19:1,20,0.9155035972452866,-0.39595979966124817,-0.07119691343846649,0.3333333333333333,0.012048192771084338,0.0
78,19:2,26,0.8486894228852204,-0.41659935130849,0.3258392916333095,0.3333333333333333,0.01606425702811245,0.0
79,19:3,25,0.5028744649505716,0.4165993513084903,0.7573389287432819,0.16666666666666666,0.01606425702811245,0.0
80,20:0,20,0.9155035972452866,-0.39595979966124817,-0.07119691343846649,0.3333333333333333,0.012048192771084338,0.0
81,20:1,21,0.1577635500817191,-0.7919195993224967,-0.5898932195529201,0.5,0.012048192771084338,0.0
82,20:2,27,0.34581495793464884,-0.8331987026169804,-0.43149963710997236,0.5,0.01606425702811245,0.0
83,20:3,26,0.8486894228852204,-0.41659935130849,0.3258392916333095,0.3333333333333333,0.01606425702811245,0.0
84,21:0,21,0.1577635500817191,-0.7919195993224967,-0.5898932195529201,0.5,0.012048192771084338,0.0
85,21:1,22,-0.7577400471635674,-0.39595979966124867,-0.5186963061144537,0.6666666666666666,0.012048192771084338,0.0
86,21:2,28,-0.5028744649505714,-0.4165993513084906,-0.7573389287432819,0.6666666666666666,0.01606425702811245,0.0
87,21:3,27,0.34581495793464884,-0.8331987026169804,-0.43149963710997236,0.5,0.01606425702811245,0.0
88,22:0,22,-0.7577400471635674,-0.39595979966124867,-0.5186963061144537,0.6666666666666666,0.012048192771084338,0.0
89,22:1,23,-0.9155035972452868,0.3959597996612478,0.07119691343846613,0.8333333333333334,0.012048192771084338,0.0
90,22:2,29,-0.8486894228852205,0.41659935130848963,-0.3258392916333099,0.8333333333333334,0.01606425702811245,0.0
91,22:3,28,-0.5028744649505714,-0.4165993513084906,-0.7573389287432819,0.6666666666666666,0.01606425702811245,0.0
92,23:0,23,-0.9155035972452868,0.3959597996612478,0.07119691343846613,0.8333333333333334,0.012048192771084338,0.0
93,23:1,18,-0.157763550081719,0.7919195993224967,0.5898932195529201,1.0,0.012048192771084338,0.0
94,23:2,24,-0.3458149579346487,0.8331987026169804,0.4314996371099724,1.0,0.01606425702811245,0.0
95,23:3,29,-0.8486894228852205,0.41659935130848963,-0.3258392916333099,0.8333333333333334,0.01606425702811245,0.0
96,24:0,24,-0.3458149579346487,0.8331987026169804,0.4314996371099724,0.0,0.01606425702811245,0.0
97,24:1,25,0.5028744649505716,0.4165993513084903,0.7573389287432819,0.16666666666666666,0.01606425702811245,0.0
98,24:2,31,0.23280959342369917,0.43183360688781025,0.8713893671443069,0.16666666666666666,0.020080321285140562,0.0
99,24:3,30,-0.4312278395254946,0.8636672137756203,0.26100094687037273,0.0,0.020080321285140562,0.0
100,25:0,25,0.5028744649505716,0.4165993513084903,0.7573389287432819,0.16666666666666666,0.01606425702811245,0.0
101,25:1,26,0.8486894228852204,-0.41659935130849,0.3258392916333095,0.3333333333333333,0.01606425702811245,0.0
102,25:2,32,0.6640374329491938,-0.43183360688781,0.6103884202739344,0.3333333333333333,0.020080321285140562,0.0
103,25:3,31,0.23280959342369917,0.43183360688781025,0.8713893671443069,0.16666666666666666,0.020080321285140562,0.0
104,26:0,26,0.8486894228852204,-0.41659935130849,0.3258392916333095,0.3333333333333333,0.01606425702811245,0.0
105,26:1,27,0.34581495793464884,-0.8331987026169804,-0.43149963710997236,0.5,0.01606425702811245,0.0
106,26:2,33,0.43122783952549465,-0.8636672137756203,-0.2610009468703726,0.5,0.020080321285140562,0.0
107,26:3,32,0.6640374329491938,-0.43183360688781,0.6103884202739344,0.3333333333333333,0.020080321285140562,0.0
108,27:0,27,0.34581495793464884,-0.8331987026169804,-0.43149963710997236,0.5,0.01606425702811245,0.0
109,27:1,28,-0.5028744649505714,-0.4165993513084906,-0.7573389287432819,0.6666666666666666,0.01606425702811245,0.0
110,27:2,34,-0.23280959342369897,-0.43183360688781053,-0.8713893671443069,0.6666666666666666,0.020080321285140562,0.0
111,27:3,33,0.43122783952549465,-0.8636672137756203,-0.2610009468703726,0.5,0.020080321285140562,0.0
112,28:0,28,-0.5028744649505714,-0.4165993513084906,-0.7573389287432819,0.6666666666666666,0.01606425702811245,0.0
113,28:1,29,-0.8486894228852205,0.41659935130848963,-0.3258392916333099,0.8333333333333334,0.01606425702811245,0.0
114,28:2,35,-0.6640374329491938,0.4318336068878096,-0.6103884202739347,0.8333333333333334,0.020080321285140562,0.0
115,28:3,34,-0.23280959342369897,-0.43183360688781053,-0.8713893671443069,0.6666666666666666,0.020080321285140562,0.0
116,29:0,29,-0.8486894228852205,0.41659935130848963,-0.3258392916333099,0.8333333333333334,0.01606425702811245,0.0
117,29:1,24,-0.3458149579346487,0.8331987026169804,0.4314996371099724,1.0,0.01606425702811245,0.0
118,29:2,30,-0.4312278395254946,0.8636672137756203,0.26100094687037273,1.0,0.020080321285140562,0.0
119,29:3,35,-0.6640374329491938,0.4318336068878096,-0.6103884202739347,0.8333333333333334,0.020080321285140562,0.0
120,30:0,30,-0.4312278395254946,0.8636672137756203,0.26100094687037273,0.0,0.020080321285140562,0.0
121,30:1,31,0.23280959342369917,0.43183360688781025,0.8713893671443069,0.16666666666666666,0.020080321285140562,0.0
122,30:2,37,-0.022334840710642734,0.4428681768940011,0.8963085031310449,0.16666666666666666,0.024096385542168676,0.0
123,30:3,36,-0.45122038958730376,0.885736353788002,0.10895536516857432,0.0,0.024096385542168676,0.0
124,31:0,31,0.23280959342369917,0.43183360688781025,0.8713893671443069,0.16666666666666666,0.020080321285140562,0.0
125,31:1,32,0.6640374329491938,-0.43183360688781,0.6103884202739344,0.3333333333333333,0.020080321285140562,0.0
126,31:2,38,0.42888554887666097,-0.44286817689400076,0.7873531379624708,0.3333333333333333,0.024096385542168676,0.0
127,31:3,37,-0.022334840710642734,0.4428681768940011,0.8963085031310449,0.16666666666666666,0.024096385542168676,0.0
128,32:0,32,0.6640374329491938,-0.43183360688781,0.6103884202739344,0.3333333333333333,0.020080321285140562,0.0
129,32:1,33,0.43122783952549465,-0.8636672137756203,-0.2610009468703726,0.5,0.020080321285140562,0.0
130,32:2,39,0.4512203895873038,-0.885736353788002,-0.1089553651685742,0.5,0.024096385542168676,0.0
131,32:3,38,0.42888554887666097,-0.44286817689400076,0.7873531379624708,0.3333333333333333,0.024096385542168676,0.0
132,33:0,33,0.43122783952549465,-0.8636672137756203,-0.2610009468703726,0.5,0.020080321285140562,0.0
133,33:1,34,-0.23280959342369897,-0.43183360688781053,-0.8713893671443069,0.6666666666666666,0.020080321285140562,0.0
134,33:2,40,0.0223348407106429,-0.4428681768940014,-0.8963085031310448,0.6666666666666666,0.024096385542168676,0.0
135,33:3,39,0.4512203895873038,-0.885736353788002,-0.1089553651685742,0.5,0.024096385542168676,0.0
136,34:0,34,-0.23280959342369897,-0.43183360688781053,-0.8713893671443069,0.6666666666666666,0.020080321285140562,0.0
137,34:1,35,-0.6640374329491938,0.4318336068878096,-0.6103884202739347,0.8333333333333334,0.020080321285140562,0.0
138,34:2,41,-0.42888554887666086,0.4428681768940004,-0.7873531379624711,0.8333333333333334,0.024096385542168676,0.0
139,34:3,40,0.0223348407106429,-0.4428681768940014,-0.8963085031310448,0.6666666666666666,0.024096385542168676,0.0
140,35:0,35,-0.6640374329491938,0.4318336068878096,-0.6103884202739347,0.8333333333333334,0.020080321285140562,0.0
141,35:1,30,-0.4312278395254946,0.8636672137756203,0.26100094687037273,1.0,0.020080321285140562,0.0
142,35:2,36,-0.45122038958730376,0.885736353788002,0.10895536516857432,1.0,0.024096385542168676,0.0
143,35:3,41,-0.42888554887666086,0.4428681768940004,-0.7873531379624711,0.8333333333333334,0.024096385542168676,0.0
144,36:0,36,-0.45122038958730376,0.885736353788002,0.10895536516857432,0.0,0.024096385542168676,0.0
145,36:1,37,-0.022334840710642734,0.4428681768940011,0.8963085031310449,0.16666666666666666,0.024096385542168676,0.0
146,36:2,43,-0.24801897547418375,0.4511235600666925,0.8573063171104536,0.16666666666666666,0.028112449799196786,0.0
147,36:3,42,-0.4309144442883974,0.9022471201333848,-0.016213448573175526,0.0,0.028112449799196786,0.0
148,37:0,37,-0.022334840710642734,0.4428681768940011,0.8963085031310449,0.16666666666666666,0.024096385542168676,0.0
149,37:1,38,0.42888554887666097,-0.44286817689400076,0.7873531379624708,0.3333333333333333,0.024096385542168676,0.0
150,37:2,44,0.18289546881421365,-0.4511235600666922,0.8735197656836292,0.3333333333333333,0.028112449799196786,0.0
151,37:3,43,-0.24801897547418375,0.4511235600666925,0.8573063171104536,0.16666666666666666,0.028112449799196786,0.0
152,38:0,38,0.42888554887666097,-0.44286817689400076,0.7873531379624708,0.3333333333333333,0.024096385542168676,0.0
153,38:1,39,0.4512203895873038,-0.885736353788002,-0.1089553651685742,0.5,0.024096385542168676,0.0
154,38:2,45,0.4309144442883974,-0.9022471201333848,0.016213448573175648,0.5,0.028112449799196786,0.0
155,38:3,44,0.18289546881421365,-0.4511235600666922,0.8735197656836292,0.3333333333333333,0.028112449799196786,0.0
156,39:0,39,0.4512203895873038,-0.885736353788002,-0.1089553651685742,0.5,0.024096385542168676,0.0
157,39:1,40,0.0223348407106429,-0.4428681768940014,-0.8963085031310448,0.6666666666666666,0.024096385542168676,0.0
158,39:2,46,0.2480189754741839,-0.4511235600666928,-0.8573063171104535,0.6666666666666666,0.028112449799196786,0.0
159,39:3,45,0.4309144442883974,-0.9022471201333848,0.016213448573175648,0.5,0.028112449799196786,0.0
160,40:0,40,0.0223348407106429,-0.4428681768940014,-0.8963085031310448,0.6666666666666666,0.024096385542168676,0.0
161,40:1,41,-0.42888554887666086,0.4428681768940004,-0.7873531379624711,0.8333333333333334,0.024096385542168676,0.0
162,40:2,47,-0.18289546881421342,0.4511235600666918,-0.8735197656836295,0.8333333333333334,0.028112449799196786,0.0
163,40:3,46,0.2480189754741839,-0.4511235600666928,-0.8573063171104535,0.6666666666666666,0.028112449799196786,0.0
164,41:0,41,-0.42888554887666086,0.4428681768940004,-0.7873531379624711,0.8333333333333334,0.024096385542168676,0.0
165,41:1,36,-0.45122038958730376,0.885736353788002,0.10895536516857432,1.0,0.024096385542168676,0.0
166,41:2,42,-0.4309144442883974,0.9022471201333848,-0.016213448573175526,1.0,0.028112449799196786,0.0
167,41:3,47,-0.18289546881421342,0.4511235600666918,-0.8735197656836295,0.8333333333333334,0.028112449799196786,0.0
168,42:0,42,-0.4309144442883974,0.9022471201333848,-0.016213448573175526,0.0,0.028112449799196786,0.0
169,42:1,43,-0.24801897547418375,0.4511235600666925,0.8573063171104536,0.16666666666666666,0.028112449799196786,0.0
170,42:2,49,-0.4387007076479574,0.45744776831900924,0.7734877040840012,0.16666666666666666,0.0321285140562249,0.0
171,42:3,48,-0.38718456248258315,0.9148955366380183,-0.11425529140920909,0.0,0.0321285140562249,0.0
172,43:0,43,-0.24801897547418375,0.4511235600666925,0.8573063171104536,0.16666666666666666,0.028112449799196786,0.0
173,43:1,44,0.18289546881421365,-0.4511235600666922,0.8735197656836292,0.3333333333333333,0.028112449799196786,0.0
174,43:2,50,-0.05151614516537428,-0.4574477683190089,0.8877429954932105,0.3333333333333333,0.0321285140562249,0.0
175,43:3,49,-0.4387007076479574,0.45744776831900924,0.7734877040840012,0.16666666666666666,0.0321285140562249,0.0
176,44:0,44,0.18289546881421365,-0.4511235600666922,0.8735197656836292,0.3333333333333333,0.028112449799196786,0.0
177,44:1,45,0.4309144442883974,-0.9022471201333848,0.016213448573175648,0.5,0.028112449799196786,0.0
178,44:2,51,0.3871845624825831,-0.9148955366380183,0.1142552914092092,0.5,0.0321285140562249,0.0
179,44:3,50,-0.05151614516537428,-0.4574477683190089,0.8877429954932105,0.3333333333333333,0.0321285140562249,0.0
180,45:0,45,0.4309144442883974,-0.9022471201333848,0.016213448573175648,0.5,0.028112449799196786,0.0
181,45:1,46,0.2480189754741839,-0.4511235600666928,-0.8573063171104535,0.6666666666666666,0.028112449799196786,0.0
182,45:2,52,0.43870070764795743,-0.4574477683190095,-0.7734877040840011,0.6666666666666666,0.0321285140562249,0.0
183,45:3,51,0.3871845624825831,-0.9148955366380183,0.1142552914092092,0.5,0.0321285140562249,0.0
184,46:0,46,0.2480189754741839,-0.4511235600666928,-0.8573063171104535,0.6666666666666666,0.028112449799196786,0.0
185,46:1,47,-0.18289546881421342,0.4511235600666918,-0.8735197656836295,0.8333333333333334,0.028112449799196786,0.0
186,46:2,53,0.05151614516537453,0.4574477683190085,-0.8877429954932108,0.8333333333333334,0.0321285140562249,0.0
187,46:3,52,0.43870070764795743,-0.4574477683190095,-0.7734877040840011,0.6666666666666666,0.0321285140562249,0.0
188,47:0,47,-0.18289546881421342,0.4511235600666918,-0.8735197656836295,0.8333333333333334,0.028112449799196786,0.0
189,47:1,42,-0.4309144442883974,0.9022471201333848,-0.016213448573175526,1.0,0.028112449799196786,0.0
190,47:2,48,-0.38718456248258315,0.9148955366380183,-0.11425529140920909,1.0,0.0321285140562249,0.0
191,47:3,53,0.05151614516537453,0.4574477683190085,-0.8877429954932108,0.8333333333333334,0.0321285140562249,0.0
192,48:0,48,-0.38718456248258315,0.9148955366380183,-0.11425529140920909,0.0,0.0321285140562249,0.0
193,48:1,49,-0.4387007076479574,0.45744776831900924,0.7734877040840012,0.16666666666666666,0.0321285140562249,0.0
194,48:2,55,-0.593111445874889,0.4623904667214665,0.6591008034112106,0.16666666666666666,0.03614457831325301,0.0
195,48:3,54,-0.33086450697298625,0.9247809334429328,-0.18790663417224193,0.0,0.03614457831325301,0.0
196,49:0,49,-0.4387007076479574,0.45744776831900924,0.7734877040840012,0.16666666666666666,0.0321285140562249,0.0
197,49:1,50,-0.05151614516537428,-0.4574477683190089,0.8877429954932105,0.3333333333333333,0.0321285140562249,0.0
198,49:2,56,-0.26224693890190276,-0.46239046672146616,0.8470074375834526,0.3333333333333333,0.03614457831325301,0.0
199,49:3,55,-0.593111445874889,0.4623904667214665,0.6591008034112106,0.16666666666666666,0.03614457831325301,0.0
200,50:0,50,-0.05151614516537428,-0.4574477683190089,0.8877429954932105,0.3333333333333333,0.0321285140562249,0.0
201,50:1,51,0.3871845624825831,-0.9148955366380183,0.1142552914092092,0.5,0.0321285140562249,0.0
202,50:2,57,0.3308645069729862,-0.9247809334429328,0.18790663417224204,0.5,0.03614457831325301,0.0
203,50:3,56,-0.26224693890190276,-0.46239046672146616,0.8470074375834526,0.3333333333333333,0.03614457831325301,0.0
204,51:0,51,0.3871845624825831,-0.9148955366380183,0.1142552914092092,0.5,0.0321285140562249,0.0
205,51:1,52,0.43870070764795743,-0.4574477683190095,-0.7734877040840011,0.6666666666666666,0.0321285140562249,0.0
206,51:2,58,0.593111445874889,-0.4623904667214668,-0.6591008034112105,0.6666666666666666,0.03614457831325301,0.0
207,51:3,57,0.3308645069729862,-0.9247809334429328,0.18790663417224204,0.5,0.03614457831325301,0.0
208,52:0,52,0.43870070764795743,-0.4574477683190095,-0.7734877040840011,0.6666666666666666,0.0321285140562249,0.0
209,52:1,53,0.05151614516537453,0.4574477683190085,-0.8877429954932108,0.8333333333333334,0.0321285140562249,0.0
210,52:2,59,0.2622469389019031,0.4623904667214658,-0.8470074375834529,0.8333333333333334,0.03614457831325301,0.0
211,52:3,58,0.593111445874889,-0.4623904667214668,-0.6591008034112105,0.6666666666666666,0.03614457831325301,0.0
212,53:0,53,0.05151614516537453,0.4574477683190085,-0.8877429954932108,0.8333333333333334,0.0321285140562249,0.0
213,53:1,48,-0.38718456248258315,0.9148955366380183,-0.11425529140920909,1.0,0.0321285140562249,0.0
214,53:2,54,-0.33086450697298625,0.9247809334429328,-0.18790663417224193,1.0,0.03614457831325301,0.0
215,53:3,59,0.2622469389019031,0.4623904667214658,-0.8470074375834529,0.8333333333333334,0.03614457831325301,0.0
216,54:0,54,-0.33086450697298625,0.9247809334429328,-0.18790663417224193,0.0,0.03614457831325301,0.0
217,54:1,55,-0.593111445874889,0.4623904667214665,0.6591008034112106,0.16666666666666666,0.03614457831325301,0.0
218,54:2,61,-0.7119368922987541,0.466334470085365,0.525050496042232,0.16666666666666666,0.040160642570281124,0.0
219,54:3,60,-0.2688065342501239,0.9326689401707298,-0.24056536572259227,0.0,0.040160642570281124,0.0
220,55:0,55,-0.593111445874889,0.4623904667214665,0.6591008034112106,0.16666666666666666,0.03614457831325301,0.0
221,55:1,56,-0.26224693890190276,-0.46239046672146616,0.8470074375834526,0.3333333333333333,0.03614457831325301,0.0
222,55:2,62,-0.4431303580486303,-0.46633447008536466,0.7656158617648243,0.3333333333333333,0.040160642570281124,0.0
223,55:3,61,-0.7119368922987541,0.466334470085365,0.525050496042232,0.16666666666666666,0.040160642570281124,0.0
224,56:0,56,-0.26224693890190276,-0.46239046672146616,0.8470074375834526,0.3333333333333333,0.03614457831325301,0.0
225,56:1,57,0.3308645069729862,-0.9247809334429328,0.18790663417224204,0.5,0.03614457831325301,0.0
226,56:2,63,0.26880653425012385,-0.9326689401707298,0.24056536572259235,0.5,0.040160642570281124,0.0
227,56:3,62,-0.4431303580486303,-0.46633447008536466,0.7656158617648243,0.3333333333333333,0.040160642570281124,0.0
228,57:0,57,0.3308645069729862,-0.9247809334429328,0.18790663417224204,0.5,0.03614457831325301,0.0
229,57:1,58,0.593111445874889,-0.4623904667214668,-0.6591008034112105,0.6666666666666666,0.03614457831325301,0.0
230,57:2,64,0.7119368922987541,-0.46633447008536527,-0.5250504960422319,0.6666666666666666,0.040160642570281124,0.0
231,57:3,63,0.26880653425012385,-0.9326689401707298,0.24056536572259235,0.5,0.040160642570281124,0.0
232,58:0,58,0.593111445874889,-0.4623904667214668,-0.6591008034112105,0.6666666666666666,0.03614457831325301,0.0
233,58:1,59,0.2622469389019031,0.4623904667214658,-0.8470074375834529,0.8333333333333334,0.03614457831325301,0.0
234,58:2,65,0.44313035804863066,0.46633447008536427,-0.7656158617648244,0.8333333333333334,0.040160642570281124,0.0
235,58:3,64,0.7119368922987541,-0.46633447008536527,-0.5250504960422319,0.6666666666666666,0.040160642570281124,0.0
236,59:0,59,0.2622469389019031,0.4623904667214658,-0.8470074375834529,0.8333333333333334,0.03614457831325301,0.0
237,59:1,54,-0.33086450697298625,0.9247809334429328,-0.18790663417224193,1.0,0.03614457831325301,0.0
238,59:2,60,-0.2688065342501239,0.9326689401707298,-0.24056536572259227,1.0,0.040160642570281124,0.0
239,59:3,65,0.44313035804863066,0.46633447008536427,-0.7656158617648244,0.8333333333333334,0.040160642570281124,0.0
240,60:0,60,-0.2688065342501239,0.9326689401707298,-0.24056536572259227,0.0,0.040160642570281124,0.0
241,60:1,61,-0.7119368922987541,0.466334470085365,0.525050496042232,0.16666666666666666,0.040160642570281124,0.0
242,60:2,67,-0.7969417846654875,0.4695638212512913,0.3799915915202248,0.16666666666666666,0.04417670682730924,0.0
243,60:3,66,-0.2053823135168641,0.9391276425025824,-0.27542217844974354,0.0,0.04417670682730924,0.0
244,61:0,61,-0.7119368922987541,0.466334470085365,0.525050496042232,0.16666666666666666,0.040160642570281124,0.0
245,61:1,62,-0.4431303580486303,-0.46633447008536466,0.7656158617648243,0.3333333333333333,0.040160642570281124,0.0
246,61:2,68,-0.5915594711486235,-0.469563821251291,0.6554137699699684,0.3333333333333333,0.04417670682730924,0.0
247,61:3,67,-0.7969417846654875,0.4695638212512913,0.3799915915202248,0.16666666666666666,0.04417670682730924,0.0
248,62:0,62,-0.4431303580486303,-0.46633447008536466,0.7656158617648243,0.3333333333333333,0.040160642570281124,0.0
249,62:1,63,0.26880653425012385,-0.9326689401707298,0.24056536572259235,0.5,0.040160642570281124,0.0
250,62:2,69,0.20538231351686398,-0.9391276425025824,0.2754221784497436,0.5,0.04417670682730924,0.0
251,62:3,68,-0.5915594711486235,-0.469563821251291,0.6554137699699684,0.3333333333333333,0.04417670682730924,0.0
252,63:0,63,0.26880653425012385,-0.9326689401707298,0.24056536572259235,0.5,0.040160642570281124,0.0
253,63:1,64,0.7119368922987541,-0.46633447008536527,-0.5250504960422319,0.6666666666666666,0.040160642570281124,0.0
254,63:2,70,0.7969417846654874,-0.46956382125129165,-0.37999159152022466,0.6666666666666666,0.04417670682730924,0.0
255,63:3,69,0.20538231351686398,-0.9391276425025824,0.2754221784497436,0.5,0.04417670682730924,0.0
256,64:0,64,0.7119368922987541,-0.46633447008536527,-0.5250504960422319,0.6666666666666666,0.040160642570281124,0.0
257,64:1,65,0.44313035804863066,0.46633447008536427,-0.7656158617648244,0.8333333333333334,0.040160642570281124,0.0
258,64:2,71,0.5915594711486238,0.4695638212512906,-0.6554137699699685,0.8333333333333334,0.04417670682730924,0.0
259,64:3,70,0.7969417846654874,-0.46956382125129165,-0.37999159152022466,0.6666666666666666,0.04417670682730924,0.0
260,65:0,65,0.44313035804863066,0.46633447008536427,-0.7656158617648244,0.8333333333333334,0.040160642570281124,0.0
261,65:1,60,-0.2688065342501239,0.9326689401707298,-0.24056536572259227,1.0,0.040160642570281124,0.0
262,65:2,66,-0.2053823135168641,0.9391276425025824,-0.27542217844974354,1.0,0.04417670682730924,0.0
263,65:3,71,0.5915594711486238,0.4695638212512906,-0.6554137699699685,0.8333333333333334,0.04417670682730924,0.0
264,66:0,66,-0.2053823135168641,0.9391276425025824,-0.27542217844974354,0.0,0.04417670682730924,0.0
265,66:1,67,-0.7969417846654875,0.4695638212512913,0.3799915915202248,0.16666666666666666,0.04417670682730924,0.0
266,66:2,73,-0.8506722073932589,0.4723012252595156,0.23084269143085473,0.16666666666666666,0.04819277108433735,0.0
267,66:3,72,-0.14343026589955027,0.944602450519031,-0.2952185111022441,0.0,0.04819277108433735,0.0
268,67:0,67,-0.7969417846654875,0.4695638212512913,0.3799915915202248,0.16666666666666666,0.04417670682730924,0.0
269,67:1,68,-0.5915594711486235,-0.469563821251291,0.6554137699699684,0.3333333333333333,0.04417670682730924,0.0
270,67:2,74,-0.7072419414937088,-0.4723012252595153,0.5260612025330988,0.3333333333333333,0.04819277108433735,0.0
271,67:3,73,-0.8506722073932589,0.4723012252595156,0.23084269143085473,0.16666666666666666,0.04819277108433735,0.0
272,68:0,68,-0.5915594711486235,-0.469563821251291,0.6554137699699684,0.3333333333333333,0.04417670682730924,0.0
273,68:1,69,0.20538231351686398,-0.9391276425025824,0.2754221784497436,0.5,0.04417670682730924,0.0
274,68:2,75,0.14343026589955016,-0.944602450519031,0.2952185111022442,0.5,0.04819277108433735,0.0
275,68:3,74,-0.7072419414937088,-0.4723012252595153,0.5260612025330988,0.3333333333333333,0.04819277108433735,0.0
276,69:0,69,0.20538231351686398,-0.9391276425025824,0.2754221784497436,0.5,0.04417670682730924,0.0
277,69:1,70,0.7969417846654874,-0.46956382125129165,-0.37999159152022466,0.6666666666666666,0.04417670682730924,0.0
278,69:2,76,0.8506722073932588,-0.47230122525951596,-0.23084269143085456,0.6666666666666666,0.04819277108433735,0.0
279,69:3,75,0.14343026589955016,-0.944602450519031,0.2952185111022442,0.5,0.04819277108433735,0.0
280,70:0,70,0.7969417846654874,-0.46956382125129165,-0.37999159152022466,0.6666666666666666,0.04417670682730924,0.0
281,70:1,71,0.5915594711486238,0.4695638212512906,-0.6554137699699685,0.8333333333333334,0.04417670682730924,0.0
282,70:2,77,0.7072419414937091,0.4723012252595149,-0.5260612025330988,0.8333333333333334,0.04819277108433735,0.0
283,70:3,76,0.8506722073932588,-0.47230122525951596,-0.23084269143085456,0.6666666666666666,0.04819277108433735,0.0
284,71:0,71,0.5915594711486238,0.4695638212512906,-0.6554137699699685,0.8333333333333334,0.04417670682730924,0.0
285,71:1,66,-0.2053823135168641,0.9391276425025824,-0.27542217844974354,1.0,0.04417670682730924,0.0
286,71:2,72,-0.14343026589955027,0.944602450519031,-0.2952185111022441,1.0,0.04819277108433735,0.0
287,71:3,77,0.7072419414937091,0.4723012252595149,-0.5260612025330988,0.8333333333333334,0.04819277108433735,0.0
288,72:0,72,-0.14343026589955027,0.944602450519031,-0.2952185111022441,0.0,0.04819277108433735,0.0
289,72:1,73,-0.8506722073932589,0.4723012252595156,0.23084269143085473,0.16666666666666666,0.04819277108433735,0.0
290,72:2,79,-0.876411761139266,0.47458300885772753,0.0816908357180681,0.16666666666666666,0.05220883534136546,0.0
291,72:3,78,-0.08478425306205455,0.9491660177154548,-0.3031427077250818,0.0,0.05220883534136546,0.0
292,73:0,73,-0.8506722073932589,0.4723012252595156,0.23084269143085473,0.16666666666666666,0.04819277108433735,0.0
293,73:1,74,-0.7072419414937088,-0.4723012252595153,0.5260612025330988,0.3333333333333333,0.04819277108433735,0.0
294,73:2,80,-0.7916275080772115,-0.4745830088577272,0.3848335434431499,0.3333333333333333,0.05220883534136546,0.0
295,73:3,79,-0.876411761139266,0.47458300885772753,0.0816908357180681,0.16666666666666666,0.05220883534136546,0.0
296,74:0,74,-0.7072419414937088,-0.4723012252595153,0.5260612025330988,0.3333333333333333,0.04819277108433735,0.0
297,74:1,75,0.14343026589955016,-0.944602450519031,0.2952185111022442,0.5,0.04819277108433735,0.0
298,74:2,81,0.08478425306205443,-0.9491660177154548,0.30314270772508184,0.5,0.05220883534136546,0.0
299,74:3,80,-0.7916275080772115,-0.4745830088577272,0.3848335434431499,0.3333333333333333,0.05220883534136546,0.0
300,75:0,75,0.14343026589955016,-0.944602450519031,0.2952185111022442,0.5,0.04819277108433735,0.0
301,75:1,76,0.8506722073932588,-0.47230122525951596,-0.23084269143085456,0.6666666666666666,0.04819277108433735,0.0
302,75:2,82,0.8764117611392659,-0.47458300885772786,-0.08169083571806796,0.6666666666666666,0.05220883534136546,0.0
303,75:3,81,0.08478425306205443,-0.9491660177154548,0.30314270772508184,0.5,0.05220883534136546,0.0
304,76:0,76,0.8506722073932588,-0.47230122525951596,-0.23084269143085456,0.6666666666666666,0.04819277108433735,0.0
305,76:1,77,0.7072419414937091,0.4723012252595149,-0.5260612025330988,0.8333333333333334,0.04819277108433735,0.0
306,76:2,83,0.7916275080772119,0.4745830088577268,-0.38483354344314985,0.8333333333333334,0.05220883534136546,0.0
307,76:3,82,0.8764117611392659,-0.47458300885772786,-0.08169083571806796,0.6666666666666666,0.05220883534136546,0.0
308,77:0,77,0.7072419414937091,0.4723012252595149,-0.5260612025330988,0.8333333333333334,0.04819277108433735,0.0
309,77:1,72,-0.14343026589955027,0.944602450519031,-0.2952185111022441,1.0,0.04819277108433735,0.0
310,77:2,78,-0.08478425306205455,0.9491660177154548,-0.3031427077250818,1.0,0.05220883534136546,0.0
311,77:3,83,0.7916275080772119,0.4745830088577268,-0.38483354344314985,0.8333333333333334,0.05220883534136546,0.0
312,78:0,78,-0.08478425306205455,0.9491660177154548,-0.3031427077250818,0.0,0.05220883534136546,0.0
313,78:1,79,-0.876411761139266,0.47458300885772753,0.0816908357180681,0.16666666666666666,0.05220883534136546,0.0
314,78:2,85,-0.8768797846585082,0.4764289464090783,-0.06401017326006887,0.16666666666666666,0.05622489959839357,0.0
315,78:3,84,-0.030457133235469492,0.9528578928181564,-0.3018844135248122,0.0,0.05622489959839357,0.0
316,79:0,79,-0.876411761139266,0.47458300885772753,0.0816908357180681,0.16666666666666666,0.05220883534136546,0.0
317,79:1,80,-0.7916275080772115,-0.4745830088577272,0.3848335434431499,0.3333333333333333,0.05220883534136546,0.0
318,79:2,86,-0.8464226514230389,-0.47642894640907796,0.2378742402647433,0.3333333333333333,0.05622489959839357,0.0
319,79:3,85,-0.8768797846585082,0.4764289464090783,-0.06401017326006887,0.16666666666666666,0.05622489959839357,0.0
320,80:0,80,-0.7916275080772115,-0.4745830088577272,0.3848335434431499,0.3333333333333333,0.05220883534136546,0.0
321,80:1,81,0.08478425306205443,-0.9491660177154548,0.30314270772508184,0.5,0.05220883534136546,0.0
322,80:2,87,0.03045713323546937,-0.9528578928181564,0.3018844135248122,0.5,0.05622489959839357,0.0
323,80:3,86,-0.8464226514230389,-0.47642894640907796,0.2378742402647433,0.3333333333333333,0.05622489959839357,0.0
324,81:0,81,0.08478425306205443,-0.9491660177154548,0.30314270772508184,0.5,0.05220883534136546,0.0
325,81:1,82,0.8764117611392659,-0.47458300885772786,-0.08169083571806796,0.6666666666666666,0.05220883534136546,0.0
326,81:2,88,0.8768797846585081,-0.4764289464090786,0.064010173260069,0.6666666666666666,0.05622489959839357,0.0
327,81:3,87,0.03045713323546937,-0.9528578928181564,0.3018844135248122,0.5,0.05622489959839357,0.0
328,82:0,82,0.8764117611392659,-0.47458300885772786,-0.08169083571806796,0.6666666666666666,0.05220883534136546,0.0
329,82:1,83,0.7916275080772119,0.4745830088577268,-0.38483354344314985,0.8333333333333334,0.05220883534136546,0.0
330,82:2,89,0.8464226514230392,0.47642894640907757,-0.23787424026474321,0.8333333333333334,0.05622489959839357,0.0
331,82:3,88,0.8768797846585081,-0.4764289464090786,0.064010173260069,0.6666666666666666,0.05622489959839357,0.0
332,83:0,83,0.7916275080772119,0.4745830088577268,-0.38483354344314985,0.8333333333333334,0.05220883534136546,0.0
333,83:1,78,-0.08478425306205455,0.9491660177154548,-0.3031427077250818,1.0,0.05220883534136546,0.0
334,83:2,84,-0.030457133235469492,0.9528578928181564,-0.3018844135248122,1.0,0.05622489959839357,0.0
335,83:3,89,0.8464226514230392,0.47642894640907757,-0.23787424026474321,0.8333333333333334,0.05622489959839357,0.0
336,84:0,84,-0.030457133235469492,0.9528578928181564,-0.3018844135248122,0.0,0.05622489959839357,0.0
337,84:1,85,-0.8768797846585082,0.4764289464090783,-0.06401017326006887,0.16666666666666666,0.05622489959839357,0.0
338,84:2,91,-0.8549527442594345,0.4780382924825759,-0.2013335441589543,0.16666666666666666,0.060240963855421686,0.0
339,84:3,90,0.018639691098009104,0.9560765849651516,-0.29252371800786364,0.0,0.060240963855421686,0.0
340,85:0,85,-0.8768797846585082,0.4764289464090783,-0.06401017326006887,0.16666666666666666,0.05622489959839357,0.0
341,85:1,86,-0.8464226514230389,-0.47642894640907796,0.2378742402647433,0.3333333333333333,0.05622489959839357,0.0
342,85:2,92,-0.8735924353574437,-0.47803829248257557,0.09119017384890932,0.3333333333333333,0.060240963855421686,0.0
343,85:3,91,-0.8549527442594345,0.4780382924825759,-0.2013335441589543,0.16666666666666666,0.060240963855421686,0.0
344,86:0,86,-0.8464226514230389,-0.47642894640907796,0.2378742402647433,0.3333333333333333,0.05622489959839357,0.0
345,86:1,87,0.03045713323546937,-0.9528578928181564,0.3018844135248122,0.5,0.05622489959839357,0.0
346,86:2,93,-0.018639691098009226,-0.9560765849651516,0.29252371800786364,0.5,0.060240963855421686,0.0
347,86:3,92,-0.8735924353574437,-0.47803829248257557,0.09119017384890932,0.3333333333333333,0.060240963855421686,0.0
348,87:0,87,0.03045713323546937,-0.9528578928181564,0.3018844135248122,0.5,0.05622489959839357,0.0
349,87:1,88,0.8768797846585081,-0.4764289464090786,0.064010173260069,0.6666666666666666,0.05622489959839357,0.0
350,87:2,94,0.8549527442594343,-0.47803829248257623,0.20133354415895438,0.6666666666666666,0.060240963855421686,0.0
351,87:3,93,-0.018639691098009226,-0.9560765849651516,0.29252371800786364,0.5,0.060240963855421686,0.0
352,88:0,88,0.8768797846585081,-0.4764289464090786,0.064010173260069,0.6666666666666666,0.05622489959839357,0.0
353,88:1,89,0.8464226514230392,0.47642894640907757,-0.23787424026474321,0.8333333333333334,0.05622489959839357,0.0
354,88:2,95,0.873592435357444,0.4780382924825752,-0.09119017384890915,0.8333333333333334,0.060240963855421686,0.0
355,88:3,94,0.8549527442594343,-0.47803829248257623,0.20133354415895438,0.6666666666666666,0.060240963855421686,0.0
356,89:0,89,0.8464226514230392,0.47642894640907757,-0.23787424026474321,0.8333333333333334,0.05622489959839357,0.0
357,89:1,84,-0.030457133235469492,0.9528578928181564,-0.3018844135248122,1.0,0.05622489959839357,0.0
358,89:2,90,0.018639691098009104,0.9560765849651516,-0.29252371800786364,1.0,0.060240963855421686,0.0
359,89:3,95,0.873592435357444,0.4780382924825752,-0.09119017384890915,0.8333333333333334,0.060240963855421686,0.0
360,90:0,90,0.018639691098009104,0.9560765849651516,-0.29252371800786364,0.0,0.060240963855421686,0.0
361,90:1,91,-0.8549527442594345,0.4780382924825759,-0.2013335441589543,0.16666666666666666,0.060240963855421686,0.0
362,90:2,97,-0.8140206554689933,0.4795381459055962,-0.3277400480430388,0.16666666666666666,0.0642570281124498,0.0
363,90:3,96,0.06199012688429896,0.9590762918111921,-0.27627864675823455,0.0,0.0642570281124498,0.0
364,91:0,91,-0.8549527442594345,0.4780382924825759,-0.2013335441589543,0.16666666666666666,0.060240963855421686,0.0
365,91:1,92,-0.8735924353574437,-0.47803829248257557,0.09119017384890932,0.3333333333333333,0.060240963855421686,0.0
366,91:2,98,-0.8760107823532923,-0.47953814590559585,-0.05146140128480428,0.3333333333333333,0.0642570281124498,0.0
367,91:3,97,-0.8140206554689933,0.4795381459055962,-0.3277400480430388,0.16666666666666666,0.0642570281124498,0.0
368,92:0,92,-0.8735924353574437,-0.47803829248257557,0.09119017384890932,0.3333333333333333,0.060240963855421686,0.0
369,92:1,93,-0.018639691098009226,-0.9560765849651516,0.29252371800786364,0.5,0.060240963855421686,0.0
370,92:2,99,-0.06199012688429908,-0.9590762918111921,0.27627864675823455,0.5,0.0642570281124498,0.0
371,92:3,98,-0.8760107823532923,-0.47953814590559585,-0.05146140128480428,0.3333333333333333,0.0642570281124498,0.0
372,93:0,93,-0.018639691098009226,-0.9560765849651516,0.29252371800786364,0.5,0.060240963855421686,0.0
373,93:1,94,0.8549527442594343,-0.47803829248257623,0.20133354415895438,0.6666666666666666,0.060240963855421686,0.0
374,93:2,100,0.8140206554689932,-0.4795381459055965,0.3277400480430388,0.6666666666666666,0.0642570281124498,0.0
375,93:3,99,-0.06199012688429908,-0.9590762918111921,0.27627864675823455,0.5,0.0642570281124498,0.0
376,94:0,94,0.8549527442594343,-0.47803829248257623,0.20133354415895438,0.6666666666666666,0.060240963855421686,0.0
377,94:1,95,0.873592435357444,0.4780382924825752,-0.09119017384890915,0.8333333333333334,0.060240963855421686,0.0
378,94:2,101,0.8760107823532927,0.4795381459055954,0.051461401284804476,0.8333333333333334,0.0642570281124498,0.0
379,94:3,100,0.8140206554689932,-0.4795381459055965,0.3277400480430388,0.6666666666666666,0.0642570281124498,0.0
380,95:0,95,0.873592435357444,0.4780382924825752,-0.09119017384890915,0.8333333333333334,0.060240963855421686,0.0
381,95:1,90,0.018639691098009104,0.9560765849651516,-0.29252371800786364,1.0,0.060240963855421686,0.0
382,95:2,96,0.06199012688429896,0.9590762918111921,-0.27627864675823455,1.0,0.0642570281124498,0.0
383,95:3,101,0.8760107823532927,0.4795381459055954,0.051461401284804476,0.8333333333333334,0.0642570281124498,0.0
384,96:0,96,0.06199012688429896,0.9590762918111921,-0.27627864675823455,0.0,0.0642570281124498,0.0
385,96:1,97,-0.8140206554689933,0.4795381459055962,-0.3277400480430388,0.16666666666666666,0.0642570281124498,0.0
386,96:2,103,-0.756256629757597,0.4807682281315506,-0.4437767690708138,0.16666666666666666,0.06827309236947791,0.0
387,96:3,102,0.10019438171279997,0.961536456263101,-0.25575130332060353,0.0,0.06827309236947791,0.0
388,97:0,97,-0.8140206554689933,0.4795381459055962,-0.3277400480430388,0.16666666666666666,0.0642570281124498,0.0
389,97:1,98,-0.8760107823532923,-0.47953814590559585,-0.05146140128480428,0.3333333333333333,0.0642570281124498,0.0
390,97:2,104,-0.8564510114703969,-0.4807682281315503,-0.18802546575021037,0.3333333333333333,0.06827309236947791,0.0
391,97:3,103,-0.756256629757597,0.4807682281315506,-0.4437767690708138,0.16666666666666666,0.06827309236947791,0.0
392,98:0,98,-0.8760107823532923,-0.47953814590559585,-0.05146140128480428,0.3333333333333333,0.0642570281124498,0.0
393,98:1,99,-0.06199012688429908,-0.9590762918111921,0.27627864675823455,0.5,0.0642570281124498,0.0
394,98:2,105,-0.10019438171280008,-0.961536456263101,0.2557513033206035,0.5,0.06827309236947791,0.0
395,98:3,104,-0.8564510114703969,-0.4807682281315503,-0.18802546575021037,0.3333333333333333,0.06827309236947791,0.0
396,99:0,99,-0.06199012688429908,-0.9590762918111921,0.27627864675823455,0.5,0.0642570281124498,0.0
397,99:1,100,0.8140206554689932,-0.4795381459055965,0.3277400480430388,0.6666666666666666,0.0642570281124498,0.0
398,99:2,106,0.7562566297575968,-0.48076822813155096,0.44377676907081387,0.6666666666666666,0.06827309236947791,0.0
399,99:3,105,-0.10019438171280008,-0.961536456263101,0.2557513033206035,0.5,0.06827309236947791,0.0
400,100:0,100,0.8140206554689932,-0.4795381459055965,0.3277400480430388,0.6666666666666666,0.0642570281124498,0.0
401,100:1,101,0.8760107823532927,0.4795381459055954,0.051461401284804476,0.8333333333333334,0.0642570281124498,0.0
402,100:2,107,0.8564510114703973,0.48076822813154985,0.1880254657502106,0.8333333333333334,0.06827309236947791,0.0
403,100:3,106,0.7562566297575968,-0.48076822813155096,0.44377676907081387,0.6666666666666666,0.06827309236947791,0.0
404,101:0,101,0.8760107823532927,0.4795381459055954,0.051461401284804476,0.8333333333333334,0.0642570281124498,0.0
405,101:1,96,0.06199012688429896,0.9590762918111921,-0.27627864675823455,1.0,0.0642570281124498,0.0
406,101:2,102,0.10019438171279997,0.961536456263101,-0.25575130332060353,1.0,0.06827309236947791,0.0
407,101:3,107,0.8564510114703973,0.48076822813154985,0.1880254657502106,0.8333333333333334,0.06827309236947791,0.0
408,102:0,102,0.10019438171279997,0.961536456263101,-0.25575130332060353,0.0,0.06827309236947791,0.0
409,102:1,103,-0.756256629757597,0.4807682281315506,-0.4437767690708138,0.16666666666666666,0.06827309236947791,0.0
410,102:2,109,-0.6847204792041748,0.48181826463471517,-0.5468171771468019,0.16666666666666666,0.07228915662650602,0.0
411,102:3,108,0.13296361984031133,0.9636365292694301,-0.23178721978687283,0.0,0.07228915662650602,0.0
412,103:0,103,-0.756256629757597,0.4807682281315506,-0.4437767690708138,0.16666666666666666,0.06827309236947791,0.0
413,103:1,104,-0.8564510114703969,-0.4807682281315503,-0.18802546575021037,0.3333333333333333,0.06827309236947791,0.0
414,103:2,110,-0.8176840990444862,-0.48181826463471483,-0.3150299573599291,0.3333333333333333,0.07228915662650602,0.0
415,103:3,109,-0.6847204792041748,0.48181826463471517,-0.5468171771468019,0.16666666666666666,0.07228915662650602,0.0
416,104:0,104,-0.8564510114703969,-0.4807682281315503,-0.18802546575021037,0.3333333333333333,0.06827309236947791,0.0
417,104:1,105,-0.10019438171280008,-0.961536456263101,0.2557513033206035,0.5,0.06827309236947791,0.0
418,104:2,111,-0.13296361984031144,-0.9636365292694301,0.23178721978687278,0.5,0.07228915662650602,0.0
419,104:3,110,-0.8176840990444862,-0.48181826463471483,-0.3150299573599291,0.3333333333333333,0.07228915662650602,0.0
420,105:0,105,-0.10019438171280008,-0.961536456263101,0.2557513033206035,0.5,0.06827309236947791,0.0
421,105:1,106,0.7562566297575968,-0.48076822813155096,0.44377676907081387,0.6666666666666666,0.06827309236947791,0.0
422,105:2,112,0.6847204792041747,-0.4818182646347155,0.5468171771468019,0.6666666666666666,0.07228915662650602,0.0
423,105:3,111,-0.13296361984031144,-0.9636365292694301,0.23178721978687278,0.5,0.07228915662650602,0.0
424,106:0,106,0.7562566297575968,-0.48076822813155096,0.44377676907081387,0.6666666666666666,0.06827309236947791,0.0
425,106:1,107,0.8564510114703973,0.48076822813154985,0.1880254657502106,0.8333333333333334,0.06827309236947791,0.0
426,106:2,113,0.8176840990444865,0.4818182646347144,0.3150299573599294,0.8333333333333334,0.07228915662650602,0.0
427,106:3,112,0.6847204792041747,-0.4818182646347155,0.5468171771468019,0.6666666666666666,0.07228915662650602,0.0
428,107:0,107,0.8564510114703973,0.48076822813154985,0.1880254657502106,0.8333333333333334,0.06827309236947791,0.0
429,107:1,102,0.10019438171279997,0.961536456263101,-0.25575130332060353,1.0,0.06827309236947791,0.0
430,107:2,108,0.13296361984031133,0.9636365292694301,-0.23178721978687283,1.0,0.07228915662650602,0.0
431,107:3,113,0.8176840990444865,0.4818182646347144,0.3150299573599294,0.8333333333333334,0.07228915662650602,0.0
432,108:0,108,0.13296361984031133,0.9636365292694301,-0.23178721978687283,0.0,0.07228915662650602,0.0
433,108:1,109,-0.6847204792041748,0.48181826463471517,-0.5468171771468019,0.16666666666666666,0.07228915662650602,0.0
434,108:2,115,-0.6028189651162829,0.48285368235630316,-0.6351862850621794,0.16666666666666666,0.07630522088353414,0.0
435,108:3,114,0.15974790243619244,0.9657073647126061,-0.20467020644703163,0.0,0.07630522088353414,0.0
436,109:0,109,-0.6847204792041748,0.48181826463471517,-0.5468171771468019,0.16666666666666666,0.07228915662650602,0.0
437,109:1,110,-0.8176840990444862,-0.48181826463471483,-0.3150299573599291,0.3333333333333333,0.07228915662650602,0.0
438,109:2,116,-0.7625668675524754,-0.4828536823563028,-0.43051607861514796,0.3333333333333333,0.07630522088353414,0.0
439,109:3,115,-0.6028189651162829,0.48285368235630316,-0.6351862850621794,0.16666666666666666,0.07630522088353414,0.0
440,110:0,110,-0.8176840990444862,-0.48181826463471483,-0.3150299573599291,0.3333333333333333,0.07228915662650602,0.0
441,110:1,111,-0.13296361984031144,-0.9636365292694301,0.23178721978687278,0.5,0.07228915662650602,0.0
442,110:2,117,-0.15974790243619252,-0.9657073647126061,0.20467020644703154,0.5,0.07630522088353414,0.0
443,110:3,116,-0.7625668675524754,-0.4828536823563028,-0.43051607861514796,0.3333333333333333,0.07630522088353414,0.0
444,111:0,111,-0.13296361984031144,-0.9636365292694301,0.23178721978687278,0.5,0.07228915662650602,0.0
445,111:1,112,0.6847204792041747,-0.4818182646347155,0.5468171771468019,0.6666666666666666,0.07228915662650602,0.0
446,111:2,118,0.6028189651162829,-0.4828536823563035,0.6351862850621794,0.6666666666666666,0.07630522088353414,0.0
447,111:3,117,-0.15974790243619252,-0.9657073647126061,0.20467020644703154,0.5,0.07630522088353414,0.0
448,112:0,112,0.6847204792041747,-0.4818182646347155,0.5468171771468019,0.6666666666666666,0.07228915662650602,0.0
449,112:1,113,0.8176840990444865,0.4818182646347144,0.3150299573599294,0.8333333333333334,0.07228915662650602,0.0
450,112:2,119,0.7625668675524756,0.4828536823563024,0.4305160786151482,0.8333333333333334,0.07630522088353414,0.0
451,112:3,118,0.6028189651162829,-0.4828536823563035,0.6351862850621794,0.6666666666666666,0.07630522088353414,0.0
452,113:0,113,0.8176840990444865,0.4818182646347144,0.3150299573599294,0.8333333333333334,0.07228915662650602,0.0
453,113:1,108,0.13296361984031133,0.9636365292694301,-0.23178721978687283,1.0,0.07228915662650602,0.0
454,113:2,114,0.15974790243619244,0.9657073647126061,-0.20467020644703163,1.0,0.07630522088353414,0.0
455,113:3,119,0.7625668675524756,0.4828536823563024,0.4305160786151482,0.8333333333333334,0.07630522088353414,0.0
456,114:0,114,0.15974790243619244,0.9657073647126061,-0.20467020644703163,0.0,0.07630522088353414,0.0
457,114:1,115,-0.6028189651162829,0.48285368235630316,-0.6351862850621794,0.16666666666666666,0.07630522088353414,0.0
458,114:2,121,-0.5113385717149384,0.4836972372405229,-0.7103308016427363,0.16666666666666666,0.08032128514056225,0.0
459,114:3,120,0.18198178812129231,0.9673944744810455,-0.17615493048938186,0.0,0.08032128514056225,0.0
460,115:0,115,-0.6028189651162829,0.48285368235630316,-0.6351862850621794,0.16666666666666666,0.07630522088353414,0.0
461,115:1,116,-0.7625668675524754,-0.4828536823563028,-0.43051607861514796,0.3333333333333333,0.07630522088353414,0.0
462,115:2,122,-0.6933203598362306,-0.48369723724052255,-0.5341758711533546,0.3333333333333333,0.08032128514056225,0.0
463,115:3,121,-0.5113385717149384,0.4836972372405229,-0.7103308016427363,0.16666666666666666,0.08032128514056225,0.0
464,116:0,116,-0.7625668675524754,-0.4828536823563028,-0.43051607861514796,0.3333333333333333,0.07630522088353414,0.0
465,116:1,117,-0.15974790243619252,-0.9657073647126061,0.20467020644703154,0.5,0.07630522088353414,0.0
466,116:2,123,-0.1819817881212924,-0.9673944744810455,0.17615493048938177,0.5,0.08032128514056225,0.0
467,116:3,122,-0.6933203598362306,-0.48369723724052255,-0.5341758711533546,0.3333333333333333,0.08032128514056225,0.0
468,117:0,117,-0.15974790243619252,-0.9657073647126061,0.20467020644703154,0.5,0.07630522088353414,0.0
469,117:1,118,0.6028189651162829,-0.4828536823563035,0.6351862850621794,0.6666666666666666,0.07630522088353414,0.0
470,117:2,124,0.5113385717149382,-0.4836972372405232,0.7103308016427363,0.6666666666666666,0.08032128514056225,0.0
471,117:3,123,-0.1819817881212924,-0.9673944744810455,0.17615493048938177,0.5,0.08032128514056225,0.0
472,118:0,118,0.6028189651162829,-0.4828536823563035,0.6351862850621794,0.6666666666666666,0.07630522088353414,0.0
473,118:1,119,0.7625668675524756,0.4828536823563024,0.4305160786151482,0.8333333333333334,0.07630522088353414,0.0
474,118:2,125,0.6933203598362307,0.4836972372405221,0.5341758711533549,0.8333333333333334,0.08032128514056225,0.0
475,118:3,124,0.5113385717149382,-0.4836972372405232,0.7103308016427363,0.6666666666666666,0.08032128514056225,0.0
476,119:0,119,0.7625668675524756,0.4828536823563024,0.4305160786151482,0.8333333333333334,0.07630522088353414,0.0
477,119:1,114,0.15974790243619244,0.9657073647126061,-0.20467020644703163,1.0,0.07630522088353414,0.0
478,119:2,120,0.18198178812129231,0.9673944744810455,-0.17615493048938186,1.0,0.08032128514056225,0.0
479,119:3,125,0.6933203598362307,0.4836972372405221,0.5341758711533549,0.8333333333333334,0.08032128514056225,0.0
480,120:0,120,0.18198178812129231,0.9673944744810455,-0.17615493048938186,0.0,0.08032128514056225,0.0
481,120:1,121,-0.5113385717149384,0.4836972372405229,-0.7103308016427363,0.16666666666666666,0.08032128514056225,0.0
482,120:2,127,-0.41406260224925173,0.48448504627331046,-0.7706013245226915,0.16666666666666666,0.08433734939759036,0.0
483,120:3,126,0.1990238187092405,0.9689700925466207,-0.1465826706557939,0.0,0.08433734939759036,0.0
484,121:0,121,-0.5113385717149384,0.4836972372405229,-0.7103308016427363,0.16666666666666666,0.08032128514056225,0.0
485,121:1,122,-0.6933203598362306,-0.48369723724052255,-0.5341758711533546,0.3333333333333333,0.08032128514056225,0.0
486,121:2,128,-0.6130864209584922,-0.4844850462733101,-0.6240186538668977,0.3333333333333333,0.08433734939759036,0.0
487,121:3,127,-0.41406260224925173,0.48448504627331046,-0.7706013245226915,0.16666666666666666,0.08433734939759036,0.0
488,122:0,122,-0.6933203598362306,-0.48369723724052255,-0.5341758711533546,0.3333333333333333,0.08032128514056225,0.0
489,122:1,123,-0.1819817881212924,-0.9673944744810455,0.17615493048938177,0.5,0.08032128514056225,0.0
490,122:2,129,-0.19902381870924057,-0.9689700925466207,0.14658267065579378,0.5,0.08433734939759036,0.0
491,122:3,128,-0.6130864209584922,-0.4844850462733101,-0.6240186538668977,0.3333333333333333,0.08433734939759036,0.0
492,123:0,123,-0.1819817881212924,-0.9673944744810455,0.17615493048938177,0.5,0.08032128514056225,0.0
493,123:1,124,0.5113385717149382,-0.4836972372405232,0.7103308016427363,0.6666666666666666,0.08032128514056225,0.0
494,123:2,130,0.41406260224925157,-0.4844850462733108,0.7706013245226914,0.6666666666666666,0.08433734939759036,0.0
495,123:3,129,-0.19902381870924057,-0.9689700925466207,0.14658267065579378,0.5,0.08433734939759036,0.0
496,124:0,124,0.5113385717149382,-0.4836972372405232,0.7103308016427363,0.6666666666666666,0.08032128514056225,0.0
497,124:1,125,0.6933203598362307,0.4836972372405221,0.5341758711533549,0.8333333333333334,0.08032128514056225,0.0
498,124:2,131,0.6130864209584923,0.4844850462733097,0.6240186538668979,0.8333333333333334,0.08433734939759036,0.0
499,124:3,130,0.41406260224925157,-0.4844850462733108,0.7706013245226914,0.6666666666666666,0.08433734939759036,0.0
500,125:0,125,0.6933203598362307,0.4836972372405221,0.5341758711533549,0.8333333333333334,0.08032128514056225,0.0
501,125:1,120,0.18198178812129231,0.9673944744810455,-0.17615493048938186,1.0,0.08032128514056225,0.0
502,125:2,126,0.1990238187092405,0.9689700925466207,-0.1465826706557939,1.0,0.08433734939759036,0.0
503,125:3,131,0.6130864209584923,0.4844850462733097,0.6240186538668979,0.8333333333333334,0.08433734939759036,0.0
504,126:0,126,0.1990238187092405,0.9689700925466207,-0.1465826706557939,0.0,0.08433734939759036,0.0
505,126:1,127,-0.41406260224925173,0.48448504627331046,-0.7706013245226915,0.16666666666666666,0.08433734939759036,0.0
506,126:2,133,-0.31222875371147624,0.48520500181497833,-0.8167553560090716,0.16666666666666666,0.08835341365461848,0.0
507,126:3,132,0.2114794627406312,0.9704100036299564,-0.11653695419840829,0.0,0.08835341365461848,0.0
508,127:0,127,-0.41406260224925173,0.48448504627331046,-0.7706013245226915,0.16666666666666666,0.08433734939759036,0.0
509,127:1,128,-0.6130864209584922,-0.4844850462733101,-0.6240186538668977,0.3333333333333333,0.08433734939759036,0.0
510,127:2,134,-0.5237082164521074,-0.485205001814978,-0.7002184018106634,0.3333333333333333,0.08835341365461848,0.0
511,127:3,133,-0.31222875371147624,0.48520500181497833,-0.8167553560090716,0.16666666666666666,0.08835341365461848,0.0
512,128:0,128,-0.6130864209584922,-0.4844850462733101,-0.6240186538668977,0.3333333333333333,0.08433734939759036,0.0
513,128:1,129,-0.19902381870924057,-0.9689700925466207,0.14658267065579378,0.5,0.08433734939759036,0.0
514,128:2,135,-0.21147946274063126,-0.9704100036299564,0.11653695419840818,0.5,0.08835341365461848,0.0
515,128:3,134,-0.5237082164521074,-0.485205001814978,-0.7002184018106634,0.3333333333333333,0.08835341365461848,0.0
516,129:0,129,-0.19902381870924057,-0.9689700925466207,0.14658267065579378,0.5,0.08433734939759036,0.0
517,129:1,130,0.41406260224925157,-0.4844850462733108,0.7706013245226914,0.6666666666666666,0.08433734939759036,0.0
518,129:2,136,0.31222875371147607,-0.48520500181497866,0.8167553560090716,0.6666666666666666,0.08835341365461848,0.0
519,129:3,135,-0.21147946274063126,-0.9704100036299564,0.11653695419840818,0.5,0.08835341365461848,0.0
520,130:0,130,0.41406260224925157,-0.4844850462733108,0.7706013245226914,0.6666666666666666,0.08433734939759036,0.0
521,130:1,131,0.6130864209584923,0.4844850462733097,0.6240186538668979,0.8333333333333334,0.08433734939759036,0.0
522,130:2,137,0.5237082164521075,0.48520500181497755,0.7002184018106639,0.8333333333333334,0.08835341365461848,0.0
523,130:3,136,0.31222875371147607,-0.48520500181497866,0.8167553560090716,0.6666666666666666,0.08835341365461848,0.0
524,131:0,131,0.6130864209584923,0.4844850462733097,0.6240186538668979,0.8333333333333334,0.08433734939759036,0.0
525,131:1,126,0.1990238187092405,0.9689700925466207,-0.1465826706557939,1.0,0.08433734939759036,0.0
526,131:2,132,0.2114794627406312,0.9704100036299564,-0.11653695419840829,1.0,0.08835341365461848,0.0
527,131:3,137,0.5237082164521075,0.48520500181497755,0.7002184018106639,0.8333333333333334,0.08835341365461848,0.0
528,132:0,132,0.2114794627406312,0.9704100036299564,-0.11653695419840829,0.0,0.08835341365461848,0.0
529,132:1,133,-0.31222875371147624,0.48520500181497833,-0.8167553560090716,0.16666666666666666,0.08835341365461848,0.0
530,132:2,139,-0.20753014404468506,0.48581533918915776,-0.8490669558529033,0.16666666666666666,0.09236947791164658,0.0
531,132:3,138,0.22003110774445747,0.9716306783783153,-0.08671872034827173,0.0,0.09236947791164658,0.0
532,133:0,133,-0.31222875371147624,0.48520500181497833,-0.8167553560090716,0.16666666666666666,0.08835341365461848,0.0
533,133:1,134,-0.5237082164521074,-0.485205001814978,-0.7002184018106634,0.3333333333333333,0.08835341365461848,0.0
534,133:2,140,-0.4275612517891425,-0.4858153391891574,-0.7623482355046316,0.3333333333333333,0.09236947791164658,0.0
535,133:3,139,-0.20753014404468506,0.48581533918915776,-0.8490669558529033,0.16666666666666666,0.09236947791164658,0.0
536,134:0,134,-0.5237082164521074,-0.485205001814978,-0.7002184018106634,0.3333333333333333,0.08835341365461848,0.0
537,134:1,135,-0.21147946274063126,-0.9704100036299564,0.11653695419840818,0.5,0.08835341365461848,0.0
538,134:2,141,-0.22003110774445753,-0.9716306783783153,0.08671872034827162,0.5,0.09236947791164658,0.0
539,134:3,140,-0.4275612517891425,-0.4858153391891574,-0.7623482355046316,0.3333333333333333,0.09236947791164658,0.0
540,135:0,135,-0.21147946274063126,-0.9704100036299564,0.11653695419840818,0.5,0.08835341365461848,0.0
541,135:1,136,0.31222875371147607,-0.48520500181497866,0.8167553560090716,0.6666666666666666,0.08835341365461848,0.0
542,135:2,142,0.20753014404468495,-0.4858153391891581,0.8490669558529031,0.6666666666666666,0.09236947791164658,0.0
543,135:3,141,-0.22003110774445753,-0.9716306783783153,0.08671872034827162,0.5,0.09236947791164658,0.0
544,136:0,136,0.31222875371147607,-0.48520500181497866,0.8167553560090716,0.6666666666666666,0.08835341365461848,0.0
545,136:1,137,0.5237082164521075,0.48520500181497755,0.7002184018106639,0.8333333333333334,0.08835341365461848,0.0
546,136:2,143,0.4275612517891426,0.485815339189157,0.762348235504632,0.8333333333333334,0.09236947791164658,0.0
547,136:3,142,0.20753014404468495,-0.4858153391891581,0.8490669558529031,0.6666666666666666,0.09236947791164658,0.0
548,137:0,137,0.5237082164521075,0.48520500181497755,0.7002184018106639,0.8333333333333334,0.08835341365461848,0.0
549,137:1,132,0.2114794627406312,0.9704100036299564,-0.11653695419840829,1.0,0.08835341365461848,0.0
550,137:2,138,0.22003110774445747,0.9716306783783153,-0.08671872034827173,1.0,0.09236947791164658,0.0
551,137:3,143,0.4275612517891426,0.485815339189157,0.762348235504632,0.8333333333333334,0.09236947791164658,0.0
552,138:0,138,0.22003110774445747,0.9716306783783153,-0.08671872034827173,0.0,0.09236947791164658,0.0
553,138:1,139,-0.20753014404468506,0.48581533918915776,-0.8490669558529033,0.16666666666666666,0.09236947791164658,0.0
554,138:2,145,-0.10282094454157442,0.4864281833118129,-0.8676493968438795,0.16666666666666666,0.0963855421686747,0.0
555,138:3,144,0.22417149435183809,0.9728563666236256,-0.05742500361290099,0.0,0.0963855421686747,0.0
556,139:0,139,-0.20753014404468506,0.48581533918915776,-0.8490669558529033,0.16666666666666666,0.09236947791164658,0.0
557,139:1,140,-0.4275612517891425,-0.4858153391891574,-0.7623482355046316,0.3333333333333333,0.09236947791164658,0.0
558,139:2,146,-0.3269924388934125,-0.4864281833118126,-0.8102243932309787,0.3333333333333333,0.0963855421686747,0.0
559,139:3,145,-0.10282094454157442,0.4864281833118129,-0.8676493968438795,0.16666666666666666,0.0963855421686747,0.0
560,140:0,140,-0.4275612517891425,-0.4858153391891574,-0.7623482355046316,0.3333333333333333,0.09236947791164658,0.0
561,140:1,141,-0.22003110774445753,-0.9716306783783153,0.08671872034827162,0.5,0.09236947791164658,0.0
562,140:2,147,-0.2241714943518381,-0.9728563666236256,0.05742500361290087,0.5,0.0963855421686747,0.0
563,140:3,146,-0.3269924388934125,-0.4864281833118126,-0.8102243932309787,0.3333333333333333,0.0963855421686747,0.0
564,141:0,141,-0.22003110774445753,-0.9716306783783153,0.08671872034827162,0.5,0.09236947791164658,0.0
565,141:1,142,0.20753014404468495,-0.4858153391891581,0.8490669558529031,0.6666666666666666,0.09236947791164658,0.0
566,141:2,148,0.10282094454157432,-0.48642818331181326,0.8676493968438794,0.6666666666666666,0.0963855421686747,0.0
567,141:3,147,-0.2241714943518381,-0.9728563666236256,0.05742500361290087,0.5,0.0963855421686747,0.0
568,142:0,142,0.20753014404468495,-0.4858153391891581,0.8490669558529031,0.6666666666666666,0.09236947791164658,0.0
569,142:1,143,0.4275612517891426,0.485815339189157,0.762348235504632,0.8333333333333334,0.09236947791164658,0.0
570,142:2,149,0.3269924388934125,0.48642818331181215,0.8102243932309791,0.8333333333333334,0.0963855421686747,0.0
571,142:3,148,0.10282094454157432,-0.48642818331181326,0.8676493968438794,0.6666666666666666,0.0963855421686747,0.0
572,143:0,143,0.4275612517891426,0.485815339189157,0.762348235504632,0.8333333333333334,0.09236947791164658,0.0
573,143:1,138,0.22003110774445747,0.9716306783783153,-0.08671872034827173,1.0,0.09236947791164658,0.0
574,143:2,144,0.22417149435183809,0.9728563666236256,-0.05742500361290099,1.0,0.0963855421686747,0.0
575,143:3,149,0.3269924388934125,0.48642818331181215,0.8102243932309791,0.8333333333333334,0.0963855421686747,0.0
576,144:0,144,0.22417149435183809,0.9728563666236256,-0.05742500361290099,0.0,0.0963855421686747,0.0
577,144:1,145,-0.10282094454157442,0.4864281833118129,-0.8676493968438795,0.16666666666666666,0.0963855421686747,0.0
578,144:2,151,0.001846918081043869,0.486941026553607,-0.8734328969946812,0.16666666666666666,0.10040160642570281,0.0
579,144:3,150,0.22519027395755364,0.9738820531072138,-0.029035963056182015,0.0,0.10040160642570281,0.0
580,145:0,145,-0.10282094454157442,0.4864281833118129,-0.8676493968438795,0.16666666666666666,0.0963855421686747,0.0
581,145:1,146,-0.3269924388934125,-0.4864281833118126,-0.8102243932309787,0.3333333333333333,0.0963855421686747,0.0
582,145:2,152,-0.22334335587650977,-0.48694102655360666,-0.8443969339384992,0.3333333333333333,0.10040160642570281,0.0
583,145:3,151,0.001846918081043869,0.486941026553607,-0.8734328969946812,0.16666666666666666,0.10040160642570281,0.0
584,146:0,146,-0.3269924388934125,-0.4864281833118126,-0.8102243932309787,0.3333333333333333,0.0963855421686747,0.0
585,146:1,147,-0.2241714943518381,-0.9728563666236256,0.05742500361290087,0.5,0.0963855421686747,0.0
586,146:2,153,-0.22519027395755367,-0.9738820531072138,0.029035963056181894,0.5,0.10040160642570281,0.0
587,146:3,152,-0.22334335587650977,-0.48694102655360666,-0.8443969339384992,0.3333333333333333,0.10040160642570281,0.0
588,147:0,147,-0.2241714943518381,-0.9728563666236256,0.05742500361290087,0.5,0.0963855421686747,0.0
589,147:1,148,0.10282094454157432,-0.48642818331181326,0.8676493968438794,0.6666666666666666,0.0963855421686747,0.0
590,147:2,154,-0.0018469180810439523,-0.4869410265536073,0.8734328969946811,0.6666666666666666,0.10040160642570281,0.0
591,147:3,153,-0.22519027395755367,-0.9738820531072138,0.029035963056181894,0.5,0.10040160642570281,0.0
592,148:0,148,0.10282094454157432,-0.48642818331181326,0.8676493968438794,0.6666666666666666,0.0963855421686747,0.0
593,148:1,149,0.3269924388934125,0.48642818331181215,0.8102243932309791,0.8333333333333334,0.0963855421686747,0.0
594,148:2,155,0.22334335587650972,0.4869410265536062,0.8443969339384996,0.8333333333333334,0.10040160642570281,0.0
595,148:3,154,-0.0018469180810439523,-0.4869410265536073,0.8734328969946811,0.6666666666666666,0.10040160642570281,0.0
596,149:0,149,0.3269924388934125,0.48642818331181215,0.8102243932309791,0.8333333333333334,0.0963855421686747,0.0
597,149:1,144,0.22417149435183809,0.9728563666236256,-0.05742500361290099,1.0,0.0963855421686747,0.0
598,149:2,150,0.22519027395755364,0.9738820531072138,-0.029035963056182015,1.0,0.10040160642570281,0.0
599,149:3,155,0.22334335587650972,0.4869410265536062,0.8443969339384996,0.8333333333333334,0.10040160642570281,0.0
600,150:0,150,0.22519027395755364,0.9738820531072138,-0.029035963056182015,0.0,0.10040160642570281,0.0
601,150:1,151,0.001846918081043869,0.486941026553607,-0.8734328969946812,0.16666666666666666,0.10040160642570281,0.0
602,150:2,157,0.10371327251638685,0.48744735515871873,-0.8669709528310113,0.16666666666666666,0.10441767068273092,0.0
603,150:3,156,0.22265774130063296,0.9748947103174372,-0.001958068941757642,0.0,0.10441767068273092,0.0
604,151:0,151,0.001846918081043869,0.486941026553607,-0.8734328969946812,0.16666666666666666,0.10040160642570281,0.0
605,151:1,152,-0.22334335587650977,-0.48694102655360666,-0.8443969339384992,0.3333333333333333,0.10040160642570281,0.0
606,151:2,158,-0.1189444687842461,-0.4874473551587184,-0.8650128838892539,0.3333333333333333,0.10441767068273092,0.0
607,151:3,157,0.10371327251638685,0.48744735515871873,-0.8669709528310113,0.16666666666666666,0.10441767068273092,0.0
608,152:0,152,-0.22334335587650977,-0.48694102655360666,-0.8443969339384992,0.3333333333333333,0.10040160642570281,0.0
609,152:1,153,-0.22519027395755367,-0.9738820531072138,0.029035963056181894,0.5,0.10040160642570281,0.0
610,152:2,159,-0.22265774130063296,-0.9748947103174372,0.0019580689417575195,0.5,0.10441767068273092,0.0
611,152:3,158,-0.1189444687842461,-0.4874473551587184,-0.8650128838892539,0.3333333333333333,0.10441767068273092,0.0
612,153:0,153,-0.22519027395755367,-0.9738820531072138,0.029035963056181894,0.5,0.10040160642570281,0.0
613,153:1,154,-0.0018469180810439523,-0.4869410265536073,0.8734328969946811,0.6666666666666666,0.10040160642570281,0.0
614,153:2,160,-0.10371327251638691,-0.48744735515871906,0.8669709528310112,0.6666666666666666,0.10441767068273092,0.0
615,153:3,159,-0.22265774130063296,-0.9748947103174372,0.0019580689417575195,0.5,0.10441767068273092,0.0
616,154:0,154,-0.0018469180810439523,-0.4869410265536073,0.8734328969946811,0.6666666666666666,0.10040160642570281,0.0
617,154:1,155,0.22334335587650972,0.4869410265536062,0.8443969339384996,0.8333333333333334,0.10040160642570281,0.0
618,154:2,161,0.118944468784246,0.48744735515871795,0.8650128838892542,0.8333333333333334,0.10441767068273092,0.0
619,154:3,160,-0.10371327251638691,-0.48744735515871906,0.8669709528310112,0.6666666666666666,0.10441767068273092,0.0
620,155:0,155,0.22334335587650972,0.4869410265536062,0.8443969339384996,0.8333333333333334,0.10040160642570281,0.0
621,155:1,150,0.22519027395755364,0.9738820531072138,-0.029035963056182015,1.0,0.10040160642570281,0.0
622,155:2,156,0.22265774130063296,0.9748947103174372,-0.001958068941757642,1.0,0.10441767068273092,0.0
623,155:3,161,0.118944468784246,0.48744735515871795,0.8650128838892542,0.8333333333333334,0.10441767068273092,0.0
624,156:0,156,0.22265774130063296,0.9748947103174372,-0.001958068941757642,0.0,0.10441767068273092,0.0
625,156:1,157,0.10371327251638685,0.48744735515871873,-0.8669709528310113,0.16666666666666666,0.10441767068273092,0.0
626,156:2,163,0.20265464820367507,0.48788969357951256,-0.8490552046011697,0.16666666666666666,0.10843373493975904,0.0
627,156:3,162,0.21746664128508905,0.9757793871590249,0.02372440776374203,0.0,0.10843373493975904,0.0
628,157:0,157,0.10371327251638685,0.48744735515871873,-0.8669709528310113,0.16666666666666666,0.10441767068273092,0.0
629,157:1,158,-0.1189444687842461,-0.4874473551587184,-0.8650128838892539,0.3333333333333333,0.10441767068273092,0.0
630,157:2,164,-0.014811993081413954,-0.48788969357951223,-0.8727796123649117,0.3333333333333333,0.10843373493975904,0.0
631,157:3,163,0.20265464820367507,0.48788969357951256,-0.8490552046011697,0.16666666666666666,0.10843373493975904,0.0
632,158:0,158,-0.1189444687842461,-0.4874473551587184,-0.8650128838892539,0.3333333333333333,0.10441767068273092,0.0
633,158:1,159,-0.22265774130063296,-0.9748947103174372,0.0019580689417575195,0.5,0.10441767068273092,0.0
634,158:2,165,-0.21746664128508905,-0.9757793871590249,-0.023724407763742152,0.5,0.10843373493975904,0.0
635,158:3,164,-0.014811993081413954,-0.48788969357951223,-0.8727796123649117,0.3333333333333333,0.10843373493975904,0.0
636,159:0,159,-0.22265774130063296,-0.9748947103174372,0.0019580689417575195,0.5,0.10441767068273092,0.0
637,159:1,160,-0.10371327251638691,-0.48744735515871906,0.8669709528310112,0.6666666666666666,0.10441767068273092,0.0
638,159:2,166,-0.20265464820367513,-0.4878896935795129,0.8490552046011696,0.6666666666666666,0.10843373493975904,0.0
639,159:3,165,-0.21746664128508905,-0.9757793871590249,-0.023724407763742152,0.5,0.10843373493975904,0.0
640,160:0,160,-0.10371327251638691,-0.48744735515871906,0.8669709528310112,0.6666666666666666,0.10441767068273092,0.0
641,160:1,161,0.118944468784246,0.48744735515871795,0.8650128838892542,0.8333333333333334,0.10441767068273092,0.0
642,160:2,167,0.014811993081413816,0.4878896935795118,0.8727796123649121,0.8333333333333334,0.10843373493975904,0.0
643,160:3,166,-0.20265464820367513,-0.4878896935795129,0.8490552046011696,0.6666666666666666,0.10843373493975904,0.0
644,161:0,161,0.118944468784246,0.48744735515871795,0.8650128838892542,0.8333333333333334,0.10441767068273092,0.0
645,161:1,156,0.22265774130063296,0.9748947103174372,-0.001958068941757642,1.0,0.10441767068273092,0.0
646,161:2,162,0.21746664128508905,0.9757793871590249,0.02372440776374203,1.0,0.10843373493975904,0.0
647,161:3,167,0.014811993081413816,0.4878896935795118,0.8727796123649121,0.8333333333333334,0.10843373493975904,0.0
648,162:0,162,0.21746664128508905,0.9757793871590249,0.02372440776374203,0.0,0.10843373493975904,0.0
649,162:1,163,0.20265464820367507,0.48788969357951256,-0.8490552046011697,0.16666666666666666,0.10843373493975904,0.0
650,162:2,169,0.29687878190822703,0.4883113860033872,-0.8206186563514983,0.16666666666666666,0.11244979919678715,0.0
651,162:3,168,0.20960668490242335,0.9766227720067742,0.04767597761997838,0.0,0.11244979919678715,0.0
652,163:0,163,0.20265464820367507,0.48788969357951256,-0.8490552046011697,0.16666666666666666,0.10843373493975904,0.0
653,163:1,164,-0.014811993081413954,-0.48788969357951223,-0.8727796123649117,0.3333333333333333,0.10843373493975904,0.0
654,163:2,170,0.08727209700580373,-0.48831138600338686,-0.8682946339714768,0.3333333333333333,0.11244979919678715,0.0
655,163:3,169,0.29687878190822703,0.4883113860033872,-0.8206186563514983,0.16666666666666666,0.11244979919678715,0.0
656,164:0,164,-0.014811993081413954,-0.48788969357951223,-0.8727796123649117,0.3333333333333333,0.10843373493975904,0.0
657,164:1,165,-0.21746664128508905,-0.9757793871590249,-0.023724407763742152,0.5,0.10843373493975904,0.0
658,164:2,171,-0.20960668490242332,-0.9766227720067742,-0.0476759776199785,0.5,0.11244979919678715,0.0
659,164:3,170,0.08727209700580373,-0.48831138600338686,-0.8682946339714768,0.3333333333333333,0.11244979919678715,0.0
660,165:0,165,-0.21746664128508905,-0.9757793871590249,-0.023724407763742152,0.5,0.10843373493975904,0.0
661,165:1,166,-0.20265464820367513,-0.4878896935795129,0.8490552046011696,0.6666666666666666,0.10843373493975904,0.0
662,165:2,172,-0.2968787819082271,-0.4883113860033875,0.8206186563514982,0.6666666666666666,0.11244979919678715,0.0
663,165:3,171,-0.20960668490242332,-0.9766227720067742,-0.0476759776199785,0.5,0.11244979919678715,0.0
664,166:0,166,-0.20265464820367513,-0.4878896935795129,0.8490552046011696,0.6666666666666666,0.10843373493975904,0.0
665,166:1,167,0.014811993081413816,0.4878896935795118,0.8727796123649121,0.8333333333333334,0.10843373493975904,0.0
666,166:2,173,-0.0872720970058039,0.4883113860033864,0.868294633971477,0.8333333333333334,0.11244979919678715,0.0
667,166:3,172,-0.2968787819082271,-0.4883113860033875,0.8206186563514982,0.6666666666666666,0.11244979919678715,0.0
668,167:0,167,0.014811993081413816,0.4878896935795118,0.8727796123649121,0.8333333333333334,0.10843373493975904,0.0
669,167:1,162,0.21746664128508905,0.9757793871590249,0.02372440776374203,1.0,0.10843373493975904,0.0
670,167:2,168,0.20960668490242335,0.9766227720067742,0.04767597761997838,1.0,0.11244979919678715,0.0
671,167:3,173,-0.0872720970058039,0.4883113860033864,0.868294633971477,0.8333333333333334,0.11244979919678715,0.0
672,168:0,168,0.20960668490242335,0.9766227720067742,0.04767597761997838,0.0,0.11244979919678715,0.0
673,168:1,169,0.29687878190822703,0.4883113860033872,-0.8206186563514983,0.16666666666666666,0.11244979919678715,0.0
674,168:2,175,0.38589566412736453,0.48869330620511053,-0.7824726122223183,0.16666666666666666,0.11646586345381527,0.0
675,168:3,174,0.19958760811050366,0.9773866124102208,0.06985840371781306,0.0,0.11646586345381527,0.0
676,169:0,169,0.29687878190822703,0.4883113860033872,-0.8206186563514983,0.16666666666666666,0.11244979919678715,0.0
677,169:1,170,0.08727209700580373,-0.48831138600338686,-0.8682946339714768,0.3333333333333333,0.11244979919678715,0.0
678,169:2,176,0.18630805601686096,-0.4886933062051102,-0.8523310159401315,0.3333333333333333,0.11646586345381527,0.0
679,169:3,175,0.38589566412736453,0.48869330620511053,-0.7824726122223183,0.16666666666666666,0.11646586345381527,0.0
680,170:0,170,0.08727209700580373,-0.48831138600338686,-0.8682946339714768,0.3333333333333333,0.11244979919678715,0.0
681,170:1,171,-0.20960668490242332,-0.9766227720067742,-0.0476759776199785,0.5,0.11244979919678715,0.0
682,170:2,177,-0.19958760811050363,-0.9773866124102208,-0.06985840371781317,0.5,0.11646586345381527,0.0
683,170:3,176,0.18630805601686096,-0.4886933062051102,-0.8523310159401315,0.3333333333333333,0.11646586345381527,0.0
684,171:0,171,-0.20960668490242332,-0.9766227720067742,-0.0476759776199785,0.5,0.11244979919678715,0.0
685,171:1,172,-0.2968787819082271,-0.4883113860033875,0.8206186563514982,0.6666666666666666,0.11244979919678715,0.0
686,171:2,178,-0.3858956641273646,-0.48869330620511087,0.7824726122223182,0.6666666666666666,0.11646586345381527,0.0
687,171:3,177,-0.19958760811050363,-0.9773866124102208,-0.06985840371781317,0.5,0.11646586345381527,0.0
688,172:0,172,-0.2968787819082271,-0.4883113860033875,0.8206186563514982,0.6666666666666666,0.11244979919678715,0.0
689,172:1,173,-0.0872720970058039,0.4883113860033864,0.868294633971477,0.8333333333333334,0.11244979919678715,0.0
690,172:2,179,-0.18630805601686118,0.48869330620510976,0.8523310159401317,0.8333333333333334,0.11646586345381527,0.0
691,172:3,178,-0.3858956641273646,-0.48869330620511087,0.7824726122223182,0.6666666666666666,0.11646586345381527,0.0
692,173:0,173,-0.0872720970058039,0.4883113860033864,0.868294633971477,0.8333333333333334,0.11244979919678715,0.0
693,173:1,168,0.20960668490242335,0.9766227720067742,0.04767597761997838,1.0,0.11244979919678715,0.0
694,173:2,174,0.19958760811050366,0.9773866124102208,0.06985840371781306,1.0,0.11646586345381527,0.0
695,173:3,179,-0.18630805601686118,0.48869330620510976,0.8523310159401317,0.8333333333333334,0.11646586345381527,0.0
696,174:0,174,0.19958760811050366,0.9773866124102208,0.06985840371781306,0.0,0.11646586345381527,0.0
697,174:1,175,0.38589566412736453,0.48869330620511053,-0.7824726122223183,0.16666666666666666,0.11646586345381527,0.0
698,174:2,181,0.4687146416395045,0.4890527097043198,-0.7356181290884649,0.16666666666666666,0.12048192771084337,0.0
699,174:3,180,0.187597566401297,0.9781054194086394,0.09009407085796832,0.0,0.12048192771084337,0.0
700,175:0,175,0.38589566412736453,0.48869330620511053,-0.7824726122223183,0.16666666666666666,0.11646586345381527,0.0
701,175:1,176,0.18630805601686096,-0.4886933062051102,-0.8523310159401315,0.3333333333333333,0.11646586345381527,0.0
702,175:2,182,0.28111707523820756,-0.48905270970431947,-0.8257121999464333,0.3333333333333333,0.12048192771084337,0.0
703,175:3,181,0.4687146416395045,0.4890527097043198,-0.7356181290884649,0.16666666666666666,0.12048192771084337,0.0
704,176:0,176,0.18630805601686096,-0.4886933062051102,-0.8523310159401315,0.3333333333333333,0.11646586345381527,0.0
705,176:1,177,-0.19958760811050363,-0.9773866124102208,-0.06985840371781317,0.5,0.11646586345381527,0.0
706,176:2,183,-0.18759756640129693,-0.9781054194086394,-0.09009407085796843,0.5,0.12048192771084337,0.0
707,176:3,182,0.28111707523820756,-0.48905270970431947,-0.8257121999464333,0.3333333333333333,0.12048192771084337,0.0
708,177:0,177,-0.19958760811050363,-0.9773866124102208,-0.06985840371781317,0.5,0.11646586345381527,0.0
709,177:1,178,-0.3858956641273646,-0.48869330620511087,0.7824726122223182,0.6666666666666666,0.11646586345381527,0.0
710,177:2,184,-0.4687146416395045,-0.48905270970432013,0.7356181290884647,0.6666666666666666,0.12048192771084337,0.0
711,177:3,183,-0.18759756640129693,-0.9781054194086394,-0.09009407085796843,0.5,0.12048192771084337,0.0
712,178:0,178,-0.3858956641273646,-0.48869330620511087,0.7824726122223182,0.6666666666666666,0.11646586345381527,0.0
713,178:1,179,-0.18630805601686118,0.48869330620510976,0.8523310159401317,0.8333333333333334,0.11646586345381527,0.0
714,178:2,185,-0.2811170752382078,0.489052709704319,0.8257121999464335,0.8333333333333334,0.12048192771084337,0.0
715,178:3,184,-0.4687146416395045,-0.48905270970432013,0.7356181290884647,0.6666666666666666,0.12048192771084337,0.0
716,179:0,179,-0.18630805601686118,0.48869330620510976,0.8523310159401317,0.8333333333333334,0.11646586345381527,0.0
717,179:1,174,0.19958760811050366,0.9773866124102208,0.06985840371781306,1.0,0.11646586345381527,0.0
718,179:2,180,0.187597566401297,0.9781054194086394,0.09009407085796832,1.0,0.12048192771084337,0.0
719,179:3,185,-0.2811170752382078,0.489052709704319,0.8257121999464335,0.8333333333333334,0.12048192771084337,0.0
720,180:0,180,0.187597566401297,0.9781054194086394,0.09009407085796832,0.0,0.12048192771084337,0.0
721,180:1,181,0.4687146416395045,0.4890527097043198,-0.7356181290884649,0.16666666666666666,0.12048192771084337,0.0
722,180:2,187,0.5447260465926786,0.4893845089966348,-0.6810112601988557,0.16666666666666666,0.12449799196787148,0.0
723,180:3,186,0.17399796055491076,0.9787690179932694,0.1083324473056103,0.0,0.12449799196787148,0.0
724,181:0,181,0.4687146416395045,0.4890527097043198,-0.7356181290884649,0.16666666666666666,0.12048192771084337,0.0
725,181:1,182,0.28111707523820756,-0.48905270970431947,-0.8257121999464333,0.3333333333333333,0.12048192771084337,0.0
726,181:2,188,0.37072808603776797,-0.4893845089966345,-0.7893437075044661,0.3333333333333333,0.12449799196787148,0.0
727,181:3,187,0.5447260465926786,0.4893845089966348,-0.6810112601988557,0.16666666666666666,0.12449799196787148,0.0
728,182:0,182,0.28111707523820756,-0.48905270970431947,-0.8257121999464333,0.3333333333333333,0.12048192771084337,0.0
729,182:1,183,-0.18759756640129693,-0.9781054194086394,-0.09009407085796843,0.5,0.12048192771084337,0.0
730,182:2,189,-0.1739979605549107,-0.9787690179932694,-0.1083324473056104,0.5,0.12449799196787148,0.0
731,182:3,188,0.37072808603776797,-0.4893845089966345,-0.7893437075044661,0.3333333333333333,0.12449799196787148,0.0
732,183:0,183,-0.18759756640129693,-0.9781054194086394,-0.09009407085796843,0.5,0.12048192771084337,0.0
733,183:1,184,-0.4687146416395045,-0.48905270970432013,0.7356181290884647,0.6666666666666666,0.12048192771084337,0.0
734,183:2,190,-0.5447260465926786,-0.48938450899663516,0.6810112601988557,0.6666666666666666,0.12449799196787148,0.0
735,183:3,189,-0.1739979605549107,-0.9787690179932694,-0.1083324473056104,0.5,0.12449799196787148,0.0
736,184:0,184,-0.4687146416395045,-0.48905270970432013,0.7356181290884647,0.6666666666666666,0.12048192771084337,0.0
737,184:1,185,-0.2811170752382078,0.489052709704319,0.8257121999464335,0.8333333333333334,0.12048192771084337,0.0
738,184:2,191,-0.3707280860377682,0.48938450899663405,0.7893437075044665,0.8333333333333334,0.12449799196787148,0.0
739,184:3,190,-0.5447260465926786,-0.48938450899663516,0.6810112601988557,0.6666666666666666,0.12449799196787148,0.0
740,185:0,185,-0.2811170752382078,0.489052709704319,0.8257121999464335,0.8333333333333334,0.12048192771084337,0.0
741,185:1,180,0.187597566401297,0.9781054194086394,0.09009407085796832,1.0,0.12048192771084337,0.0
742,185:2,186,0.17399796055491076,0.9787690179932694,0.1083324473056103,1.0,0.12449799196787148,0.0
743,185:3,191,-0.3707280860377682,0.48938450899663405,0.7893437075044665,0.8333333333333334,0.12449799196787148,0.0
744,186:0,186,0.17399796055491076,0.9787690179932694,0.1083324473056103,0.0,0.12449799196787148,0.0
745,186:1,187,0.5447260465926786,0.4893845089966348,-0.6810112601988557,0.16666666666666666,0.12449799196787148,0.0
746,186:2,193,0.6134896580625852,0.48969438216892086,-0.619540032219429,0.16666666666666666,0.1285140562248996,0.0
747,186:3,192,0.1590195757259275,0.9793887643378415,0.12454084801679256,0.0,0.1285140562248996,0.0
748,187:0,187,0.5447260465926786,0.4893845089966348,-0.6810112601988557,0.16666666666666666,0.12449799196787148,0.0
749,187:1,188,0.37072808603776797,-0.4893845089966345,-0.7893437075044661,0.3333333333333333,0.12449799196787148,0.0
750,187:2,194,0.45447008233665764,-0.48969438216892053,-0.7440808802362217,0.3333333333333333,0.1285140562248996,0.0
751,187:3,193,0.6134896580625852,0.48969438216892086,-0.619540032219429,0.16666666666666666,0.1285140562248996,0.0
752,188:0,188,0.37072808603776797,-0.4893845089966345,-0.7893437075044661,0.3333333333333333,0.12449799196787148,0.0
753,188:1,189,-0.1739979605549107,-0.9787690179932694,-0.1083324473056104,0.5,0.12449799196787148,0.0
754,188:2,195,-0.15901957572592743,-0.9793887643378415,-0.12454084801679266,0.5,0.1285140562248996,0.0
755,188:3,194,0.45447008233665764,-0.48969438216892053,-0.7440808802362217,0.3333333333333333,0.1285140562248996,0.0
756,189:0,189,-0.1739979605549107,-0.9787690179932694,-0.1083324473056104,0.5,0.12449799196787148,0.0
757,189:1,190,-0.5447260465926786,-0.48938450899663516,0.6810112601988557,0.6666666666666666,0.12449799196787148,0.0
758,189:2,196,-0.613489658062585,-0.4896943821689212,0.619540032219429,0.6666666666666666,0.1285140562248996,0.0
759,189:3,195,-0.15901957572592743,-0.9793887643378415,-0.12454084801679266,0.5,0.1285140562248996,0.0
760,190:0,190,-0.5447260465926786,-0.48938450899663516,0.6810112601988557,0.6666666666666666,0.12449799196787148,0.0
761,190:1,191,-0.3707280860377682,0.48938450899663405,0.7893437075044665,0.8333333333333334,0.12449799196787148,0.0
762,190:2,197,-0.4544700823366579,0.4896943821689201,0.7440808802362219,0.8333333333333334,0.1285140562248996,0.0
763,190:3,196,-0.613489658062585,-0.4896943821689212,0.619540032219429,0.6666666666666666,0.1285140562248996,0.0
764,191:0,191,-0.3707280860377682,0.48938450899663405,0.7893437075044665,0.8333333333333334,0.12449799196787148,0.0
765,191:1,186,0.17399796055491076,0.9787690179932694,0.1083324473056103,1.0,0.12449799196787148,0.0
766,191:2,192,0.1590195757259275,0.9793887643378415,0.12454084801679256,1.0,0.1285140562248996,0.0
767,191:3,197,-0.4544700823366579,0.4896943821689201,0.7440808802362219,0.8333333333333334,0.1285140562248996,0.0
768,192:0,192,0.1590195757259275,0.9793887643378415,0.12454084801679256,0.0,0.1285140562248996,0.0
769,192:1,193,0.6134896580625852,0.48969438216892086,-0.619540032219429,0.16666666666666666,0.1285140562248996,0.0
770,192:2,199,0.6743990389627194,0.4899864289869567,-0.5523578872929857,0.16666666666666666,0.13253012048192772,0.0
771,192:3,198,0.1429460327013045,0.9799728579739132,0.1386348778965745,0.0,0.13253012048192772,0.0
772,193:0,193,0.6134896580625852,0.48969438216892086,-0.619540032219429,0.16666666666666666,0.1285140562248996,0.0
773,193:1,194,0.45447008233665764,-0.48969438216892053,-0.7440808802362217,0.3333333333333333,0.1285140562248996,0.0
774,193:2,200,0.5314530062614149,-0.4899864289869564,-0.6909927651895603,0.3333333333333333,0.13253012048192772,0.0
775,193:3,199,0.6743990389627194,0.4899864289869567,-0.5523578872929857,0.16666666666666666,0.13253012048192772,0.0
776,194:0,194,0.45447008233665764,-0.48969438216892053,-0.7440808802362217,0.3333333333333333,0.1285140562248996,0.0
777,194:1,195,-0.15901957572592743,-0.9793887643378415,-0.12454084801679266,0.5,0.1285140562248996,0.0
778,194:2,201,-0.1429460327013044,-0.9799728579739132,-0.13863487789657458,0.5,0.13253012048192772,0.0
779,194:3,200,0.5314530062614149,-0.4899864289869564,-0.6909927651895603,0.3333333333333333,0.13253012048192772,0.0
780,195:0,195,-0.15901957572592743,-0.9793887643378415,-0.12454084801679266,0.5,0.1285140562248996,0.0
781,195:1,196,-0.613489658062585,-0.4896943821689212,0.619540032219429,0.6666666666666666,0.1285140562248996,0.0
782,195:2,202,-0.6743990389627192,-0.48998642898695705,0.5523578872929855,0.6666666666666666,0.13253012048192772,0.0
783,195:3,201,-0.1429460327013044,-0.9799728579739132,-0.13863487789657458,0.5,0.13253012048192772,0.0
784,196:0,196,-0.613489658062585,-0.4896943821689212,0.619540032219429,0.6666666666666666,0.1285140562248996,0.0
785,196:1,197,-0.4544700823366579,0.4896943821689201,0.7440808802362219,0.8333333333333334,0.1285140562248996,0.0
786,196:2,203,-0.5314530062614151,0.48998642898695594,0.6909927651895604,0.8333333333333334,0.13253012048192772,0.0
787,196:3,202,-0.6743990389627192,-0.48998642898695705,0.5523578872929855,0.6666666666666666,0.13253012048192772,0.0
788,197:0,197,-0.4544700823366579,0.4896943821689201,0.7440808802362219,0.8333333333333334,0.1285140562248996,0.0
789,197:1,192,0.1590195757259275,0.9793887643378415,0.12454084801679256,1.0,0.1285140562248996,0.0
790,197:2,198,0.1429460327013045,0.9799728579739132,0.1386348778965745,1.0,0.13253012048192772,0.0
791,197:3,203,-0.5314530062614151,0.48998642898695594,0.6909927651895604,0.8333333333333334,0.13253012048192772,0.0
792,198:0,198,0.1429460327013045,0.9799728579739132,0.1386348778965745,0.0,0.13253012048192772,0.0
793,198:1,199,0.6743990389627194,0.4899864289869567,-0.5523578872929857,0.16666666666666666,0.13253012048192772,0.0
794,198:2,205,0.7274377907044067,0.4902539579121158,-0.480088864072681,0.16666666666666666,0.13654618473895583,0.0
795,198:3,204,0.12602001422802664,0.9805079158242314,0.15074210765406637,0.0,0.13654618473895583,0.0
796,199:0,199,0.6743990389627194,0.4899864289869567,-0.5523578872929857,0.16666666666666666,0.13253012048192772,0.0
797,199:1,200,0.5314530062614149,-0.4899864289869564,-0.6909927651895603,0.3333333333333333,0.13253012048192772,0.0
798,199:2,206,0.6014177764763803,-0.49025395791211546,-0.6308309717267474,0.3333333333333333,0.13654618473895583,0.0
799,199:3,205,0.7274377907044067,0.4902539579121158,-0.480088864072681,0.16666666666666666,0.13654618473895583,0.0
800,200:0,200,0.5314530062614149,-0.4899864289869564,-0.6909927651895603,0.3333333333333333,0.13253012048192772,0.0
801,200:1,201,-0.1429460327013044,-0.9799728579739132,-0.13863487789657458,0.5,0.13253012048192772,0.0
802,200:2,207,-0.12602001422802656,-0.9805079158242314,-0.15074210765406645,0.5,0.13654618473895583,0.0
803,200:3,206,0.6014177764763803,-0.49025395791211546,-0.6308309717267474,0.3333333333333333,0.13654618473895583,0.0
804,201:0,201,-0.1429460327013044,-0.9799728579739132,-0.13863487789657458,0.5,0.13253012048192772,0.0
805,201:1,202,-0.6743990389627192,-0.48998642898695705,0.5523578872929855,0.6666666666666666,0.13253012048192772,0.0
806,201:2,208,-0.7274377907044067,-0.4902539579121161,0.4800888640726809,0.6666666666666666,0.13654618473895583,0.0
807,201:3,207,-0.12602001422802656,-0.9805079158242314,-0.15074210765406645,0.5,0.13654618473895583,0.0
808,202:0,202,-0.6743990389627192,-0.48998642898695705,0.5523578872929855,0.6666666666666666,0.13253012048192772,0.0
809,202:1,203,-0.5314530062614151,0.48998642898695594,0.6909927651895604,0.8333333333333334,0.13253012048192772,0.0
810,202:2,209,-0.6014177764763805,0.490253957912115,0.6308309717267476,0.8333333333333334,0.13654618473895583,0.0
811,202:3,208,-0.7274377907044067,-0.4902539579121161,0.4800888640726809,0.6666666666666666,0.13654618473895583,0.0
812,203:0,203,-0.5314530062614151,0.48998642898695594,0.6909927651895604,0.8333333333333334,0.13253012048192772,0.0
813,203:1,198,0.1429460327013045,0.9799728579739132,0.1386348778965745,1.0,0.13253012048192772,0.0
814,203:2,204,0.12602001422802664,0.9805079158242314,0.15074210765406637,1.0,0.13654618473895583,0.0
815,203:3,209,-0.6014177764763805,0.490253957912115,0.6308309717267476,0.8333333333333334,0.13654618473895583,0.0
816,204:0,204,0.12602001422802664,0.9805079158242314,0.15074210765406637,0.0,0.13654618473895583,0.0
817,204:1,205,0.7274377907044067,0.4902539579121158,-0.480088864072681,0.16666666666666666,0.13654618473895583,0.0
818,204:2,211,0.7720263363073901,0.49051671032913546,-0.4041889322280758,0.16666666666666666,0.14056224899598393,0.0
819,204:3,210,0.10844802973019768,0.9810334206582707,0.16066254199150087,0.0,0.14056224899598393,0.0
820,205:0,205,0.7274377907044067,0.4902539579121158,-0.480088864072681,0.16666666666666666,0.13654618473895583,0.0
821,205:1,206,0.6014177764763803,-0.49025395791211546,-0.6308309717267474,0.3333333333333333,0.13654618473895583,0.0
822,205:2,212,0.6635783065771924,-0.49051671032913513,-0.5648514742195767,0.3333333333333333,0.14056224899598393,0.0
823,205:3,211,0.7720263363073901,0.49051671032913546,-0.4041889322280758,0.16666666666666666,0.14056224899598393,0.0
824,206:0,206,0.6014177764763803,-0.49025395791211546,-0.6308309717267474,0.3333333333333333,0.13654618473895583,0.0
825,206:1,207,-0.12602001422802656,-0.9805079158242314,-0.15074210765406645,0.5,0.13654618473895583,0.0
826,206:2,213,-0.10844802973019758,-0.9810334206582707,-0.16066254199150093,0.5,0.14056224899598393,0.0
827,206:3,212,0.6635783065771924,-0.49051671032913513,-0.5648514742195767,0.3333333333333333,0.14056224899598393,0.0
828,207:0,207,-0.12602001422802656,-0.9805079158242314,-0.15074210765406645,0.5,0.13654618473895583,0.0
829,207:1,208,-0.7274377907044067,-0.4902539579121161,0.4800888640726809,0.6666666666666666,0.13654618473895583,0.0
830,207:2,214,-0.77202633630739,-0.4905167103291358,0.40418893222807567,0.6666666666666666,0.14056224899598393,0.0
831,207:3,213,-0.10844802973019758,-0.9810334206582707,-0.16066254199150093,0.5,0.14056224899598393,0.0
832,208:0,208,-0.7274377907044067,-0.4902539579121161,0.4800888640726809,0.6666666666666666,0.13654618473895583,0.0
833,208:1,209,-0.6014177764763805,0.490253957912115,0.6308309717267476,0.8333333333333334,0.13654618473895583,0.0
834,208:2,215,-0.6635783065771929,0.4905167103291347,0.5648514742195767,0.8333333333333334,0.14056224899598393,0.0
835,208:3,214,-0.77202633630739,-0.4905167103291358,0.40418893222807567,0.6666666666666666,0.14056224899598393,0.0
836,209:0,209,-0.6014177764763805,0.490253957912115,0.6308309717267476,0.8333333333333334,0.13654618473895583,0.0
837,209:1,204,0.12602001422802664,0.9805079158242314,0.15074210765406637,1.0,0.13654618473895583,0.0
838,209:2,210,0.10844802973019768,0.9810334206582707,0.16066254199150087,1.0,0.14056224899598393,0.0
839,209:3,215,-0.6635783065771929,0.4905167103291347,0.5648514742195767,0.8333333333333334,0.14056224899598393,0.0
840,210:0,210,0.10844802973019768,0.9810334206582707,0.16066254199150087,0.0,0.14056224899598393,0.0
841,210:1,211,0.7720263363073901,0.49051671032913546,-0.4041889322280758,0.16666666666666666,0.14056224899598393,0.0
842,210:2,217,0.8084867332088013,0.4907456083799695,-0.32483526606748575,0.16666666666666666,0.14457831325301204,0.0
843,210:3,216,0.09049315017999056,0.9814912167599388,0.16877790493307007,0.0,0.14457831325301204,0.0
844,211:0,211,0.7720263363073901,0.49051671032913546,-0.4041889322280758,0.16666666666666666,0.14056224899598393,0.0
845,211:1,212,0.6635783065771924,-0.49051671032913513,-0.5648514742195767,0.3333333333333333,0.14056224899598393,0.0
846,211:2,218,0.7179935830288108,-0.49074560837996917,-0.49361317100055585,0.3333333333333333,0.14457831325301204,0.0
847,211:3,217,0.8084867332088013,0.4907456083799695,-0.32483526606748575,0.16666666666666666,0.14457831325301204,0.0
848,212:0,212,0.6635783065771924,-0.49051671032913513,-0.5648514742195767,0.3333333333333333,0.14056224899598393,0.0
849,212:1,213,-0.10844802973019758,-0.9810334206582707,-0.16066254199150093,0.5,0.14056224899598393,0.0
850,212:2,219,-0.09049315017999045,-0.9814912167599388,-0.16877790493307013,0.5,0.14457831325301204,0.0
851,212:3,218,0.7179935830288108,-0.49074560837996917,-0.49361317100055585,0.3333333333333333,0.14457831325301204,0.0
852,213:0,213,-0.10844802973019758,-0.9810334206582707,-0.16066254199150093,0.5,0.14056224899598393,0.0
853,213:1,214,-0.77202633630739,-0.4905167103291358,0.40418893222807567,0.6666666666666666,0.14056224899598393,0.0
854,213:2,220,-0.8084867332088012,-0.49074560837996983,0.32483526606748564,0.6666666666666666,0.14457831325301204,0.0
855,213:3,219,-0.09049315017999045,-0.9814912167599388,-0.16877790493307013,0.5,0.14457831325301204,0.0
856,214:0,214,-0.77202633630739,-0.4905167103291358,0.40418893222807567,0.6666666666666666,0.14056224899598393,0.0
857,214:1,215,-0.6635783065771929,0.4905167103291347,0.5648514742195767,0.8333333333333334,0.14056224899598393,0.0
858,214:2,221,-0.7179935830288112,0.4907456083799687,0.49361317100055596,0.8333333333333334,0.14457831325301204,0.0
859,214:3,220,-0.8084867332088012,-0.49074560837996983,0.32483526606748564,0.6666666666666666,0.14457831325301204,0.0
860,215:0,215,-0.6635783065771929,0.4905167103291347,0.5648514742195767,0.8333333333333334,0.14056224899598393,0.0
861,215:1,210,0.10844802973019768,0.9810334206582707,0.16066254199150087,1.0,0.14056224899598393,0.0
862,215:2,216,0.09049315017999056,0.9814912167599388,0.16877790493307007,1.0,0.14457831325301204,0.0
863,215:3,221,-0.7179935830288112,0.4907456083799687,0.49361317100055596,0.8333333333333334,0.14457831325301204,0.0
864,216:0,216,0.09049315017999056,0.9814912167599388,0.16877790493307007,0.0,0.14457831325301204,0.0
865,216:1,217,0.8084867332088013,0.4907456083799695,-0.32483526606748575,0.16666666666666666,0.14457831325301204,0.0
866,216:2,223,0.8363379468620395,0.4909890065244291,-0.24386191607289293,0.16666666666666666,0.14859437751004015,0.0
867,216:3,222,0.07227369943466766,0.981978013048858,0.17463016422899066,0.0,0.14859437751004015,0.0
868,217:0,217,0.8084867332088013,0.4907456083799695,-0.32483526606748575,0.16666666666666666,0.14457831325301204,0.0
869,217:1,218,0.7179935830288108,-0.49074560837996917,-0.49361317100055585,0.3333333333333333,0.14457831325301204,0.0
870,217:2,224,0.764064247427372,-0.4909890065244288,-0.41849208030188356,0.3333333333333333,0.14859437751004015,0.0
871,217:3,223,0.8363379468620395,0.4909890065244291,-0.24386191607289293,0.16666666666666666,0.14859437751004015,0.0
872,218:0,218,0.7179935830288108,-0.49074560837996917,-0.49361317100055585,0.3333333333333333,0.14457831325301204,0.0
873,218:1,219,-0.09049315017999045,-0.9814912167599388,-0.16877790493307013,0.5,0.14457831325301204,0.0
874,218:2,225,-0.07227369943466755,-0.981978013048858,-0.17463016422899072,0.5,0.14859437751004015,0.0
875,218:3,224,0.764064247427372,-0.4909890065244288,-0.41849208030188356,0.3333333333333333,0.14859437751004015,0.0
876,219:0,219,-0.09049315017999045,-0.9814912167599388,-0.16877790493307013,0.5,0.14457831325301204,0.0
877,219:1,220,-0.8084867332088012,-0.49074560837996983,0.32483526606748564,0.6666666666666666,0.14457831325301204,0.0
878,219:2,226,-0.8363379468620394,-0.49098900652442945,0.24386191607289281,0.6666666666666666,0.14859437751004015,0.0
879,219:3,225,-0.07227369943466755,-0.981978013048858,-0.17463016422899072,0.5,0.14859437751004015,0.0
880,220:0,220,-0.8084867332088012,-0.49074560837996983,0.32483526606748564,0.6666666666666666,0.14457831325301204,0.0
881,220:1,221,-0.7179935830288112,0.4907456083799687,0.49361317100055596,0.8333333333333334,0.14457831325301204,0.0
882,220:2,227,-0.7640642474273723,0.49098900652442834,0.4184920803018837,0.8333333333333334,0.14859437751004015,0.0
883,220:3,226,-0.8363379468620394,-0.49098900652442945,0.24386191607289281,0.6666666666666666,0.14859437751004015,0.0
884,221:0,221,-0.7179935830288112,0.4907456083799687,0.49361317100055596,0.8333333333333334,0.14457831325301204,0.0
885,221:1,216,0.09049315017999056,0.9814912167599388,0.16877790493307007,1.0,0.14457831325301204,0.0
886,221:2,222,0.07227369943466766,0.981978013048858,0.17463016422899066,1.0,0.14859437751004015,0.0
887,221:3,227,-0.7640642474273723,0.49098900652442834,0.4184920803018837,0.8333333333333334,0.14859437751004015,0.0
888,222:0,222,0.07227369943466766,0.981978013048858,0.17463016422899066,0.0,0.14859437751004015,0.0
889,222:1,223,0.8363379468620395,0.4909890065244291,-0.24386191607289293,0.16666666666666666,0.14859437751004015,0.0
890,222:2,229,0.8560594764905365,0.4911814408955349,-0.16094398041099497,0.16666666666666666,0.15261044176706828,0.0
891,222:3,228,0.05407308734365726,0.9823628817910696,0.1789951667064509,0.0,0.15261044176706828,0.0
892,223:0,223,0.8363379468620395,0.4909890065244291,-0.24386191607289293,0.16666666666666666,0.14859437751004015,0.0
893,223:1,224,0.764064247427372,-0.4909890065244288,-0.41849208030188356,0.3333333333333333,0.14859437751004015,0.0
894,223:2,230,0.8019863891468794,-0.49118144089553456,-0.3399391471174459,0.3333333333333333,0.15261044176706828,0.0
895,223:3,229,0.8560594764905365,0.4911814408955349,-0.16094398041099497,0.16666666666666666,0.15261044176706828,0.0
896,224:0,224,0.764064247427372,-0.4909890065244288,-0.41849208030188356,0.3333333333333333,0.14859437751004015,0.0
897,224:1,225,-0.07227369943466755,-0.981978013048858,-0.17463016422899072,0.5,0.14859437751004015,0.0
898,224:2,231,-0.05407308734365714,-0.9823628817910696,-0.17899516670645094,0.5,0.15261044176706828,0.0
899,224:3,230,0.8019863891468794,-0.49118144089553456,-0.3399391471174459,0.3333333333333333,0.15261044176706828,0.0
900,225:0,225,-0.07227369943466755,-0.981978013048858,-0.17463016422899072,0.5,0.14859437751004015,0.0
901,225:1,226,-0.8363379468620394,-0.49098900652442945,0.24386191607289281,0.6666666666666666,0.14859437751004015,0.0
902,225:2,232,-0.8560594764905364,-0.4911814408955352,0.1609439804109949,0.6666666666666666,0.15261044176706828,0.0
903,225:3,231,-0.05407308734365714,-0.9823628817910696,-0.17899516670645094,0.5,0.15261044176706828,0.0
904,226:0,226,-0.8363379468620394,-0.49098900652442945,0.24386191607289281,0.6666666666666666,0.14859437751004015,0.0
905,226:1,227,-0.7640642474273723,0.49098900652442834,0.4184920803018837,0.8333333333333334,0.14859437751004015,0.0
906,226:2,233,-0.8019863891468797,0.4911814408955341,0.33993914711744594,0.8333333333333334,0.15261044176706828,0.0
907,226:3,232,-0.8560594764905364,-0.4911814408955352,0.1609439804109949,0.6666666666666666,0.15261044176706828,0.0
908,227:0,227,-0.7640642474273723,0.49098900652442834,0.4184920803018837,0.8333333333333334,0.14859437751004015,0.0
909,227:1,222,0.07227369943466766,0.981978013048858,0.17463016422899066,1.0,0.14859437751004015,0.0
910,227:2,228,0.05407308734365726,0.9823628817910696,0.1789951667064509,1.0,0.15261044176706828,0.0
911,227:3,233,-0.8019863891468797,0.4911814408955341,0.33993914711744594,0.8333333333333334,0.15261044176706828,0.0
912,228:0,228,0.05407308734365726,0.9823628817910696,0.1789951667064509,0.0,0.15261044176706828,0.0
913,228:1,229,0.8560594764905365,0.4911814408955349,-0.16094398041099497,0.16666666666666666,0.15261044176706828,0.0
914,228:2,235,0.8674270573921911,0.49140057736780374,-0.07807542933928409,0.16666666666666666,0.1566265060240964,0.0
915,228:3,234,0.03596024888234338,0.9828011547356073,0.18113186012040172,0.0,0.1566265060240964,0.0
916,229:0,229,0.8560594764905365,0.4911814408955349,-0.16094398041099497,0.16666666666666666,0.15261044176706828,0.0
917,229:1,230,0.8019863891468794,-0.49118144089553456,-0.3399391471174459,0.3333333333333333,0.15261044176706828,0.0
918,229:2,236,0.8314668085098478,-0.4914005773678034,-0.2592072894596858,0.3333333333333333,0.1566265060240964,0.0
919,229:3,235,0.8674270573921911,0.49140057736780374,-0.07807542933928409,0.16666666666666666,0.1566265060240964,0.0
920,230:0,230,0.8019863891468794,-0.49118144089553456,-0.3399391471174459,0.3333333333333333,0.15261044176706828,0.0
921,230:1,231,-0.05407308734365714,-0.9823628817910696,-0.17899516670645094,0.5,0.15261044176706828,0.0
922,230:2,237,-0.03596024888234326,-0.9828011547356073,-0.18113186012040175,0.5,0.1566265060240964,0.0
923,230:3,236,0.8314668085098478,-0.4914005773678034,-0.2592072894596858,0.3333333333333333,0.1566265060240964,0.0
924,231:0,231,-0.05407308734365714,-0.9823628817910696,-0.17899516670645094,0.5,0.15261044176706828,0.0
925,231:1,232,-0.8560594764905364,-0.4911814408955352,0.1609439804109949,0.6666666666666666,0.15261044176706828,0.0
926,231:2,238,-0.867427057392191,-0.49140057736780407,0.07807542933928399,0.6666666666666666,0.1566265060240964,0.0
927,231:3,237,-0.03596024888234326,-0.9828011547356073,-0.18113186012040175,0.5,0.1566265060240964,0.0
928,232:0,232,-0.8560594764905364,-0.4911814408955352,0.1609439804109949,0.6666666666666666,0.15261044176706828,0.0
929,232:1,233,-0.8019863891468797,0.4911814408955341,0.33993914711744594,0.8333333333333334,0.15261044176706828,0.0
930,232:2,239,-0.8314668085098481,0.49140057736780296,0.2592072894596858,0.8333333333333334,0.1566265060240964,0.0
931,232:3,238,-0.867427057392191,-0.49140057736780407,0.07807542933928399,0.6666666666666666,0.1566265060240964,0.0
932,233:0,233,-0.8019863891468797,0.4911814408955341,0.33993914711744594,0.8333333333333334,0.15261044176706828,0.0
933,233:1,228,0.05407308734365726,0.9823628817910696,0.1789951667064509,1.0,0.15261044176706828,0.0
934,233:2,234,0.03596024888234338,0.9828011547356073,0.18113186012040172,1.0,0.1566265060240964,0.0
935,233:3,239,-0.8314668085098481,0.49140057736780296,0.2592072894596858,0.8333333333333334,0.1566265060240964,0.0
936,234:0,234,0.03596024888234338,0.9828011547356073,0.18113186012040172,0.0,0.1566265060240964,0.0
937,234:1,235,0.8674270573921911,0.49140057736780374,-0.07807542933928409,0.16666666666666666,0.1566265060240964,0.0
938,234:2,241,0.8708229043611383,0.49157208456942103,0.004935069615094295,0.16666666666666666,0.1606425702811245,0.0
939,234:3,240,0.018162068869633886,0.9831441691388418,0.18192768327737033,0.0,0.1606425702811245,0.0
940,235:0,235,0.8674270573921911,0.49140057736780374,-0.07807542933928409,0.16666666666666666,0.1566265060240964,0.0
941,235:1,236,0.8314668085098478,-0.4914005773678034,-0.2592072894596858,0.3333333333333333,0.1566265060240964,0.0
942,235:2,242,0.8526608354915046,-0.4915720845694207,-0.176992613662276,0.3333333333333333,0.1606425702811245,0.0
943,235:3,241,0.8708229043611383,0.49157208456942103,0.004935069615094295,0.16666666666666666,0.1606425702811245,0.0
944,236:0,236,0.8314668085098478,-0.4914005773678034,-0.2592072894596858,0.3333333333333333,0.1566265060240964,0.0
945,236:1,237,-0.03596024888234326,-0.9828011547356073,-0.18113186012040175,0.5,0.1566265060240964,0.0
946,236:2,243,-0.018162068869633764,-0.9831441691388418,-0.18192768327737033,0.5,0.1606425702811245,0.0
947,236:3,242,0.8526608354915046,-0.4915720845694207,-0.176992613662276,0.3333333333333333,0.1606425702811245,0.0
948,237:0,237,-0.03596024888234326,-0.9828011547356073,-0.18113186012040175,0.5,0.1566265060240964,0.0
949,237:1,238,-0.867427057392191,-0.49140057736780407,0.07807542933928399,0.6666666666666666,0.1566265060240964,0.0
950,237:2,244,-0.8708229043611383,-0.49157208456942136,-0.0049350696150943785,0.6666666666666666,0.1606425702811245,0.0
951,237:3,243,-0.018162068869633764,-0.9831441691388418,-0.18192768327737033,0.5,0.1606425702811245,0.0
952,238:0,238,-0.867427057392191,-0.49140057736780407,0.07807542933928399,0.6666666666666666,0.1566265060240964,0.0
953,238:1,239,-0.8314668085098481,0.49140057736780296,0.2592072894596858,0.8333333333333334,0.1566265060240964,0.0
954,238:2,245,-0.852660835491505,0.49157208456942025,0.17699261366227598,0.8333333333333334,0.1606425702811245,0.0
955,238:3,244,-0.8708229043611383,-0.49157208456942136,-0.0049350696150943785,0.6666666666666666,0.1606425702811245,0.0
956,239:0,239,-0.8314668085098481,0.49140057736780296,0.2592072894596858,0.8333333333333334,0.1566265060240964,0.0
957,239:1,234,0.03596024888234338,0.9828011547356073,0.18113186012040172,1.0,0.1566265060240964,0.0
958,239:2,240,0.018162068869633886,0.9831441691388418,0.18192768327737033,1.0,0.1606425702811245,0.0
959,239:3,245,-0.852660835491505,0.49157208456942025,0.17699261366227598,0.8333333333333334,0.1606425702811245,0.0
960,240:0,240,0.018162068869633886,0.9831441691388418,0.18192768327737033,0.0,0.1606425702811245,0.0
961,240:1,241,0.8708229043611383,0.49157208456942103,0.004935069615094295,0.16666666666666666,0.1606425702811245,0.0
962,240:2,247,0.8663900546781386,0.49176159513161866,0.08682630193909115,0.16666666666666666,0.1646586345381526,0.0
963,240:3,246,0.0007439684428611219,0.9835231902632371,0.18078047661564695,0.0,0.1646586345381526,0.0
964,241:0,241,0.8708229043611383,0.49157208456942103,0.004935069615094295,0.16666666666666666,0.1606425702811245,0.0
965,241:1,242,0.8526608354915046,-0.4915720845694207,-0.176992613662276,0.3333333333333333,0.1606425702811245,0.0
966,241:2,248,0.8656460862352775,-0.4917615951316183,-0.09395417467655577,0.3333333333333333,0.1646586345381526,0.0
967,241:3,247,0.8663900546781386,0.49176159513161866,0.08682630193909115,0.16666666666666666,0.1646586345381526,0.0
968,242:0,242,0.8526608354915046,-0.4915720845694207,-0.176992613662276,0.3333333333333333,0.1606425702811245,0.0
969,242:1,243,-0.018162068869633764,-0.9831441691388418,-0.18192768327737033,0.5,0.1606425702811245,0.0
970,242:2,249,-0.0007439684428609994,-0.9835231902632371,-0.18078047661564695,0.5,0.1646586345381526,0.0
971,242:3,248,0.8656460862352775,-0.4917615951316183,-0.09395417467655577,0.3333333333333333,0.1646586345381526,0.0
972,243:0,243,-0.018162068869633764,-0.9831441691388418,-0.18192768327737033,0.5,0.1606425702811245,0.0
973,243:1,244,-0.8708229043611383,-0.49157208456942136,-0.0049350696150943785,0.6666666666666666,0.1606425702811245,0.0
974,243:2,250,-0.8663900546781385,-0.491761595131619,-0.08682630193909122,0.6666666666666666,0.1646586345381526,0.0
975,243:3,249,-0.0007439684428609994,-0.9835231902632371,-0.18078047661564695,0.5,0.1646586345381526,0.0
976,244:0,244,-0.8708229043611383,-0.49157208456942136,-0.0049350696150943785,0.6666666666666666,0.1606425702811245,0.0
977,244:1,245,-0.852660835491505,0.49157208456942025,0.17699261366227598,0.8333333333333334,0.1606425702811245,0.0
978,244:2,251,-0.8656460862352778,0.4917615951316179,0.09395417467655569,0.8333333333333334,0.1646586345381526,0.0
979,244:3,250,-0.8663900546781385,-0.491761595131619,-0.08682630193909122,0.6666666666666666,0.1646586345381526,0.0
980,245:0,245,-0.852660835491505,0.49157208456942025,0.17699261366227598,0.8333333333333334,0.1606425702811245,0.0
981,245:1,240,0.018162068869633886,0.9831441691388418,0.18192768327737033,1.0,0.1606425702811245,0.0
982,245:2,246,0.0007439684428611219,0.9835231902632371,0.18078047661564695,1.0,0.1646586345381526,0.0
983,245:3,251,-0.8656460862352778,0.4917615951316179,0.09395417467655569,0.8333333333333334,0.1646586345381526,0.0
984,246:0,246,0.0007439684428611219,0.9835231902632371,0.18078047661564695,0.0,0.1646586345381526,0.0
985,246:1,247,0.8663900546781386,0.49176159513161866,0.08682630193909115,0.16666666666666666,0.1646586345381526,0.0
986,246:2,253,0.8544913226446521,0.49192732876334694,0.16688943268149437,0.16666666666666666,0.1686746987951807,0.0
987,246:3,252,-0.016070866399732965,0.9838546575266937,0.1782462906099147,0.0,0.1686746987951807,0.0
988,247:0,247,0.8663900546781386,0.49176159513161866,0.08682630193909115,0.16666666666666666,0.1646586345381526,0.0
989,247:1,248,0.8656460862352775,-0.4917615951316183,-0.09395417467655577,0.3333333333333333,0.1646586345381526,0.0
990,247:2,254,0.8705621890443851,-0.4919273287633466,-0.01135685792842031,0.3333333333333333,0.1686746987951807,0.0
991,247:3,253,0.8544913226446521,0.49192732876334694,0.16688943268149437,0.16666666666666666,0.1686746987951807,0.0
992,248:0,248,0.8656460862352775,-0.4917615951316183,-0.09395417467655577,0.3333333333333333,0.1646586345381526,0.0
993,248:1,249,-0.0007439684428609994,-0.9835231902632371,-0.18078047661564695,0.5,0.1646586345381526,0.0
994,248:2,255,0.016070866399733087,-0.9838546575266937,-0.1782462906099147,0.5,0.1686746987951807,0.0
995,248:3,254,0.8705621890443851,-0.4919273287633466,-0.01135685792842031,0.3333333333333333,0.1686746987951807,0.0
996,249:0,249,-0.0007439684428609994,-0.9835231902632371,-0.18078047661564695,0.5,0.1646586345381526,0.0
997,249:1,250,-0.8663900546781385,-0.491761595131619,-0.08682630193909122,0.6666666666666666,0.1646586345381526,0.0
998,249:2,256,-0.854491322644652,-0.49192732876334727,-0.16688943268149442,0.6666666666666666,0.1686746987951807,0.0
999,249:3,255,0.016070866399733087,-0.9838546575266937,-0.1782462906099147,0.5,0.1686746987951807,0.0
1000,250:0,250,-0.8663900546781385,-0.491761595131619,-0.08682630193909122,0.6666666666666666,0.1646586345381526,0.0
1001,250:1,251,-0.8656460862352778,0.4917615951316179,0.09395417467655569,0.8333333333333334,0.1646586345381526,0.0
1002,250:2,257,-0.8705621890443854,0.49192732876334616,0.0113568579284202,0.8333333333333334,0.1686746987951807,0.0
1003,250:3,256,-0.854491322644652,-0.49192732876334727,-0.16688943268149442,0.6666666666666666,0.1686746987951807,0.0
1004,251:0,251,-0.8656460862352778,0.4917615951316179,0.09395417467655569,0.8333333333333334,0.1646586345381526,0.0
1005,251:1,246,0.0007439684428611219,0.9835231902632371,0.18078047661564695,1.0,0.1646586345381526,0.0
1006,251:2,252,-0.016070866399732965,0.9838546575266937,0.1782462906099147,1.0,0.1686746987951807,0.0
1007,251:3,257,-0.8705621890443854,0.49192732876334616,0.0113568579284202,0.8333333333333334,0.1686746987951807,0.0
1008,252:0,252,-0.016070866399732965,0.9838546575266937,0.1782462906099147,0.0,0.1686746987951807,0.0
1009,252:1,253,0.8544913226446521,0.49192732876334694,0.16688943268149437,0.16666666666666666,0.1686746987951807,0.0
1010,252:2,259,0.835326863564346,0.49208484177645706,0.24511535957910052,0.16666666666666666,0.17269076305220885,0.0
1011,252:3,258,-0.03233163774298633,0.9841696835529139,0.17425469628166007,0.0,0.17269076305220885,0.0
1012,253:0,253,0.8544913226446521,0.49192732876334694,0.16688943268149437,0.16666666666666666,0.1686746987951807,0.0
1013,253:1,254,0.8705621890443851,-0.4919273287633466,-0.01135685792842031,0.3333333333333333,0.1686746987951807,0.0
1014,253:2,260,0.8676585013073325,-0.4920848417764567,0.07086066329744047,0.3333333333333333,0.17269076305220885,0.0
1015,253:3,259,0.835326863564346,0.49208484177645706,0.24511535957910052,0.16666666666666666,0.17269076305220885,0.0
1016,254:0,254,0.8705621890443851,-0.4919273287633466,-0.01135685792842031,0.3333333333333333,0.1686746987951807,0.0
1017,254:1,255,0.016070866399733087,-0.9838546575266937,-0.1782462906099147,0.5,0.1686746987951807,0.0
1018,254:2,261,0.03233163774298645,-0.9841696835529139,-0.17425469628166004,0.5,0.17269076305220885,0.0
1019,254:3,260,0.8676585013073325,-0.4920848417764567,0.07086066329744047,0.3333333333333333,0.17269076305220885,0.0
1020,255:0,255,0.016070866399733087,-0.9838546575266937,-0.1782462906099147,0.5,0.1686746987951807,0.0
1021,255:1,256,-0.854491322644652,-0.49192732876334727,-0.16688943268149442,0.6666666666666666,0.1686746987951807,0.0
1022,255:2,262,-0.8353268635643459,-0.4920848417764574,-0.24511535957910055,0.6666666666666666,0.17269076305220885,0.0
1023,255:3,261,0.03233163774298645,-0.9841696835529139,-0.17425469628166004,0.5,0.17269076305220885,0.0
1024,256:0,256,-0.854491322644652,-0.49192732876334727,-0.16688943268149442,0.6666666666666666,0.1686746987951807,0.0
1025,256:1,257,-0.8705621890443854,0.49192732876334616,0.0113568579284202,0.8333333333333334,0.1686746987951807,0.0
1026,256:2,263,-0.8676585013073328,0.4920848417764563,-0.07086066329744062,0.8333333333333334,0.17269076305220885,0.0
1027,256:3,262,-0.8353268635643459,-0.4920848417764574,-0.24511535957910055,0.6666666666666666,0.17269076305220885,0.0
1028,257:0,257,-0.8705621890443854,0.49192732876334616,0.0113568579284202,0.8333333333333334,0.1686746987951807,0.0
1029,257:1,252,-0.016070866399732965,0.9838546575266937,0.1782462906099147,1.0,0.1686746987951807,0.0
1030,257:2,258,-0.03233163774298633,0.9841696835529139,0.17425469628166007,1.0,0.17269076305220885,0.0
1031,257:3,263,-0.8676585013073328,0.4920848417764563,-0.07086066329744062,0.8333333333333334,0.17269076305220885,0.0
1032,258:0,258,-0.03233163774298633,0.9841696835529139,0.17425469628166007,0.0,0.17269076305220885,0.0
1033,258:1,259,0.835326863564346,0.49208484177645706,0.24511535957910052,0.16666666666666666,0.17269076305220885,0.0
1034,258:2,265,0.8095946723854908,0.4922560462458648,0.3197506080985914,0.16666666666666666,0.17670682730923695,0.0
1035,258:3,264,-0.047652443542448394,0.9845120924917293,0.16871628363021257,0.0,0.17670682730923695,0.0
1036,259:0,259,0.835326863564346,0.49208484177645706,0.24511535957910052,0.16666666666666666,0.17269076305220885,0.0
1037,259:1,260,0.8676585013073325,-0.4920848417764567,0.07086066329744047,0.3333333333333333,0.17269076305220885,0.0
1038,259:2,266,0.8572471159279392,-0.49225604624586444,0.1510343244683789,0.3333333333333333,0.17670682730923695,0.0
1039,259:3,265,0.8095946723854908,0.4922560462458648,0.3197506080985914,0.16666666666666666,0.17670682730923695,0.0
1040,260:0,260,0.8676585013073325,-0.4920848417764567,0.07086066329744047,0.3333333333333333,0.17269076305220885,0.0
1041,260:1,261,0.03233163774298645,-0.9841696835529139,-0.17425469628166004,0.5,0.17269076305220885,0.0
1042,260:2,267,0.04765244354244851,-0.9845120924917293,-0.16871628363021254,0.5,0.17670682730923695,0.0
1043,260:3,266,0.8572471159279392,-0.49225604624586444,0.1510343244683789,0.3333333333333333,0.17670682730923695,0.0
1044,261:0,261,0.03233163774298645,-0.9841696835529139,-0.17425469628166004,0.5,0.17269076305220885,0.0
1045,261:1,262,-0.8353268635643459,-0.4920848417764574,-0.24511535957910055,0.6666666666666666,0.17269076305220885,0.0
1046,261:2,268,-0.8095946723854907,-0.4922560462458651,-0.3197506080985914,0.6666666666666666,0.17670682730923695,0.0
1047,261:3,267,0.04765244354244851,-0.9845120924917293,-0.16871628363021254,0.5,0.17670682730923695,0.0
1048,262:0,262,-0.8353268635643459,-0.4920848417764574,-0.24511535957910055,0.6666666666666666,0.17269076305220885,0.0
1049,262:1,263,-0.8676585013073328,0.4920848417764563,-0.07086066329744062,0.8333333333333334,0.17269076305220885,0.0
1050,262:2,269,-0.8572471159279395,0.492256046245864,-0.15103432446837906,0.8333333333333334,0.17670682730923695,0.0
1051,262:3,268,-0.8095946723854907,-0.4922560462458651,-0.3197506080985914,0.6666666666666666,0.17670682730923695,0.0
1052,263:0,263,-0.8676585013073328,0.4920848417764563,-0.07086066329744062,0.8333333333333334,0.17269076305220885,0.0
1053,263:1,258,-0.03233163774298633,0.9841696835529139,0.17425469628166007,1.0,0.17269076305220885,0.0
1054,263:2,264,-0.047652443542448394,0.9845120924917293,0.16871628363021257,1.0,0.17670682730923695,0.0
1055,263:3,269,-0.8572471159279395,0.492256046245864,-0.15103432446837906,0.8333333333333334,0.17670682730923695,0.0
1056,264:0,264,-0.047652443542448394,0.9845120924917293,0.16871628363021257,0.0,0.17670682730923695,0.0
1057,264:1,265,0.8095946723854908,0.4922560462458648,0.3197506080985914,0.16666666666666666,0.17670682730923695,0.0
1058,264:2,271,0.77713809595323,0.49237908803518754,0.39194287017858265,0.16666666666666666,0.18072289156626506,0.0
1059,264:3,270,-0.06241390750943274,0.9847581760703749,0.16234481455208977,0.0,0.18072289156626506,0.0
1060,265:0,265,0.8095946723854908,0.4922560462458648,0.3197506080985914,0.16666666666666666,0.17670682730923695,0.0
1061,265:1,266,0.8572471159279392,-0.49225604624586444,0.1510343244683789,0.3333333333333333,0.17670682730923695,0.0
1062,265:2,272,0.8395520034626629,-0.4923790880351872,0.22959805562649294,0.3333333333333333,0.18072289156626506,0.0
1063,265:3,271,0.77713809595323,0.49237908803518754,0.39194287017858265,0.16666666666666666,0.18072289156626506,0.0
1064,266:0,266,0.8572471159279392,-0.49225604624586444,0.1510343244683789,0.3333333333333333,0.17670682730923695,0.0
1065,266:1,267,0.04765244354244851,-0.9845120924917293,-0.16871628363021254,0.5,0.17670682730923695,0.0
1066,266:2,273,0.06241390750943285,-0.9847581760703749,-0.1623448145520897,0.5,0.18072289156626506,0.0
1067,266:3,272,0.8395520034626629,-0.4923790880351872,0.22959805562649294,0.3333333333333333,0.18072289156626506,0.0
1068,267:0,267,0.04765244354244851,-0.9845120924917293,-0.16871628363021254,0.5,0.17670682730923695,0.0
1069,267:1,268,-0.8095946723854907,-0.4922560462458651,-0.3197506080985914,0.6666666666666666,0.17670682730923695,0.0
1070,267:2,274,-0.7771380959532299,-0.4923790880351879,-0.39194287017858265,0.6666666666666666,0.18072289156626506,0.0
1071,267:3,273,0.06241390750943285,-0.9847581760703749,-0.1623448145520897,0.5,0.18072289156626506,0.0
1072,268:0,268,-0.8095946723854907,-0.4922560462458651,-0.3197506080985914,0.6666666666666666,0.17670682730923695,0.0
1073,268:1,269,-0.8572471159279395,0.492256046245864,-0.15103432446837906,0.8333333333333334,0.17670682730923695,0.0
1074,268:2,275,-0.8395520034626631,0.49237908803518676,-0.22959805562649313,0.8333333333333334,0.18072289156626506,0.0
1075,268:3,274,-0.7771380959532299,-0.4923790880351879,-0.39194287017858265,0.6666666666666666,0.18072289156626506,0.0
1076,269:0,269,-0.8572471159279395,0.492256046245864,-0.15103432446837906,0.8333333333333334,0.17670682730923695,0.0
1077,269:1,264,-0.047652443542448394,0.9845120924917293,0.16871628363021257,1.0,0.17670682730923695,0.0
1078,269:2,270,-0.06241390750943274,0.9847581760703749,0.16234481455208977,1.0,0.18072289156626506,0.0
1079,269:3,275,-0.8395520034626631,0.49237908803518676,-0.22959805562649313,0.8333333333333334,0.18072289156626506,0.0
1080,270:0,270,-0.06241390750943274,0.9847581760703749,0.16234481455208977,0.0,0.18072289156626506,0.0
1081,270:1,271,0.77713809595323,0.49237908803518754,0.39194287017858265,0.16666666666666666,0.18072289156626506,0.0
1082,270:2,277,0.739095229443931,0.4925445427607476,0.45949767704508504,0.16666666666666666,0.18473895582329317,0.0
1083,270:3,276,-0.07595011041444295,0.985089085521495,0.154373165784921,0.0,0.18473895582329317,0.0
1084,271:0,271,0.77713809595323,0.49237908803518754,0.39194287017858265,0.16666666666666666,0.18072289156626506,0.0
1085,271:1,272,0.8395520034626629,-0.4923790880351872,0.22959805562649294,0.3333333333333333,0.18072289156626506,0.0
1086,271:2,278,0.8150453398583739,-0.4925445427607473,0.30512451126016416,0.3333333333333333,0.18473895582329317,0.0
1087,271:3,277,0.739095229443931,0.4925445427607476,0.45949767704508504,0.16666666666666666,0.18473895582329317,0.0
1088,272:0,272,0.8395520034626629,-0.4923790880351872,0.22959805562649294,0.3333333333333333,0.18072289156626506,0.0
1089,272:1,273,0.06241390750943285,-0.9847581760703749,-0.1623448145520897,0.5,0.18072289156626506,0.0
1090,272:2,279,0.07595011041444306,-0.985089085521495,-0.15437316578492094,0.5,0.18473895582329317,0.0
1091,272:3,278,0.8150453398583739,-0.4925445427607473,0.30512451126016416,0.3333333333333333,0.18473895582329317,0.0
1092,273:0,273,0.06241390750943285,-0.9847581760703749,-0.1623448145520897,0.5,0.18072289156626506,0.0
1093,273:1,274,-0.7771380959532299,-0.4923790880351879,-0.39194287017858265,0.6666666666666666,0.18072289156626506,0.0
1094,273:2,280,-0.7390952294439308,-0.49254454276074794,-0.45949767704508504,0.6666666666666666,0.18473895582329317,0.0
1095,273:3,279,0.07595011041444306,-0.985089085521495,-0.15437316578492094,0.5,0.18473895582329317,0.0
1096,274:0,274,-0.7771380959532299,-0.4923790880351879,-0.39194287017858265,0.6666666666666666,0.18072289156626506,0.0
1097,274:1,275,-0.8395520034626631,0.49237908803518676,-0.22959805562649313,0.8333333333333334,0.18072289156626506,0.0
1098,274:2,281,-0.8150453398583742,0.49254454276074683,-0.3051245112601644,0.8333333333333334,0.18473895582329317,0.0
1099,274:3,280,-0.7390952294439308,-0.49254454276074794,-0.45949767704508504,0.6666666666666666,0.18473895582329317,0.0
1100,275:0,275,-0.8395520034626631,0.49237908803518676,-0.22959805562649313,0.8333333333333334,0.18072289156626506,0.0
1101,275:1,270,-0.06241390750943274,0.9847581760703749,0.16234481455208977,1.0,0.18072289156626506,0.0
1102,275:2,276,-0.07595011041444295,0.985089085521495,0.154373165784921,1.0,0.18473895582329317,0.0
1103,275:3,281,-0.8150453398583742,0.49254454276074683,-0.3051245112601644,0.8333333333333334,0.18473895582329317,0.0
1104,276:0,276,-0.07595011041444295,0.985089085521495,0.154373165784921,0.0,0.18473895582329317,0.0
1105,276:1,277,0.739095229443931,0.4925445427607476,0.45949767704508504,0.16666666666666666,0.18473895582329317,0.0
1106,276:2,283,0.6952839662689261,0.4926527413462735,0.5233292297333989,0.16666666666666666,0.18875502008032127,0.0
1107,276:3,282,-0.08882712432533872,0.9853054826925468,0.14588642075291985,0.0,0.18875502008032127,0.0
1108,277:0,277,0.739095229443931,0.4925445427607476,0.45949767704508504,0.16666666666666666,0.18473895582329317,0.0
1109,277:1,278,0.8150453398583739,-0.4925445427607473,0.30512451126016416,0.3333333333333333,0.18473895582329317,0.0
1110,277:2,284,0.7841110905942649,-0.4926527413462732,0.3774428089804791,0.3333333333333333,0.18875502008032127,0.0
1111,277:3,283,0.6952839662689261,0.4926527413462735,0.5233292297333989,0.16666666666666666,0.18875502008032127,0.0
1112,278:0,278,0.8150453398583739,-0.4925445427607473,0.30512451126016416,0.3333333333333333,0.18473895582329317,0.0
1113,278:1,279,0.07595011041444306,-0.985089085521495,-0.15437316578492094,0.5,0.18473895582329317,0.0
1114,278:2,285,0.08882712432533883,-0.9853054826925468,-0.1458864207529198,0.5,0.18875502008032127,0.0
1115,278:3,284,0.7841110905942649,-0.4926527413462732,0.3774428089804791,0.3333333333333333,0.18875502008032127,0.0
1116,279:0,279,0.07595011041444306,-0.985089085521495,-0.15437316578492094,0.5,0.18473895582329317,0.0
1117,279:1,280,-0.7390952294439308,-0.49254454276074794,-0.45949767704508504,0.6666666666666666,0.18473895582329317,0.0
1118,279:2,286,-0.695283966268926,-0.49265274134627385,-0.5233292297333989,0.6666666666666666,0.18875502008032127,0.0
1119,279:3,285,0.08882712432533883,-0.9853054826925468,-0.1458864207529198,0.5,0.18875502008032127,0.0
1120,280:0,280,-0.7390952294439308,-0.49254454276074794,-0.45949767704508504,0.6666666666666666,0.18473895582329317,0.0
1121,280:1,281,-0.8150453398583742,0.49254454276074683,-0.3051245112601644,0.8333333333333334,0.18473895582329317,0.0
1122,280:2,287,-0.7841110905942652,0.49265274134627274,-0.3774428089804793,0.8333333333333334,0.18875502008032127,0.0
1123,280:3,286,-0.695283966268926,-0.49265274134627385,-0.5233292297333989,0.6666666666666666,0.18875502008032127,0.0
1124,281:0,281,-0.8150453398583742,0.49254454276074683,-0.3051245112601644,0.8333333333333334,0.18473895582329317,0.0
1125,281:1,276,-0.07595011041444295,0.985089085521495,0.154373165784921,1.0,0.18473895582329317,0.0
1126,281:2,282,-0.08882712432533872,0.9853054826925468,0.14588642075291985,1.0,0.18875502008032127,0.0
1127,281:3,287,-0.7841110905942652,0.49265274134627274,-0.3774428089804793,0.8333333333333334,0.18875502008032127,0.0
1128,282:0,282,-0.08882712432533872,0.9853054826925468,0.14588642075291985,0.0,0.18875502008032127,0.0
1129,282:1,283,0.6952839662689261,0.4926527413462735,0.5233292297333989,0.16666666666666666,0.18875502008032127,0.0
1130,282:2,289,0.6464719184657899,0.4927860561934767,0.5824396633613141,0.16666666666666666,0.1927710843373494,0.0
1131,282:3,288,-0.10052551696857658,0.9855721123869532,0.13616986349159482,0.0,0.1927710843373494,0.0
1132,283:0,283,0.6952839662689261,0.4926527413462735,0.5233292297333989,0.16666666666666666,0.18875502008032127,0.0
1133,283:1,284,0.7841110905942649,-0.4926527413462732,0.3774428089804791,0.3333333333333333,0.18875502008032127,0.0
1134,283:2,290,0.7469974354343666,-0.4927860561934764,0.44626979986971943,0.3333333333333333,0.1927710843373494,0.0
1135,283:3,289,0.6464719184657899,0.4927860561934767,0.5824396633613141,0.16666666666666666,0.1927710843373494,0.0
1136,284:0,284,0.7841110905942649,-0.4926527413462732,0.3774428089804791,0.3333333333333333,0.18875502008032127,0.0
1137,284:1,285,0.08882712432533883,-0.9853054826925468,-0.1458864207529198,0.5,0.18875502008032127,0.0
1138,284:2,291,0.10052551696857667,-0.9855721123869532,-0.13616986349159474,0.5,0.1927710843373494,0.0
1139,284:3,290,0.7469974354343666,-0.4927860561934764,0.44626979986971943,0.3333333333333333,0.1927710843373494,0.0
1140,285:0,285,0.08882712432533883,-0.9853054826925468,-0.1458864207529198,0.5,0.18875502008032127,0.0
1141,285:1,286,-0.695283966268926,-0.49265274134627385,-0.5233292297333989,0.6666666666666666,0.18875502008032127,0.0
1142,285:2,292,-0.6464719184657898,-0.49278605619347704,-0.5824396633613141,0.6666666666666666,0.1927710843373494,0.0
1143,285:3,291,0.10052551696857667,-0.9855721123869532,-0.13616986349159474,0.5,0.1927710843373494,0.0
1144,286:0,286,-0.695283966268926,-0.49265274134627385,-0.5233292297333989,0.6666666666666666,0.18875502008032127,0.0
1145,286:1,287,-0.7841110905942652,0.49265274134627274,-0.3774428089804793,0.8333333333333334,0.18875502008032127,0.0
1146,286:2,293,-0.7469974354343667,0.49278605619347593,-0.4462697998697197,0.8333333333333334,0.1927710843373494,0.0
1147,286:3,292,-0.6464719184657898,-0.49278605619347704,-0.5824396633613141,0.6666666666666666,0.1927710843373494,0.0
1148,287:0,287,-0.7841110905942652,0.49265274134627274,-0.3774428089804793,0.8333333333333334,0.18875502008032127,0.0
1149,287:1,282,-0.08882712432533872,0.9853054826925468,0.14588642075291985,1.0,0.18875502008032127,0.0
1150,287:2,288,-0.10052551696857658,0.9855721123869532,0.13616986349159482,1.0,0.1927710843373494,0.0
1151,287:3,293,-0.7469974354343667,0.49278605619347593,-0.4462697998697197,0.8333333333333334,0.1927710843373494,0.0
1152,288:0,288,-0.10052551696857658,0.9855721123869532,0.13616986349159482,0.0,0.1927710843373494,0.0
1153,288:1,289,0.6464719184657899,0.4927860561934767,0.5824396633613141,0.16666666666666666,0.1927710843373494,0.0
1154,288:2,295,0.5935686140763695,0.4929137625241418,0.6361700425969081,0.16666666666666666,0.19678714859437751,0.0
1155,288:3,294,-0.11105677306545059,0.9858275250482834,0.12573974715047392,0.0,0.19678714859437751,0.0
1156,289:0,289,0.6464719184657899,0.4927860561934767,0.5824396633613141,0.16666666666666666,0.1927710843373494,0.0
1157,289:1,290,0.7469974354343666,-0.4927860561934764,0.44626979986971943,0.3333333333333333,0.1927710843373494,0.0
1158,289:2,296,0.7046253871418201,-0.4929137625241415,0.5104302954464341,0.3333333333333333,0.19678714859437751,0.0
1159,289:3,295,0.5935686140763695,0.4929137625241418,0.6361700425969081,0.16666666666666666,0.19678714859437751,0.0
1160,290:0,290,0.7469974354343666,-0.4927860561934764,0.44626979986971943,0.3333333333333333,0.1927710843373494,0.0
1161,290:1,291,0.10052551696857667,-0.9855721123869532,-0.13616986349159474,0.5,0.1927710843373494,0.0
1162,290:2,297,0.11105677306545068,-0.9858275250482834,-0.12573974715047384,0.5,0.19678714859437751,0.0
1163,290:3,296,0.7046253871418201,-0.4929137625241415,0.5104302954464341,0.3333333333333333,0.19678714859437751,0.0
1164,291:0,291,0.10052551696857667,-0.9855721123869532,-0.13616986349159474,0.5,0.1927710843373494,0.0
1165,291:1,292,-0.6464719184657898,-0.49278605619347704,-0.5824396633613141,0.6666666666666666,0.1927710843373494,0.0
1166,291:2,298,-0.5935686140763694,-0.49291376252414215,-0.636170042596908,0.6666666666666666,0.19678714859437751,0.0
1167,291:3,297,0.11105677306545068,-0.9858275250482834,-0.12573974715047384,0.5,0.19678714859437751,0.0
1168,292:0,292,-0.6464719184657898,-0.49278605619347704,-0.5824396633613141,0.6666666666666666,0.1927710843373494,0.0
1169,292:1,293,-0.7469974354343667,0.49278605619347593,-0.4462697998697197,0.8333333333333334,0.1927710843373494,0.0
1170,292:2,299,-0.7046253871418203,0.49291376252414104,-0.5104302954464345,0.8333333333333334,0.19678714859437751,0.0
1171,292:3,298,-0.5935686140763694,-0.49291376252414215,-0.636170042596908,0.6666666666666666,0.19678714859437751,0.0
1172,293:0,293,-0.7469974354343667,0.49278605619347593,-0.4462697998697197,0.8333333333333334,0.1927710843373494,0.0
1173,293:1,288,-0.10052551696857658,0.9855721123869532,0.13616986349159482,1.0,0.1927710843373494,0.0
1174,293:2,294,-0.11105677306545059,0.9858275250482834,0.12573974715047392,1.0,0.19678714859437751,0.0
1175,293:3,299,-0.7046253871418203,0.49291376252414104,-0.5104302954464345,0.8333333333333334,0.19678714859437751,0.0
1176,294:0,294,-0.11105677306545059,0.9858275250482834,0.12573974715047392,0.0,0.19678714859437751,0.0
1177,294:1,295,0.5935686140763695,0.4929137625241418,0.6361700425969081,0.16666666666666666,0.19678714859437751,0.0
1178,294:2,301,0.5359803139250056,0.49301112865559366,0.6853211875512025,0.16666666666666666,0.20080321285140562,0.0
1179,294:3,300,-0.12081101257238704,0.9860222573111871,0.11473799426600467,0.0,0.20080321285140562,0.0
1180,295:0,295,0.5935686140763695,0.4929137625241418,0.6361700425969081,0.16666666666666666,0.19678714859437751,0.0
1181,295:1,296,0.7046253871418201,-0.4929137625241415,0.5104302954464341,0.3333333333333333,0.19678714859437751,0.0
1182,295:2,302,0.6567913264973927,-0.4930111286555933,0.5705831932851979,0.3333333333333333,0.20080321285140562,0.0
1183,295:3,301,0.5359803139250056,0.49301112865559366,0.6853211875512025,0.16666666666666666,0.20080321285140562,0.0
1184,296:0,296,0.7046253871418201,-0.4929137625241415,0.5104302954464341,0.3333333333333333,0.19678714859437751,0.0
1185,296:1,297,0.11105677306545068,-0.9858275250482834,-0.12573974715047384,0.5,0.19678714859437751,0.0
1186,296:2,303,0.12081101257238712,-0.9860222573111871,-0.11473799426600459,0.5,0.20080321285140562,0.0
1187,296:3,302,0.6567913264973927,-0.4930111286555933,0.5705831932851979,0.3333333333333333,0.20080321285140562,0.0
1188,297:0,297,0.11105677306545068,-0.9858275250482834,-0.12573974715047384,0.5,0.19678714859437751,0.0
1189,297:1,298,-0.5935686140763694,-0.49291376252414215,-0.636170042596908,0.6666666666666666,0.19678714859437751,0.0
1190,297:2,304,-0.5359803139250054,-0.493011128655594,-0.6853211875512025,0.6666666666666666,0.20080321285140562,0.0
1191,297:3,303,0.12081101257238712,-0.9860222573111871,-0.11473799426600459,0.5,0.20080321285140562,0.0
1192,298:0,298,-0.5935686140763694,-0.49291376252414215,-0.636170042596908,0.6666666666666666,0.19678714859437751,0.0
1193,298:1,299,-0.7046253871418203,0.49291376252414104,-0.5104302954464345,0.8333333333333334,0.19678714859437751,0.0
1194,298:2,305,-0.6567913264973929,0.4930111286555929,-0.5705831932851982,0.8333333333333334,0.20080321285140562,0.0
1195,298:3,304,-0.5359803139250054,-0.493011128655594,-0.6853211875512025,0.6666666666666666,0.20080321285140562,0.0
1196,299:0,299,-0.7046253871418203,0.49291376252414104,-0.5104302954464345,0.8333333333333334,0.19678714859437751,0.0
1197,299:1,294,-0.11105677306545059,0.9858275250482834,0.12573974715047392,1.0,0.19678714859437751,0.0
1198,299:2,300,-0.12081101257238704,0.9860222573111871,0.11473799426600467,1.0,0.20080321285140562,0.0
1199,299:3,305,-0.6567913264973929,0.4930111286555929,-0.5705831932851982,0.8333333333333334,0.20080321285140562,0.0
1200,300:0,300,-0.12081101257238704,0.9860222573111871,0.11473799426600467,0.0,0.20080321285140562,0.0
1201,300:1,301,0.5359803139250056,0.49301112865559366,0.6853211875512025,0.16666666666666666,0.20080321285140562,0.0
1202,300:2,307,0.47571003324120653,0.4931523121335921,0.7283548320090576,0.16666666666666666,0.20481927710843373,0.0
1203,300:3,306,-0.12891841584146838,0.986304624267184,0.10287482785451108,0.0,0.20481927710843373,0.0
1204,301:0,301,0.5359803139250056,0.49301112865559366,0.6853211875512025,0.16666666666666666,0.20080321285140562,0.0
1205,301:1,302,0.6567913264973927,-0.4930111286555933,0.5705831932851979,0.3333333333333333,0.20080321285140562,0.0
1206,301:2,308,0.604628449082675,-0.4931523121335918,0.6254800041545466,0.3333333333333333,0.20481927710843373,0.0
1207,301:3,307,0.47571003324120653,0.4931523121335921,0.7283548320090576,0.16666666666666666,0.20481927710843373,0.0
1208,302:0,302,0.6567913264973927,-0.4930111286555933,0.5705831932851979,0.3333333333333333,0.20080321285140562,0.0
1209,302:1,303,0.12081101257238712,-0.9860222573111871,-0.11473799426600459,0.5,0.20080321285140562,0.0
1210,302:2,309,0.12891841584146846,-0.986304624267184,-0.10287482785451098,0.5,0.20481927710843373,0.0
1211,302:3,308,0.604628449082675,-0.4931523121335918,0.6254800041545466,0.3333333333333333,0.20481927710843373,0.0
1212,303:0,303,0.12081101257238712,-0.9860222573111871,-0.11473799426600459,0.5,0.20080321285140562,0.0
1213,303:1,304,-0.5359803139250054,-0.493011128655594,-0.6853211875512025,0.6666666666666666,0.20080321285140562,0.0
1214,303:2,310,-0.47571003324120653,-0.49315231213359245,-0.7283548320090575,0.6666666666666666,0.20481927710843373,0.0
1215,303:3,309,0.12891841584146846,-0.986304624267184,-0.10287482785451098,0.5,0.20481927710843373,0.0
1216,304:0,304,-0.5359803139250054,-0.493011128655594,-0.6853211875512025,0.6666666666666666,0.20080321285140562,0.0
1217,304:1,305,-0.6567913264973929,0.4930111286555929,-0.5705831932851982,0.8333333333333334,0.20080321285140562,0.0
1218,304:2,311,-0.6046284490826752,0.49315231213359134,-0.625480004154547,0.8333333333333334,0.20481927710843373,0.0
1219,304:3,310,-0.47571003324120653,-0.49315231213359245,-0.7283548320090575,0.6666666666666666,0.20481927710843373,0.0
1220,305:0,305,-0.6567913264973929,0.4930111286555929,-0.5705831932851982,0.8333333333333334,0.20080321285140562,0.0
1221,305:1,300,-0.12081101257238704,0.9860222573111871,0.11473799426600467,1.0,0.20080321285140562,0.0
1222,305:2,306,-0.12891841584146838,0.986304624267184,0.10287482785451108,1.0,0.20481927710843373,0.0
1223,305:3,311,-0.6046284490826752,0.49315231213359134,-0.625480004154547,0.8333333333333334,0.20481927710843373,0.0
1224,306:0,306,-0.12891841584146838,0.986304624267184,0.10287482785451108,0.0,0.20481927710843373,0.0
1225,306:1,307,0.47571003324120653,0.4931523121335921,0.7283548320090576,0.16666666666666666,0.20481927710843373,0.0
1226,306:2,313,0.41177498279059876,0.49322795849498247,0.7662685850970753,0.16666666666666666,0.20883534136546184,0.0
1227,306:3,312,-0.13652233405983946,0.9864559169899647,0.09091961360642309,0.0,0.20883534136546184,0.0
1228,307:0,307,0.47571003324120653,0.4931523121335921,0.7283548320090576,0.16666666666666666,0.20481927710843373,0.0
1229,307:1,308,0.604628449082675,-0.4931523121335918,0.6254800041545466,0.3333333333333333,0.20481927710843373,0.0
1230,307:2,314,0.5482973168504384,-0.49322795849498213,0.6753489714906523,0.3333333333333333,0.20883534136546184,0.0
1231,307:3,313,0.41177498279059876,0.49322795849498247,0.7662685850970753,0.16666666666666666,0.20883534136546184,0.0
1232,308:0,308,0.604628449082675,-0.4931523121335918,0.6254800041545466,0.3333333333333333,0.20481927710843373,0.0
1233,308:1,309,0.12891841584146846,-0.986304624267184,-0.10287482785451098,0.5,0.20481927710843373,0.0
1234,308:2,315,0.13652233405983952,-0.9864559169899647,-0.09091961360642299,0.5,0.20883534136546184,0.0
1235,308:3,314,0.5482973168504384,-0.49322795849498213,0.6753489714906523,0.3333333333333333,0.20883534136546184,0.0
1236,309:0,309,0.12891841584146846,-0.986304624267184,-0.10287482785451098,0.5,0.20481927710843373,0.0
1237,309:1,310,-0.47571003324120653,-0.49315231213359245,-0.7283548320090575,0.6666666666666666,0.20481927710843373,0.0
1238,309:2,316,-0.41177498279059865,-0.4932279584949828,-0.7662685850970752,0.6666666666666666,0.20883534136546184,0.0
1239,309:3,315,0.13652233405983952,-0.9864559169899647,-0.09091961360642299,0.5,0.20883534136546184,0.0
1240,310:0,310,-0.47571003324120653,-0.49315231213359245,-0.7283548320090575,0.6666666666666666,0.20481927710843373,0.0
1241,310:1,311,-0.6046284490826752,0.49315231213359134,-0.625480004154547,0.8333333333333334,0.20481927710843373,0.0
1242,310:2,317,-0.5482973168504384,0.4932279584949817,-0.6753489714906525,0.8333333333333334,0.20883534136546184,0.0
1243,310:3,316,-0.41177498279059865,-0.4932279584949828,-0.7662685850970752,0.6666666666666666,0.20883534136546184,0.0
1244,311:0,311,-0.6046284490826752,0.49315231213359134,-0.625480004154547,0.8333333333333334,0.20481927710843373,0.0
1245,311:1,306,-0.12891841584146838,0.986304624267184,0.10287482785451108,1.0,0.20481927710843373,0.0
1246,311:2,312,-0.13652233405983946,0.9864559169899647,0.09091961360642309,1.0,0.20883534136546184,0.0
1247,311:3,317,-0.5482973168504384,0.4932279584949817,-0.6753489714906525,0.8333333333333334,0.20883534136546184,0.0
1248,312:0,312,-0.13652233405983946,0.9864559169899647,0.09091961360642309,0.0,0.20883534136546184,0.0
1249,312:1,313,0.41177498279059876,0.49322795849498247,0.7662685850970753,0.16666666666666666,0.20883534136546184,0.0
1250,312:2,319,0.34550846583475464,0.493336974243048,0.7982747208080865,0.16666666666666666,0.21285140562248997,0.0
1251,312:3,318,-0.142624093424704,0.9866739484860958,0.07831275345458434,0.0,0.21285140562248997,0.0
1252,313:0,313,0.41177498279059876,0.49322795849498247,0.7662685850970753,0.16666666666666666,0.20883534136546184,0.0
1253,313:1,314,0.5482973168504384,-0.49322795849498213,0.6753489714906523,0.3333333333333333,0.20883534136546184,0.0
1254,313:2,320,0.4881325592594587,-0.4933369742430477,0.7199619673535023,0.3333333333333333,0.21285140562248997,0.0
1255,313:3,319,0.34550846583475464,0.493336974243048,0.7982747208080865,0.16666666666666666,0.21285140562248997,0.0
1256,314:0,314,0.5482973168504384,-0.49322795849498213,0.6753489714906523,0.3333333333333333,0.20883534136546184,0.0
1257,314:1,315,0.13652233405983952,-0.9864559169899647,-0.09091961360642299,0.5,0.20883534136546184,0.0
1258,314:2,321,0.14262409342470406,-0.9866739484860958,-0.07831275345458423,0.5,0.21285140562248997,0.0
1259,314:3,320,0.4881325592594587,-0.4933369742430477,0.7199619673535023,0.3333333333333333,0.21285140562248997,0.0
1260,315:0,315,0.13652233405983952,-0.9864559169899647,-0.09091961360642299,0.5,0.20883534136546184,0.0
1261,315:1,316,-0.41177498279059865,-0.4932279584949828,-0.7662685850970752,0.6666666666666666,0.20883534136546184,0.0
1262,315:2,322,-0.34550846583475453,-0.49333697424304834,-0.7982747208080864,0.6666666666666666,0.21285140562248997,0.0
1263,315:3,321,0.14262409342470406,-0.9866739484860958,-0.07831275345458423,0.5,0.21285140562248997,0.0
1264,316:0,316,-0.41177498279059865,-0.4932279584949828,-0.7662685850970752,0.6666666666666666,0.20883534136546184,0.0
1265,316:1,317,-0.5482973168504384,0.4932279584949817,-0.6753489714906525,0.8333333333333334,0.20883534136546184,0.0
1266,316:2,323,-0.4881325592594588,0.49333697424304723,-0.7199619673535026,0.8333333333333334,0.21285140562248997,0.0
1267,316:3,322,-0.34550846583475453,-0.49333697424304834,-0.7982747208080864,0.6666666666666666,0.21285140562248997,0.0
1268,317:0,317,-0.5482973168504384,0.4932279584949817,-0.6753489714906525,0.8333333333333334,0.20883534136546184,0.0
1269,317:1,312,-0.13652233405983946,0.9864559169899647,0.09091961360642309,1.0,0.20883534136546184,0.0
1270,317:2,318,-0.142624093424704,0.9866739484860958,0.07831275345458434,1.0,0.21285140562248997,0.0
1271,317:3,323,-0.4881325592594588,0.49333697424304723,-0.7199619673535026,0.8333333333333334,0.21285140562248997,0.0
1272,318:0,318,-0.142624093424704,0.9866739484860958,0.07831275345458434,0.0,0.21285140562248997,0.0
1273,318:1,319,0.34550846583475464,0.493336974243048,0.7982747208080865,0.16666666666666666,0.21285140562248997,0.0
1274,318:2,325,0.2779546390475137,0.49344407140707264,0.8241687733863606,0.16666666666666666,0.21686746987951808,0.0
1275,318:3,324,-0.14749631540157798,0.986888142814145,0.06554868813184483,0.0,0.21686746987951808,0.0
1276,319:0,319,0.34550846583475464,0.493336974243048,0.7982747208080865,0.16666666666666666,0.21285140562248997,0.0
1277,319:1,320,0.4881325592594587,-0.4933369742430477,0.7199619673535023,0.3333333333333333,0.21285140562248997,0.0
1278,319:2,326,0.42545095444909176,-0.4934440714070723,0.758620085254516,0.3333333333333333,0.21686746987951808,0.0
1279,319:3,325,0.2779546390475137,0.49344407140707264,0.8241687733863606,0.16666666666666666,0.21686746987951808,0.0
1280,320:0,320,0.4881325592594587,-0.4933369742430477,0.7199619673535023,0.3333333333333333,0.21285140562248997,0.0
1281,320:1,321,0.14262409342470406,-0.9866739484860958,-0.07831275345458423,0.5,0.21285140562248997,0.0
1282,320:2,327,0.14749631540157804,-0.986888142814145,-0.06554868813184472,0.5,0.21686746987951808,0.0
1283,320:3,326,0.42545095444909176,-0.4934440714070723,0.758620085254516,0.3333333333333333,0.21686746987951808,0.0
1284,321:0,321,0.14262409342470406,-0.9866739484860958,-0.07831275345458423,0.5,0.21285140562248997,0.0
1285,321:1,322,-0.34550846583475453,-0.49333697424304834,-0.7982747208080864,0.6666666666666666,0.21285140562248997,0.0
1286,321:2,328,-0.2779546390475136,-0.49344407140707297,-0.8241687733863605,0.6666666666666666,0.21686746987951808,0.0
1287,321:3,327,0.14749631540157804,-0.986888142814145,-0.06554868813184472,0.5,0.21686746987951808,0.0
1288,322:0,322,-0.34550846583475453,-0.49333697424304834,-0.7982747208080864,0.6666666666666666,0.21285140562248997,0.0
1289,322:1,323,-0.4881325592594588,0.49333697424304723,-0.7199619673535026,0.8333333333333334,0.21285140562248997,0.0
1290,322:2,329,-0.4254509544490918,0.49344407140707186,-0.7586200852545162,0.8333333333333334,0.21686746987951808,0.0
1291,322:3,328,-0.2779546390475136,-0.49344407140707297,-0.8241687733863605,0.6666666666666666,0.21686746987951808,0.0
1292,323:0,323,-0.4881325592594588,0.49333697424304723,-0.7199619673535026,0.8333333333333334,0.21285140562248997,0.0
1293,323:1,318,-0.142624093424704,0.9866739484860958,0.07831275345458434,1.0,0.21285140562248997,0.0
1294,323:2,324,-0.14749631540157798,0.986888142814145,0.06554868813184483,1.0,0.21686746987951808,0.0
1295,323:3,329,-0.4254509544490918,0.49344407140707186,-0.7586200852545162,0.8333333333333334,0.21686746987951808,0.0
1296,324:0,324,-0.14749631540157798,0.986888142814145,0.06554868813184483,0.0,0.21686746987951808,0.0
1297,324:1,325,0.2779546390475137,0.49344407140707264,0.8241687733863606,0.16666666666666666,0.21686746987951808,0.0
1298,324:2,331,0.20792952536435838,0.4935140783403231,0.8445171205852812,0.16666666666666666,0.22088353413654618,0.0
1299,324:3,330,-0.15168373625922746,0.987028156680646,0.052606673284358085,0.0,0.22088353413654618,0.0
1300,325:0,325,0.2779546390475137,0.49344407140707264,0.8241687733863606,0.16666666666666666,0.21686746987951808,0.0
1301,325:1,326,0.42545095444909176,-0.4934440714070723,0.758620085254516,0.3333333333333333,0.21686746987951808,0.0
1302,325:2,332,0.3596132616235858,-0.4935140783403228,0.7919104473009232,0.3333333333333333,0.22088353413654618,0.0
1303,325:3,331,0.20792952536435838,0.4935140783403231,0.8445171205852812,0.16666666666666666,0.22088353413654618,0.0
1304,326:0,326,0.42545095444909176,-0.4934440714070723,0.758620085254516,0.3333333333333333,0.21686746987951808,0.0
1305,326:1,327,0.14749631540157804,-0.986888142814145,-0.06554868813184472,0.5,0.21686746987951808,0.0
1306,326:2,333,0.1516837362592275,-0.987028156680646,-0.05260667328435797,0.5,0.22088353413654618,0.0
1307,326:3,332,0.3596132616235858,-0.4935140783403228,0.7919104473009232,0.3333333333333333,0.22088353413654618,0.0
1308,327:0,327,0.14749631540157804,-0.986888142814145,-0.06554868813184472,0.5,0.21686746987951808,0.0
1309,327:1,328,-0.2779546390475136,-0.49344407140707297,-0.8241687733863605,0.6666666666666666,0.21686746987951808,0.0
1310,327:2,334,-0.20792952536435827,-0.49351407834032346,-0.8445171205852811,0.6666666666666666,0.22088353413654618,0.0
1311,327:3,333,0.1516837362592275,-0.987028156680646,-0.05260667328435797,0.5,0.22088353413654618,0.0
1312,328:0,328,-0.2779546390475136,-0.49344407140707297,-0.8241687733863605,0.6666666666666666,0.21686746987951808,0.0
1313,328:1,329,-0.4254509544490918,0.49344407140707186,-0.7586200852545162,0.8333333333333334,0.21686746987951808,0.0
1314,328:2,335,-0.35961326162358587,0.49351407834032235,-0.7919104473009235,0.8333333333333334,0.22088353413654618,0.0
1315,328:3,334,-0.20792952536435827,-0.49351407834032346,-0.8445171205852811,0.6666666666666666,0.22088353413654618,0.0
1316,329:0,329,-0.4254509544490918,0.49344407140707186,-0.7586200852545162,0.8333333333333334,0.21686746987951808,0.0
1317,329:1,324,-0.14749631540157798,0.986888142814145,0.06554868813184483,1.0,0.21686746987951808,0.0
1318,329:2,330,-0.15168373625922746,0.987028156680646,0.052606673284358085,1.0,0.22088353413654618,0.0
1319,329:3,335,-0.35961326162358587,0.49351407834032235,-0.7919104473009235,0.8333333333333334,0.22088353413654618,0.0
1320,330:0,330,-0.15168373625922746,0.987028156680646,0.052606673284358085,0.0,0.22088353413654618,0.0
1321,330:1,331,0.20792952536435838,0.4935140783403231,0.8445171205852812,0.16666666666666666,0.22088353413654618,0.0
1322,330:2,337,0.13793461185222217,0.4936330420468797,0.85866201887164,0.16666666666666666,0.2248995983935743,0.0
1323,330:3,336,-0.15409815848086245,0.9872660840937592,0.039489704366854214,0.0,0.2248995983935743,0.0
1324,331:0,331,0.20792952536435838,0.4935140783403231,0.8445171205852812,0.16666666666666666,0.22088353413654618,0.0
1325,331:1,332,0.3596132616235858,-0.4935140783403228,0.7919104473009232,0.3333333333333333,0.22088353413654618,0.0
1326,331:2,338,0.2920327703330846,-0.49363304204687936,0.8191723145047858,0.3333333333333333,0.2248995983935743,0.0
1327,331:3,337,0.13793461185222217,0.4936330420468797,0.85866201887164,0.16666666666666666,0.2248995983935743,0.0
1328,332:0,332,0.3596132616235858,-0.4935140783403228,0.7919104473009232,0.3333333333333333,0.22088353413654618,0.0
1329,332:1,333,0.1516837362592275,-0.987028156680646,-0.05260667328435797,0.5,0.22088353413654618,0.0
1330,332:2,339,0.15409815848086247,-0.9872660840937592,-0.039489704366854096,0.5,0.2248995983935743,0.0
1331,332:3,338,0.2920327703330846,-0.49363304204687936,0.8191723145047858,0.3333333333333333,0.2248995983935743,0.0
1332,333:0,333,0.1516837362592275,-0.987028156680646,-0.05260667328435797,0.5,0.22088353413654618,0.0
1333,333:1,334,-0.20792952536435827,-0.49351407834032346,-0.8445171205852811,0.6666666666666666,0.22088353413654618,0.0
1334,333:2,340,-0.1379346118522221,-0.49363304204688,-0.8586620188716398,0.6666666666666666,0.2248995983935743,0.0
1335,333:3,339,0.15409815848086247,-0.9872660840937592,-0.039489704366854096,0.5,0.2248995983935743,0.0
1336,334:0,334,-0.20792952536435827,-0.49351407834032346,-0.8445171205852811,0.6666666666666666,0.22088353413654618,0.0
1337,334:1,335,-0.35961326162358587,0.49351407834032235,-0.7919104473009235,0.8333333333333334,0.22088353413654618,0.0
1338,334:2,341,-0.29203277033308467,0.4936330420468789,-0.8191723145047862,0.8333333333333334,0.2248995983935743,0.0
1339,334:3,340,-0.1379346118522221,-0.49363304204688,-0.8586620188716398,0.6666666666666666,0.2248995983935743,0.0
1340,335:0,335,-0.35961326162358587,0.49351407834032235,-0.7919104473009235,0.8333333333333334,0.22088353413654618,0.0
1341,335:1,330,-0.15168373625922746,0.987028156680646,0.052606673284358085,1.0,0.22088353413654618,0.0
1342,335:2,336,-0.15409815848086245,0.9872660840937592,0.039489704366854214,1.0,0.2248995983935743,0.0
1343,335:3,341,-0.29203277033308467,0.4936330420468789,-0.8191723145047862,0.8333333333333334,0.2248995983935743,0.0
1344,336:0,336,-0.15409815848086245,0.9872660840937592,0.039489704366854214,0.0,0.2248995983935743,0.0
1345,336:1,337,0.13793461185222217,0.4936330420468797,0.85866201887164,0.16666666666666666,0.2248995983935743,0.0
1346,336:2,343,0.0669758766691559,0.49369428880754634,0.8670525826864303,0.16666666666666666,0.2289156626506024,0.0
1347,336:3,342,-0.1560801727111812,0.9873885776150925,0.026509931755707067,0.0,0.2289156626506024,0.0
1348,337:0,337,0.13793461185222217,0.4936330420468797,0.85866201887164,0.16666666666666666,0.2248995983935743,0.0
1349,337:1,338,0.2920327703330846,-0.49363304204687936,0.8191723145047858,0.3333333333333333,0.2248995983935743,0.0
1350,337:2,344,0.2230560493803371,-0.493694288807546,0.8405426509307232,0.3333333333333333,0.2289156626506024,0.0
1351,337:3,343,0.0669758766691559,0.49369428880754634,0.8670525826864303,0.16666666666666666,0.2289156626506024,0.0
1352,338:0,338,0.2920327703330846,-0.49363304204687936,0.8191723145047858,0.3333333333333333,0.2248995983935743,0.0
1353,338:1,339,0.15409815848086247,-0.9872660840937592,-0.039489704366854096,0.5,0.2248995983935743,0.0
1354,338:2,345,0.15608017271118121,-0.9873885776150925,-0.026509931755706945,0.5,0.2289156626506024,0.0
1355,338:3,344,0.2230560493803371,-0.493694288807546,0.8405426509307232,0.3333333333333333,0.2289156626506024,0.0
1356,339:0,339,0.15409815848086247,-0.9872660840937592,-0.039489704366854096,0.5,0.2248995983935743,0.0
1357,339:1,340,-0.1379346118522221,-0.49363304204688,-0.8586620188716398,0.6666666666666666,0.2248995983935743,0.0
1358,339:2,346,-0.06697587666915585,-0.4936942888075467,-0.8670525826864302,0.6666666666666666,0.2289156626506024,0.0
1359,339:3,345,0.15608017271118121,-0.9873885776150925,-0.026509931755706945,0.5,0.2289156626506024,0.0
1360,340:0,340,-0.1379346118522221,-0.49363304204688,-0.8586620188716398,0.6666666666666666,0.2248995983935743,0.0
1361,340:1,341,-0.29203277033308467,0.4936330420468789,-0.8191723145047862,0.8333333333333334,0.2248995983935743,0.0
1362,340:2,347,-0.22305604938033707,0.49369428880754557,-0.8405426509307237,0.8333333333333334,0.2289156626506024,0.0
1363,340:3,346,-0.06697587666915585,-0.4936942888075467,-0.8670525826864302,0.6666666666666666,0.2289156626506024,0.0
1364,341:0,341,-0.29203277033308467,0.4936330420468789,-0.8191723145047862,0.8333333333333334,0.2248995983935743,0.0
1365,341:1,336,-0.15409815848086245,0.9872660840937592,0.039489704366854214,1.0,0.2248995983935743,0.0
1366,341:2,342,-0.1560801727111812,0.9873885776150925,0.026509931755707067,1.0,0.2289156626506024,0.0
1367,341:3,347,-0.22305604938033707,0.49369428880754557,-0.8405426509307237,0.8333333333333334,0.2289156626506024,0.0
1368,342:0,342,-0.1560801727111812,0.9873885776150925,0.026509931755707067,0.0,0.2289156626506024,0.0
1369,342:1,343,0.0669758766691559,0.49369428880754634,0.8670525826864303,0.16666666666666666,0.2289156626506024,0.0
1370,342:2,349,-0.004210926626204495,0.49377500452046164,0.8695795035577638,0.16666666666666666,0.23293172690763053,0.0
1371,342:3,348,-0.15672766471517083,0.987550009040923,0.013469178007651149,0.0,0.23293172690763053,0.0
1372,343:0,343,0.0669758766691559,0.49369428880754634,0.8670525826864303,0.16666666666666666,0.2289156626506024,0.0
1373,343:1,344,0.2230560493803371,-0.493694288807546,0.8405426509307232,0.3333333333333333,0.2289156626506024,0.0
1374,343:2,350,0.15251673808896632,-0.4937750045204613,0.8561103255501127,0.3333333333333333,0.23293172690763053,0.0
1375,343:3,349,-0.004210926626204495,0.49377500452046164,0.8695795035577638,0.16666666666666666,0.23293172690763053,0.0
1376,344:0,344,0.2230560493803371,-0.493694288807546,0.8405426509307232,0.3333333333333333,0.2289156626506024,0.0
1377,344:1,345,0.15608017271118121,-0.9873885776150925,-0.026509931755706945,0.5,0.2289156626506024,0.0
1378,344:2,351,0.15672766471517083,-0.987550009040923,-0.013469178007651027,0.5,0.23293172690763053,0.0
1379,344:3,350,0.15251673808896632,-0.4937750045204613,0.8561103255501127,0.3333333333333333,0.23293172690763053,0.0
1380,345:0,345,0.15608017271118121,-0.9873885776150925,-0.026509931755706945,0.5,0.2289156626506024,0.0
1381,345:1,346,-0.06697587666915585,-0.4936942888075467,-0.8670525826864302,0.6666666666666666,0.2289156626506024,0.0
1382,345:2,352,0.004210926626204564,-0.49377500452046197,-0.8695795035577637,0.6666666666666666,0.23293172690763053,0.0
1383,345:3,351,0.15672766471517083,-0.987550009040923,-0.013469178007651027,0.5,0.23293172690763053,0.0
1384,346:0,346,-0.06697587666915585,-0.4936942888075467,-0.8670525826864302,0.6666666666666666,0.2289156626506024,0.0
1385,346:1,347,-0.22305604938033707,0.49369428880754557,-0.8405426509307237,0.8333333333333334,0.2289156626506024,0.0
1386,346:2,353,-0.15251673808896626,0.49377500452046086,-0.856110325550113,0.8333333333333334,0.23293172690763053,0.0
1387,346:3,352,0.004210926626204564,-0.49377500452046197,-0.8695795035577637,0.6666666666666666,0.23293172690763053,0.0
1388,347:0,347,-0.22305604938033707,0.49369428880754557,-0.8405426509307237,0.8333333333333334,0.2289156626506024,0.0
1389,347:1,342,-0.1560801727111812,0.9873885776150925,0.026509931755707067,1.0,0.2289156626506024,0.0
1390,347:2,348,-0.15672766471517083,0.987550009040923,0.013469178007651149,1.0,0.23293172690763053,0.0
1391,347:3,353,-0.15251673808896626,0.49377500452046086,-0.856110325550113,0.8333333333333334,0.23293172690763053,0.0
1392,348:0,348,-0.15672766471517083,0.987550009040923,0.013469178007651149,0.0,0.23293172690763053,0.0
1393,348:1,349,-0.004210926626204495,0.49377500452046164,0.8695795035577638,0.16666666666666666,0.23293172690763053,0.0
1394,348:2,355,-0.07382988011725693,0.49388071933569677,0.8663896259018378,0.16666666666666666,0.23694779116465864,0.0
1395,348:3,354,-0.15597044655180842,0.9877614386713933,0.0007483824214534797,0.0,0.23694779116465864,0.0
1396,349:0,349,-0.004210926626204495,0.49377500452046164,0.8695795035577638,0.16666666666666666,0.23293172690763053,0.0
1397,349:1,350,0.15251673808896632,-0.4937750045204613,0.8561103255501127,0.3333333333333333,0.23293172690763053,0.0
1398,349:2,356,0.08214056643455148,-0.49388071933569644,0.8656412434803843,0.3333333333333333,0.23694779116465864,0.0
1399,349:3,355,-0.07382988011725693,0.49388071933569677,0.8663896259018378,0.16666666666666666,0.23694779116465864,0.0
1400,350:0,350,0.15251673808896632,-0.4937750045204613,0.8561103255501127,0.3333333333333333,0.23293172690763053,0.0
1401,350:1,351,0.15672766471517083,-0.987550009040923,-0.013469178007651027,0.5,0.23293172690763053,0.0
1402,350:2,357,0.15597044655180842,-0.9877614386713933,-0.0007483824214533571,0.5,0.23694779116465864,0.0
1403,350:3,356,0.08214056643455148,-0.49388071933569644,0.8656412434803843,0.3333333333333333,0.23694779116465864,0.0
1404,351:0,351,0.15672766471517083,-0.987550009040923,-0.013469178007651027,0.5,0.23293172690763053,0.0
1405,351:1,352,0.004210926626204564,-0.49377500452046197,-0.8695795035577637,0.6666666666666666,0.23293172690763053,0.0
1406,351:2,358,0.07382988011725698,-0.4938807193356971,-0.8663896259018377,0.6666666666666666,0.23694779116465864,0.0
1407,351:3,357,0.15597044655180842,-0.9877614386713933,-0.0007483824214533571,0.5,0.23694779116465864,0.0
1408,352:0,352,0.004210926626204564,-0.49377500452046197,-0.8695795035577637,0.6666666666666666,0.23293172690763053,0.0
1409,352:1,353,-0.15251673808896626,0.49377500452046086,-0.856110325550113,0.8333333333333334,0.23293172690763053,0.0
1410,352:2,359,-0.0821405664345514,0.493880719335696,-0.8656412434803846,0.8333333333333334,0.23694779116465864,0.0
1411,352:3,358,0.07382988011725698,-0.4938807193356971,-0.8663896259018377,0.6666666666666666,0.23694779116465864,0.0
1412,353:0,353,-0.15251673808896626,0.49377500452046086,-0.856110325550113,0.8333333333333334,0.23293172690763053,0.0
1413,353:1,348,-0.15672766471517083,0.987550009040923,0.013469178007651149,1.0,0.23293172690763053,0.0
1414,353:2,354,-0.15597044655180842,0.9877614386713933,0.0007483824214534797,1.0,0.23694779116465864,0.0
1415,353:3,359,-0.0821405664345514,0.493880719335696,-0.8656412434803846,0.8333333333333334,0.23694779116465864,0.0
1416,354:0,354,-0.15597044655180842,0.9877614386713933,0.0007483824214534797,0.0,0.23694779116465864,0.0
1417,354:1,355,-0.07382988011725693,0.49388071933569677,0.8663896259018378,0.16666666666666666,0.23694779116465864,0.0
1418,354:2,361,-0.14378964318084153,0.4939227680294829,0.8575341612647392,0.16666666666666666,0.24096385542168675,0.0
1419,354:3,360,-0.15498257018118652,0.9878455360589655,-0.011899572614536046,0.0,0.24096385542168675,0.0
1420,355:0,355,-0.07382988011725693,0.49388071933569677,0.8663896259018378,0.16666666666666666,0.23694779116465864,0.0
1421,355:1,356,0.08214056643455148,-0.49388071933569644,0.8656412434803843,0.3333333333333333,0.23694779116465864,0.0
1422,355:2,362,0.011192927000344965,-0.49392276802948254,0.8694337338792755,0.3333333333333333,0.24096385542168675,0.0
1423,355:3,361,-0.14378964318084153,0.4939227680294829,0.8575341612647392,0.16666666666666666,0.24096385542168675,0.0
1424,356:0,356,0.08214056643455148,-0.49388071933569644,0.8656412434803843,0.3333333333333333,0.23694779116465864,0.0
1425,356:1,357,0.15597044655180842,-0.9877614386713933,-0.0007483824214533571,0.5,0.23694779116465864,0.0
1426,356:2,363,0.15498257018118652,-0.9878455360589655,0.011899572614536167,0.5,0.24096385542168675,0.0
1427,356:3,362,0.011192927000344965,-0.49392276802948254,0.8694337338792755,0.3333333333333333,0.24096385542168675,0.0
1428,357:0,357,0.15597044655180842,-0.9877614386713933,-0.0007483824214533571,0.5,0.23694779116465864,0.0
1429,357:1,358,0.07382988011725698,-0.4938807193356971,-0.8663896259018377,0.6666666666666666,0.23694779116465864,0.0
1430,357:2,364,0.1437896431808416,-0.4939227680294832,-0.8575341612647391,0.6666666666666666,0.24096385542168675,0.0
1431,357:3,363,0.15498257018118652,-0.9878455360589655,0.011899572614536167,0.5,0.24096385542168675,0.0
1432,358:0,358,0.07382988011725698,-0.4938807193356971,-0.8663896259018377,0.6666666666666666,0.23694779116465864,0.0
1433,358:1,359,-0.0821405664345514,0.493880719335696,-0.8656412434803846,0.8333333333333334,0.23694779116465864,0.0
1434,358:2,365,-0.011192927000344868,0.4939227680294821,-0.8694337338792758,0.8333333333333334,0.24096385542168675,0.0
1435,358:3,364,0.1437896431808416,-0.4939227680294832,-0.8575341612647391,0.6666666666666666,0.24096385542168675,0.0
1436,359:0,359,-0.0821405664345514,0.493880719335696,-0.8656412434803846,0.8333333333333334,0.23694779116465864,0.0
1437,359:1,354,-0.15597044655180842,0.9877614386713933,0.0007483824214534797,1.0,0.23694779116465864,0.0
1438,359:2,360,-0.15498257018118652,0.9878455360589655,-0.011899572614536046,1.0,0.24096385542168675,0.0
1439,359:3,365,-0.011192927000344868,0.4939227680294821,-0.8694337338792758,0.8333333333333334,0.24096385542168675,0.0
1440,360:0,360,-0.15498257018118652,0.9878455360589655,-0.011899572614536046,0.0,0.24096385542168675,0.0
1441,360:1,361,-0.14378964318084153,0.4939227680294829,0.8575341612647392,0.16666666666666666,0.24096385542168675,0.0
1442,360:2,367,-0.21183679852146348,0.49401265161291563,0.8432536218947138,0.16666666666666666,0.24497991967871485,0.0
1443,360:3,366,-0.15238763335984062,0.988025303225831,-0.02416628611291438,0.0,0.24497991967871485,0.0
1444,361:0,361,-0.14378964318084153,0.4939227680294829,0.8575341612647392,0.16666666666666666,0.24096385542168675,0.0
1445,361:1,362,0.011192927000344965,-0.49392276802948254,0.8694337338792755,0.3333333333333333,0.24096385542168675,0.0
1446,361:2,368,-0.05944916516162285,-0.4940126516129153,0.8674199080076282,0.3333333333333333,0.24497991967871485,0.0
1447,361:3,367,-0.21183679852146348,0.49401265161291563,0.8432536218947138,0.16666666666666666,0.24497991967871485,0.0
1448,362:0,362,0.011192927000344965,-0.49392276802948254,0.8694337338792755,0.3333333333333333,0.24096385542168675,0.0
1449,362:1,363,0.15498257018118652,-0.9878455360589655,0.011899572614536167,0.5,0.24096385542168675,0.0
1450,362:2,369,0.1523876333598406,-0.988025303225831,0.024166286112914503,0.5,0.24497991967871485,0.0
1451,362:3,368,-0.05944916516162285,-0.4940126516129153,0.8674199080076282,0.3333333333333333,0.24497991967871485,0.0
1452,363:0,363,0.15498257018118652,-0.9878455360589655,0.011899572614536167,0.5,0.24096385542168675,0.0
1453,363:1,364,0.1437896431808416,-0.4939227680294832,-0.8575341612647391,0.6666666666666666,0.24096385542168675,0.0
1454,363:2,370,0.21183679852146348,-0.49401265161291597,-0.8432536218947136,0.6666666666666666,0.24497991967871485,0.0
1455,363:3,369,0.1523876333598406,-0.988025303225831,0.024166286112914503,0.5,0.24497991967871485,0.0
1456,364:0,364,0.1437896431808416,-0.4939227680294832,-0.8575341612647391,0.6666666666666666,0.24096385542168675,0.0
1457,364:1,365,-0.011192927000344868,0.4939227680294821,-0.8694337338792758,0.8333333333333334,0.24096385542168675,0.0
1458,364:2,371,0.05944916516162298,0.49401265161291485,-0.8674199080076285,0.8333333333333334,0.24497991967871485,0.0
1459,364:3,370,0.21183679852146348,-0.49401265161291597,-0.8432536218947136,0.6666666666666666,0.24497991967871485,0.0
1460,365:0,365,-0.011192927000344868,0.4939227680294821,-0.8694337338792758,0.8333333333333334,0.24096385542168675,0.0
1461,365:1,360,-0.15498257018118652,0.9878455360589655,-0.011899572614536046,1.0,0.24096385542168675,0.0
1462,365:2,366,-0.15238763335984062,0.988025303225831,-0.02416628611291438,1.0,0.24497991967871485,0.0
1463,365:3,371,0.05944916516162298,0.49401265161291485,-0.8674199080076285,0.8333333333333334,0.24497991967871485,0.0
1464,366:0,366,-0.15238763335984062,0.988025303225831,-0.02416628611291438,0.0,0.24497991967871485,0.0
1465,366:1,367,-0.21183679852146348,0.49401265161291563,0.8432536218947138,0.16666666666666666,0.24497991967871485,0.0
1466,366:2,373,-0.2777057194806973,0.4940843760453184,0.8238690203640485,0.16666666666666666,0.24899598393574296,0.0
1467,366:3,372,-0.14909064904614006,0.9881687520906366,-0.035979101692993946,0.0,0.24899598393574296,0.0
1468,367:0,367,-0.21183679852146348,0.49401265161291563,0.8432536218947138,0.16666666666666666,0.24497991967871485,0.0
1469,367:1,368,-0.05944916516162285,-0.4940126516129153,0.8674199080076282,0.3333333333333333,0.24497991967871485,0.0
1470,367:2,374,-0.12861507043455725,-0.4940843760453181,0.8598481220570425,0.3333333333333333,0.24899598393574296,0.0
1471,367:3,373,-0.2777057194806973,0.4940843760453184,0.8238690203640485,0.16666666666666666,0.24899598393574296,0.0
1472,368:0,368,-0.05944916516162285,-0.4940126516129153,0.8674199080076282,0.3333333333333333,0.24497991967871485,0.0
1473,368:1,369,0.1523876333598406,-0.988025303225831,0.024166286112914503,0.5,0.24497991967871485,0.0
1474,368:2,375,0.14909064904614003,-0.9881687520906366,0.035979101692994064,0.5,0.24899598393574296,0.0
1475,368:3,374,-0.12861507043455725,-0.4940843760453181,0.8598481220570425,0.3333333333333333,0.24899598393574296,0.0
1476,369:0,369,0.1523876333598406,-0.988025303225831,0.024166286112914503,0.5,0.24497991967871485,0.0
1477,369:1,370,0.21183679852146348,-0.49401265161291597,-0.8432536218947136,0.6666666666666666,0.24497991967871485,0.0
1478,369:2,376,0.2777057194806973,-0.49408437604531874,-0.8238690203640484,0.6666666666666666,0.24899598393574296,0.0
1479,369:3,375,0.14909064904614003,-0.9881687520906366,0.035979101692994064,0.5,0.24899598393574296,0.0
1480,370:0,370,0.21183679852146348,-0.49401265161291597,-0.8432536218947136,0.6666666666666666,0.24497991967871485,0.0
1481,370:1,371,0.05944916516162298,0.49401265161291485,-0.8674199080076285,0.8333333333333334,0.24497991967871485,0.0
1482,370:2,377,0.1286150704345574,0.49408437604531763,-0.8598481220570429,0.8333333333333334,0.24899598393574296,0.0
1483,370:3,376,0.2777057194806973,-0.49408437604531874,-0.8238690203640484,0.6666666666666666,0.24899598393574296,0.0
1484,371:0,371,0.05944916516162298,0.49401265161291485,-0.8674199080076285,0.8333333333333334,0.24497991967871485,0.0
1485,371:1,366,-0.15238763335984062,0.988025303225831,-0.02416628611291438,1.0,0.24497991967871485,0.0
1486,371:2,372,-0.14909064904614006,0.9881687520906366,-0.035979101692993946,1.0,0.24899598393574296,0.0
1487,371:3,377,0.1286150704345574,0.49408437604531763,-0.8598481220570429,0.8333333333333334,0.24899598393574296,0.0
1488,372:0,372,-0.14909064904614006,0.9881687520906366,-0.035979101692993946,0.0,0.24899598393574296,0.0
1489,372:1,373,-0.2777057194806973,0.4940843760453184,0.8238690203640485,0.16666666666666666,0.24899598393574296,0.0
1490,372:2,379,-0.34243292673102155,0.4941312025779474,0.7991082813544722,0.16666666666666666,0.25301204819277107,0.0
1491,372:3,378,-0.14516023574613734,0.9882624051558946,-0.04760172805279462,0.0,0.25301204819277107,0.0
1492,373:0,373,-0.2777057194806973,0.4940843760453184,0.8238690203640485,0.16666666666666666,0.24899598393574296,0.0
1493,373:1,374,-0.12861507043455725,-0.4940843760453181,0.8598481220570425,0.3333333333333333,0.24899598393574296,0.0
1494,373:2,380,-0.19727269098488429,-0.49413120257794707,0.8467100094072669,0.3333333333333333,0.25301204819277107,0.0
1495,373:3,379,-0.34243292673102155,0.4941312025779474,0.7991082813544722,0.16666666666666666,0.25301204819277107,0.0
1496,374:0,374,-0.12861507043455725,-0.4940843760453181,0.8598481220570425,0.3333333333333333,0.24899598393574296,0.0
1497,374:1,375,0.14909064904614003,-0.9881687520906366,0.035979101692994064,0.5,0.24899598393574296,0.0
1498,374:2,381,0.14516023574613732,-0.9882624051558946,0.04760172805279474,0.5,0.25301204819277107,0.0
1499,374:3,380,-0.19727269098488429,-0.49413120257794707,0.8467100094072669,0.3333333333333333,0.25301204819277107,0.0
1500,375:0,375,0.14909064904614003,-0.9881687520906366,0.035979101692994064,0.5,0.24899598393574296,0.0
1501,375:1,376,0.2777057194806973,-0.49408437604531874,-0.8238690203640484,0.6666666666666666,0.24899598393574296,0.0
1502,375:2,382,0.3424329267310216,-0.49413120257794774,-0.7991082813544721,0.6666666666666666,0.25301204819277107,0.0
1503,375:3,381,0.14516023574613732,-0.9882624051558946,0.04760172805279474,0.5,0.25301204819277107,0.0
1504,376:0,376,0.2777057194806973,-0.49408437604531874,-0.8238690203640484,0.6666666666666666,0.24899598393574296,0.0
1505,376:1,377,0.1286150704345574,0.49408437604531763,-0.8598481220570429,0.8333333333333334,0.24899598393574296,0.0
1506,376:2,383,0.19727269098488448,0.4941312025779466,-0.8467100094072673,0.8333333333333334,0.25301204819277107,0.0
1507,376:3,382,0.3424329267310216,-0.49413120257794774,-0.7991082813544721,0.6666666666666666,0.25301204819277107,0.0
1508,377:0,377,0.1286150704345574,0.49408437604531763,-0.8598481220570429,0.8333333333333334,0.24899598393574296,0.0
1509,377:1,372,-0.14909064904614006,0.9881687520906366,-0.035979101692993946,1.0,0.24899598393574296,0.0
1510,377:2,378,-0.14516023574613734,0.9882624051558946,-0.04760172805279462,1.0,0.25301204819277107,0.0
1511,377:3,383,0.19727269098488448,0.4941312025779466,-0.8467100094072673,0.8333333333333334,0.25301204819277107,0.0
1512,378:0,378,-0.14516023574613734,0.9882624051558946,-0.04760172805279462,0.0,0.25301204819277107,0.0
1513,378:1,379,-0.34243292673102155,0.4941312025779474,0.7991082813544722,0.16666666666666666,0.25301204819277107,0.0
1514,378:2,385,-0.4037146487540234,0.49422727917859816,0.7699051103201845,0.16666666666666666,0.2570281124497992,0.0
1515,378:3,384,-0.13980962550545772,0.9884545583571961,-0.05840252288132957,0.0,0.2570281124497992,0.0
1516,379:0,379,-0.34243292673102155,0.4941312025779474,0.7991082813544722,0.16666666666666666,0.25301204819277107,0.0
1517,379:1,380,-0.19727269098488429,-0.49413120257794707,0.8467100094072669,0.3333333333333333,0.25301204819277107,0.0
1518,379:2,386,-0.2639050232485658,-0.4942272791785978,0.8283076332015142,0.3333333333333333,0.2570281124497992,0.0
1519,379:3,385,-0.4037146487540234,0.49422727917859816,0.7699051103201845,0.16666666666666666,0.2570281124497992,0.0
1520,380:0,380,-0.19727269098488429,-0.49413120257794707,0.8467100094072669,0.3333333333333333,0.25301204819277107,0.0
1521,380:1,381,0.14516023574613732,-0.9882624051558946,0.04760172805279474,0.5,0.25301204819277107,0.0
1522,380:2,387,0.13980962550545767,-0.9884545583571961,0.05840252288132968,0.5,0.2570281124497992,0.0
1523,380:3,386,-0.2639050232485658,-0.4942272791785978,0.8283076332015142,0.3333333333333333,0.2570281124497992,0.0
1524,381:0,381,0.14516023574613732,-0.9882624051558946,0.04760172805279474,0.5,0.25301204819277107,0.0
1525,381:1,382,0.3424329267310216,-0.49413120257794774,-0.7991082813544721,0.6666666666666666,0.25301204819277107,0.0
1526,381:2,388,0.4037146487540234,-0.4942272791785985,-0.7699051103201844,0.6666666666666666,0.2570281124497992,0.0
1527,381:3,387,0.13980962550545767,-0.9884545583571961,0.05840252288132968,0.5,0.2570281124497992,0.0
1528,382:0,382,0.3424329267310216,-0.49413120257794774,-0.7991082813544721,0.6666666666666666,0.25301204819277107,0.0
1529,382:1,383,0.19727269098488448,0.4941312025779466,-0.8467100094072673,0.8333333333333334,0.25301204819277107,0.0
1530,382:2,389,0.26390502324856596,0.4942272791785974,-0.8283076332015145,0.8333333333333334,0.2570281124497992,0.0
1531,382:3,388,0.4037146487540234,-0.4942272791785985,-0.7699051103201844,0.6666666666666666,0.2570281124497992,0.0
1532,383:0,383,0.19727269098488448,0.4941312025779466,-0.8467100094072673,0.8333333333333334,0.25301204819277107,0.0
1533,383:1,378,-0.14516023574613734,0.9882624051558946,-0.04760172805279462,1.0,0.25301204819277107,0.0
1534,383:2,384,-0.13980962550545772,0.9884545583571961,-0.05840252288132957,1.0,0.2570281124497992,0.0
1535,383:3,389,0.26390502324856596,0.4942272791785974,-0.8283076332015145,0.8333333333333334,0.2570281124497992,0.0
1536,384:0,384,-0.13980962550545772,0.9884545583571961,-0.05840252288132957,0.0,0.2570281124497992,0.0
1537,384:1,385,-0.4037146487540234,0.49422727917859816,0.7699051103201845,0.16666666666666666,0.2570281124497992,0.0
1538,384:2,391,-0.4626131295129115,0.4942668851946021,0.7359954745800387,0.16666666666666666,0.26104417670682734,0.0
1539,384:3,390,-0.13433897022508842,0.988533770389204,-0.06894944437025768,0.0,0.26104417670682734,0.0
1540,385:0,385,-0.4037146487540234,0.49422727917859816,0.7699051103201845,0.16666666666666666,0.2570281124497992,0.0
1541,385:1,386,-0.2639050232485658,-0.4942272791785978,0.8283076332015142,0.3333333333333333,0.2570281124497992,0.0
1542,385:2,392,-0.32827415928782316,-0.49426688519460177,0.8049449189502964,0.3333333333333333,0.26104417670682734,0.0
1543,385:3,391,-0.4626131295129115,0.4942668851946021,0.7359954745800387,0.16666666666666666,0.26104417670682734,0.0
1544,386:0,386,-0.2639050232485658,-0.4942272791785978,0.8283076332015142,0.3333333333333333,0.2570281124497992,0.0
1545,386:1,387,0.13980962550545767,-0.9884545583571961,0.05840252288132968,0.5,0.2570281124497992,0.0
1546,386:2,393,0.13433897022508837,-0.988533770389204,0.0689494443702578,0.5,0.26104417670682734,0.0
1547,386:3,392,-0.32827415928782316,-0.49426688519460177,0.8049449189502964,0.3333333333333333,0.26104417670682734,0.0
1548,387:0,387,0.13980962550545767,-0.9884545583571961,0.05840252288132968,0.5,0.2570281124497992,0.0
1549,387:1,388,0.4037146487540234,-0.4942272791785985,-0.7699051103201844,0.6666666666666666,0.2570281124497992,0.0
1550,387:2,394,0.46261312951291156,-0.49426688519460243,-0.7359954745800386,0.6666666666666666,0.26104417670682734,0.0
1551,387:3,393,0.13433897022508837,-0.988533770389204,0.0689494443702578,0.5,0.26104417670682734,0.0
1552,388:0,388,0.4037146487540234,-0.4942272791785985,-0.7699051103201844,0.6666666666666666,0.2570281124497992,0.0
1553,388:1,389,0.26390502324856596,0.4942272791785974,-0.8283076332015145,0.8333333333333334,0.2570281124497992,0.0
1554,388:2,395,0.3282741592878234,0.4942668851946013,-0.8049449189502966,0.8333333333333334,0.26104417670682734,0.0
1555,388:3,394,0.46261312951291156,-0.49426688519460243,-0.7359954745800386,0.6666666666666666,0.26104417670682734,0.0
1556,389:0,389,0.26390502324856596,0.4942272791785974,-0.8283076332015145,0.8333333333333334,0.2570281124497992,0.0
1557,389:1,384,-0.13980962550545772,0.9884545583571961,-0.05840252288132957,1.0,0.2570281124497992,0.0
1558,389:2,390,-0.13433897022508842,0.988533770389204,-0.06894944437025768,1.0,0.26104417670682734,0.0
1559,389:3,395,0.3282741592878234,0.4942668851946013,-0.8049449189502966,0.8333333333333334,0.26104417670682734,0.0
1560,390:0,390,-0.13433897022508842,0.988533770389204,-0.06894944437025768,0.0,0.26104417670682734,0.0
1561,390:1,391,-0.4626131295129115,0.4942668851946021,0.7359954745800387,0.16666666666666666,0.26104417670682734,0.0
1562,390:2,397,-0.5187488423472332,0.4943208666012822,0.6975288663603556,0.16666666666666666,0.26506024096385544,0.0
1563,390:3,396,-0.12789882590621973,0.9886417332025642,-0.07892663493422401,0.0,0.26506024096385544,0.0
1564,391:0,391,-0.4626131295129115,0.4942668851946021,0.7359954745800387,0.16666666666666666,0.26104417670682734,0.0
1565,391:1,392,-0.32827415928782316,-0.49426688519460177,0.8049449189502964,0.3333333333333333,0.26104417670682734,0.0
1566,391:2,398,-0.3908500164410135,-0.4943208666012819,0.7764555012945796,0.3333333333333333,0.26506024096385544,0.0
1567,391:3,397,-0.5187488423472332,0.4943208666012822,0.6975288663603556,0.16666666666666666,0.26506024096385544,0.0
1568,392:0,392,-0.32827415928782316,-0.49426688519460177,0.8049449189502964,0.3333333333333333,0.26104417670682734,0.0
1569,392:1,393,0.13433897022508837,-0.988533770389204,0.0689494443702578,0.5,0.26104417670682734,0.0
1570,392:2,399,0.12789882590621968,-0.9886417332025642,0.07892663493422412,0.5,0.26506024096385544,0.0
1571,392:3,398,-0.3908500164410135,-0.4943208666012819,0.7764555012945796,0.3333333333333333,0.26506024096385544,0.0
1572,393:0,393,0.13433897022508837,-0.988533770389204,0.0689494443702578,0.5,0.26104417670682734,0.0
1573,393:1,394,0.46261312951291156,-0.49426688519460243,-0.7359954745800386,0.6666666666666666,0.26104417670682734,0.0
1574,393:2,400,0.5187488423472332,-0.49432086660128255,-0.6975288663603555,0.6666666666666666,0.26506024096385544,0.0
1575,393:3,399,0.12789882590621968,-0.9886417332025642,0.07892663493422412,0.5,0.26506024096385544,0.0
1576,394:0,394,0.46261312951291156,-0.49426688519460243,-0.7359954745800386,0.6666666666666666,0.26104417670682734,0.0
1577,394:1,395,0.3282741592878234,0.4942668851946013,-0.8049449189502966,0.8333333333333334,0.26104417670682734,0.0
1578,394:2,401,0.39085001644101375,0.49432086660128144,-0.77645550129458,0.8333333333333334,0.26506024096385544,0.0
1579,394:3,400,0.5187488423472332,-0.49432086660128255,-0.6975288663603555,0.6666666666666666,0.26506024096385544,0.0
1580,395:0,395,0.3282741592878234,0.4942668851946013,-0.8049449189502966,0.8333333333333334,0.26104417670682734,0.0
1581,395:1,390,-0.13433897022508842,0.988533770389204,-0.06894944437025768,1.0,0.26104417670682734,0.0
1582,395:2,396,-0.12789882590621973,0.9886417332025642,-0.07892663493422401,1.0,0.26506024096385544,0.0
1583,395:3,401,0.39085001644101375,0.49432086660128144,-0.77645550129458,0.8333333333333334,0.26506024096385544,0.0
1584,396:0,396,-0.12789882590621973,0.9886417332025642,-0.07892663493422401,0.0,0.26506024096385544,0.0
1585,396:1,397,-0.5187488423472332,0.4943208666012822,0.6975288663603556,0.16666666666666666,0.26506024096385544,0.0
1586,396:2,403,-0.5705483451926627,0.4944109439957201,0.6557685599776609,0.16666666666666666,0.26907630522088355,0.0
1587,396:3,402,-0.12046544043284253,0.98882188799144,-0.08785984003152614,0.0,0.26907630522088355,0.0
1588,397:0,397,-0.5187488423472332,0.4943208666012822,0.6975288663603556,0.16666666666666666,0.26506024096385544,0.0
1589,397:1,398,-0.3908500164410135,-0.4943208666012819,0.7764555012945796,0.3333333333333333,0.26506024096385544,0.0
1590,397:2,404,-0.45008290475982027,-0.4944109439957198,0.7436284000091872,0.3333333333333333,0.26907630522088355,0.0
1591,397:3,403,-0.5705483451926627,0.4944109439957201,0.6557685599776609,0.16666666666666666,0.26907630522088355,0.0
1592,398:0,398,-0.3908500164410135,-0.4943208666012819,0.7764555012945796,0.3333333333333333,0.26506024096385544,0.0
1593,398:1,399,0.12789882590621968,-0.9886417332025642,0.07892663493422412,0.5,0.26506024096385544,0.0
1594,398:2,405,0.12046544043284246,-0.98882188799144,0.08785984003152623,0.5,0.26907630522088355,0.0
1595,398:3,404,-0.45008290475982027,-0.4944109439957198,0.7436284000091872,0.3333333333333333,0.26907630522088355,0.0
1596,399:0,399,0.12789882590621968,-0.9886417332025642,0.07892663493422412,0.5,0.26506024096385544,0.0
1597,399:1,400,0.5187488423472332,-0.49432086660128255,-0.6975288663603555,0.6666666666666666,0.26506024096385544,0.0
1598,399:2,406,0.5705483451926627,-0.49441094399572044,-0.6557685599776608,0.6666666666666666,0.26907630522088355,0.0
1599,399:3,405,0.12046544043284246,-0.98882188799144,0.08785984003152623,0.5,0.26907630522088355,0.0
1600,400:0,400,0.5187488423472332,-0.49432086660128255,-0.6975288663603555,0.6666666666666666,0.26506024096385544,0.0
1601,400:1,401,0.39085001644101375,0.49432086660128144,-0.77645550129458,0.8333333333333334,0.26506024096385544,0.0
1602,400:2,407,0.45008290475982055,0.49441094399571933,-0.7436284000091874,0.8333333333333334,0.26907630522088355,0.0
1603,400:3,406,0.5705483451926627,-0.49441094399572044,-0.6557685599776608,0.6666666666666666,0.26907630522088355,0.0
1604,401:0,401,0.39085001644101375,0.49432086660128144,-0.77645550129458,0.8333333333333334,0.26506024096385544,0.0
1605,401:1,396,-0.12789882590621973,0.9886417332025642,-0.07892663493422401,1.0,0.26506024096385544,0.0
1606,401:2,402,-0.12046544043284253,0.98882188799144,-0.08785984003152614,1.0,0.26907630522088355,0.0
1607,401:3,407,0.45008290475982055,0.49441094399571933,-0.7436284000091874,0.8333333333333334,0.26907630522088355,0.0
1608,402:0,402,-0.12046544043284253,0.98882188799144,-0.08785984003152614,0.0,0.26907630522088355,0.0
1609,402:1,403,-0.5705483451926627,0.4944109439957201,0.6557685599776609,0.16666666666666666,0.26907630522088355,0.0
1610,402:2,409,-0.6195381771517887,0.49443341816393094,0.6096786383449645,0.16666666666666666,0.27309236947791166,0.0
1611,402:3,408,-0.11306770308458093,0.9888668363278617,-0.09673714141994771,0.0,0.27309236947791166,0.0
1612,403:0,403,-0.5705483451926627,0.4944109439957201,0.6557685599776609,0.16666666666666666,0.26907630522088355,0.0
1613,403:1,404,-0.45008290475982027,-0.4944109439957198,0.7436284000091872,0.3333333333333333,0.26907630522088355,0.0
1614,403:2,410,-0.5064704740672079,-0.4944334181639306,0.7064157797649123,0.3333333333333333,0.27309236947791166,0.0
1615,403:3,409,-0.6195381771517887,0.49443341816393094,0.6096786383449645,0.16666666666666666,0.27309236947791166,0.0
1616,404:0,404,-0.45008290475982027,-0.4944109439957198,0.7436284000091872,0.3333333333333333,0.26907630522088355,0.0
1617,404:1,405,0.12046544043284246,-0.98882188799144,0.08785984003152623,0.5,0.26907630522088355,0.0
1618,404:2,411,0.11306770308458085,-0.9888668363278617,0.09673714141994781,0.5,0.27309236947791166,0.0
1619,404:3,410,-0.5064704740672079,-0.4944334181639306,0.7064157797649123,0.3333333333333333,0.27309236947791166,0.0
1620,405:0,405,0.12046544043284246,-0.98882188799144,0.08785984003152623,0.5,0.26907630522088355,0.0
1621,405:1,406,0.5705483451926627,-0.49441094399572044,-0.6557685599776608,0.6666666666666666,0.26907630522088355,0.0
1622,405:2,412,0.6195381771517887,-0.49443341816393127,-0.6096786383449645,0.6666666666666666,0.27309236947791166,0.0
1623,405:3,411,0.11306770308458085,-0.9888668363278617,0.09673714141994781,0.5,0.27309236947791166,0.0
1624,406:0,406,0.5705483451926627,-0.49441094399572044,-0.6557685599776608,0.6666666666666666,0.26907630522088355,0.0
1625,406:1,407,0.45008290475982055,0.49441094399571933,-0.7436284000091874,0.8333333333333334,0.26907630522088355,0.0
1626,406:2,413,0.5064704740672081,0.49443341816393016,-0.7064157797649127,0.8333333333333334,0.27309236947791166,0.0
1627,406:3,412,0.6195381771517887,-0.49443341816393127,-0.6096786383449645,0.6666666666666666,0.27309236947791166,0.0
1628,407:0,407,0.45008290475982055,0.49441094399571933,-0.7436284000091874,0.8333333333333334,0.26907630522088355,0.0
1629,407:1,402,-0.12046544043284253,0.98882188799144,-0.08785984003152614,1.0,0.26907630522088355,0.0
1630,407:2,408,-0.11306770308458093,0.9888668363278617,-0.09673714141994771,1.0,0.27309236947791166,0.0
1631,407:3,413,0.5064704740672081,0.49443341816393016,-0.7064157797649127,0.8333333333333334,0.27309236947791166,0.0
1632,408:0,408,-0.11306770308458093,0.9888668363278617,-0.09673714141994771,0.0,0.27309236947791166,0.0
1633,408:1,409,-0.6195381771517887,0.49443341816393094,0.6096786383449645,0.16666666666666666,0.27309236947791166,0.0
1634,408:2,415,-0.6645363220104696,0.494492889476327,0.560239465752057,0.16666666666666666,0.27710843373493976,0.0
1635,408:3,414,-0.10469024361715887,0.9889857789526538,-0.10462830363143764,0.0,0.27710843373493976,0.0
1636,409:0,409,-0.6195381771517887,0.49443341816393094,0.6096786383449645,0.16666666666666666,0.27309236947791166,0.0
1637,409:1,410,-0.5064704740672079,-0.4944334181639306,0.7064157797649123,0.3333333333333333,0.27309236947791166,0.0
1638,409:2,416,-0.5598460783933109,-0.4944928894763267,0.6648677693834948,0.3333333333333333,0.27710843373493976,0.0
1639,409:3,415,-0.6645363220104696,0.494492889476327,0.560239465752057,0.16666666666666666,0.27710843373493976,0.0
1640,410:0,410,-0.5064704740672079,-0.4944334181639306,0.7064157797649123,0.3333333333333333,0.27309236947791166,0.0
1641,410:1,411,0.11306770308458085,-0.9888668363278617,0.09673714141994781,0.5,0.27309236947791166,0.0
1642,410:2,417,0.10469024361715878,-0.9889857789526538,0.10462830363143773,0.5,0.27710843373493976,0.0
1643,410:3,416,-0.5598460783933109,-0.4944928894763267,0.6648677693834948,0.3333333333333333,0.27710843373493976,0.0
1644,411:0,411,0.11306770308458085,-0.9888668363278617,0.09673714141994781,0.5,0.27309236947791166,0.0
1645,411:1,412,0.6195381771517887,-0.49443341816393127,-0.6096786383449645,0.6666666666666666,0.27309236947791166,0.0
1646,411:2,418,0.6645363220104697,-0.49449288947632736,-0.5602394657520569,0.6666666666666666,0.27710843373493976,0.0
1647,411:3,417,0.10469024361715878,-0.9889857789526538,0.10462830363143773,0.5,0.27710843373493976,0.0
1648,412:0,412,0.6195381771517887,-0.49443341816393127,-0.6096786383449645,0.6666666666666666,0.27309236947791166,0.0
1649,412:1,413,0.5064704740672081,0.49443341816393016,-0.7064157797649127,0.8333333333333334,0.27309236947791166,0.0
1650,412:2,419,0.5598460783933112,0.49449288947632625,-0.6648677693834949,0.8333333333333334,0.27710843373493976,0.0
1651,412:3,418,0.6645363220104697,-0.49449288947632736,-0.5602394657520569,0.6666666666666666,0.27710843373493976,0.0
1652,413:0,413,0.5064704740672081,0.49443341816393016,-0.7064157797649127,0.8333333333333334,0.27309236947791166,0.0
1653,413:1,408,-0.11306770308458093,0.9888668363278617,-0.09673714141994771,1.0,0.27309236947791166,0.0
1654,413:2,414,-0.10469024361715887,0.9889857789526538,-0.10462830363143764,1.0,0.27710843373493976,0.0
1655,413:3,419,0.5598460783933112,0.49449288947632625,-0.6648677693834949,0.8333333333333334,0.27710843373493976,0.0
1656,414:0,414,-0.10469024361715887,0.9889857789526538,-0.10462830363143764,0.0,0.27710843373493976,0.0
1657,414:1,415,-0.6645363220104696,0.494492889476327,0.560239465752057,0.16666666666666666,0.27710843373493976,0.0
1658,414:2,421,-0.7048039920495468,0.49456866892779594,0.5085795557294952,0.16666666666666666,0.28112449799196787,0.0
1659,414:3,420,-0.0957861753962223,0.9891373378555917,-0.11150038324112331,0.0,0.28112449799196787,0.0
1660,415:0,415,-0.6645363220104696,0.494492889476327,0.560239465752057,0.16666666666666666,0.27710843373493976,0.0
1661,415:1,416,-0.5598460783933109,-0.4944928894763267,0.6648677693834948,0.3333333333333333,0.27710843373493976,0.0
1662,415:2,422,-0.6090178166533246,-0.4945686689277956,0.6200799389706186,0.3333333333333333,0.28112449799196787,0.0
1663,415:3,421,-0.7048039920495468,0.49456866892779594,0.5085795557294952,0.16666666666666666,0.28112449799196787,0.0
1664,416:0,416,-0.5598460783933109,-0.4944928894763267,0.6648677693834948,0.3333333333333333,0.27710843373493976,0.0
1665,416:1,417,0.10469024361715878,-0.9889857789526538,0.10462830363143773,0.5,0.27710843373493976,0.0
1666,416:2,423,0.09578617539622221,-0.9891373378555917,0.1115003832411234,0.5,0.28112449799196787,0.0
1667,416:3,422,-0.6090178166533246,-0.4945686689277956,0.6200799389706186,0.3333333333333333,0.28112449799196787,0.0
1668,417:0,417,0.10469024361715878,-0.9889857789526538,0.10462830363143773,0.5,0.27710843373493976,0.0
1669,417:1,418,0.6645363220104697,-0.49449288947632736,-0.5602394657520569,0.6666666666666666,0.27710843373493976,0.0
1670,417:2,424,0.7048039920495467,-0.4945686689277963,-0.5085795557294952,0.6666666666666666,0.28112449799196787,0.0
1671,417:3,423,0.09578617539622221,-0.9891373378555917,0.1115003832411234,0.5,0.28112449799196787,0.0
1672,418:0,418,0.6645363220104697,-0.49449288947632736,-0.5602394657520569,0.6666666666666666,0.27710843373493976,0.0
1673,418:1,419,0.5598460783933112,0.49449288947632625,-0.6648677693834949,0.8333333333333334,0.27710843373493976,0.0
1674,418:2,425,0.6090178166533249,0.49456866892779516,-0.6200799389706189,0.8333333333333334,0.28112449799196787,0.0
1675,418:3,424,0.7048039920495467,-0.4945686689277963,-0.5085795557294952,0.6666666666666666,0.28112449799196787,0.0
1676,419:0,419,0.5598460783933112,0.49449288947632625,-0.6648677693834949,0.8333333333333334,0.27710843373493976,0.0
1677,419:1,414,-0.10469024361715887,0.9889857789526538,-0.10462830363143764,1.0,0.27710843373493976,0.0
1678,419:2,420,-0.0957861753962223,0.9891373378555917,-0.11150038324112331,1.0,0.28112449799196787,0.0
1679,419:3,425,0.6090178166533249,0.49456866892779516,-0.6200799389706189,0.8333333333333334,0.28112449799196787,0.0
1680,420:0,420,-0.0957861753962223,0.9891373378555917,-0.11150038324112331,0.0,0.28112449799196787,0.0
1681,420:1,421,-0.7048039920495468,0.49456866892779594,0.5085795557294952,0.16666666666666666,0.28112449799196787,0.0
1682,420:2,427,-0.7416144315274801,0.4945849350312382,0.4532039022231811,0.16666666666666666,0.285140562248996,0.0
1683,420:3,426,-0.08683712294843339,0.9891698700624761,-0.11833123948739295,0.0,0.285140562248996,0.0
1684,421:0,421,-0.7048039920495468,0.49456866892779594,0.5085795557294952,0.16666666666666666,0.28112449799196787,0.0
1685,421:1,422,-0.6090178166533246,-0.4945686689277956,0.6200799389706186,0.3333333333333333,0.28112449799196787,0.0
1686,421:2,428,-0.6547773085790467,-0.49458493503123785,0.5715351417105742,0.3333333333333333,0.285140562248996,0.0
1687,421:3,427,-0.7416144315274801,0.4945849350312382,0.4532039022231811,0.16666666666666666,0.285140562248996,0.0
1688,422:0,422,-0.6090178166533246,-0.4945686689277956,0.6200799389706186,0.3333333333333333,0.28112449799196787,0.0
1689,422:1,423,0.09578617539622221,-0.9891373378555917,0.1115003832411234,0.5,0.28112449799196787,0.0
1690,422:2,429,0.08683712294843329,-0.9891698700624761,0.11833123948739302,0.5,0.285140562248996,0.0
1691,422:3,428,-0.6547773085790467,-0.49458493503123785,0.5715351417105742,0.3333333333333333,0.285140562248996,0.0
1692,423:0,423,0.09578617539622221,-0.9891373378555917,0.1115003832411234,0.5,0.28112449799196787,0.0
1693,423:1,424,0.7048039920495467,-0.4945686689277963,-0.5085795557294952,0.6666666666666666,0.28112449799196787,0.0
1694,423:2,430,0.74161443152748,-0.4945849350312385,-0.453203902223181,0.6666666666666666,0.285140562248996,0.0
1695,423:3,429,0.08683712294843329,-0.9891698700624761,0.11833123948739302,0.5,0.285140562248996,0.0
1696,424:0,424,0.7048039920495467,-0.4945686689277963,-0.5085795557294952,0.6666666666666666,0.28112449799196787,0.0
1697,424:1,425,0.6090178166533249,0.49456866892779516,-0.6200799389706189,0.8333333333333334,0.28112449799196787,0.0
1698,424:2,431,0.654777308579047,0.4945849350312374,-0.5715351417105743,0.8333333333333334,0.285140562248996,0.0
1699,424:3,430,0.74161443152748,-0.4945849350312385,-0.453203902223181,0.6666666666666666,0.285140562248996,0.0
1700,425:0,425,0.6090178166533249,0.49456866892779516,-0.6200799389706189,0.8333333333333334,0.28112449799196787,0.0
1701,425:1,420,-0.0957861753962223,0.9891373378555917,-0.11150038324112331,1.0,0.28112449799196787,0.0
1702,425:2,426,-0.08683712294843339,0.9891698700624761,-0.11833123948739295,1.0,0.285140562248996,0.0
1703,425:3,431,0.654777308579047,0.4945849350312374,-0.5715351417105743,0.8333333333333334,0.285140562248996,0.0
1704,426:0,426,-0.08683712294843339,0.9891698700624761,-0.11833123948739295,0.0,0.285140562248996,0.0
1705,426:1,427,-0.7416144315274801,0.4945849350312382,0.4532039022231811,0.16666666666666666,0.285140562248996,0.0
1706,426:2,433,-0.7737119555290907,0.494648316704032,0.39584448038745995,0.16666666666666666,0.2891566265060241,0.0
1707,426:3,432,-0.07713187348526875,0.9892966334080637,-0.12386623922652878,0.0,0.2891566265060241,0.0
1708,427:0,427,-0.7416144315274801,0.4945849350312382,0.4532039022231811,0.16666666666666666,0.285140562248996,0.0
1709,427:1,428,-0.6547773085790467,-0.49458493503123785,0.5715351417105742,0.3333333333333333,0.285140562248996,0.0
1710,427:2,434,-0.696580082043822,-0.49464831670403164,0.5197107196139887,0.3333333333333333,0.2891566265060241,0.0
1711,427:3,433,-0.7737119555290907,0.494648316704032,0.39584448038745995,0.16666666666666666,0.2891566265060241,0.0
1712,428:0,428,-0.6547773085790467,-0.49458493503123785,0.5715351417105742,0.3333333333333333,0.285140562248996,0.0
1713,428:1,429,0.08683712294843329,-0.9891698700624761,0.11833123948739302,0.5,0.285140562248996,0.0
1714,428:2,435,0.07713187348526865,-0.9892966334080637,0.12386623922652885,0.5,0.2891566265060241,0.0
1715,428:3,434,-0.696580082043822,-0.49464831670403164,0.5197107196139887,0.3333333333333333,0.2891566265060241,0.0
1716,429:0,429,0.08683712294843329,-0.9891698700624761,0.11833123948739302,0.5,0.285140562248996,0.0
1717,429:1,430,0.74161443152748,-0.4945849350312385,-0.453203902223181,0.6666666666666666,0.285140562248996,0.0
1718,429:2,436,0.7737119555290906,-0.4946483167040323,-0.3958444803874599,0.6666666666666666,0.2891566265060241,0.0
1719,429:3,435,0.07713187348526865,-0.9892966334080637,0.12386623922652885,0.5,0.2891566265060241,0.0
1720,430:0,430,0.74161443152748,-0.4945849350312385,-0.453203902223181,0.6666666666666666,0.285140562248996,0.0
1721,430:1,431,0.654777308579047,0.4945849350312374,-0.5715351417105743,0.8333333333333334,0.285140562248996,0.0
1722,430:2,437,0.6965800820438223,0.4946483167040312,-0.519710719613989,0.8333333333333334,0.2891566265060241,0.0
1723,430:3,436,0.7737119555290906,-0.4946483167040323,-0.3958444803874599,0.6666666666666666,0.2891566265060241,0.0
1724,431:0,431,0.654777308579047,0.4945849350312374,-0.5715351417105743,0.8333333333333334,0.285140562248996,0.0
1725,431:1,426,-0.08683712294843339,0.9891698700624761,-0.11833123948739295,1.0,0.285140562248996,0.0
1726,431:2,432,-0.07713187348526875,0.9892966334080637,-0.12386623922652878,1.0,0.2891566265060241,0.0
1727,431:3,437,0.6965800820438223,0.4946483167040312,-0.519710719613989,0.8333333333333334,0.2891566265060241,0.0
1728,432:0,432,-0.07713187348526875,0.9892966334080637,-0.12386623922652878,0.0,0.2891566265060241,0.0
1729,432:1,433,-0.7737119555290907,0.494648316704032,0.39584448038745995,0.16666666666666666,0.2891566265060241,0.0
1730,432:2,439,-0.80098529015192,0.49470664332372793,0.3371763663301667,0.16666666666666666,0.2931726907630522,0.0
1731,432:3,438,-0.06727698780312223,0.9894132866474556,-0.12858909408506783,0.0,0.2931726907630522,0.0
1732,433:0,433,-0.7737119555290907,0.494648316704032,0.39584448038745995,0.16666666666666666,0.2891566265060241,0.0
1733,433:1,434,-0.696580082043822,-0.49464831670403164,0.5197107196139887,0.3333333333333333,0.2891566265060241,0.0
1734,433:2,440,-0.7337083023487978,-0.4947066433237276,0.4657654604152346,0.3333333333333333,0.2931726907630522,0.0
1735,433:3,439,-0.80098529015192,0.49470664332372793,0.3371763663301667,0.16666666666666666,0.2931726907630522,0.0
1736,434:0,434,-0.696580082043822,-0.49464831670403164,0.5197107196139887,0.3333333333333333,0.2891566265060241,0.0
1737,434:1,435,0.07713187348526865,-0.9892966334080637,0.12386623922652885,0.5,0.2891566265060241,0.0
1738,434:2,441,0.06727698780312212,-0.9894132866474556,0.12858909408506788,0.5,0.2931726907630522,0.0
1739,434:3,440,-0.7337083023487978,-0.4947066433237276,0.4657654604152346,0.3333333333333333,0.2931726907630522,0.0
1740,435:0,435,0.07713187348526865,-0.9892966334080637,0.12386623922652885,0.5,0.2891566265060241,0.0
1741,435:1,436,0.7737119555290906,-0.4946483167040323,-0.3958444803874599,0.6666666666666666,0.2891566265060241,0.0
1742,435:2,442,0.8009852901519199,-0.49470664332372827,-0.3371763663301666,0.6666666666666666,0.2931726907630522,0.0
1743,435:3,441,0.06727698780312212,-0.9894132866474556,0.12858909408506788,0.5,0.2931726907630522,0.0
1744,436:0,436,0.7737119555290906,-0.4946483167040323,-0.3958444803874599,0.6666666666666666,0.2891566265060241,0.0
1745,436:1,437,0.6965800820438223,0.4946483167040312,-0.519710719613989,0.8333333333333334,0.2891566265060241,0.0
1746,436:2,443,0.7337083023487981,0.49470664332372716,-0.46576546041523464,0.8333333333333334,0.2931726907630522,0.0
1747,436:3,442,0.8009852901519199,-0.49470664332372827,-0.3371763663301666,0.6666666666666666,0.2931726907630522,0.0
1748,437:0,437,0.6965800820438223,0.4946483167040312,-0.519710719613989,0.8333333333333334,0.2891566265060241,0.0
1749,437:1,432,-0.07713187348526875,0.9892966334080637,-0.12386623922652878,1.0,0.2891566265060241,0.0
1750,437:2,438,-0.06727698780312223,0.9894132866474556,-0.12858909408506783,1.0,0.2931726907630522,0.0
1751,437:3,443,0.7337083023487981,0.49470664332372716,-0.46576546041523464,0.8333333333333334,0.2931726907630522,0.0
1752,438:0,438,-0.06727698780312223,0.9894132866474556,-0.12858909408506783,0.0,0.2931726907630522,0.0
1753,438:1,439,-0.80098529015192,0.49470664332372793,0.3371763663301667,0.16666666666666666,0.2931726907630522,0.0
1754,438:2,445,-0.8241544138196814,0.4947223381142579,0.27571599582233014,0.16666666666666666,0.2971887550200803,0.0
1755,438:3,444,-0.05727211761402657,0.9894446762285156,-0.1331132496299786,0.0,0.2971887550200803,0.0
1756,439:0,439,-0.80098529015192,0.49470664332372793,0.3371763663301667,0.16666666666666666,0.2931726907630522,0.0
1757,439:1,440,-0.7337083023487978,-0.4947066433237276,0.4657654604152346,0.3333333333333333,0.2931726907630522,0.0
1758,439:2,446,-0.766882296205655,-0.4947223381142576,0.4088292454523088,0.3333333333333333,0.2971887550200803,0.0
1759,439:3,445,-0.8241544138196814,0.4947223381142579,0.27571599582233014,0.16666666666666666,0.2971887550200803,0.0
1760,440:0,440,-0.7337083023487978,-0.4947066433237276,0.4657654604152346,0.3333333333333333,0.2931726907630522,0.0
1761,440:1,441,0.06727698780312212,-0.9894132866474556,0.12858909408506788,0.5,0.2931726907630522,0.0
1762,440:2,447,0.05727211761402646,-0.9894446762285156,0.13311324962997867,0.5,0.2971887550200803,0.0
1763,440:3,446,-0.766882296205655,-0.4947223381142576,0.4088292454523088,0.3333333333333333,0.2971887550200803,0.0
1764,441:0,441,0.06727698780312212,-0.9894132866474556,0.12858909408506788,0.5,0.2931726907630522,0.0
1765,441:1,442,0.8009852901519199,-0.49470664332372827,-0.3371763663301666,0.6666666666666666,0.2931726907630522,0.0
1766,441:2,448,0.8241544138196812,-0.49472233811425825,-0.2757159958223301,0.6666666666666666,0.2971887550200803,0.0
1767,441:3,447,0.05727211761402646,-0.9894446762285156,0.13311324962997867,0.5,0.2971887550200803,0.0
1768,442:0,442,0.8009852901519199,-0.49470664332372827,-0.3371763663301666,0.6666666666666666,0.2931726907630522,0.0
1769,442:1,443,0.7337083023487981,0.49470664332372716,-0.46576546041523464,0.8333333333333334,0.2931726907630522,0.0
1770,442:2,449,0.7668822962056553,0.49472233811425714,-0.4088292454523088,0.8333333333333334,0.2971887550200803,0.0
1771,442:3,448,0.8241544138196812,-0.49472233811425825,-0.2757159958223301,0.6666666666666666,0.2971887550200803,0.0
1772,443:0,443,0.7337083023487981,0.49470664332372716,-0.46576546041523464,0.8333333333333334,0.2931726907630522,0.0
1773,443:1,438,-0.06727698780312223,0.9894132866474556,-0.12858909408506783,1.0,0.2931726907630522,0.0
1774,443:2,444,-0.05727211761402657,0.9894446762285156,-0.1331132496299786,1.0,0.2971887550200803,0.0
1775,443:3,449,0.7668822962056553,0.49472233811425714,-0.4088292454523088,0.8333333333333334,0.2971887550200803,0.0
1776,444:0,444,-0.05727211761402657,0.9894446762285156,-0.1331132496299786,0.0,0.2971887550200803,0.0
1777,444:1,445,-0.8241544138196814,0.4947223381142579,0.27571599582233014,0.16666666666666666,0.2971887550200803,0.0
1778,444:2,451,-0.8423467539982591,0.49478817972473776,0.21362725302094987,0.16666666666666666,0.30120481927710846,0.0
1779,444:3,450,-0.04684576294616758,0.9895763594494753,-0.13617673557812368,0.0,0.30120481927710846,0.0
1780,445:0,445,-0.8241544138196814,0.4947223381142579,0.27571599582233014,0.16666666666666666,0.2971887550200803,0.0
1781,445:1,446,-0.766882296205655,-0.4947223381142576,0.4088292454523088,0.3333333333333333,0.2971887550200803,0.0
1782,445:2,452,-0.7955009910520916,-0.49478817972473743,0.3498039885990735,0.3333333333333333,0.30120481927710846,0.0
1783,445:3,451,-0.8423467539982591,0.49478817972473776,0.21362725302094987,0.16666666666666666,0.30120481927710846,0.0
1784,446:0,446,-0.766882296205655,-0.4947223381142576,0.4088292454523088,0.3333333333333333,0.2971887550200803,0.0
1785,446:1,447,0.05727211761402646,-0.9894446762285156,0.13311324962997867,0.5,0.2971887550200803,0.0
1786,446:2,453,0.04684576294616746,-0.9895763594494753,0.1361767355781237,0.5,0.30120481927710846,0.0
1787,446:3,452,-0.7955009910520916,-0.49478817972473743,0.3498039885990735,0.3333333333333333,0.30120481927710846,0.0
1788,447:0,447,0.05727211761402646,-0.9894446762285156,0.13311324962997867,0.5,0.2971887550200803,0.0
1789,447:1,448,0.8241544138196812,-0.49472233811425825,-0.2757159958223301,0.6666666666666666,0.2971887550200803,0.0
1790,447:2,454,0.842346753998259,-0.4947881797247381,-0.21362725302094976,0.6666666666666666,0.30120481927710846,0.0
1791,447:3,453,0.04684576294616746,-0.9895763594494753,0.1361767355781237,0.5,0.30120481927710846,0.0
1792,448:0,448,0.8241544138196812,-0.49472233811425825,-0.2757159958223301,0.6666666666666666,0.2971887550200803,0.0
1793,448:1,449,0.7668822962056553,0.49472233811425714,-0.4088292454523088,0.8333333333333334,0.2971887550200803,0.0
1794,448:2,455,0.7955009910520919,0.494788179724737,-0.3498039885990736,0.8333333333333334,0.30120481927710846,0.0
1795,448:3,454,0.842346753998259,-0.4947881797247381,-0.21362725302094976,0.6666666666666666,0.30120481927710846,0.0
1796,449:0,449,0.7668822962056553,0.49472233811425714,-0.4088292454523088,0.8333333333333334,0.2971887550200803,0.0
1797,449:1,444,-0.05727211761402657,0.9894446762285156,-0.1331132496299786,1.0,0.2971887550200803,0.0
1798,449:2,450,-0.04684576294616758,0.9895763594494753,-0.13617673557812368,1.0,0.30120481927710846,0.0
1799,449:3,455,0.7955009910520919,0.494788179724737,-0.3498039885990736,0.8333333333333334,0.30120481927710846,0.0
1800,450:0,450,-0.04684576294616758,0.9895763594494753,-0.13617673557812368,0.0,0.30120481927710846,0.0
1801,450:1,451,-0.8423467539982591,0.49478817972473776,0.21362725302094987,0.16666666666666666,0.30120481927710846,0.0
1802,450:2,457,-0.8557690439877532,0.4948294316740057,0.1510072081109617,0.16666666666666666,0.30522088353413657,0.0
1803,450:3,456,-0.03649970181065064,0.9896588633480112,-0.1387195226507649,0.0,0.30522088353413657,0.0
1804,451:0,451,-0.8423467539982591,0.49478817972473776,0.21362725302094987,0.16666666666666666,0.30120481927710846,0.0
1805,451:1,452,-0.7955009910520916,-0.49478817972473743,0.3498039885990735,0.3333333333333333,0.30120481927710846,0.0
1806,451:2,458,-0.8192693421771028,-0.4948294316740054,0.2897267307617266,0.3333333333333333,0.30522088353413657,0.0
1807,451:3,457,-0.8557690439877532,0.4948294316740057,0.1510072081109617,0.16666666666666666,0.30522088353413657,0.0
1808,452:0,452,-0.7955009910520916,-0.49478817972473743,0.3498039885990735,0.3333333333333333,0.30120481927710846,0.0
1809,452:1,453,0.04684576294616746,-0.9895763594494753,0.1361767355781237,0.5,0.30120481927710846,0.0
1810,452:2,459,0.03649970181065052,-0.9896588633480112,0.13871952265076493,0.5,0.30522088353413657,0.0
1811,452:3,458,-0.8192693421771028,-0.4948294316740054,0.2897267307617266,0.3333333333333333,0.30522088353413657,0.0
1812,453:0,453,0.04684576294616746,-0.9895763594494753,0.1361767355781237,0.5,0.30120481927710846,0.0
1813,453:1,454,0.842346753998259,-0.4947881797247381,-0.21362725302094976,0.6666666666666666,0.30120481927710846,0.0
1814,453:2,460,0.8557690439877532,-0.49482943167400606,-0.15100720811096163,0.6666666666666666,0.30522088353413657,0.0
1815,453:3,459,0.03649970181065052,-0.9896588633480112,0.13871952265076493,0.5,0.30522088353413657,0.0
1816,454:0,454,0.842346753998259,-0.4947881797247381,-0.21362725302094976,0.6666666666666666,0.30120481927710846,0.0
1817,454:1,455,0.7955009910520919,0.494788179724737,-0.3498039885990736,0.8333333333333334,0.30120481927710846,0.0
1818,454:2,461,0.8192693421771031,0.49482943167400495,-0.2897267307617266,0.8333333333333334,0.30522088353413657,0.0
1819,454:3,460,0.8557690439877532,-0.49482943167400606,-0.15100720811096163,0.6666666666666666,0.30522088353413657,0.0
1820,455:0,455,0.7955009910520919,0.494788179724737,-0.3498039885990736,0.8333333333333334,0.30120481927710846,0.0
1821,455:1,450,-0.04684576294616758,0.9895763594494753,-0.13617673557812368,1.0,0.30120481927710846,0.0
1822,455:2,456,-0.03649970181065064,0.9896588633480112,-0.1387195226507649,1.0,0.30522088353413657,0.0
1823,455:3,461,0.8192693421771031,0.49482943167400495,-0.2897267307617266,0.8333333333333334,0.30522088353413657,0.0
1824,456:0,456,-0.03649970181065064,0.9896588633480112,-0.1387195226507649,0.0,0.30522088353413657,0.0
1825,456:1,457,-0.8557690439877532,0.4948294316740057,0.1510072081109617,0.16666666666666666,0.30522088353413657,0.0
1826,456:2,463,-0.8646425756482197,0.4948465250330136,0.08671870063120136,0.16666666666666666,0.3092369477911647,0.0
1827,456:3,462,-0.025983288520959543,0.9896930500660269,-0.14082803473968247,0.0,0.3092369477911647,0.0
1828,457:0,457,-0.8557690439877532,0.4948294316740057,0.1510072081109617,0.16666666666666666,0.30522088353413657,0.0
1829,457:1,458,-0.8192693421771028,-0.4948294316740054,0.2897267307617266,0.3333333333333333,0.30522088353413657,0.0
1830,457:2,464,-0.8386592871272602,-0.49484652503301324,0.22754673537088385,0.3333333333333333,0.3092369477911647,0.0
1831,457:3,463,-0.8646425756482197,0.4948465250330136,0.08671870063120136,0.16666666666666666,0.3092369477911647,0.0
1832,458:0,458,-0.8192693421771028,-0.4948294316740054,0.2897267307617266,0.3333333333333333,0.30522088353413657,0.0
1833,458:1,459,0.03649970181065052,-0.9896588633480112,0.13871952265076493,0.5,0.30522088353413657,0.0
1834,458:2,465,0.02598328852095942,-0.9896930500660269,0.1408280347396825,0.5,0.3092369477911647,0.0
1835,458:3,464,-0.8386592871272602,-0.49484652503301324,0.22754673537088385,0.3333333333333333,0.3092369477911647,0.0
1836,459:0,459,0.03649970181065052,-0.9896588633480112,0.13871952265076493,0.5,0.30522088353413657,0.0
1837,459:1,460,0.8557690439877532,-0.49482943167400606,-0.15100720811096163,0.6666666666666666,0.30522088353413657,0.0
1838,459:2,466,0.8646425756482196,-0.4948465250330139,-0.08671870063120128,0.6666666666666666,0.3092369477911647,0.0
1839,459:3,465,0.02598328852095942,-0.9896930500660269,0.1408280347396825,0.5,0.3092369477911647,0.0
1840,460:0,460,0.8557690439877532,-0.49482943167400606,-0.15100720811096163,0.6666666666666666,0.30522088353413657,0.0
1841,460:1,461,0.8192693421771031,0.49482943167400495,-0.2897267307617266,0.8333333333333334,0.30522088353413657,0.0
1842,460:2,467,0.8386592871272606,0.4948465250330128,-0.22754673537088382,0.8333333333333334,0.3092369477911647,0.0
1843,460:3,466,0.8646425756482196,-0.4948465250330139,-0.08671870063120128,0.6666666666666666,0.3092369477911647,0.0
1844,461:0,461,0.8192693421771031,0.49482943167400495,-0.2897267307617266,0.8333333333333334,0.30522088353413657,0.0
1845,461:1,456,-0.03649970181065064,0.9896588633480112,-0.1387195226507649,1.0,0.30522088353413657,0.0
1846,461:2,462,-0.025983288520959543,0.9896930500660269,-0.14082803473968247,1.0,0.3092369477911647,0.0
1847,461:3,467,0.8386592871272606,0.4948465250330128,-0.22754673537088382,0.8333333333333334,0.3092369477911647,0.0
1848,462:0,462,-0.025983288520959543,0.9896930500660269,-0.14082803473968247,0.0,0.3092369477911647,0.0
1849,462:1,463,-0.8646425756482197,0.4948465250330136,0.08671870063120136,0.16666666666666666,0.3092369477911647,0.0
1850,462:2,469,-0.8686365048615878,0.4949132602470189,0.023054007320014377,0.16666666666666666,0.3132530120481928,0.0
1851,462:3,468,-0.015406393727234131,0.9898265204940376,-0.14144292968893118,0.0,0.3132530120481928,0.0
1852,463:0,463,-0.8646425756482197,0.4948465250330136,0.08671870063120136,0.16666666666666666,0.3092369477911647,0.0
1853,463:1,464,-0.8386592871272602,-0.49484652503301324,0.22754673537088385,0.3333333333333333,0.3092369477911647,0.0
1854,463:2,470,-0.8532301111343538,-0.4949132602470186,0.16449693700894555,0.3333333333333333,0.3132530120481928,0.0
1855,463:3,469,-0.8686365048615878,0.4949132602470189,0.023054007320014377,0.16666666666666666,0.3132530120481928,0.0
1856,464:0,464,-0.8386592871272602,-0.49484652503301324,0.22754673537088385,0.3333333333333333,0.3092369477911647,0.0
1857,464:1,465,0.02598328852095942,-0.9896930500660269,0.1408280347396825,0.5,0.3092369477911647,0.0
1858,464:2,471,0.01540639372723401,-0.9898265204940376,0.14144292968893118,0.5,0.3132530120481928,0.0
1859,464:3,470,-0.8532301111343538,-0.4949132602470186,0.16449693700894555,0.3333333333333333,0.3132530120481928,0.0
1860,465:0,465,0.02598328852095942,-0.9896930500660269,0.1408280347396825,0.5,0.3092369477911647,0.0
1861,465:1,466,0.8646425756482196,-0.4948465250330139,-0.08671870063120128,0.6666666666666666,0.3092369477911647,0.0
1862,465:2,472,0.8686365048615877,-0.49491326024701926,-0.023054007320014308,0.6666666666666666,0.3132530120481928,0.0
1863,465:3,471,0.01540639372723401,-0.9898265204940376,0.14144292968893118,0.5,0.3132530120481928,0.0
1864,466:0,466,0.8646425756482196,-0.4948465250330139,-0.08671870063120128,0.6666666666666666,0.3092369477911647,0.0
1865,466:1,467,0.8386592871272606,0.4948465250330128,-0.22754673537088382,0.8333333333333334,0.3092369477911647,0.0
1866,466:2,473,0.8532301111343541,0.49491326024701815,-0.16449693700894552,0.8333333333333334,0.3132530120481928,0.0
1867,466:3,472,0.8686365048615877,-0.49491326024701926,-0.023054007320014308,0.6666666666666666,0.3132530120481928,0.0
1868,467:0,467,0.8386592871272606,0.4948465250330128,-0.22754673537088382,0.8333333333333334,0.3092369477911647,0.0
1869,467:1,462,-0.025983288520959543,0.9896930500660269,-0.14082803473968247,1.0,0.3092369477911647,0.0
1870,467:2,468,-0.015406393727234131,0.9898265204940376,-0.14144292968893118,1.0,0.3132530120481928,0.0
1871,467:3,473,0.8532301111343541,0.49491326024701815,-0.16449693700894552,0.8333333333333334,0.3132530120481928,0.0
1872,468:0,468,-0.015406393727234131,0.9898265204940376,-0.14144292968893118,0.0,0.3132530120481928,0.0
1873,468:1,469,-0.8686365048615878,0.4949132602470189,0.023054007320014377,0.16666666666666666,0.3132530120481928,0.0
1874,468:2,475,-0.8679873232138929,0.4949408246789168,-0.04039290539358002,0.16666666666666666,0.3172690763052209,0.0
1875,468:3,474,-0.004999092101780565,0.9898816493578334,-0.1418073670257411,0.0,0.3172690763052209,0.0
1876,469:0,469,-0.8686365048615878,0.4949132602470189,0.023054007320014377,0.16666666666666666,0.3132530120481928,0.0
1877,469:1,470,-0.8532301111343538,-0.4949132602470186,0.16449693700894555,0.3333333333333333,0.3132530120481928,0.0
1878,469:2,476,-0.8629882311121124,-0.4949408246789165,0.10141446163216106,0.3333333333333333,0.3172690763052209,0.0
1879,469:3,475,-0.8679873232138929,0.4949408246789168,-0.04039290539358002,0.16666666666666666,0.3172690763052209,0.0
1880,470:0,470,-0.8532301111343538,-0.4949132602470186,0.16449693700894555,0.3333333333333333,0.3132530120481928,0.0
1881,470:1,471,0.01540639372723401,-0.9898265204940376,0.14144292968893118,0.5,0.3132530120481928,0.0
1882,470:2,477,0.004999092101780443,-0.9898816493578334,0.1418073670257411,0.5,0.3172690763052209,0.0
1883,470:3,476,-0.8629882311121124,-0.4949408246789165,0.10141446163216106,0.3333333333333333,0.3172690763052209,0.0
1884,471:0,471,0.01540639372723401,-0.9898265204940376,0.14144292968893118,0.5,0.3132530120481928,0.0
1885,471:1,472,0.8686365048615877,-0.49491326024701926,-0.023054007320014308,0.6666666666666666,0.3132530120481928,0.0
1886,471:2,478,0.8679873232138928,-0.49494082467891715,0.04039290539358008,0.6666666666666666,0.3172690763052209,0.0
1887,471:3,477,0.004999092101780443,-0.9898816493578334,0.1418073670257411,0.5,0.3172690763052209,0.0
1888,472:0,472,0.8686365048615877,-0.49491326024701926,-0.023054007320014308,0.6666666666666666,0.3132530120481928,0.0
1889,472:1,473,0.8532301111343541,0.49491326024701815,-0.16449693700894552,0.8333333333333334,0.3132530120481928,0.0
1890,472:2,479,0.8629882311121128,0.49494082467891604,-0.101414461632161,0.8333333333333334,0.3172690763052209,0.0
1891,472:3,478,0.8679873232138928,-0.49494082467891715,0.04039290539358008,0.6666666666666666,0.3172690763052209,0.0
1892,473:0,473,0.8532301111343541,0.49491326024701815,-0.16449693700894552,0.8333333333333334,0.3132530120481928,0.0
1893,473:1,468,-0.015406393727234131,0.9898265204940376,-0.14144292968893118,1.0,0.3132530120481928,0.0
1894,473:2,474,-0.004999092101780565,0.9898816493578334,-0.1418073670257411,1.0,0.3172690763052209,0.0
1895,473:3,479,0.8629882311121128,0.49494082467891604,-0.101414461632161,0.8333333333333334,0.3172690763052209,0.0
1896,474:0,474,-0.004999092101780565,0.9898816493578334,-0.1418073670257411,0.0,0.3172690763052209,0.0
1897,474:1,475,-0.8679873232138929,0.4949408246789168,-0.04039290539358002,0.16666666666666666,0.3172690763052209,0.0
1898,474:2,481,-0.8626304317960838,0.49495836465383997,-0.10433098963634248,0.16666666666666666,0.321285140562249,0.0
1899,474:3,480,0.005489029882862717,0.9899167293076797,-0.14154412593863086,0.0,0.321285140562249,0.0
1900,475:0,475,-0.8679873232138929,0.4949408246789168,-0.04039290539358002,0.16666666666666666,0.3172690763052209,0.0
1901,475:1,476,-0.8629882311121124,-0.4949408246789165,0.10141446163216106,0.3333333333333333,0.3172690763052209,0.0
1902,475:2,482,-0.8681194616789466,-0.49495836465383963,0.03721313630228836,0.3333333333333333,0.321285140562249,0.0
1903,475:3,481,-0.8626304317960838,0.49495836465383997,-0.10433098963634248,0.16666666666666666,0.321285140562249,0.0
1904,476:0,476,-0.8629882311121124,-0.4949408246789165,0.10141446163216106,0.3333333333333333,0.3172690763052209,0.0
1905,476:1,477,0.004999092101780443,-0.9898816493578334,0.1418073670257411,0.5,0.3172690763052209,0.0
1906,476:2,483,-0.0054890298828628396,-0.9899167293076797,0.14154412593863086,0.5,0.321285140562249,0.0
1907,476:3,482,-0.8681194616789466,-0.49495836465383963,0.03721313630228836,0.3333333333333333,0.321285140562249,0.0
1908,477:0,477,0.004999092101780443,-0.9898816493578334,0.1418073670257411,0.5,0.3172690763052209,0.0
1909,477:1,478,0.8679873232138928,-0.49494082467891715,0.04039290539358008,0.6666666666666666,0.3172690763052209,0.0
1910,477:2,484,0.8626304317960837,-0.4949583646538403,0.10433098963634252,0.6666666666666666,0.321285140562249,0.0
1911,477:3,483,-0.0054890298828628396,-0.9899167293076797,0.14154412593863086,0.5,0.321285140562249,0.0
1912,478:0,478,0.8679873232138928,-0.49494082467891715,0.04039290539358008,0.6666666666666666,0.3172690763052209,0.0
1913,478:1,479,0.8629882311121128,0.49494082467891604,-0.101414461632161,0.8333333333333334,0.3172690763052209,0.0
1914,478:2,485,0.8681194616789469,0.4949583646538392,-0.037213136302288286,0.8333333333333334,0.321285140562249,0.0
1915,478:3,484,0.8626304317960837,-0.4949583646538403,0.10433098963634252,0.6666666666666666,0.321285140562249,0.0
1916,479:0,479,0.8629882311121128,0.49494082467891604,-0.101414461632161,0.8333333333333334,0.3172690763052209,0.0
1917,479:1,474,-0.004999092101780565,0.9898816493578334,-0.1418073670257411,1.0,0.3172690763052209,0.0
1918,479:2,480,0.005489029882862717,0.9899167293076797,-0.14154412593863086,1.0,0.321285140562249,0.0
1919,479:3,485,0.8681194616789469,0.4949583646538392,-0.037213136302288286,0.8333333333333334,0.321285140562249,0.0
1920,480:0,480,0.005489029882862717,0.9899167293076797,-0.14154412593863086,0.0,0.321285140562249,0.0
1921,480:1,481,-0.8626304317960838,0.49495836465383997,-0.10433098963634248,0.16666666666666666,0.321285140562249,0.0
1922,480:2,487,-0.852766603531888,0.49502375765325207,-0.16655509376642308,0.16666666666666666,0.3253012048192771,0.0
1923,480:3,486,0.015702492425501046,0.9900475153065039,-0.1398547430981338,0.0,0.3253012048192771,0.0
1924,481:0,481,-0.8626304317960838,0.49495836465383997,-0.10433098963634248,0.16666666666666666,0.321285140562249,0.0
1925,481:1,482,-0.8681194616789466,-0.49495836465383963,0.03721313630228836,0.3333333333333333,0.321285140562249,0.0
1926,481:2,488,-0.8684690959573893,-0.49502375765325174,-0.026700350668289297,0.3333333333333333,0.3253012048192771,0.0
1927,481:3,487,-0.852766603531888,0.49502375765325207,-0.16655509376642308,0.16666666666666666,0.3253012048192771,0.0
1928,482:0,482,-0.8681194616789466,-0.49495836465383963,0.03721313630228836,0.3333333333333333,0.321285140562249,0.0
1929,482:1,483,-0.0054890298828628396,-0.9899167293076797,0.14154412593863086,0.5,0.321285140562249,0.0
1930,482:2,489,-0.015702492425501167,-0.9900475153065039,0.1398547430981338,0.5,0.3253012048192771,0.0
1931,482:3,488,-0.8684690959573893,-0.49502375765325174,-0.026700350668289297,0.3333333333333333,0.3253012048192771,0.0
1932,483:0,483,-0.0054890298828628396,-0.9899167293076797,0.14154412593863086,0.5,0.321285140562249,0.0
1933,483:1,484,0.8626304317960837,-0.4949583646538403,0.10433098963634252,0.6666666666666666,0.321285140562249,0.0
1934,483:2,490,0.8527666035318879,-0.4950237576532524,0.16655509376642313,0.6666666666666666,0.3253012048192771,0.0
1935,483:3,489,-0.015702492425501167,-0.9900475153065039,0.1398547430981338,0.5,0.3253012048192771,0.0
1936,484:0,484,0.8626304317960837,-0.4949583646538403,0.10433098963634252,0.6666666666666666,0.321285140562249,0.0
1937,484:1,485,0.8681194616789469,0.4949583646538392,-0.037213136302288286,0.8333333333333334,0.321285140562249,0.0
1938,484:2,491,0.8684690959573895,0.4950237576532513,0.026700350668289408,0.8333333333333334,0.3253012048192771,0.0
1939,484:3,490,0.8527666035318879,-0.4950237576532524,0.16655509376642313,0.6666666666666666,0.3253012048192771,0.0
1940,485:0,485,0.8681194616789469,0.4949583646538392,-0.037213136302288286,0.8333333333333334,0.321285140562249,0.0
1941,485:1,480,0.005489029882862717,0.9899167293076797,-0.14154412593863086,1.0,0.321285140562249,0.0
1942,485:2,486,0.015702492425501046,0.9900475153065039,-0.1398547430981338,1.0,0.3253012048192771,0.0
1943,485:3,491,0.8684690959573895,0.4950237576532513,0.026700350668289408,0.8333333333333334,0.3253012048192771,0.0
1944,486:0,486,0.015702492425501046,0.9900475153065039,-0.1398547430981338,0.0,0.3253012048192771,0.0
1945,486:1,487,-0.852766603531888,0.49502375765325207,-0.16655509376642308,0.16666666666666666,0.3253012048192771,0.0
1946,486:2,493,-0.8384792115490547,0.4950419765953799,-0.2277851031314712,0.16666666666666666,0.3293172690763052,0.0
1947,486:3,492,0.02574847019630144,0.9900839531907596,-0.13809700183822937,0.0,0.3293172690763052,0.0
1948,487:0,487,-0.852766603531888,0.49502375765325207,-0.16655509376642308,0.16666666666666666,0.3253012048192771,0.0
1949,487:1,488,-0.8684690959573893,-0.49502375765325174,-0.026700350668289297,0.3333333333333333,0.3253012048192771,0.0
1950,487:2,494,-0.8642276817453562,-0.4950419765953796,-0.08968810129324187,0.3333333333333333,0.3293172690763052,0.0
1951,487:3,493,-0.8384792115490547,0.4950419765953799,-0.2277851031314712,0.16666666666666666,0.3293172690763052,0.0
1952,488:0,488,-0.8684690959573893,-0.49502375765325174,-0.026700350668289297,0.3333333333333333,0.3253012048192771,0.0
1953,488:1,489,-0.015702492425501167,-0.9900475153065039,0.1398547430981338,0.5,0.3253012048192771,0.0
1954,488:2,495,-0.02574847019630156,-0.9900839531907596,0.13809700183822934,0.5,0.3293172690763052,0.0
1955,488:3,494,-0.8642276817453562,-0.4950419765953796,-0.08968810129324187,0.3333333333333333,0.3293172690763052,0.0
1956,489:0,489,-0.015702492425501167,-0.9900475153065039,0.1398547430981338,0.5,0.3253012048192771,0.0
1957,489:1,490,0.8527666035318879,-0.4950237576532524,0.16655509376642313,0.6666666666666666,0.3253012048192771,0.0
1958,489:2,496,0.8384792115490546,-0.49504197659538024,0.22778510313147124,0.6666666666666666,0.3293172690763052,0.0
1959,489:3,495,-0.02574847019630156,-0.9900839531907596,0.13809700183822934,0.5,0.3293172690763052,0.0
1960,490:0,490,0.8527666035318879,-0.4950237576532524,0.16655509376642313,0.6666666666666666,0.3253012048192771,0.0
1961,490:1,491,0.8684690959573895,0.4950237576532513,0.026700350668289408,0.8333333333333334,0.3253012048192771,0.0
1962,490:2,497,0.8642276817453566,0.49504197659537913,0.08968810129324202,0.8333333333333334,0.3293172690763052,0.0
1963,490:3,496,0.8384792115490546,-0.49504197659538024,0.22778510313147124,0.6666666666666666,0.3293172690763052,0.0
1964,491:0,491,0.8684690959573895,0.4950237576532513,0.026700350668289408,0.8333333333333334,0.3253012048192771,0.0
1965,491:1,486,0.015702492425501046,0.9900475153065039,-0.1398547430981338,1.0,0.3253012048192771,0.0
1966,491:2,492,0.02574847019630144,0.9900839531907596,-0.13809700183822937,1.0,0.3293172690763052,0.0
1967,491:3,497,0.8642276817453566,0.49504197659537913,0.08968810129324202,0.8333333333333334,0.3293172690763052,0.0
1968,492:0,492,0.02574847019630144,0.9900839531907596,-0.13809700183822937,0.0,0.3293172690763052,0.0
1969,492:1,493,-0.8384792115490547,0.4950419765953799,-0.2277851031314712,0.16666666666666666,0.3293172690763052,0.0
1970,492:2,499,-0.8195941877261033,0.49505872273168766,-0.28841329458410725,0.16666666666666666,0.3333333333333333,0.0
1971,492:3,498,0.03572407140922072,0.9901174454633751,-0.13561428726734231,0.0,0.3333333333333333,0.0
1972,493:0,493,-0.8384792115490547,0.4950419765953799,-0.2277851031314712,0.16666666666666666,0.3293172690763052,0.0
1973,493:1,494,-0.8642276817453562,-0.4950419765953796,-0.08968810129324187,0.3333333333333333,0.3293172690763052,0.0
1974,493:2,500,-0.855318259135324,-0.49505872273168733,-0.15279900731676496,0.3333333333333333,0.3333333333333333,0.0
1975,493:3,499,-0.8195941877261033,0.49505872273168766,-0.28841329458410725,0.16666666666666666,0.3333333333333333,0.0
1976,494:0,494,-0.8642276817453562,-0.4950419765953796,-0.08968810129324187,0.3333333333333333,0.3293172690763052,0.0
1977,494:1,495,-0.02574847019630156,-0.9900839531907596,0.13809700183822934,0.5,0.3293172690763052,0.0
1978,494:2,501,-0.03572407140922084,-0.9901174454633751,0.1356142872673423,0.5,0.3333333333333333,0.0
1979,494:3,500,-0.855318259135324,-0.49505872273168733,-0.15279900731676496,0.3333333333333333,0.3333333333333333,0.0
1980,495:0,495,-0.02574847019630156,-0.9900839531907596,0.13809700183822934,0.5,0.3293172690763052,0.0
1981,495:1,496,0.8384792115490546,-0.49504197659538024,0.22778510313147124,0.6666666666666666,0.3293172690763052,0.0
1982,495:2,502,0.819594187726103,-0.495058722731688,0.28841329458410725,0.6666666666666666,0.3333333333333333,0.0
1983,495:3,501,-0.03572407140922084,-0.9901174454633751,0.1356142872673423,0.5,0.3333333333333333,0.0
1984,496:0,496,0.8384792115490546,-0.49504197659538024,0.22778510313147124,0.6666666666666666,0.3293172690763052,0.0
1985,496:1,497,0.8642276817453566,0.49504197659537913,0.08968810129324202,0.8333333333333334,0.3293172690763052,0.0
1986,496:2,503,0.8553182591353243,0.4950587227316869,0.1527990073167651,0.8333333333333334,0.3333333333333333,0.0
1987,496:3,502,0.819594187726103,-0.495058722731688,0.28841329458410725,0.6666666666666666,0.3333333333333333,0.0
1988,497:0,497,0.8642276817453566,0.49504197659537913,0.08968810129324202,0.8333333333333334,0.3293172690763052,0.0
1989,497:1,492,0.02574847019630144,0.9900839531907596,-0.13809700183822937,1.0,0.3293172690763052,0.0
1990,497:2,498,0.03572407140922072,0.9901174454633751,-0.13561428726734231,1.0,0.3333333333333333,0.0
1991,497:3,503,0.8553182591353243,0.4950587227316869,0.1527990073167651,0.8333333333333334,0.3333333333333333,0.0
1992,498:0,498,0.03572407140922072,0.9901174454633751,-0.13561428726734231,0.0,0.3333333333333333,0.0
1993,498:1,499,-0.8195941877261033,0.49505872273168766,-0.28841329458410725,0.16666666666666666,0.3333333333333333,0.0
1994,498:2,505,-0.796773279283151,0.4951215703891903,-0.34642022451888693,0.16666666666666666,0.3373493975903614,0.0
1995,498:3,504,0.04513483856168956,0.9902431407783804,-0.13183841810860383,0.0,0.3373493975903614,0.0
1996,499:0,499,-0.8195941877261033,0.49505872273168766,-0.28841329458410725,0.16666666666666666,0.3333333333333333,0.0
1997,499:1,500,-0.855318259135324,-0.49505872273168733,-0.15279900731676496,0.3333333333333333,0.3333333333333333,0.0
1998,499:2,506,-0.8419081178448407,-0.49512157038918997,-0.21458180641028318,0.3333333333333333,0.3373493975903614,0.0
1999,499:3,505,-0.796773279283151,0.4951215703891903,-0.34642022451888693,0.16666666666666666,0.3373493975903614,0.0
2000,500:0,500,-0.855318259135324,-0.49505872273168733,-0.15279900731676496,0.3333333333333333,0.3333333333333333,0.0
2001,500:1,501,-0.03572407140922084,-0.9901174454633751,0.1356142872673423,0.5,0.3333333333333333,0.0
2002,500:2,507,-0.04513483856168968,-0.9902431407783804,0.1318384181086038,0.5,0.3373493975903614,0.0
2003,500:3,506,-0.8419081178448407,-0.49512157038918997,-0.21458180641028318,0.3333333333333333,0.3373493975903614,0.0
2004,501:0,501,-0.03572407140922084,-0.9901174454633751,0.1356142872673423,0.5,0.3333333333333333,0.0
2005,501:1,502,0.819594187726103,-0.495058722731688,0.28841329458410725,0.6666666666666666,0.3333333333333333,0.0
2006,501:2,508,0.7967732792831509,-0.49512157038919064,0.346420224518887,0.6666666666666666,0.3373493975903614,0.0
2007,501:3,507,-0.04513483856168968,-0.9902431407783804,0.1318384181086038,0.5,0.3373493975903614,0.0
2008,502:0,502,0.819594187726103,-0.495058722731688,0.28841329458410725,0.6666666666666666,0.3333333333333333,0.0
2009,502:1,503,0.8553182591353243,0.4950587227316869,0.1527990073167651,0.8333333333333334,0.3333333333333333,0.0
2010,502:2,509,0.841908117844841,0.4951215703891895,0.21458180641028335,0.8333333333333334,0.3373493975903614,0.0
2011,502:3,508,0.7967732792831509,-0.49512157038919064,0.346420224518887,0.6666666666666666,0.3373493975903614,0.0
2012,503:0,503,0.8553182591353243,0.4950587227316869,0.1527990073167651,0.8333333333333334,0.3333333333333333,0.0
2013,503:1,498,0.03572407140922072,0.9901174454633751,-0.13561428726734231,1.0,0.3333333333333333,0.0
2014,503:2,504,0.04513483856168956,0.9902431407783804,-0.13183841810860383,1.0,0.3373493975903614,0.0
2015,503:3,509,0.841908117844841,0.4951215703891895,0.21458180641028335,0.8333333333333334,0.3373493975903614,0.0
2016,504:0,504,0.04513483856168956,0.9902431407783804,-0.13183841810860383,0.0,0.3373493975903614,0.0
2017,504:1,505,-0.796773279283151,0.4951215703891903,-0.34642022451888693,0.16666666666666666,0.3373493975903614,0.0
2018,504:2,511,-0.7698836315607879,0.495133677557409,-0.40264355850211836,0.16666666666666666,0.3413654618473896,0.0
2019,504:3,510,0.05441508656630293,0.9902673551148178,-0.12809981946858895,0.0,0.3413654618473896,0.0
2020,505:0,505,-0.796773279283151,0.4951215703891903,-0.34642022451888693,0.16666666666666666,0.3373493975903614,0.0
2021,505:1,506,-0.8419081178448407,-0.49512157038918997,-0.21458180641028318,0.3333333333333333,0.3373493975903614,0.0
2022,505:2,512,-0.8242987181270909,-0.49513367755740867,-0.27454373903352947,0.3333333333333333,0.3413654618473896,0.0
2023,505:3,511,-0.7698836315607879,0.495133677557409,-0.40264355850211836,0.16666666666666666,0.3413654618473896,0.0
2024,506:0,506,-0.8419081178448407,-0.49512157038918997,-0.21458180641028318,0.3333333333333333,0.3373493975903614,0.0
2025,506:1,507,-0.04513483856168968,-0.9902431407783804,0.1318384181086038,0.5,0.3373493975903614,0.0
2026,506:2,513,-0.05441508656630304,-0.9902673551148178,0.1280998194685889,0.5,0.3413654618473896,0.0
2027,506:3,512,-0.8242987181270909,-0.49513367755740867,-0.27454373903352947,0.3333333333333333,0.3413654618473896,0.0
2028,507:0,507,-0.04513483856168968,-0.9902431407783804,0.1318384181086038,0.5,0.3373493975903614,0.0
2029,507:1,508,0.7967732792831509,-0.49512157038919064,0.346420224518887,0.6666666666666666,0.3373493975903614,0.0
2030,507:2,514,0.7698836315607878,-0.49513367755740934,0.40264355850211836,0.6666666666666666,0.3413654618473896,0.0
2031,507:3,513,-0.05441508656630304,-0.9902673551148178,0.1280998194685889,0.5,0.3413654618473896,0.0
2032,508:0,508,0.7967732792831509,-0.49512157038919064,0.346420224518887,0.6666666666666666,0.3373493975903614,0.0
2033,508:1,509,0.841908117844841,0.4951215703891895,0.21458180641028335,0.8333333333333334,0.3373493975903614,0.0
2034,508:2,515,0.8242987181270912,0.4951336775574082,0.2745437390335297,0.8333333333333334,0.3413654618473896,0.0
2035,508:3,514,0.7698836315607878,-0.49513367755740934,0.40264355850211836,0.6666666666666666,0.3413654618473896,0.0
2036,509:0,509,0.841908117844841,0.4951215703891895,0.21458180641028335,0.8333333333333334,0.3373493975903614,0.0
2037,509:1,504,0.04513483856168956,0.9902431407783804,-0.13183841810860383,1.0,0.3373493975903614,0.0
2038,509:2,510,0.05441508656630293,0.9902673551148178,-0.12809981946858895,1.0,0.3413654618473896,0.0
2039,509:3,515,0.8242987181270912,0.4951336775574082,0.2745437390335297,0.8333333333333334,0.3413654618473896,0.0
2040,510:0,510,0.05441508656630293,0.9902673551148178,-0.12809981946858895,0.0,0.3413654618473896,0.0
2041,510:1,511,-0.7698836315607879,0.495133677557409,-0.40264355850211836,0.16666666666666666,0.3413654618473896,0.0
2042,510:2,517,-0.7387258112912932,0.49514845331579765,-0.45728785782151943,0.16666666666666666,0.3453815261044177,0.0
2043,510:3,516,0.06345983813197868,0.9902969066315951,-0.12363205757471264,0.0,0.3453815261044177,0.0
2044,511:0,511,-0.7698836315607879,0.495133677557409,-0.40264355850211836,0.16666666666666666,0.3413654618473896,0.0
2045,511:1,512,-0.8242987181270909,-0.49513367755740867,-0.27454373903352947,0.3333333333333333,0.3413654618473896,0.0
2046,511:2,518,-0.802185649423272,-0.4951484533157973,-0.33365580024680686,0.3333333333333333,0.3453815261044177,0.0
2047,511:3,517,-0.7387258112912932,0.49514845331579765,-0.45728785782151943,0.16666666666666666,0.3453815261044177,0.0
2048,512:0,512,-0.8242987181270909,-0.49513367755740867,-0.27454373903352947,0.3333333333333333,0.3413654618473896,0.0
2049,512:1,513,-0.05441508656630304,-0.9902673551148178,0.1280998194685889,0.5,0.3413654618473896,0.0
2050,512:2,519,-0.0634598381319788,-0.9902969066315951,0.12363205757471259,0.5,0.3453815261044177,0.0
2051,512:3,518,-0.802185649423272,-0.4951484533157973,-0.33365580024680686,0.3333333333333333,0.3453815261044177,0.0
2052,513:0,513,-0.05441508656630304,-0.9902673551148178,0.1280998194685889,0.5,0.3413654618473896,0.0
2053,513:1,514,0.7698836315607878,-0.49513367755740934,0.40264355850211836,0.6666666666666666,0.3413654618473896,0.0
2054,513:2,520,0.7387258112912932,-0.495148453315798,0.45728785782151943,0.6666666666666666,0.3453815261044177,0.0
2055,513:3,519,-0.0634598381319788,-0.9902969066315951,0.12363205757471259,0.5,0.3453815261044177,0.0
2056,514:0,514,0.7698836315607878,-0.49513367755740934,0.40264355850211836,0.6666666666666666,0.3413654618473896,0.0
2057,514:1,515,0.8242987181270912,0.4951336775574082,0.2745437390335297,0.8333333333333334,0.3413654618473896,0.0
2058,514:2,521,0.8021856494232723,0.4951484533157969,0.333655800246807,0.8333333333333334,0.3453815261044177,0.0
2059,514:3,520,0.7387258112912932,-0.495148453315798,0.45728785782151943,0.6666666666666666,0.3453815261044177,0.0
2060,515:0,515,0.8242987181270912,0.4951336775574082,0.2745437390335297,0.8333333333333334,0.3413654618473896,0.0
2061,515:1,510,0.05441508656630293,0.9902673551148178,-0.12809981946858895,1.0,0.3413654618473896,0.0
2062,515:2,516,0.06345983813197868,0.9902969066315951,-0.12363205757471264,1.0,0.3453815261044177,0.0
2063,515:3,521,0.8021856494232723,0.4951484533157969,0.333655800246807,0.8333333333333334,0.3453815261044177,0.0
2064,516:0,516,0.06345983813197868,0.9902969066315951,-0.12363205757471264,0.0,0.3453815261044177,0.0
2065,516:1,517,-0.7387258112912932,0.49514845331579765,-0.45728785782151943,0.16666666666666666,0.3453815261044177,0.0
2066,516:2,523,-0.7043496131323552,0.49520823109294604,-0.5085866989394207,0.16666666666666666,0.3493975903614458,0.0
2067,516:3,522,0.07169608137805895,0.9904164621858919,-0.11804619157860374,0.0,0.3493975903614458,0.0
2068,517:0,517,-0.7387258112912932,0.49514845331579765,-0.45728785782151943,0.16666666666666666,0.3453815261044177,0.0
2069,517:1,518,-0.802185649423272,-0.4951484533157973,-0.33365580024680686,0.3333333333333333,0.3453815261044177,0.0
2070,517:2,524,-0.7760456945104143,-0.4952082310929457,-0.390540507360817,0.3333333333333333,0.3493975903614458,0.0
2071,517:3,523,-0.7043496131323552,0.49520823109294604,-0.5085866989394207,0.16666666666666666,0.3493975903614458,0.0
2072,518:0,518,-0.802185649423272,-0.4951484533157973,-0.33365580024680686,0.3333333333333333,0.3453815261044177,0.0
2073,518:1,519,-0.0634598381319788,-0.9902969066315951,0.12363205757471259,0.5,0.3453815261044177,0.0
2074,518:2,525,-0.07169608137805907,-0.9904164621858919,0.11804619157860367,0.5,0.3493975903614458,0.0
2075,518:3,524,-0.7760456945104143,-0.4952082310929457,-0.390540507360817,0.3333333333333333,0.3493975903614458,0.0
2076,519:0,519,-0.0634598381319788,-0.9902969066315951,0.12363205757471259,0.5,0.3453815261044177,0.0
2077,519:1,520,0.7387258112912932,-0.495148453315798,0.45728785782151943,0.6666666666666666,0.3453815261044177,0.0
2078,519:2,526,0.7043496131323551,-0.49520823109294637,0.5085866989394207,0.6666666666666666,0.3493975903614458,0.0
2079,519:3,525,-0.07169608137805907,-0.9904164621858919,0.11804619157860367,0.5,0.3493975903614458,0.0
2080,520:0,520,0.7387258112912932,-0.495148453315798,0.45728785782151943,0.6666666666666666,0.3453815261044177,0.0
2081,520:1,521,0.8021856494232723,0.4951484533157969,0.333655800246807,0.8333333333333334,0.3453815261044177,0.0
2082,520:2,527,0.7760456945104146,0.49520823109294526,0.3905405073608172,0.8333333333333334,0.3493975903614458,0.0
2083,520:3,526,0.7043496131323551,-0.49520823109294637,0.5085866989394207,0.6666666666666666,0.3493975903614458,0.0
2084,521:0,521,0.8021856494232723,0.4951484533157969,0.333655800246807,0.8333333333333334,0.3453815261044177,0.0
2085,521:1,516,0.06345983813197868,0.9902969066315951,-0.12363205757471264,1.0,0.3453815261044177,0.0
2086,521:2,522,0.07169608137805895,0.9904164621858919,-0.11804619157860374,1.0,0.3493975903614458,0.0
2087,521:3,527,0.7760456945104146,0.49520823109294526,0.3905405073608172,0.8333333333333334,0.3493975903614458,0.0
2088,522:0,522,0.07169608137805895,0.9904164621858919,-0.11804619157860374,0.0,0.3493975903614458,0.0
2089,522:1,523,-0.7043496131323552,0.49520823109294604,-0.5085866989394207,0.16666666666666666,0.3493975903614458,0.0
2090,522:2,529,-0.6664190824273069,0.49521661104717773,-0.5573563624107065,0.16666666666666666,0.3534136546184739,0.0
2091,522:3,528,0.0798426383829768,0.9904332220943552,-0.11254859247382393,0.0,0.3534136546184739,0.0
2092,523:0,523,-0.7043496131323552,0.49520823109294604,-0.5085866989394207,0.16666666666666666,0.3493975903614458,0.0
2093,523:1,524,-0.7760456945104143,-0.4952082310929457,-0.390540507360817,0.3333333333333333,0.3493975903614458,0.0
2094,523:2,530,-0.7462617208102837,-0.4952166110471774,-0.44480776993688265,0.3333333333333333,0.3534136546184739,0.0
2095,523:3,529,-0.6664190824273069,0.49521661104717773,-0.5573563624107065,0.16666666666666666,0.3534136546184739,0.0
2096,524:0,524,-0.7760456945104143,-0.4952082310929457,-0.390540507360817,0.3333333333333333,0.3493975903614458,0.0
2097,524:1,525,-0.07169608137805907,-0.9904164621858919,0.11804619157860367,0.5,0.3493975903614458,0.0
2098,524:2,531,-0.0798426383829769,-0.9904332220943552,0.11254859247382386,0.5,0.3534136546184739,0.0
2099,524:3,530,-0.7462617208102837,-0.4952166110471774,-0.44480776993688265,0.3333333333333333,0.3534136546184739,0.0
2100,525:0,525,-0.07169608137805907,-0.9904164621858919,0.11804619157860367,0.5,0.3493975903614458,0.0
2101,525:1,526,0.7043496131323551,-0.49520823109294637,0.5085866989394207,0.6666666666666666,0.3493975903614458,0.0
2102,525:2,532,0.6664190824273069,-0.49521661104717807,0.5573563624107065,0.6666666666666666,0.3534136546184739,0.0
2103,525:3,531,-0.0798426383829769,-0.9904332220943552,0.11254859247382386,0.5,0.3534136546184739,0.0
2104,526:0,526,0.7043496131323551,-0.49520823109294637,0.5085866989394207,0.6666666666666666,0.3493975903614458,0.0
2105,526:1,527,0.7760456945104146,0.49520823109294526,0.3905405073608172,0.8333333333333334,0.3493975903614458,0.0
2106,526:2,533,0.7462617208102841,0.49521661104717696,0.4448077699368829,0.8333333333333334,0.3534136546184739,0.0
2107,526:3,532,0.6664190824273069,-0.49521661104717807,0.5573563624107065,0.6666666666666666,0.3534136546184739,0.0
2108,527:0,527,0.7760456945104146,0.49520823109294526,0.3905405073608172,0.8333333333333334,0.3493975903614458,0.0
2109,527:1,522,0.07169608137805895,0.9904164621858919,-0.11804619157860374,1.0,0.3493975903614458,0.0
2110,527:2,528,0.0798426383829768,0.9904332220943552,-0.11254859247382393,1.0,0.3534136546184739,0.0
2111,527:3,533,0.7462617208102841,0.49521661104717696,0.4448077699368829,0.8333333333333334,0.3534136546184739,0.0
2112,528:0,528,0.0798426383829768,0.9904332220943552,-0.11254859247382393,0.0,0.3534136546184739,0.0
2113,528:1,529,-0.6664190824273069,0.49521661104717773,-0.5573563624107065,0.16666666666666666,0.3534136546184739,0.0
2114,528:2,535,-0.6247048613464801,0.49522838443456313,-0.6037322945316143,0.16666666666666666,0.357429718875502,0.0
2115,528:3,534,0.08761530883575874,0.990456768869126,-0.10639053839014667,0.0,0.357429718875502,0.0
2116,529:0,529,-0.6664190824273069,0.49521661104717773,-0.5573563624107065,0.16666666666666666,0.3534136546184739,0.0
2117,529:1,530,-0.7462617208102837,-0.4952166110471774,-0.44480776993688265,0.3333333333333333,0.3534136546184739,0.0
2118,529:2,536,-0.7123201701822389,-0.4952283844345628,-0.4973417561414676,0.3333333333333333,0.357429718875502,0.0
2119,529:3,535,-0.6247048613464801,0.49522838443456313,-0.6037322945316143,0.16666666666666666,0.357429718875502,0.0
2120,530:0,530,-0.7462617208102837,-0.4952166110471774,-0.44480776993688265,0.3333333333333333,0.3534136546184739,0.0
2121,530:1,531,-0.0798426383829769,-0.9904332220943552,0.11254859247382386,0.5,0.3534136546184739,0.0
2122,530:2,537,-0.08761530883575884,-0.990456768869126,0.10639053839014659,0.5,0.357429718875502,0.0
2123,530:3,536,-0.7123201701822389,-0.4952283844345628,-0.4973417561414676,0.3333333333333333,0.357429718875502,0.0
2124,531:0,531,-0.0798426383829769,-0.9904332220943552,0.11254859247382386,0.5,0.3534136546184739,0.0
2125,531:1,532,0.6664190824273069,-0.49521661104717807,0.5573563624107065,0.6666666666666666,0.3534136546184739,0.0
2126,531:2,538,0.6247048613464801,-0.49522838443456346,0.6037322945316141,0.6666666666666666,0.357429718875502,0.0
2127,531:3,537,-0.08761530883575884,-0.990456768869126,0.10639053839014659,0.5,0.357429718875502,0.0
2128,532:0,532,0.6664190824273069,-0.49521661104717807,0.5573563624107065,0.6666666666666666,0.3534136546184739,0.0
2129,532:1,533,0.7462617208102841,0.49521661104717696,0.4448077699368829,0.8333333333333334,0.3534136546184739,0.0
2130,532:2,539,0.712320170182239,0.49522838443456235,0.49734175614146786,0.8333333333333334,0.357429718875502,0.0
2131,532:3,538,0.6247048613464801,-0.49522838443456346,0.6037322945316141,0.6666666666666666,0.357429718875502,0.0
2132,533:0,533,0.7462617208102841,0.49521661104717696,0.4448077699368829,0.8333333333333334,0.3534136546184739,0.0
2133,533:1,528,0.0798426383829768,0.9904332220943552,-0.11254859247382393,1.0,0.3534136546184739,0.0
2134,533:2,534,0.08761530883575874,0.990456768869126,-0.10639053839014667,1.0,0.357429718875502,0.0
2135,533:3,539,0.712320170182239,0.49522838443456235,0.49734175614146786,0.8333333333333334,0.357429718875502,0.0
2136,534:0,534,0.08761530883575874,0.990456768869126,-0.10639053839014667,0.0,0.357429718875502,0.0
2137,534:1,535,-0.6247048613464801,0.49522838443456313,-0.6037322945316143,0.16666666666666666,0.357429718875502,0.0
2138,534:2,541,-0.5805808642193573,0.4952849388810492,-0.6462342372699699,0.16666666666666666,0.3614457831325301,0.0
2139,534:3,540,0.09438061139039929,0.9905698777620981,-0.09931574630418118,0.0,0.3614457831325301,0.0
2140,535:0,535,-0.6247048613464801,0.49522838443456313,-0.6037322945316143,0.16666666666666666,0.357429718875502,0.0
2141,535:1,536,-0.7123201701822389,-0.4952283844345628,-0.4973417561414676,0.3333333333333333,0.357429718875502,0.0
2142,535:2,542,-0.6749614756097567,-0.49528493888104885,-0.5469184909657887,0.3333333333333333,0.3614457831325301,0.0
2143,535:3,541,-0.5805808642193573,0.4952849388810492,-0.6462342372699699,0.16666666666666666,0.3614457831325301,0.0
2144,536:0,536,-0.7123201701822389,-0.4952283844345628,-0.4973417561414676,0.3333333333333333,0.357429718875502,0.0
2145,536:1,537,-0.08761530883575884,-0.990456768869126,0.10639053839014659,0.5,0.357429718875502,0.0
2146,536:2,543,-0.09438061139039937,-0.9905698777620981,0.0993157463041811,0.5,0.3614457831325301,0.0
2147,536:3,542,-0.6749614756097567,-0.49528493888104885,-0.5469184909657887,0.3333333333333333,0.3614457831325301,0.0
2148,537:0,537,-0.08761530883575884,-0.990456768869126,0.10639053839014659,0.5,0.357429718875502,0.0
2149,537:1,538,0.6247048613464801,-0.49522838443456346,0.6037322945316141,0.6666666666666666,0.357429718875502,0.0
2150,537:2,544,0.5805808642193572,-0.4952849388810495,0.6462342372699698,0.6666666666666666,0.3614457831325301,0.0
2151,537:3,543,-0.09438061139039937,-0.9905698777620981,0.0993157463041811,0.5,0.3614457831325301,0.0
2152,538:0,538,0.6247048613464801,-0.49522838443456346,0.6037322945316141,0.6666666666666666,0.357429718875502,0.0
2153,538:1,539,0.712320170182239,0.49522838443456235,0.49734175614146786,0.8333333333333334,0.357429718875502,0.0
2154,538:2,545,0.6749614756097568,0.4952849388810484,0.546918490965789,0.8333333333333334,0.3614457831325301,0.0
2155,538:3,544,0.5805808642193572,-0.4952849388810495,0.6462342372699698,0.6666666666666666,0.3614457831325301,0.0
2156,539:0,539,0.712320170182239,0.49522838443456235,0.49734175614146786,0.8333333333333334,0.357429718875502,0.0
2157,539:1,534,0.08761530883575874,0.990456768869126,-0.10639053839014667,1.0,0.357429718875502,0.0
2158,539:2,540,0.09438061139039929,0.9905698777620981,-0.09931574630418118,1.0,0.3614457831325301,0.0
2159,539:3,545,0.6749614756097568,0.4952849388810484,0.546918490965789,0.8333333333333334,0.3614457831325301,0.0
2160,540:0,540,0.09438061139039929,0.9905698777620981,-0.09931574630418118,0.0,0.3614457831325301,0.0
2161,540:1,541,-0.5805808642193573,0.4952849388810492,-0.6462342372699699,0.16666666666666666,0.3614457831325301,0.0
2162,540:2,547,-0.5335910646375361,0.49529150412376655,-0.6855413201855873,0.16666666666666666,0.3654618473895582,0.0
2163,540:3,546,0.10108021398051033,0.9905830082475329,-0.09234768060391475,0.0,0.3654618473895582,0.0
2164,541:0,541,-0.5805808642193573,0.4952849388810492,-0.6462342372699699,0.16666666666666666,0.3614457831325301,0.0
2165,541:1,542,-0.6749614756097567,-0.49528493888104885,-0.5469184909657887,0.3333333333333333,0.3614457831325301,0.0
2166,541:2,548,-0.6346712786180465,-0.4952915041237662,-0.5931936395816727,0.3333333333333333,0.3654618473895582,0.0
2167,541:3,547,-0.5335910646375361,0.49529150412376655,-0.6855413201855873,0.16666666666666666,0.3654618473895582,0.0
2168,542:0,542,-0.6749614756097567,-0.49528493888104885,-0.5469184909657887,0.3333333333333333,0.3614457831325301,0.0
2169,542:1,543,-0.09438061139039937,-0.9905698777620981,0.0993157463041811,0.5,0.3614457831325301,0.0
2170,542:2,549,-0.10108021398051041,-0.9905830082475329,0.09234768060391466,0.5,0.3654618473895582,0.0
2171,542:3,548,-0.6346712786180465,-0.4952915041237662,-0.5931936395816727,0.3333333333333333,0.3654618473895582,0.0
2172,543:0,543,-0.09438061139039937,-0.9905698777620981,0.0993157463041811,0.5,0.3614457831325301,0.0
2173,543:1,544,0.5805808642193572,-0.4952849388810495,0.6462342372699698,0.6666666666666666,0.3614457831325301,0.0
2174,543:2,550,0.5335910646375359,-0.4952915041237669,0.6855413201855872,0.6666666666666666,0.3654618473895582,0.0
2175,543:3,549,-0.10108021398051041,-0.9905830082475329,0.09234768060391466,0.5,0.3654618473895582,0.0
2176,544:0,544,0.5805808642193572,-0.4952849388810495,0.6462342372699698,0.6666666666666666,0.3614457831325301,0.0
2177,544:1,545,0.6749614756097568,0.4952849388810484,0.546918490965789,0.8333333333333334,0.3614457831325301,0.0
2178,544:2,551,0.6346712786180467,0.49529150412376577,0.593193639581673,0.8333333333333334,0.3654618473895582,0.0
2179,544:3,550,0.5335910646375359,-0.4952915041237669,0.6855413201855872,0.6666666666666666,0.3654618473895582,0.0
2180,545:0,545,0.6749614756097568,0.4952849388810484,0.546918490965789,0.8333333333333334,0.3614457831325301,0.0
2181,545:1,540,0.09438061139039929,0.9905698777620981,-0.09931574630418118,1.0,0.3614457831325301,0.0
2182,545:2,546,0.10108021398051033,0.9905830082475329,-0.09234768060391475,1.0,0.3654618473895582,0.0
2183,545:3,551,0.6346712786180467,0.49529150412376577,0.593193639581673,0.8333333333333334,0.3654618473895582,0.0
2184,546:0,546,0.10108021398051033,0.9905830082475329,-0.09234768060391475,0.0,0.3654618473895582,0.0
2185,546:1,547,-0.5335910646375361,0.49529150412376655,-0.6855413201855873,0.16666666666666666,0.3654618473895582,0.0
2186,546:2,553,-0.4834012995538844,0.4952993213447398,-0.7218045205352043,0.16666666666666666,0.36947791164658633,0.0
2187,546:3,552,0.10731821969733599,0.9905986426894794,-0.08483589348121234,0.0,0.36947791164658633,0.0
2188,547:0,547,-0.5335910646375361,0.49529150412376655,-0.6855413201855873,0.16666666666666666,0.3654618473895582,0.0
2189,547:1,548,-0.6346712786180465,-0.4952915041237662,-0.5931936395816727,0.3333333333333333,0.3654618473895582,0.0
2190,547:2,554,-0.5907195192512203,-0.4952993213447395,-0.636968627053992,0.3333333333333333,0.36947791164658633,0.0
2191,547:3,553,-0.4834012995538844,0.4952993213447398,-0.7218045205352043,0.16666666666666666,0.36947791164658633,0.0
2192,548:0,548,-0.6346712786180465,-0.4952915041237662,-0.5931936395816727,0.3333333333333333,0.3654618473895582,0.0
2193,548:1,549,-0.10108021398051041,-0.9905830082475329,0.09234768060391466,0.5,0.3654618473895582,0.0
2194,548:2,555,-0.10731821969733606,-0.9905986426894794,0.08483589348121225,0.5,0.36947791164658633,0.0
2195,548:3,554,-0.5907195192512203,-0.4952993213447395,-0.636968627053992,0.3333333333333333,0.36947791164658633,0.0
2196,549:0,549,-0.10108021398051041,-0.9905830082475329,0.09234768060391466,0.5,0.3654618473895582,0.0
2197,549:1,550,0.5335910646375359,-0.4952915041237669,0.6855413201855872,0.6666666666666666,0.3654618473895582,0.0
2198,549:2,556,0.4834012995538842,-0.49529932134474014,0.7218045205352042,0.6666666666666666,0.36947791164658633,0.0
2199,549:3,555,-0.10731821969733606,-0.9905986426894794,0.08483589348121225,0.5,0.36947791164658633,0.0
2200,550:0,550,0.5335910646375359,-0.4952915041237669,0.6855413201855872,0.6666666666666666,0.3654618473895582,0.0
2201,550:1,551,0.6346712786180467,0.49529150412376577,0.593193639581673,0.8333333333333334,0.3654618473895582,0.0
2202,550:2,557,0.5907195192512206,0.49529932134473903,0.6369686270539923,0.8333333333333334,0.36947791164658633,0.0
2203,550:3,556,0.4834012995538842,-0.49529932134474014,0.7218045205352042,0.6666666666666666,0.36947791164658633,0.0
2204,551:0,551,0.6346712786180467,0.49529150412376577,0.593193639581673,0.8333333333333334,0.3654618473895582,0.0
2205,551:1,546,0.10108021398051033,0.9905830082475329,-0.09234768060391475,1.0,0.3654618473895582,0.0
2206,551:2,552,0.10731821969733599,0.9905986426894794,-0.08483589348121234,1.0,0.36947791164658633,0.0
2207,551:3,557,0.5907195192512206,0.49529932134473903,0.6369686270539923,0.8333333333333334,0.36947791164658633,0.0
2208,552:0,552,0.10731821969733599,0.9905986426894794,-0.08483589348121234,0.0,0.36947791164658633,0.0
2209,552:1,553,-0.4834012995538844,0.4952993213447398,-0.7218045205352043,0.16666666666666666,0.36947791164658633,0.0
2210,552:2,559,-0.4316571778182733,0.49535242948283104,-0.7538554579250726,0.16666666666666666,0.37349397590361444,0.0
2211,552:3,558,0.11239201785704245,0.9907048589656618,-0.07662843299879331,0.0,0.37349397590361444,0.0
2212,553:0,553,-0.4834012995538844,0.4952993213447398,-0.7218045205352043,0.16666666666666666,0.36947791164658633,0.0
2213,553:1,554,-0.5907195192512203,-0.4952993213447395,-0.636968627053992,0.3333333333333333,0.36947791164658633,0.0
2214,553:2,560,-0.5440491956753157,-0.4953524294828307,-0.6772270249262794,0.3333333333333333,0.37349397590361444,0.0
2215,553:3,559,-0.4316571778182733,0.49535242948283104,-0.7538554579250726,0.16666666666666666,0.37349397590361444,0.0
2216,554:0,554,-0.5907195192512203,-0.4952993213447395,-0.636968627053992,0.3333333333333333,0.36947791164658633,0.0
2217,554:1,555,-0.10731821969733606,-0.9905986426894794,0.08483589348121225,0.5,0.36947791164658633,0.0
2218,554:2,561,-0.11239201785704252,-0.9907048589656618,0.07662843299879321,0.5,0.37349397590361444,0.0
2219,554:3,560,-0.5440491956753157,-0.4953524294828307,-0.6772270249262794,0.3333333333333333,0.37349397590361444,0.0
2220,555:0,555,-0.10731821969733606,-0.9905986426894794,0.08483589348121225,0.5,0.36947791164658633,0.0
2221,555:1,556,0.4834012995538842,-0.49529932134474014,0.7218045205352042,0.6666666666666666,0.36947791164658633,0.0
2222,555:2,562,0.4316571778182732,-0.49535242948283137,0.7538554579250725,0.6666666666666666,0.37349397590361444,0.0
2223,555:3,561,-0.11239201785704252,-0.9907048589656618,0.07662843299879321,0.5,0.37349397590361444,0.0
2224,556:0,556,0.4834012995538842,-0.49529932134474014,0.7218045205352042,0.6666666666666666,0.36947791164658633,0.0
2225,556:1,557,0.5907195192512206,0.49529932134473903,0.6369686270539923,0.8333333333333334,0.36947791164658633,0.0
2226,556:2,563,0.5440491956753158,0.49535242948283026,0.6772270249262797,0.8333333333333334,0.37349397590361444,0.0
2227,556:3,562,0.4316571778182732,-0.49535242948283137,0.7538554579250725,0.6666666666666666,0.37349397590361444,0.0
2228,557:0,557,0.5907195192512206,0.49529932134473903,0.6369686270539923,0.8333333333333334,0.36947791164658633,0.0
2229,557:1,552,0.10731821969733599,0.9905986426894794,-0.08483589348121234,1.0,0.36947791164658633,0.0
2230,557:2,558,0.11239201785704245,0.9907048589656618,-0.07662843299879331,1.0,0.37349397590361444,0.0
2231,557:3,563,0.5440491956753158,0.49535242948283026,0.6772270249262797,0.8333333333333334,0.37349397590361444,0.0
2232,558:0,558,0.11239201785704245,0.9907048589656618,-0.07662843299879331,0.0,0.37349397590361444,0.0
2233,558:1,559,-0.4316571778182733,0.49535242948283104,-0.7538554579250726,0.16666666666666666,0.37349397590361444,0.0
2234,558:2,565,-0.37791268986850574,0.4953590356322479,-0.7821773613790162,0.16666666666666666,0.37751004016064255,0.0
2235,558:3,564,0.11739343533950929,0.9907180712644956,-0.06853090258522969,0.0,0.37751004016064255,0.0
2236,559:0,559,-0.4316571778182733,0.49535242948283104,-0.7538554579250726,0.16666666666666666,0.37349397590361444,0.0
2237,559:1,560,-0.5440491956753157,-0.4953524294828307,-0.6772270249262794,0.3333333333333333,0.37349397590361444,0.0
2238,559:2,566,-0.49530612520801504,-0.4953590356322476,-0.7136464587937866,0.3333333333333333,0.37751004016064255,0.0
2239,559:3,565,-0.37791268986850574,0.4953590356322479,-0.7821773613790162,0.16666666666666666,0.37751004016064255,0.0
2240,560:0,560,-0.5440491956753157,-0.4953524294828307,-0.6772270249262794,0.3333333333333333,0.37349397590361444,0.0
2241,560:1,561,-0.11239201785704252,-0.9907048589656618,0.07662843299879321,0.5,0.37349397590361444,0.0
2242,560:2,567,-0.11739343533950934,-0.9907180712644956,0.06853090258522958,0.5,0.37751004016064255,0.0
2243,560:3,566,-0.49530612520801504,-0.4953590356322476,-0.7136464587937866,0.3333333333333333,0.37751004016064255,0.0
2244,561:0,561,-0.11239201785704252,-0.9907048589656618,0.07662843299879321,0.5,0.37349397590361444,0.0
2245,561:1,562,0.4316571778182732,-0.49535242948283137,0.7538554579250725,0.6666666666666666,0.37349397590361444,0.0
2246,561:2,568,0.3779126898685056,-0.49535903563224826,0.7821773613790162,0.6666666666666666,0.37751004016064255,0.0
2247,561:3,567,-0.11739343533950934,-0.9907180712644956,0.06853090258522958,0.5,0.37751004016064255,0.0
2248,562:0,562,0.4316571778182732,-0.49535242948283137,0.7538554579250725,0.6666666666666666,0.37349397590361444,0.0
2249,562:1,563,0.5440491956753158,0.49535242948283026,0.6772270249262797,0.8333333333333334,0.37349397590361444,0.0
2250,562:2,569,0.4953061252080152,0.49535903563224715,0.713646458793787,0.8333333333333334,0.37751004016064255,0.0
2251,562:3,568,0.3779126898685056,-0.49535903563224826,0.7821773613790162,0.6666666666666666,0.37751004016064255,0.0
2252,563:0,563,0.5440491956753158,0.49535242948283026,0.6772270249262797,0.8333333333333334,0.37349397590361444,0.0
2253,563:1,558,0.11239201785704245,0.9907048589656618,-0.07662843299879331,1.0,0.37349397590361444,0.0
2254,563:2,564,0.11739343533950929,0.9907180712644956,-0.06853090258522969,1.0,0.37751004016064255,0.0
2255,563:3,569,0.4953061252080152,0.49535903563224715,0.713646458793787,0.8333333333333334,0.37751004016064255,0.0
2256,564:0,564,0.11739343533950929,0.9907180712644956,-0.06853090258522969,0.0,0.37751004016064255,0.0
2257,564:1,565,-0.37791268986850574,0.4953590356322479,-0.7821773613790162,0.16666666666666666,0.37751004016064255,0.0
2258,564:2,571,-0.32162455642020776,0.4953620279252992,-0.8069535959379819,0.16666666666666666,0.3815261044176707,0.0
2259,564:3,570,0.12191029103107237,0.9907240558505982,-0.060031042800037876,0.0,0.3815261044176707,0.0
2260,565:0,565,-0.37791268986850574,0.4953590356322479,-0.7821773613790162,0.16666666666666666,0.37751004016064255,0.0
2261,565:1,566,-0.49530612520801504,-0.4953590356322476,-0.7136464587937866,0.3333333333333333,0.37751004016064255,0.0
2262,565:2,572,-0.4435348474512802,-0.4953620279252989,-0.7469225531379441,0.3333333333333333,0.3815261044176707,0.0
2263,565:3,571,-0.32162455642020776,0.4953620279252992,-0.8069535959379819,0.16666666666666666,0.3815261044176707,0.0
2264,566:0,566,-0.49530612520801504,-0.4953590356322476,-0.7136464587937866,0.3333333333333333,0.37751004016064255,0.0
2265,566:1,567,-0.11739343533950934,-0.9907180712644956,0.06853090258522958,0.5,0.37751004016064255,0.0
2266,566:2,573,-0.12191029103107243,-0.9907240558505982,0.060031042800037765,0.5,0.3815261044176707,0.0
2267,566:3,572,-0.4435348474512802,-0.4953620279252989,-0.7469225531379441,0.3333333333333333,0.3815261044176707,0.0
2268,567:0,567,-0.11739343533950934,-0.9907180712644956,0.06853090258522958,0.5,0.37751004016064255,0.0
2269,567:1,568,0.3779126898685056,-0.49535903563224826,0.7821773613790162,0.6666666666666666,0.37751004016064255,0.0
2270,567:2,574,0.3216245564202077,-0.49536202792529954,0.8069535959379818,0.6666666666666666,0.3815261044176707,0.0
2271,567:3,573,-0.12191029103107243,-0.9907240558505982,0.060031042800037765,0.5,0.3815261044176707,0.0
2272,568:0,568,0.3779126898685056,-0.49535903563224826,0.7821773613790162,0.6666666666666666,0.37751004016064255,0.0
2273,568:1,569,0.4953061252080152,0.49535903563224715,0.713646458793787,0.8333333333333334,0.37751004016064255,0.0
2274,568:2,575,0.4435348474512803,0.49536202792529843,0.7469225531379444,0.8333333333333334,0.3815261044176707,0.0
2275,568:3,574,0.3216245564202077,-0.49536202792529954,0.8069535959379818,0.6666666666666666,0.3815261044176707,0.0
2276,569:0,569,0.4953061252080152,0.49535903563224715,0.713646458793787,0.8333333333333334,0.37751004016064255,0.0
2277,569:1,564,0.11739343533950929,0.9907180712644956,-0.06853090258522969,1.0,0.37751004016064255,0.0
2278,569:2,570,0.12191029103107237,0.9907240558505982,-0.060031042800037876,1.0,0.3815261044176707,0.0
2279,569:3,575,0.4435348474512803,0.49536202792529843,0.7469225531379444,0.8333333333333334,0.3815261044176707,0.0
2280,570:0,570,0.12191029103107237,0.9907240558505982,-0.060031042800037876,0.0,0.3815261044176707,0.0
2281,570:1,571,-0.32162455642020776,0.4953620279252992,-0.8069535959379819,0.16666666666666666,0.3815261044176707,0.0
2282,570:2,577,-0.26462808866489673,0.49541122164025586,-0.827369141412993,0.16666666666666666,0.3855421686746988,0.0
2283,570:3,576,0.1251508130647435,0.9908224432805115,-0.051070146669765774,0.0,0.3855421686746988,0.0
2284,571:0,571,-0.32162455642020776,0.4953620279252992,-0.8069535959379819,0.16666666666666666,0.3815261044176707,0.0
2285,571:1,572,-0.4435348474512802,-0.4953620279252989,-0.7469225531379441,0.3333333333333333,0.3815261044176707,0.0
2286,571:2,578,-0.3897789017296402,-0.49541122164025553,-0.7762989947432273,0.3333333333333333,0.3855421686746988,0.0
2287,571:3,577,-0.26462808866489673,0.49541122164025586,-0.827369141412993,0.16666666666666666,0.3855421686746988,0.0
2288,572:0,572,-0.4435348474512802,-0.4953620279252989,-0.7469225531379441,0.3333333333333333,0.3815261044176707,0.0
2289,572:1,573,-0.12191029103107243,-0.9907240558505982,0.060031042800037765,0.5,0.3815261044176707,0.0
2290,572:2,579,-0.12515081306474354,-0.9908224432805115,0.05107014666976566,0.5,0.3855421686746988,0.0
2291,572:3,578,-0.3897789017296402,-0.49541122164025553,-0.7762989947432273,0.3333333333333333,0.3855421686746988,0.0
2292,573:0,573,-0.12191029103107243,-0.9907240558505982,0.060031042800037765,0.5,0.3815261044176707,0.0
2293,573:1,574,0.3216245564202077,-0.49536202792529954,0.8069535959379818,0.6666666666666666,0.3815261044176707,0.0
2294,573:2,580,0.2646280886648966,-0.4954112216402562,0.8273691414129929,0.6666666666666666,0.3855421686746988,0.0
2295,573:3,579,-0.12515081306474354,-0.9908224432805115,0.05107014666976566,0.5,0.3855421686746988,0.0
2296,574:0,574,0.3216245564202077,-0.49536202792529954,0.8069535959379818,0.6666666666666666,0.3815261044176707,0.0
2297,574:1,575,0.4435348474512803,0.49536202792529843,0.7469225531379444,0.8333333333333334,0.3815261044176707,0.0
2298,574:2,581,0.3897789017296403,0.4954112216402551,0.7762989947432277,0.8333333333333334,0.3855421686746988,0.0
2299,574:3,580,0.2646280886648966,-0.4954112216402562,0.8273691414129929,0.6666666666666666,0.3855421686746988,0.0
2300,575:0,575,0.4435348474512803,0.49536202792529843,0.7469225531379444,0.8333333333333334,0.3815261044176707,0.0
2301,575:1,570,0.12191029103107237,0.9907240558505982,-0.060031042800037876,1.0,0.3815261044176707,0.0
2302,575:2,576,0.1251508130647435,0.9908224432805115,-0.051070146669765774,1.0,0.3855421686746988,0.0
2303,575:3,581,0.3897789017296403,0.4954112216402551,0.7762989947432277,0.8333333333333334,0.3855421686746988,0.0
2304,576:0,576,0.1251508130647435,0.9908224432805115,-0.051070146669765774,0.0,0.3855421686746988,0.0
2305,576:1,577,-0.26462808866489673,0.49541122164025586,-0.827369141412993,0.16666666666666666,0.3855421686746988,0.0
2306,576:2,583,-0.2066032980719755,0.49541984231201663,-0.8437264112668982,0.16666666666666666,0.3895582329317269,0.0
2307,576:3,582,0.1282745982215109,0.990839684624033,-0.04221784960483738,0.0,0.3895582329317269,0.0
2308,577:0,577,-0.26462808866489673,0.49541122164025586,-0.827369141412993,0.16666666666666666,0.3855421686746988,0.0
2309,577:1,578,-0.3897789017296402,-0.49541122164025553,-0.7762989947432273,0.3333333333333333,0.3855421686746988,0.0
2310,577:2,584,-0.33487789629348647,-0.4954198423120163,-0.801508561662061,0.3333333333333333,0.3895582329317269,0.0
2311,577:3,583,-0.2066032980719755,0.49541984231201663,-0.8437264112668982,0.16666666666666666,0.3895582329317269,0.0
2312,578:0,578,-0.3897789017296402,-0.49541122164025553,-0.7762989947432273,0.3333333333333333,0.3855421686746988,0.0
2313,578:1,579,-0.12515081306474354,-0.9908224432805115,0.05107014666976566,0.5,0.3855421686746988,0.0
2314,578:2,585,-0.12827459822151094,-0.990839684624033,0.042217849604837265,0.5,0.3895582329317269,0.0
2315,578:3,584,-0.33487789629348647,-0.4954198423120163,-0.801508561662061,0.3333333333333333,0.3895582329317269,0.0
2316,579:0,579,-0.12515081306474354,-0.9908224432805115,0.05107014666976566,0.5,0.3855421686746988,0.0
2317,579:1,580,0.2646280886648966,-0.4954112216402562,0.8273691414129929,0.6666666666666666,0.3855421686746988,0.0
2318,579:2,586,0.20660329807197542,-0.49541984231201697,0.8437264112668981,0.6666666666666666,0.3895582329317269,0.0
2319,579:3,585,-0.12827459822151094,-0.990839684624033,0.042217849604837265,0.5,0.3895582329317269,0.0
2320,580:0,580,0.2646280886648966,-0.4954112216402562,0.8273691414129929,0.6666666666666666,0.3855421686746988,0.0
2321,580:1,581,0.3897789017296403,0.4954112216402551,0.7762989947432277,0.8333333333333334,0.3855421686746988,0.0
2322,580:2,587,0.3348778962934865,0.49541984231201586,0.8015085616620613,0.8333333333333334,0.3895582329317269,0.0
2323,580:3,586,0.20660329807197542,-0.49541984231201697,0.8437264112668981,0.6666666666666666,0.3895582329317269,0.0
2324,581:0,581,0.3897789017296403,0.4954112216402551,0.7762989947432277,0.8333333333333334,0.3855421686746988,0.0
2325,581:1,576,0.1251508130647435,0.9908224432805115,-0.051070146669765774,1.0,0.3855421686746988,0.0
2326,581:2,582,0.1282745982215109,0.990839684624033,-0.04221784960483738,1.0,0.3895582329317269,0.0
2327,581:3,587,0.3348778962934865,0.49541984231201586,0.8015085616620613,0.8333333333333334,0.3895582329317269,0.0
2328,582:0,582,0.1282745982215109,0.990839684624033,-0.04221784960483738,0.0,0.3895582329317269,0.0
2329,582:1,583,-0.2066032980719755,0.49541984231201663,-0.8437264112668982,0.16666666666666666,0.3895582329317269,0.0
2330,582:2,589,-0.14676677006674055,0.49541722471210203,-0.8561666243569268,0.16666666666666666,0.39357429718875503,0.0
2331,582:3,588,0.13096210407422343,0.9908344494242038,-0.03310620985082806,0.0,0.39357429718875503,0.0
2332,583:0,583,-0.2066032980719755,0.49541984231201663,-0.8437264112668982,0.16666666666666666,0.3895582329317269,0.0
2333,583:1,584,-0.33487789629348647,-0.4954198423120163,-0.801508561662061,0.3333333333333333,0.3895582329317269,0.0
2334,583:2,590,-0.27772887414096403,-0.4954172247121017,-0.8230604145060988,0.3333333333333333,0.39357429718875503,0.0
2335,583:3,589,-0.14676677006674055,0.49541722471210203,-0.8561666243569268,0.16666666666666666,0.39357429718875503,0.0
2336,584:0,584,-0.33487789629348647,-0.4954198423120163,-0.801508561662061,0.3333333333333333,0.3895582329317269,0.0
2337,584:1,585,-0.12827459822151094,-0.990839684624033,0.042217849604837265,0.5,0.3895582329317269,0.0
2338,584:2,591,-0.13096210407422346,-0.9908344494242038,0.03310620985082794,0.5,0.39357429718875503,0.0
2339,584:3,590,-0.27772887414096403,-0.4954172247121017,-0.8230604145060988,0.3333333333333333,0.39357429718875503,0.0
2340,585:0,585,-0.12827459822151094,-0.990839684624033,0.042217849604837265,0.5,0.3895582329317269,0.0
2341,585:1,586,0.20660329807197542,-0.49541984231201697,0.8437264112668981,0.6666666666666666,0.3895582329317269,0.0
2342,585:2,592,0.1467667700667405,-0.49541722471210237,0.8561666243569267,0.6666666666666666,0.39357429718875503,0.0
2343,585:3,591,-0.13096210407422346,-0.9908344494242038,0.03310620985082794,0.5,0.39357429718875503,0.0
2344,586:0,586,0.20660329807197542,-0.49541984231201697,0.8437264112668981,0.6666666666666666,0.3895582329317269,0.0
2345,586:1,587,0.3348778962934865,0.49541984231201586,0.8015085616620613,0.8333333333333334,0.3895582329317269,0.0
2346,586:2,593,0.27772887414096403,0.49541722471210126,0.8230604145060991,0.8333333333333334,0.39357429718875503,0.0
2347,586:3,592,0.1467667700667405,-0.49541722471210237,0.8561666243569267,0.6666666666666666,0.39357429718875503,0.0
2348,587:0,587,0.3348778962934865,0.49541984231201586,0.8015085616620613,0.8333333333333334,0.3895582329317269,0.0
2349,587:1,582,0.1282745982215109,0.990839684624033,-0.04221784960483738,1.0,0.3895582329317269,0.0
2350,587:2,588,0.13096210407422343,0.9908344494242038,-0.03310620985082806,1.0,0.39357429718875503,0.0
2351,587:3,593,0.27772887414096403,0.49541722471210126,0.8230604145060991,0.8333333333333334,0.39357429718875503,0.0
2352,588:0,588,0.13096210407422343,0.9908344494242038,-0.03310620985082806,0.0,0.39357429718875503,0.0
2353,588:1,589,-0.14676677006674055,0.49541722471210203,-0.8561666243569268,0.16666666666666666,0.39357429718875503,0.0
2354,588:2,595,-0.08701390243003958,0.49546162322862763,-0.8642605861032591,0.16666666666666666,0.39759036144578314,0.0
2355,588:3,594,0.13230963377043847,0.990923246457255,-0.02377562706105769,0.0,0.39759036144578314,0.0
2356,589:0,589,-0.14676677006674055,0.49541722471210203,-0.8561666243569268,0.16666666666666666,0.39357429718875503,0.0
2357,589:1,590,-0.27772887414096403,-0.4954172247121017,-0.8230604145060988,0.3333333333333333,0.39357429718875503,0.0
2358,589:2,596,-0.21932353620047806,-0.4954616232286273,-0.8404849590422016,0.3333333333333333,0.39759036144578314,0.0
2359,589:3,595,-0.08701390243003958,0.49546162322862763,-0.8642605861032591,0.16666666666666666,0.39759036144578314,0.0
2360,590:0,590,-0.27772887414096403,-0.4954172247121017,-0.8230604145060988,0.3333333333333333,0.39357429718875503,0.0
2361,590:1,591,-0.13096210407422346,-0.9908344494242038,0.03310620985082794,0.5,0.39357429718875503,0.0
2362,590:2,597,-0.1323096337704385,-0.990923246457255,0.02377562706105757,0.5,0.39759036144578314,0.0
2363,590:3,596,-0.21932353620047806,-0.4954616232286273,-0.8404849590422016,0.3333333333333333,0.39759036144578314,0.0
2364,591:0,591,-0.13096210407422346,-0.9908344494242038,0.03310620985082794,0.5,0.39357429718875503,0.0
2365,591:1,592,0.1467667700667405,-0.49541722471210237,0.8561666243569267,0.6666666666666666,0.39357429718875503,0.0
2366,591:2,598,0.08701390243003951,-0.49546162322862797,0.864260586103259,0.6666666666666666,0.39759036144578314,0.0
2367,591:3,597,-0.1323096337704385,-0.990923246457255,0.02377562706105757,0.5,0.39759036144578314,0.0
2368,592:0,592,0.1467667700667405,-0.49541722471210237,0.8561666243569267,0.6666666666666666,0.39357429718875503,0.0
2369,592:1,593,0.27772887414096403,0.49541722471210126,0.8230604145060991,0.8333333333333334,0.39357429718875503,0.0
2370,592:2,599,0.21932353620047806,0.49546162322862686,0.8404849590422019,0.8333333333333334,0.39759036144578314,0.0
2371,592:3,598,0.08701390243003951,-0.49546162322862797,0.864260586103259,0.6666666666666666,0.39759036144578314,0.0
2372,593:0,593,0.27772887414096403,0.49541722471210126,0.8230604145060991,0.8333333333333334,0.39357429718875503,0.0
2373,593:1,588,0.13096210407422343,0.9908344494242038,-0.03310620985082806,1.0,0.39357429718875503,0.0
2374,593:2,594,0.13230963377043847,0.990923246457255,-0.02377562706105769,1.0,0.39759036144578314,0.0
2375,593:3,599,0.21932353620047806,0.49546162322862686,0.8404849590422019,0.8333333333333334,0.39759036144578314,0.0
2376,594:0,594,0.13230963377043847,0.990923246457255,-0.02377562706105769,0.0,0.39759036144578314,0.0
2377,594:1,595,-0.08701390243003958,0.49546162322862763,-0.8642605861032591,0.16666666666666666,0.39759036144578314,0.0
2378,594:2,601,-0.027295450506224242,0.4954744565811393,-0.868193539055254,0.16666666666666666,0.40160642570281124,0.0
2379,594:3,600,0.13344611386270763,0.9909489131622784,-0.014573475818773413,0.0,0.40160642570281124,0.0
2380,595:0,595,-0.08701390243003958,0.49546162322862763,-0.8642605861032591,0.16666666666666666,0.39759036144578314,0.0
2381,595:1,596,-0.21932353620047806,-0.4954616232286273,-0.8404849590422016,0.3333333333333333,0.39759036144578314,0.0
2382,595:2,602,-0.1607415643689319,-0.495474456581139,-0.8536200632364807,0.3333333333333333,0.40160642570281124,0.0
2383,595:3,601,-0.027295450506224242,0.4954744565811393,-0.868193539055254,0.16666666666666666,0.40160642570281124,0.0
2384,596:0,596,-0.21932353620047806,-0.4954616232286273,-0.8404849590422016,0.3333333333333333,0.39759036144578314,0.0
2385,596:1,597,-0.1323096337704385,-0.990923246457255,0.02377562706105757,0.5,0.39759036144578314,0.0
2386,596:2,603,-0.13344611386270763,-0.9909489131622784,0.014573475818773291,0.5,0.40160642570281124,0.0
2387,596:3,602,-0.1607415643689319,-0.495474456581139,-0.8536200632364807,0.3333333333333333,0.40160642570281124,0.0
2388,597:0,597,-0.1323096337704385,-0.990923246457255,0.02377562706105757,0.5,0.39759036144578314,0.0
2389,597:1,598,0.08701390243003951,-0.49546162322862797,0.864260586103259,0.6666666666666666,0.39759036144578314,0.0
2390,597:2,604,0.027295450506224186,-0.49547445658113964,0.8681935390552539,0.6666666666666666,0.40160642570281124,0.0
2391,597:3,603,-0.13344611386270763,-0.9909489131622784,0.014573475818773291,0.5,0.40160642570281124,0.0
2392,598:0,598,0.08701390243003951,-0.49546162322862797,0.864260586103259,0.6666666666666666,0.39759036144578314,0.0
2393,598:1,599,0.21932353620047806,0.49546162322862686,0.8404849590422019,0.8333333333333334,0.39759036144578314,0.0
2394,598:2,605,0.16074156436893183,0.49547445658113853,0.853620063236481,0.8333333333333334,0.40160642570281124,0.0
2395,598:3,604,0.027295450506224186,-0.49547445658113964,0.8681935390552539,0.6666666666666666,0.40160642570281124,0.0
2396,599:0,599,0.21932353620047806,0.49546162322862686,0.8404849590422019,0.8333333333333334,0.39759036144578314,0.0
2397,599:1,594,0.13230963377043847,0.990923246457255,-0.02377562706105769,1.0,0.39759036144578314,0.0
2398,599:2,600,0.13344611386270763,0.9909489131622784,-0.014573475818773413,1.0,0.40160642570281124,0.0
2399,599:3,605,0.16074156436893183,0.49547445658113853,0.853620063236481,0.8333333333333334,0.40160642570281124,0.0
2400,600:0,600,0.13344611386270763,0.9909489131622784,-0.014573475818773413,0.0,0.40160642570281124,0.0
2401,600:1,601,-0.027295450506224242,0.4954744565811393,-0.868193539055254,0.16666666666666666,0.40160642570281124,0.0
2402,600:2,607,0.033468817949875426,0.49546558077175296,-0.8679825438887281,0.16666666666666666,0.40562248995983935,0.0
2403,600:3,606,0.13426894013935414,0.9909311615435057,-0.005223485033304744,0.0,0.40562248995983935,0.0
2404,601:0,601,-0.027295450506224242,0.4954744565811393,-0.868193539055254,0.16666666666666666,0.40160642570281124,0.0
2405,601:1,602,-0.1607415643689319,-0.495474456581139,-0.8536200632364807,0.3333333333333333,0.40160642570281124,0.0
2406,601:2,608,-0.1008001221894787,-0.4954655807717526,-0.8627590588554234,0.3333333333333333,0.40562248995983935,0.0
2407,601:3,607,0.033468817949875426,0.49546558077175296,-0.8679825438887281,0.16666666666666666,0.40562248995983935,0.0
2408,602:0,602,-0.1607415643689319,-0.495474456581139,-0.8536200632364807,0.3333333333333333,0.40160642570281124,0.0
2409,602:1,603,-0.13344611386270763,-0.9909489131622784,0.014573475818773291,0.5,0.40160642570281124,0.0
2410,602:2,609,-0.13426894013935414,-0.9909311615435057,0.005223485033304622,0.5,0.40562248995983935,0.0
2411,602:3,608,-0.1008001221894787,-0.4954655807717526,-0.8627590588554234,0.3333333333333333,0.40562248995983935,0.0
2412,603:0,603,-0.13344611386270763,-0.9909489131622784,0.014573475818773291,0.5,0.40160642570281124,0.0
2413,603:1,604,0.027295450506224186,-0.49547445658113964,0.8681935390552539,0.6666666666666666,0.40160642570281124,0.0
2414,603:2,610,-0.033468817949875475,-0.4954655807717533,0.867982543888728,0.6666666666666666,0.40562248995983935,0.0
2415,603:3,609,-0.13426894013935414,-0.9909311615435057,0.005223485033304622,0.5,0.40562248995983935,0.0
2416,604:0,604,0.027295450506224186,-0.49547445658113964,0.8681935390552539,0.6666666666666666,0.40160642570281124,0.0
2417,604:1,605,0.16074156436893183,0.49547445658113853,0.853620063236481,0.8333333333333334,0.40160642570281124,0.0
2418,604:2,611,0.10080012218947866,0.4954655807717522,0.8627590588554237,0.8333333333333334,0.40562248995983935,0.0
2419,604:3,610,-0.033468817949875475,-0.4954655807717533,0.867982543888728,0.6666666666666666,0.40562248995983935,0.0
2420,605:0,605,0.16074156436893183,0.49547445658113853,0.853620063236481,0.8333333333333334,0.40160642570281124,0.0
2421,605:1,600,0.13344611386270763,0.9909489131622784,-0.014573475818773413,1.0,0.40160642570281124,0.0
2422,605:2,606,0.13426894013935414,0.9909311615435057,-0.005223485033304744,1.0,0.40562248995983935,0.0
2423,605:3,611,0.10080012218947866,0.4954655807717522,0.8627590588554237,0.8333333333333334,0.40562248995983935,0.0
2424,606:0,606,0.13426894013935414,0.9909311615435057,-0.005223485033304744,0.0,0.40562248995983935,0.0
2425,606:1,607,0.033468817949875426,0.49546558077175296,-0.8679825438887281,0.16666666666666666,0.40562248995983935,0.0
2426,606:2,613,0.09343078090007882,0.4955039649512785,-0.8635661583792893,0.16666666666666666,0.40963855421686746,0.0
2427,606:3,612,0.1337402055253275,0.9910079299025568,0.004103693006561086,0.0,0.40963855421686746,0.0
2428,607:0,607,0.033468817949875426,0.49546558077175296,-0.8679825438887281,0.16666666666666666,0.40562248995983935,0.0
2429,607:1,608,-0.1008001221894787,-0.4954655807717526,-0.8627590588554234,0.3333333333333333,0.40562248995983935,0.0
2430,607:2,614,-0.04030942462524867,-0.4955039649512782,-0.8676698513858504,0.3333333333333333,0.40963855421686746,0.0
2431,607:3,613,0.09343078090007882,0.4955039649512785,-0.8635661583792893,0.16666666666666666,0.40963855421686746,0.0
2432,608:0,608,-0.1008001221894787,-0.4954655807717526,-0.8627590588554234,0.3333333333333333,0.40562248995983935,0.0
2433,608:1,609,-0.13426894013935414,-0.9909311615435057,0.005223485033304622,0.5,0.40562248995983935,0.0
2434,608:2,615,-0.1337402055253275,-0.9910079299025568,-0.0041036930065612084,0.5,0.40963855421686746,0.0
2435,608:3,614,-0.04030942462524867,-0.4955039649512782,-0.8676698513858504,0.3333333333333333,0.40963855421686746,0.0
2436,609:0,609,-0.13426894013935414,-0.9909311615435057,0.005223485033304622,0.5,0.40562248995983935,0.0
2437,609:1,610,-0.033468817949875475,-0.4954655807717533,0.867982543888728,0.6666666666666666,0.40562248995983935,0.0
2438,609:2,616,-0.09343078090007886,-0.49550396495127885,0.8635661583792892,0.6666666666666666,0.40963855421686746,0.0
2439,609:3,615,-0.1337402055253275,-0.9910079299025568,-0.0041036930065612084,0.5,0.40963855421686746,0.0
2440,610:0,610,-0.033468817949875475,-0.4954655807717533,0.867982543888728,0.6666666666666666,0.40562248995983935,0.0
2441,610:1,611,0.10080012218947866,0.4954655807717522,0.8627590588554237,0.8333333333333334,0.40562248995983935,0.0
2442,610:2,617,0.0403094246252486,0.49550396495127774,0.8676698513858507,0.8333333333333334,0.40963855421686746,0.0
2443,610:3,616,-0.09343078090007886,-0.49550396495127885,0.8635661583792892,0.6666666666666666,0.40963855421686746,0.0
2444,611:0,611,0.10080012218947866,0.4954655807717522,0.8627590588554237,0.8333333333333334,0.40562248995983935,0.0
2445,611:1,606,0.13426894013935414,0.9909311615435057,-0.005223485033304744,1.0,0.40562248995983935,0.0
2446,611:2,612,0.1337402055253275,0.9910079299025568,0.004103693006561086,1.0,0.40963855421686746,0.0
2447,611:3,617,0.0403094246252486,0.49550396495127774,0.8676698513858507,0.8333333333333334,0.40963855421686746,0.0
2448,612:0,612,0.1337402055253275,0.9910079299025568,0.004103693006561086,0.0,0.40963855421686746,0.0
2449,612:1,613,0.09343078090007882,0.4955039649512785,-0.8635661583792893,0.16666666666666666,0.40963855421686746,0.0
2450,612:2,619,0.1522808528086838,0.49552264132345636,-0.8551420079750995,0.16666666666666666,0.41365461847389556,0.0
2451,612:3,618,0.13286856049872597,0.9910452826469125,0.013236063398825687,0.0,0.41365461847389556,0.0
2452,613:0,613,0.09343078090007882,0.4955039649512785,-0.8635661583792893,0.16666666666666666,0.40963855421686746,0.0
2453,613:1,614,-0.04030942462524867,-0.4955039649512782,-0.8676698513858504,0.3333333333333333,0.40963855421686746,0.0
2454,613:2,620,0.01941229230995785,-0.495522641323456,-0.8683780713739254,0.3333333333333333,0.41365461847389556,0.0
2455,613:3,619,0.1522808528086838,0.49552264132345636,-0.8551420079750995,0.16666666666666666,0.41365461847389556,0.0
2456,614:0,614,-0.04030942462524867,-0.4955039649512782,-0.8676698513858504,0.3333333333333333,0.40963855421686746,0.0
2457,614:1,615,-0.1337402055253275,-0.9910079299025568,-0.0041036930065612084,0.5,0.40963855421686746,0.0
2458,614:2,621,-0.13286856049872597,-0.9910452826469125,-0.013236063398825808,0.5,0.41365461847389556,0.0
2459,614:3,620,0.01941229230995785,-0.495522641323456,-0.8683780713739254,0.3333333333333333,0.41365461847389556,0.0
2460,615:0,615,-0.1337402055253275,-0.9910079299025568,-0.0041036930065612084,0.5,0.40963855421686746,0.0
2461,615:1,616,-0.09343078090007886,-0.49550396495127885,0.8635661583792892,0.6666666666666666,0.40963855421686746,0.0
2462,615:2,622,-0.15228085280868384,-0.4955226413234567,0.8551420079750994,0.6666666666666666,0.41365461847389556,0.0
2463,615:3,621,-0.13286856049872597,-0.9910452826469125,-0.013236063398825808,0.5,0.41365461847389556,0.0
2464,616:0,616,-0.09343078090007886,-0.49550396495127885,0.8635661583792892,0.6666666666666666,0.40963855421686746,0.0
2465,616:1,617,0.0403094246252486,0.49550396495127774,0.8676698513858507,0.8333333333333334,0.40963855421686746,0.0
2466,616:2,623,-0.019412292309957946,0.4955226413234556,0.8683780713739258,0.8333333333333334,0.41365461847389556,0.0
2467,616:3,622,-0.15228085280868384,-0.4955226413234567,0.8551420079750994,0.6666666666666666,0.41365461847389556,0.0
2468,617:0,617,0.0403094246252486,0.49550396495127774,0.8676698513858507,0.8333333333333334,0.40963855421686746,0.0
2469,617:1,612,0.1337402055253275,0.9910079299025568,0.004103693006561086,1.0,0.40963855421686746,0.0
2470,617:2,618,0.13286856049872597,0.9910452826469125,0.013236063398825687,1.0,0.41365461847389556,0.0
2471,617:3,623,-0.019412292309957946,0.4955226413234556,0.8683780713739258,0.8333333333333334,0.41365461847389556,0.0
2472,618:0,618,0.13286856049872597,0.9910452826469125,0.013236063398825687,0.0,0.41365461847389556,0.0
2473,618:1,619,0.1522808528086838,0.49552264132345636,-0.8551420079750995,0.16666666666666666,0.41365461847389556,0.0
2474,618:2,625,0.21137876257066002,0.49550769914932935,-0.8424910318916364,0.16666666666666666,0.41767068273092367,0.0
2475,618:3,624,0.1318478502402173,0.9910153982986585,0.022463853676174695,0.0,0.41767068273092367,0.0
2476,619:0,619,0.1522808528086838,0.49552264132345636,-0.8551420079750995,0.16666666666666666,0.41365461847389556,0.0
2477,619:1,620,0.01941229230995785,-0.495522641323456,-0.8683780713739254,0.3333333333333333,0.41365461847389556,0.0
2478,619:2,626,0.07953091233044272,-0.495507699149329,-0.8649548855678113,0.3333333333333333,0.41767068273092367,0.0
2479,619:3,625,0.21137876257066002,0.49550769914932935,-0.8424910318916364,0.16666666666666666,0.41767068273092367,0.0
2480,620:0,620,0.01941229230995785,-0.495522641323456,-0.8683780713739254,0.3333333333333333,0.41365461847389556,0.0
2481,620:1,621,-0.13286856049872597,-0.9910452826469125,-0.013236063398825808,0.5,0.41365461847389556,0.0
2482,620:2,627,-0.13184785024021728,-0.9910153982986585,-0.022463853676174816,0.5,0.41767068273092367,0.0
2483,620:3,626,0.07953091233044272,-0.495507699149329,-0.8649548855678113,0.3333333333333333,0.41767068273092367,0.0
2484,621:0,621,-0.13286856049872597,-0.9910452826469125,-0.013236063398825808,0.5,0.41365461847389556,0.0
2485,621:1,622,-0.15228085280868384,-0.4955226413234567,0.8551420079750994,0.6666666666666666,0.41365461847389556,0.0
2486,621:2,628,-0.21137876257066002,-0.4955076991493297,0.8424910318916363,0.6666666666666666,0.41767068273092367,0.0
2487,621:3,627,-0.13184785024021728,-0.9910153982986585,-0.022463853676174816,0.5,0.41767068273092367,0.0
2488,622:0,622,-0.15228085280868384,-0.4955226413234567,0.8551420079750994,0.6666666666666666,0.41365461847389556,0.0
2489,622:1,623,-0.019412292309957946,0.4955226413234556,0.8683780713739258,0.8333333333333334,0.41365461847389556,0.0
2490,622:2,629,-0.07953091233044284,0.4955076991493286,0.8649548855678116,0.8333333333333334,0.41767068273092367,0.0
2491,622:3,628,-0.21137876257066002,-0.4955076991493297,0.8424910318916363,0.6666666666666666,0.41767068273092367,0.0
2492,623:0,623,-0.019412292309957946,0.4955226413234556,0.8683780713739258,0.8333333333333334,0.41365461847389556,0.0
2493,623:1,618,0.13286856049872597,0.9910452826469125,0.013236063398825687,1.0,0.41365461847389556,0.0
2494,623:2,624,0.1318478502402173,0.9910153982986585,0.022463853676174695,1.0,0.41767068273092367,0.0
2495,623:3,629,-0.07953091233044284,0.4955076991493286,0.8649548855678116,0.8333333333333334,0.41767068273092367,0.0
2496,624:0,624,0.1318478502402173,0.9910153982986585,0.022463853676174695,0.0,0.41767068273092367,0.0
2497,624:1,625,0.21137876257066002,0.49550769914932935,-0.8424910318916364,0.16666666666666666,0.41767068273092367,0.0
2498,624:2,631,0.26902612901621636,0.49553907010530834,-0.8258728545640159,0.16666666666666666,0.42168674698795183,0.0
2499,624:3,630,0.1295216547480585,0.9910781402106165,0.03143661794770838,0.0,0.42168674698795183,0.0
2500,625:0,625,0.21137876257066002,0.49550769914932935,-0.8424910318916364,0.16666666666666666,0.41767068273092367,0.0
2501,625:1,626,0.07953091233044272,-0.495507699149329,-0.8649548855678113,0.3333333333333333,0.41767068273092367,0.0
2502,625:2,632,0.1395044742681579,-0.495539070105308,-0.8573094725117244,0.3333333333333333,0.42168674698795183,0.0
2503,625:3,631,0.26902612901621636,0.49553907010530834,-0.8258728545640159,0.16666666666666666,0.42168674698795183,0.0
2504,626:0,626,0.07953091233044272,-0.495507699149329,-0.8649548855678113,0.3333333333333333,0.41767068273092367,0.0
2505,626:1,627,-0.13184785024021728,-0.9910153982986585,-0.022463853676174816,0.5,0.41767068273092367,0.0
2506,626:2,633,-0.12952165474805846,-0.9910781402106165,-0.031436617947708495,0.5,0.42168674698795183,0.0
2507,626:3,632,0.1395044742681579,-0.495539070105308,-0.8573094725117244,0.3333333333333333,0.42168674698795183,0.0
2508,627:0,627,-0.13184785024021728,-0.9910153982986585,-0.022463853676174816,0.5,0.41767068273092367,0.0
2509,627:1,628,-0.21137876257066002,-0.4955076991493297,0.8424910318916363,0.6666666666666666,0.41767068273092367,0.0
2510,627:2,634,-0.26902612901621636,-0.4955390701053087,0.8258728545640158,0.6666666666666666,0.42168674698795183,0.0
2511,627:3,633,-0.12952165474805846,-0.9910781402106165,-0.031436617947708495,0.5,0.42168674698795183,0.0
2512,628:0,628,-0.21137876257066002,-0.4955076991493297,0.8424910318916363,0.6666666666666666,0.41767068273092367,0.0
2513,628:1,629,-0.07953091233044284,0.4955076991493286,0.8649548855678116,0.8333333333333334,0.41767068273092367,0.0
2514,628:2,635,-0.139504474268158,0.49553907010530757,0.8573094725117247,0.8333333333333334,0.42168674698795183,0.0
2515,628:3,634,-0.26902612901621636,-0.4955390701053087,0.8258728545640158,0.6666666666666666,0.42168674698795183,0.0
2516,629:0,629,-0.07953091233044284,0.4955076991493286,0.8649548855678116,0.8333333333333334,0.41767068273092367,0.0
2517,629:1,624,0.1318478502402173,0.9910153982986585,0.022463853676174695,1.0,0.41767068273092367,0.0
2518,629:2,630,0.1295216547480585,0.9910781402106165,0.03143661794770838,1.0,0.42168674698795183,0.0
2519,629:3,635,-0.139504474268158,0.49553907010530757,0.8573094725117247,0.8333333333333334,0.42168674698795183,0.0
2520,630:0,630,0.1295216547480585,0.9910781402106165,0.03143661794770838,0.0,0.42168674698795183,0.0
2521,630:1,631,0.26902612901621636,0.49553907010530834,-0.8258728545640159,0.16666666666666666,0.42168674698795183,0.0
2522,630:2,637,0.3246018544905532,0.49556394394203207,-0.8056364028058266,0.16666666666666666,0.42570281124497994,0.0
2523,630:3,636,0.12672021636081515,0.9911278878840639,0.04009359829127871,0.0,0.42570281124497994,0.0
2524,631:0,631,0.26902612901621636,0.49553907010530834,-0.8258728545640159,0.16666666666666666,0.42168674698795183,0.0
2525,631:1,632,0.1395044742681579,-0.495539070105308,-0.8573094725117244,0.3333333333333333,0.42168674698795183,0.0
2526,631:2,638,0.19788163812973808,-0.49556394394203174,-0.8457300010971054,0.3333333333333333,0.42570281124497994,0.0
2527,631:3,637,0.3246018544905532,0.49556394394203207,-0.8056364028058266,0.16666666666666666,0.42570281124497994,0.0
2528,632:0,632,0.1395044742681579,-0.495539070105308,-0.8573094725117244,0.3333333333333333,0.42168674698795183,0.0
2529,632:1,633,-0.12952165474805846,-0.9910781402106165,-0.031436617947708495,0.5,0.42168674698795183,0.0
2530,632:2,639,-0.12672021636081512,-0.9911278878840639,-0.04009359829127883,0.5,0.42570281124497994,0.0
2531,632:3,638,0.19788163812973808,-0.49556394394203174,-0.8457300010971054,0.3333333333333333,0.42570281124497994,0.0
2532,633:0,633,-0.12952165474805846,-0.9910781402106165,-0.031436617947708495,0.5,0.42168674698795183,0.0
2533,633:1,634,-0.26902612901621636,-0.4955390701053087,0.8258728545640158,0.6666666666666666,0.42168674698795183,0.0
2534,633:2,640,-0.32460185449055323,-0.4955639439420324,0.8056364028058265,0.6666666666666666,0.42570281124497994,0.0
2535,633:3,639,-0.12672021636081512,-0.9911278878840639,-0.04009359829127883,0.5,0.42570281124497994,0.0
2536,634:0,634,-0.26902612901621636,-0.4955390701053087,0.8258728545640158,0.6666666666666666,0.42168674698795183,0.0
2537,634:1,635,-0.139504474268158,0.49553907010530757,0.8573094725117247,0.8333333333333334,0.42168674698795183,0.0
2538,634:2,641,-0.19788163812973825,0.4955639439420313,0.8457300010971057,0.8333333333333334,0.42570281124497994,0.0
2539,634:3,640,-0.32460185449055323,-0.4955639439420324,0.8056364028058265,0.6666666666666666,0.42570281124497994,0.0
2540,635:0,635,-0.139504474268158,0.49553907010530757,0.8573094725117247,0.8333333333333334,0.42168674698795183,0.0
2541,635:1,630,0.1295216547480585,0.9910781402106165,0.03143661794770838,1.0,0.42168674698795183,0.0
2542,635:2,636,0.12672021636081515,0.9911278878840639,0.04009359829127871,1.0,0.42570281124497994,0.0
2543,635:3,641,-0.19788163812973825,0.4955639439420313,0.8457300010971057,0.8333333333333334,0.42570281124497994,0.0
2544,636:0,636,0.12672021636081515,0.9911278878840639,0.04009359829127871,0.0,0.42570281124497994,0.0
2545,636:1,637,0.3246018544905532,0.49556394394203207,-0.8056364028058266,0.16666666666666666,0.42570281124497994,0.0
2546,636:2,643,0.3795519567296112,0.49554412290592714,-0.7812658538526555,0.16666666666666666,0.42971887550200805,0.0
2547,636:3,642,0.12392660536757251,0.9910882458118541,0.048849621243689016,0.0,0.42971887550200805,0.0
2548,637:0,637,0.3246018544905532,0.49556394394203207,-0.8056364028058266,0.16666666666666666,0.42570281124497994,0.0
2549,637:1,638,0.19788163812973808,-0.49556394394203174,-0.8457300010971054,0.3333333333333333,0.42570281124497994,0.0
2550,637:2,644,0.25562535136203873,-0.4955441229059268,-0.8301154750963446,0.3333333333333333,0.42971887550200805,0.0
2551,637:3,643,0.3795519567296112,0.49554412290592714,-0.7812658538526555,0.16666666666666666,0.42971887550200805,0.0
2552,638:0,638,0.19788163812973808,-0.49556394394203174,-0.8457300010971054,0.3333333333333333,0.42570281124497994,0.0
2553,638:1,639,-0.12672021636081512,-0.9911278878840639,-0.04009359829127883,0.5,0.42570281124497994,0.0
2554,638:2,645,-0.12392660536757247,-0.9910882458118541,-0.04884962124368913,0.5,0.42971887550200805,0.0
2555,638:3,644,0.25562535136203873,-0.4955441229059268,-0.8301154750963446,0.3333333333333333,0.42971887550200805,0.0
2556,639:0,639,-0.12672021636081512,-0.9911278878840639,-0.04009359829127883,0.5,0.42570281124497994,0.0
2557,639:1,640,-0.32460185449055323,-0.4955639439420324,0.8056364028058265,0.6666666666666666,0.42570281124497994,0.0
2558,639:2,646,-0.3795519567296112,-0.4955441229059275,0.7812658538526553,0.6666666666666666,0.42971887550200805,0.0
2559,639:3,645,-0.12392660536757247,-0.9910882458118541,-0.04884962124368913,0.5,0.42971887550200805,0.0
2560,640:0,640,-0.32460185449055323,-0.4955639439420324,0.8056364028058265,0.6666666666666666,0.42570281124497994,0.0
2561,640:1,641,-0.19788163812973825,0.4955639439420313,0.8457300010971057,0.8333333333333334,0.42570281124497994,0.0
2562,640:2,647,-0.2556253513620389,0.49554412290592637,0.8301154750963449,0.8333333333333334,0.42971887550200805,0.0
2563,640:3,646,-0.3795519567296112,-0.4955441229059275,0.7812658538526553,0.6666666666666666,0.42971887550200805,0.0
2564,641:0,641,-0.19788163812973825,0.4955639439420313,0.8457300010971057,0.8333333333333334,0.42570281124497994,0.0
2565,641:1,636,0.12672021636081515,0.9911278878840639,0.04009359829127871,1.0,0.42570281124497994,0.0
2566,641:2,642,0.12392660536757251,0.9910882458118541,0.048849621243689016,1.0,0.42971887550200805,0.0
2567,641:3,647,-0.2556253513620389,0.49554412290592637,0.8301154750963449,0.8333333333333334,0.42971887550200805,0.0
2568,642:0,642,0.12392660536757251,0.9910882458118541,0.048849621243689016,0.0,0.42971887550200805,0.0
2569,642:1,643,0.3795519567296112,0.49554412290592714,-0.7812658538526555,0.16666666666666666,0.42971887550200805,0.0
2570,642:2,649,0.43247859018310797,0.49556796635441985,-0.7532427628305339,0.16666666666666666,0.43373493975903615,0.0
2571,642:3,648,0.11993347694498105,0.9911359327088395,0.05714476355070984,0.0,0.43373493975903615,0.0
2572,643:0,643,0.3795519567296112,0.49554412290592714,-0.7812658538526555,0.16666666666666666,0.42971887550200805,0.0
2573,643:1,644,0.25562535136203873,-0.4955441229059268,-0.8301154750963446,0.3333333333333333,0.42971887550200805,0.0
2574,643:2,650,0.312545113238127,-0.4955679663544195,-0.8103875263812439,0.3333333333333333,0.43373493975903615,0.0
2575,643:3,649,0.43247859018310797,0.49556796635441985,-0.7532427628305339,0.16666666666666666,0.43373493975903615,0.0
2576,644:0,644,0.25562535136203873,-0.4955441229059268,-0.8301154750963446,0.3333333333333333,0.42971887550200805,0.0
2577,644:1,645,-0.12392660536757247,-0.9910882458118541,-0.04884962124368913,0.5,0.42971887550200805,0.0
2578,644:2,651,-0.119933476944981,-0.9911359327088395,-0.05714476355070995,0.5,0.43373493975903615,0.0
2579,644:3,650,0.312545113238127,-0.4955679663544195,-0.8103875263812439,0.3333333333333333,0.43373493975903615,0.0
2580,645:0,645,-0.12392660536757247,-0.9910882458118541,-0.04884962124368913,0.5,0.42971887550200805,0.0
2581,645:1,646,-0.3795519567296112,-0.4955441229059275,0.7812658538526553,0.6666666666666666,0.42971887550200805,0.0
2582,645:2,652,-0.43247859018310797,-0.4955679663544202,0.7532427628305338,0.6666666666666666,0.43373493975903615,0.0
2583,645:3,651,-0.119933476944981,-0.9911359327088395,-0.05714476355070995,0.5,0.43373493975903615,0.0
2584,646:0,646,-0.3795519567296112,-0.4955441229059275,0.7812658538526553,0.6666666666666666,0.42971887550200805,0.0
2585,646:1,647,-0.2556253513620389,0.49554412290592637,0.8301154750963449,0.8333333333333334,0.42971887550200805,0.0
2586,646:2,653,-0.3125451132381272,0.4955679663544191,0.8103875263812442,0.8333333333333334,0.43373493975903615,0.0
2587,646:3,652,-0.43247859018310797,-0.4955679663544202,0.7532427628305338,0.6666666666666666,0.43373493975903615,0.0
2588,647:0,647,-0.2556253513620389,0.49554412290592637,0.8301154750963449,0.8333333333333334,0.42971887550200805,0.0
2589,647:1,642,0.12392660536757251,0.9910882458118541,0.048849621243689016,1.0,0.42971887550200805,0.0
2590,647:2,648,0.11993347694498105,0.9911359327088395,0.05714476355070984,1.0,0.43373493975903615,0.0
2591,647:3,653,-0.3125451132381272,0.4955679663544191,0.8103875263812442,0.8333333333333334,0.43373493975903615,0.0
2592,648:0,648,0.11993347694498105,0.9911359327088395,0.05714476355070984,0.0,0.43373493975903615,0.0
2593,648:1,649,0.43247859018310797,0.49556796635441985,-0.7532427628305339,0.16666666666666666,0.43373493975903615,0.0
2594,648:2,655,0.48253983195211536,0.4955982743899558,-0.7221756441485149,0.16666666666666666,0.43775100401606426,0.0
2595,648:3,654,0.11537173930111683,0.9911965487799114,0.06495200887907751,0.0,0.43775100401606426,0.0
2596,649:0,649,0.43247859018310797,0.49556796635441985,-0.7532427628305339,0.16666666666666666,0.43373493975903615,0.0
2597,649:1,650,0.312545113238127,-0.4955679663544195,-0.8103875263812439,0.3333333333333333,0.43373493975903615,0.0
2598,649:2,656,0.3671680926509986,-0.49559827438995546,-0.7871276530275926,0.3333333333333333,0.43775100401606426,0.0
2599,649:3,655,0.48253983195211536,0.4955982743899558,-0.7221756441485149,0.16666666666666666,0.43775100401606426,0.0
2600,650:0,650,0.312545113238127,-0.4955679663544195,-0.8103875263812439,0.3333333333333333,0.43373493975903615,0.0
2601,650:1,651,-0.119933476944981,-0.9911359327088395,-0.05714476355070995,0.5,0.43373493975903615,0.0
2602,650:2,657,-0.11537173930111677,-0.9911965487799114,-0.06495200887907762,0.5,0.43775100401606426,0.0
2603,650:3,656,0.3671680926509986,-0.49559827438995546,-0.7871276530275926,0.3333333333333333,0.43775100401606426,0.0
2604,651:0,651,-0.119933476944981,-0.9911359327088395,-0.05714476355070995,0.5,0.43373493975903615,0.0
2605,651:1,652,-0.43247859018310797,-0.4955679663544202,0.7532427628305338,0.6666666666666666,0.43373493975903615,0.0
2606,651:2,658,-0.4825398319521153,-0.49559827438995613,0.7221756441485148,0.6666666666666666,0.43775100401606426,0.0
2607,651:3,657,-0.11537173930111677,-0.9911965487799114,-0.06495200887907762,0.5,0.43775100401606426,0.0
2608,652:0,652,-0.43247859018310797,-0.4955679663544202,0.7532427628305338,0.6666666666666666,0.43373493975903615,0.0
2609,652:1,653,-0.3125451132381272,0.4955679663544191,0.8103875263812442,0.8333333333333334,0.43373493975903615,0.0
2610,652:2,659,-0.3671680926509988,0.495598274389955,0.7871276530275928,0.8333333333333334,0.43775100401606426,0.0
2611,652:3,658,-0.4825398319521153,-0.49559827438995613,0.7221756441485148,0.6666666666666666,0.43775100401606426,0.0
2612,653:0,653,-0.3125451132381272,0.4955679663544191,0.8103875263812442,0.8333333333333334,0.43373493975903615,0.0
2613,653:1,648,0.11993347694498105,0.9911359327088395,0.05714476355070984,1.0,0.43373493975903615,0.0
2614,653:2,654,0.11537173930111683,0.9911965487799114,0.06495200887907751,1.0,0.43775100401606426,0.0
2615,653:3,659,-0.3671680926509988,0.495598274389955,0.7871276530275928,0.8333333333333334,0.43775100401606426,0.0
2616,654:0,654,0.11537173930111683,0.9911965487799114,0.06495200887907751,0.0,0.43775100401606426,0.0
2617,654:1,655,0.48253983195211536,0.4955982743899558,-0.7221756441485149,0.16666666666666666,0.43775100401606426,0.0
2618,654:2,661,0.5310946464017318,0.495575304232202,-0.687272576492457,0.16666666666666666,0.44176706827309237,0.0
2619,654:3,660,0.11093056365342913,0.9911506084644037,0.07290323304336226,0.0,0.44176706827309237,0.0
2620,655:0,655,0.48253983195211536,0.4955982743899558,-0.7221756441485149,0.16666666666666666,0.43775100401606426,0.0
2621,655:1,656,0.3671680926509986,-0.49559827438995546,-0.7871276530275926,0.3333333333333333,0.43775100401606426,0.0
2622,655:2,662,0.42016408274830264,-0.49557530423220164,-0.7601758095358193,0.3333333333333333,0.44176706827309237,0.0
2623,655:3,661,0.5310946464017318,0.495575304232202,-0.687272576492457,0.16666666666666666,0.44176706827309237,0.0
2624,656:0,656,0.3671680926509986,-0.49559827438995546,-0.7871276530275926,0.3333333333333333,0.43775100401606426,0.0
2625,656:1,657,-0.11537173930111677,-0.9911965487799114,-0.06495200887907762,0.5,0.43775100401606426,0.0
2626,656:2,663,-0.11093056365342906,-0.9911506084644037,-0.07290323304336235,0.5,0.44176706827309237,0.0
2627,656:3,662,0.42016408274830264,-0.49557530423220164,-0.7601758095358193,0.3333333333333333,0.44176706827309237,0.0
2628,657:0,657,-0.11537173930111677,-0.9911965487799114,-0.06495200887907762,0.5,0.43775100401606426,0.0
2629,657:1,658,-0.4825398319521153,-0.49559827438995613,0.7221756441485148,0.6666666666666666,0.43775100401606426,0.0
2630,657:2,664,-0.5310946464017317,-0.4955753042322023,0.6872725764924569,0.6666666666666666,0.44176706827309237,0.0
2631,657:3,663,-0.11093056365342906,-0.9911506084644037,-0.07290323304336235,0.5,0.44176706827309237,0.0
2632,658:0,658,-0.4825398319521153,-0.49559827438995613,0.7221756441485148,0.6666666666666666,0.43775100401606426,0.0
2633,658:1,659,-0.3671680926509988,0.495598274389955,0.7871276530275928,0.8333333333333334,0.43775100401606426,0.0
2634,658:2,665,-0.42016408274830286,0.4955753042322012,0.7601758095358195,0.8333333333333334,0.44176706827309237,0.0
2635,658:3,664,-0.5310946464017317,-0.4955753042322023,0.6872725764924569,0.6666666666666666,0.44176706827309237,0.0
2636,659:0,659,-0.3671680926509988,0.495598274389955,0.7871276530275928,0.8333333333333334,0.43775100401606426,0.0
2637,659:1,654,0.11537173930111683,0.9911965487799114,0.06495200887907751,1.0,0.43775100401606426,0.0
2638,659:2,660,0.11093056365342913,0.9911506084644037,0.07290323304336226,1.0,0.44176706827309237,0.0
2639,659:3,665,-0.42016408274830286,0.4955753042322012,0.7601758095358195,0.8333333333333334,0.44176706827309237,0.0
2640,660:0,660,0.11093056365342913,0.9911506084644037,0.07290323304336226,0.0,0.44176706827309237,0.0
2641,660:1,661,0.5310946464017318,0.495575304232202,-0.687272576492457,0.16666666666666666,0.44176706827309237,0.0
2642,660:2,667,0.577137212992867,0.4955911809990144,-0.6490778217554719,0.16666666666666666,0.4457831325301205,0.0
2643,660:3,666,0.10544935687553317,0.9911823619980286,0.08023688926264232,0.0,0.4457831325301205,0.0
2644,661:0,661,0.5310946464017318,0.495575304232202,-0.687272576492457,0.16666666666666666,0.44176706827309237,0.0
2645,661:1,662,0.42016408274830264,-0.49557530423220164,-0.7601758095358193,0.3333333333333333,0.44176706827309237,0.0
2646,661:2,668,0.4716878561173338,-0.49559118099901406,-0.7293147110181144,0.3333333333333333,0.4457831325301205,0.0
2647,661:3,667,0.577137212992867,0.4955911809990144,-0.6490778217554719,0.16666666666666666,0.4457831325301205,0.0
2648,662:0,662,0.42016408274830264,-0.49557530423220164,-0.7601758095358193,0.3333333333333333,0.44176706827309237,0.0
2649,662:1,663,-0.11093056365342906,-0.9911506084644037,-0.07290323304336235,0.5,0.44176706827309237,0.0
2650,662:2,669,-0.1054493568755331,-0.9911823619980286,-0.08023688926264241,0.5,0.4457831325301205,0.0
2651,662:3,668,0.4716878561173338,-0.49559118099901406,-0.7293147110181144,0.3333333333333333,0.4457831325301205,0.0
2652,663:0,663,-0.11093056365342906,-0.9911506084644037,-0.07290323304336235,0.5,0.44176706827309237,0.0
2653,663:1,664,-0.5310946464017317,-0.4955753042322023,0.6872725764924569,0.6666666666666666,0.44176706827309237,0.0
2654,663:2,670,-0.5771372129928669,-0.4955911809990147,0.6490778217554718,0.6666666666666666,0.4457831325301205,0.0
2655,663:3,669,-0.1054493568755331,-0.9911823619980286,-0.08023688926264241,0.5,0.4457831325301205,0.0
2656,664:0,664,-0.5310946464017317,-0.4955753042322023,0.6872725764924569,0.6666666666666666,0.44176706827309237,0.0
2657,664:1,665,-0.42016408274830286,0.4955753042322012,0.7601758095358195,0.8333333333333334,0.44176706827309237,0.0
2658,664:2,671,-0.4716878561173341,0.4955911809990136,0.7293147110181145,0.8333333333333334,0.4457831325301205,0.0
2659,664:3,670,-0.5771372129928669,-0.4955911809990147,0.6490778217554718,0.6666666666666666,0.4457831325301205,0.0
2660,665:0,665,-0.42016408274830286,0.4955753042322012,0.7601758095358195,0.8333333333333334,0.44176706827309237,0.0
2661,665:1,660,0.11093056365342913,0.9911506084644037,0.07290323304336226,1.0,0.44176706827309237,0.0
2662,665:2,666,0.10544935687553317,0.9911823619980286,0.08023688926264232,1.0,0.4457831325301205,0.0
2663,665:3,671,-0.4716878561173341,0.4955911809990136,0.7293147110181145,0.8333333333333334,0.4457831325301205,0.0
2664,666:0,666,0.10544935687553317,0.9911823619980286,0.08023688926264232,0.0,0.4457831325301205,0.0
2665,666:1,667,0.577137212992867,0.4955911809990144,-0.6490778217554719,0.16666666666666666,0.4457831325301205,0.0
2666,666:2,673,0.6197135381816481,0.49562551770364155,-0.6085314098675435,0.16666666666666666,0.4497991967871486,0.0
2667,666:3,672,0.09936616314935498,0.9912510354072829,0.08687779017082191,0.0,0.4497991967871486,0.0
2668,667:0,667,0.577137212992867,0.4955911809990144,-0.6490778217554719,0.16666666666666666,0.4457831325301205,0.0
2669,667:1,668,0.4716878561173338,-0.49559118099901406,-0.7293147110181144,0.3333333333333333,0.4457831325301205,0.0
2670,667:2,674,0.5203473750322932,-0.4956255177036412,-0.6954092000383656,0.3333333333333333,0.4497991967871486,0.0
2671,667:3,673,0.6197135381816481,0.49562551770364155,-0.6085314098675435,0.16666666666666666,0.4497991967871486,0.0
2672,668:0,668,0.4716878561173338,-0.49559118099901406,-0.7293147110181144,0.3333333333333333,0.4457831325301205,0.0
2673,668:1,669,-0.1054493568755331,-0.9911823619980286,-0.08023688926264241,0.5,0.4457831325301205,0.0
2674,668:2,675,-0.0993661631493549,-0.9912510354072829,-0.086877790170822,0.5,0.4497991967871486,0.0
2675,668:3,674,0.5203473750322932,-0.4956255177036412,-0.6954092000383656,0.3333333333333333,0.4497991967871486,0.0
2676,669:0,669,-0.1054493568755331,-0.9911823619980286,-0.08023688926264241,0.5,0.4457831325301205,0.0
2677,669:1,670,-0.5771372129928669,-0.4955911809990147,0.6490778217554718,0.6666666666666666,0.4457831325301205,0.0
2678,669:2,676,-0.619713538181648,-0.4956255177036419,0.6085314098675435,0.6666666666666666,0.4497991967871486,0.0
2679,669:3,675,-0.0993661631493549,-0.9912510354072829,-0.086877790170822,0.5,0.4497991967871486,0.0
2680,670:0,670,-0.5771372129928669,-0.4955911809990147,0.6490778217554718,0.6666666666666666,0.4457831325301205,0.0
2681,670:1,671,-0.4716878561173341,0.4955911809990136,0.7293147110181145,0.8333333333333334,0.4457831325301205,0.0
2682,670:2,677,-0.5203473750322936,0.49562551770364077,0.6954092000383657,0.8333333333333334,0.4497991967871486,0.0
2683,670:3,676,-0.619713538181648,-0.4956255177036419,0.6085314098675435,0.6666666666666666,0.4497991967871486,0.0
2684,671:0,671,-0.4716878561173341,0.4955911809990136,0.7293147110181145,0.8333333333333334,0.4457831325301205,0.0
2685,671:1,666,0.10544935687553317,0.9911823619980286,0.08023688926264232,1.0,0.4457831325301205,0.0
2686,671:2,672,0.09936616314935498,0.9912510354072829,0.08687779017082191,1.0,0.4497991967871486,0.0
2687,671:3,677,-0.5203473750322936,0.49562551770364077,0.6954092000383657,0.8333333333333334,0.4497991967871486,0.0
2688,672:0,672,0.09936616314935498,0.9912510354072829,0.08687779017082191,0.0,0.4497991967871486,0.0
2689,672:1,673,0.6197135381816481,0.49562551770364155,-0.6085314098675435,0.16666666666666666,0.4497991967871486,0.0
2690,672:2,679,0.6599170765799875,0.4956016319653614,-0.5647021112333417,0.16666666666666666,0.4538152610441767,0.0
2691,672:3,678,0.09345974496352337,0.9912032639307226,0.09370894111255089,0.0,0.4538152610441767,0.0
2692,673:0,673,0.6197135381816481,0.49562551770364155,-0.6085314098675435,0.16666666666666666,0.4497991967871486,0.0
2693,673:1,674,0.5203473750322932,-0.4956255177036412,-0.6954092000383656,0.3333333333333333,0.4497991967871486,0.0
2694,673:2,680,0.5664573316164644,-0.49560163196536106,-0.6584110523458926,0.3333333333333333,0.4538152610441767,0.0
2695,673:3,679,0.6599170765799875,0.4956016319653614,-0.5647021112333417,0.16666666666666666,0.4538152610441767,0.0
2696,674:0,674,0.5203473750322932,-0.4956255177036412,-0.6954092000383656,0.3333333333333333,0.4497991967871486,0.0
2697,674:1,675,-0.0993661631493549,-0.9912510354072829,-0.086877790170822,0.5,0.4497991967871486,0.0
2698,674:2,681,-0.09345974496352329,-0.9912032639307226,-0.09370894111255097,0.5,0.4538152610441767,0.0
2699,674:3,680,0.5664573316164644,-0.49560163196536106,-0.6584110523458926,0.3333333333333333,0.4538152610441767,0.0
2700,675:0,675,-0.0993661631493549,-0.9912510354072829,-0.086877790170822,0.5,0.4497991967871486,0.0
2701,675:1,676,-0.619713538181648,-0.4956255177036419,0.6085314098675435,0.6666666666666666,0.4497991967871486,0.0
2702,675:2,682,-0.6599170765799877,-0.4956016319653617,0.5647021112333416,0.6666666666666666,0.4538152610441767,0.0
2703,675:3,681,-0.09345974496352329,-0.9912032639307226,-0.09370894111255097,0.5,0.4538152610441767,0.0
2704,676:0,676,-0.619713538181648,-0.4956255177036419,0.6085314098675435,0.6666666666666666,0.4497991967871486,0.0
2705,676:1,677,-0.5203473750322936,0.49562551770364077,0.6954092000383657,0.8333333333333334,0.4497991967871486,0.0
2706,676:2,683,-0.5664573316164646,0.4956016319653606,0.6584110523458928,0.8333333333333334,0.4538152610441767,0.0
2707,676:3,682,-0.6599170765799877,-0.4956016319653617,0.5647021112333416,0.6666666666666666,0.4538152610441767,0.0
2708,677:0,677,-0.5203473750322936,0.49562551770364077,0.6954092000383657,0.8333333333333334,0.4497991967871486,0.0
2709,677:1,672,0.09936616314935498,0.9912510354072829,0.08687779017082191,1.0,0.4497991967871486,0.0
2710,677:2,678,0.09345974496352337,0.9912032639307226,0.09370894111255089,1.0,0.4538152610441767,0.0
2711,677:3,683,-0.5664573316164646,0.4956016319653606,0.6584110523458928,0.8333333333333334,0.4538152610441767,0.0
2712,678:0,678,0.09345974496352337,0.9912032639307226,0.09370894111255089,0.0,0.4538152610441767,0.0
2713,678:1,679,0.6599170765799875,0.4956016319653614,-0.5647021112333417,0.16666666666666666,0.4538152610441767,0.0
2714,678:2,685,0.6971805495000092,0.49560919515628327,-0.5179872653602658,0.16666666666666666,0.4578313253012048,0.0
2715,678:3,684,0.08671432011229242,0.9912183903125663,0.09983350837082583,0.0,0.4578313253012048,0.0
2716,679:0,679,0.6599170765799875,0.4956016319653614,-0.5647021112333417,0.16666666666666666,0.4538152610441767,0.0
2717,679:1,680,0.5664573316164644,-0.49560163196536106,-0.6584110523458926,0.3333333333333333,0.4538152610441767,0.0
2718,679:2,686,0.6104662293877168,-0.49560919515628293,-0.6178207737310917,0.3333333333333333,0.4578313253012048,0.0
2719,679:3,685,0.6971805495000092,0.49560919515628327,-0.5179872653602658,0.16666666666666666,0.4578313253012048,0.0
2720,680:0,680,0.5664573316164644,-0.49560163196536106,-0.6584110523458926,0.3333333333333333,0.4538152610441767,0.0
2721,680:1,681,-0.09345974496352329,-0.9912032639307226,-0.09370894111255097,0.5,0.4538152610441767,0.0
2722,680:2,687,-0.08671432011229233,-0.9912183903125663,-0.09983350837082591,0.5,0.4578313253012048,0.0
2723,680:3,686,0.6104662293877168,-0.49560919515628293,-0.6178207737310917,0.3333333333333333,0.4578313253012048,0.0
2724,681:0,681,-0.09345974496352329,-0.9912032639307226,-0.09370894111255097,0.5,0.4538152610441767,0.0
2725,681:1,682,-0.6599170765799877,-0.4956016319653617,0.5647021112333416,0.6666666666666666,0.4538152610441767,0.0
2726,681:2,688,-0.6971805495000091,-0.4956091951562836,0.5179872653602657,0.6666666666666666,0.4578313253012048,0.0
2727,681:3,687,-0.08671432011229233,-0.9912183903125663,-0.09983350837082591,0.5,0.4578313253012048,0.0
2728,682:0,682,-0.6599170765799877,-0.4956016319653617,0.5647021112333416,0.6666666666666666,0.4538152610441767,0.0
2729,682:1,683,-0.5664573316164646,0.4956016319653606,0.6584110523458928,0.8333333333333334,0.4538152610441767,0.0
2730,682:2,689,-0.6104662293877171,0.4956091951562825,0.6178207737310919,0.8333333333333334,0.4578313253012048,0.0
2731,682:3,688,-0.6971805495000091,-0.4956091951562836,0.5179872653602657,0.6666666666666666,0.4578313253012048,0.0
2732,683:0,683,-0.5664573316164646,0.4956016319653606,0.6584110523458928,0.8333333333333334,0.4538152610441767,0.0
2733,683:1,678,0.09345974496352337,0.9912032639307226,0.09370894111255089,1.0,0.4538152610441767,0.0
2734,683:2,684,0.08671432011229242,0.9912183903125663,0.09983350837082583,1.0,0.4578313253012048,0.0
2735,683:3,689,-0.6104662293877171,0.4956091951562825,0.6178207737310919,0.8333333333333334,0.4578313253012048,0.0
2736,684:0,684,0.08671432011229242,0.9912183903125663,0.09983350837082583,0.0,0.4578313253012048,0.0
2737,684:1,685,0.6971805495000092,0.49560919515628327,-0.5179872653602658,0.16666666666666666,0.4578313253012048,0.0
2738,684:2,691,0.7305937926443229,0.49564559789391116,-0.469646836929593,0.16666666666666666,0.46184738955823296,0.0
2739,684:3,690,0.07940220034471723,0.9912911957878221,0.1050573925717147,0.0,0.46184738955823296,0.0
2740,685:0,685,0.6971805495000092,0.49560919515628327,-0.5179872653602658,0.16666666666666666,0.4578313253012048,0.0
2741,685:1,686,0.6104662293877168,-0.49560919515628293,-0.6178207737310917,0.3333333333333333,0.4578313253012048,0.0
2742,685:2,692,0.6511915922996058,-0.4956455978939108,-0.5747042295013077,0.3333333333333333,0.46184738955823296,0.0
2743,685:3,691,0.7305937926443229,0.49564559789391116,-0.469646836929593,0.16666666666666666,0.46184738955823296,0.0
2744,686:0,686,0.6104662293877168,-0.49560919515628293,-0.6178207737310917,0.3333333333333333,0.4578313253012048,0.0
2745,686:1,687,-0.08671432011229233,-0.9912183903125663,-0.09983350837082591,0.5,0.4578313253012048,0.0
2746,686:2,693,-0.07940220034471714,-0.9912911957878221,-0.10505739257171477,0.5,0.46184738955823296,0.0
2747,686:3,692,0.6511915922996058,-0.4956455978939108,-0.5747042295013077,0.3333333333333333,0.46184738955823296,0.0
2748,687:0,687,-0.08671432011229233,-0.9912183903125663,-0.09983350837082591,0.5,0.4578313253012048,0.0
2749,687:1,688,-0.6971805495000091,-0.4956091951562836,0.5179872653602657,0.6666666666666666,0.4578313253012048,0.0
2750,687:2,694,-0.7305937926443228,-0.4956455978939115,0.4696468369295929,0.6666666666666666,0.46184738955823296,0.0
2751,687:3,693,-0.07940220034471714,-0.9912911957878221,-0.10505739257171477,0.5,0.46184738955823296,0.0
2752,688:0,688,-0.6971805495000091,-0.4956091951562836,0.5179872653602657,0.6666666666666666,0.4578313253012048,0.0
2753,688:1,689,-0.6104662293877171,0.4956091951562825,0.6178207737310919,0.8333333333333334,0.4578313253012048,0.0
2754,688:2,695,-0.6511915922996061,0.4956455978939104,0.574704229501308,0.8333333333333334,0.46184738955823296,0.0
2755,688:3,694,-0.7305937926443228,-0.4956455978939115,0.4696468369295929,0.6666666666666666,0.46184738955823296,0.0
2756,689:0,689,-0.6104662293877171,0.4956091951562825,0.6178207737310919,0.8333333333333334,0.4578313253012048,0.0
2757,689:1,684,0.08671432011229242,0.9912183903125663,0.09983350837082583,1.0,0.4578313253012048,0.0
2758,689:2,690,0.07940220034471723,0.9912911957878221,0.1050573925717147,1.0,0.46184738955823296,0.0
2759,689:3,695,-0.6511915922996061,0.4956455978939104,0.574704229501308,0.8333333333333334,0.46184738955823296,0.0
2760,690:0,690,0.07940220034471723,0.9912911957878221,0.1050573925717147,0.0,0.46184738955823296,0.0
2761,690:1,691,0.7305937926443229,0.49564559789391116,-0.469646836929593,0.16666666666666666,0.46184738955823296,0.0
2762,690:2,697,0.760888531292938,0.4956233892765545,-0.4188151130855913,0.16666666666666666,0.46586345381526106,0.0
2763,690:3,696,0.07226822589900975,0.9912467785531088,0.11048587028889092,0.0,0.46586345381526106,0.0
2764,691:0,691,0.7305937926443229,0.49564559789391116,-0.469646836929593,0.16666666666666666,0.46184738955823296,0.0
2765,691:1,692,0.6511915922996058,-0.4956455978939108,-0.5747042295013077,0.3333333333333333,0.46184738955823296,0.0
2766,691:2,698,0.6886203053939284,-0.4956233892765542,-0.5293009833744822,0.3333333333333333,0.46586345381526106,0.0
2767,691:3,697,0.760888531292938,0.4956233892765545,-0.4188151130855913,0.16666666666666666,0.46586345381526106,0.0
2768,692:0,692,0.6511915922996058,-0.4956455978939108,-0.5747042295013077,0.3333333333333333,0.46184738955823296,0.0
2769,692:1,693,-0.07940220034471714,-0.9912911957878221,-0.10505739257171477,0.5,0.46184738955823296,0.0
2770,692:2,699,-0.07226822589900965,-0.9912467785531088,-0.110485870288891,0.5,0.46586345381526106,0.0
2771,692:3,698,0.6886203053939284,-0.4956233892765542,-0.5293009833744822,0.3333333333333333,0.46586345381526106,0.0
2772,693:0,693,-0.07940220034471714,-0.9912911957878221,-0.10505739257171477,0.5,0.46184738955823296,0.0
2773,693:1,694,-0.7305937926443228,-0.4956455978939115,0.4696468369295929,0.6666666666666666,0.46184738955823296,0.0
2774,693:2,700,-0.7608885312929379,-0.49562338927655486,0.41881511308559116,0.6666666666666666,0.46586345381526106,0.0
2775,693:3,699,-0.07226822589900965,-0.9912467785531088,-0.110485870288891,0.5,0.46586345381526106,0.0
2776,694:0,694,-0.7305937926443228,-0.4956455978939115,0.4696468369295929,0.6666666666666666,0.46184738955823296,0.0
2777,694:1,695,-0.6511915922996061,0.4956455978939104,0.574704229501308,0.8333333333333334,0.46184738955823296,0.0
2778,694:2,701,-0.6886203053939286,0.49562338927655375,0.5293009833744823,0.8333333333333334,0.46586345381526106,0.0
2779,694:3,700,-0.7608885312929379,-0.49562338927655486,0.41881511308559116,0.6666666666666666,0.46586345381526106,0.0
2780,695:0,695,-0.6511915922996061,0.4956455978939104,0.574704229501308,0.8333333333333334,0.46184738955823296,0.0
2781,695:1,690,0.07940220034471723,0.9912911957878221,0.1050573925717147,1.0,0.46184738955823296,0.0
2782,695:2,696,0.07226822589900975,0.9912467785531088,0.11048587028889092,1.0,0.46586345381526106,0.0
2783,695:3,701,-0.6886203053939286,0.49562338927655375,0.5293009833744823,0.8333333333333334,0.46586345381526106,0.0
2784,696:0,696,0.07226822589900975,0.9912467785531088,0.11048587028889092,0.0,0.46586345381526106,0.0
2785,696:1,697,0.760888531292938,0.4956233892765545,-0.4188151130855913,0.16666666666666666,0.46586345381526106,0.0
2786,696:2,703,0.7878633748478386,0.4956223716561272,-0.3655540552193752,0.16666666666666666,0.46987951807228917,0.0
2787,696:3,702,0.06451576192501768,0.9912447433122542,0.11520232340998077,0.0,0.46987951807228917,0.0
2788,697:0,697,0.760888531292938,0.4956233892765545,-0.4188151130855913,0.16666666666666666,0.46586345381526106,0.0
2789,697:1,698,0.6886203053939284,-0.4956233892765542,-0.5293009833744822,0.3333333333333333,0.46586345381526106,0.0
2790,697:2,704,0.7233476129228211,-0.4956223716561269,-0.480756378629356,0.3333333333333333,0.46987951807228917,0.0
2791,697:3,703,0.7878633748478386,0.4956223716561272,-0.3655540552193752,0.16666666666666666,0.46987951807228917,0.0
2792,698:0,698,0.6886203053939284,-0.4956233892765542,-0.5293009833744822,0.3333333333333333,0.46586345381526106,0.0
2793,698:1,699,-0.07226822589900965,-0.9912467785531088,-0.110485870288891,0.5,0.46586345381526106,0.0
2794,698:2,705,-0.06451576192501757,-0.9912447433122542,-0.11520232340998082,0.5,0.46987951807228917,0.0
2795,698:3,704,0.7233476129228211,-0.4956223716561269,-0.480756378629356,0.3333333333333333,0.46987951807228917,0.0
2796,699:0,699,-0.07226822589900965,-0.9912467785531088,-0.110485870288891,0.5,0.46586345381526106,0.0
2797,699:1,700,-0.7608885312929379,-0.49562338927655486,0.41881511308559116,0.6666666666666666,0.46586345381526106,0.0
2798,699:2,706,-0.7878633748478385,-0.49562237165612755,0.3655540552193751,0.6666666666666666,0.46987951807228917,0.0
2799,699:3,705,-0.06451576192501757,-0.9912447433122542,-0.11520232340998082,0.5,0.46987951807228917,0.0
2800,700:0,700,-0.7608885312929379,-0.49562338927655486,0.41881511308559116,0.6666666666666666,0.46586345381526106,0.0
2801,700:1,701,-0.6886203053939286,0.49562338927655375,0.5293009833744823,0.8333333333333334,0.46586345381526106,0.0
2802,700:2,707,-0.7233476129228215,0.49562237165612644,0.4807563786293561,0.8333333333333334,0.46987951807228917,0.0
2803,700:3,706,-0.7878633748478385,-0.49562237165612755,0.3655540552193751,0.6666666666666666,0.46987951807228917,0.0
2804,701:0,701,-0.6886203053939286,0.49562338927655375,0.5293009833744823,0.8333333333333334,0.46586345381526106,0.0
2805,701:1,696,0.07226822589900975,0.9912467785531088,0.11048587028889092,1.0,0.46586345381526106,0.0
2806,701:2,702,0.06451576192501768,0.9912447433122542,0.11520232340998077,1.0,0.46987951807228917,0.0
2807,701:3,707,-0.7233476129228215,0.49562237165612644,0.4807563786293561,0.8333333333333334,0.46987951807228917,0.0
2808,702:0,702,0.06451576192501768,0.9912447433122542,0.11520232340998077,0.0,0.46987951807228917,0.0
2809,702:1,703,0.7878633748478386,0.4956223716561272,-0.3655540552193752,0.16666666666666666,0.46987951807228917,0.0
2810,702:2,709,0.8107797598139724,0.4956584690853724,-0.31138218173161736,0.16666666666666666,0.4738955823293173,0.0
2811,702:3,708,0.05630065006402161,0.9913169381707446,0.11883166622642603,0.0,0.4738955823293173,0.0
2812,703:0,703,0.7878633748478386,0.4956223716561272,-0.3655540552193752,0.16666666666666666,0.46987951807228917,0.0
2813,703:1,704,0.7233476129228211,-0.4956223716561269,-0.480756378629356,0.3333333333333333,0.46987951807228917,0.0
2814,703:2,710,0.754479109749951,-0.4956584690853721,-0.4302138479580434,0.3333333333333333,0.4738955823293173,0.0
2815,703:3,709,0.8107797598139724,0.4956584690853724,-0.31138218173161736,0.16666666666666666,0.4738955823293173,0.0
2816,704:0,704,0.7233476129228211,-0.4956223716561269,-0.480756378629356,0.3333333333333333,0.46987951807228917,0.0
2817,704:1,705,-0.06451576192501757,-0.9912447433122542,-0.11520232340998082,0.5,0.46987951807228917,0.0
2818,704:2,711,-0.0563006500640215,-0.9913169381707446,-0.11883166622642609,0.5,0.4738955823293173,0.0
2819,704:3,710,0.754479109749951,-0.4956584690853721,-0.4302138479580434,0.3333333333333333,0.4738955823293173,0.0
2820,705:0,705,-0.06451576192501757,-0.9912447433122542,-0.11520232340998082,0.5,0.46987951807228917,0.0
2821,705:1,706,-0.7878633748478385,-0.49562237165612755,0.3655540552193751,0.6666666666666666,0.46987951807228917,0.0
2822,705:2,712,-0.8107797598139725,-0.49565846908537275,0.31138218173161725,0.6666666666666666,0.4738955823293173,0.0
2823,705:3,711,-0.0563006500640215,-0.9913169381707446,-0.11883166622642609,0.5,0.4738955823293173,0.0
2824,706:0,706,-0.7878633748478385,-0.49562237165612755,0.3655540552193751,0.6666666666666666,0.46987951807228917,0.0
2825,706:1,707,-0.7233476129228215,0.49562237165612644,0.4807563786293561,0.8333333333333334,0.46987951807228917,0.0
2826,706:2,713,-0.7544791097499514,0.49565846908537164,0.4302138479580435,0.8333333333333334,0.4738955823293173,0.0
2827,706:3,712,-0.8107797598139725,-0.49565846908537275,0.31138218173161725,0.6666666666666666,0.4738955823293173,0.0
2828,707:0,707,-0.7233476129228215,0.49562237165612644,0.4807563786293561,0.8333333333333334,0.46987951807228917,0.0
2829,707:1,702,0.06451576192501768,0.9912447433122542,0.11520232340998077,1.0,0.46987951807228917,0.0
2830,707:2,708,0.05630065006402161,0.9913169381707446,0.11883166622642603,1.0,0.4738955823293173,0.0
2831,707:3,713,-0.7544791097499514,0.49565846908537164,0.4302138479580435,0.8333333333333334,0.4738955823293173,0.0
2832,708:0,708,0.05630065006402161,0.9913169381707446,0.11883166622642603,0.0,0.4738955823293173,0.0
2833,708:1,709,0.8107797598139724,0.4956584690853724,-0.31138218173161736,0.16666666666666666,0.4738955823293173,0.0
2834,708:2,715,0.8300322739980768,0.49564078550316487,-0.25570810676900196,0.16666666666666666,0.4779116465863454,0.0
2835,708:3,714,0.04823204603534432,0.9912815710063295,0.12261532008059887,0.0,0.4779116465863454,0.0
2836,709:0,709,0.8107797598139724,0.4956584690853724,-0.31138218173161736,0.16666666666666666,0.4738955823293173,0.0
2837,709:1,710,0.754479109749951,-0.4956584690853721,-0.4302138479580434,0.3333333333333333,0.4738955823293173,0.0
2838,709:2,716,0.7818002279627326,-0.49564078550316454,-0.3783234268496009,0.3333333333333333,0.4779116465863454,0.0
2839,709:3,715,0.8300322739980768,0.49564078550316487,-0.25570810676900196,0.16666666666666666,0.4779116465863454,0.0
2840,710:0,710,0.754479109749951,-0.4956584690853721,-0.4302138479580434,0.3333333333333333,0.4738955823293173,0.0
2841,710:1,711,-0.0563006500640215,-0.9913169381707446,-0.11883166622642609,0.5,0.4738955823293173,0.0
2842,710:2,717,-0.04823204603534421,-0.9912815710063295,-0.12261532008059892,0.5,0.4779116465863454,0.0
2843,710:3,716,0.7818002279627326,-0.49564078550316454,-0.3783234268496009,0.3333333333333333,0.4779116465863454,0.0
2844,711:0,711,-0.0563006500640215,-0.9913169381707446,-0.11883166622642609,0.5,0.4738955823293173,0.0
2845,711:1,712,-0.8107797598139725,-0.49565846908537275,0.31138218173161725,0.6666666666666666,0.4738955823293173,0.0
2846,711:2,718,-0.8300322739980767,-0.4956407855031652,0.2557081067690019,0.6666666666666666,0.4779116465863454,0.0
2847,711:3,717,-0.04823204603534421,-0.9912815710063295,-0.12261532008059892,0.5,0.4779116465863454,0.0
2848,712:0,712,-0.8107797598139725,-0.49565846908537275,0.31138218173161725,0.6666666666666666,0.4738955823293173,0.0
2849,712:1,713,-0.7544791097499514,0.49565846908537164,0.4302138479580435,0.8333333333333334,0.4738955823293173,0.0
2850,712:2,719,-0.781800227962733,0.4956407855031641,0.37832342684960096,0.8333333333333334,0.4779116465863454,0.0
2851,712:3,718,-0.8300322739980767,-0.4956407855031652,0.2557081067690019,0.6666666666666666,0.4779116465863454,0.0
2852,713:0,713,-0.7544791097499514,0.49565846908537164,0.4302138479580435,0.8333333333333334,0.4738955823293173,0.0
2853,713:1,708,0.05630065006402161,0.9913169381707446,0.11883166622642603,1.0,0.4738955823293173,0.0
2854,713:2,714,0.04823204603534432,0.9912815710063295,0.12261532008059887,1.0,0.4779116465863454,0.0
2855,713:3,719,-0.781800227962733,0.4956407855031641,0.37832342684960096,0.8333333333333334,0.4779116465863454,0.0
2856,714:0,714,0.04823204603534432,0.9912815710063295,0.12261532008059887,0.0,0.4779116465863454,0.0
2857,714:1,715,0.8300322739980768,0.49564078550316487,-0.25570810676900196,0.16666666666666666,0.4779116465863454,0.0
2858,714:2,721,0.8456309761655255,0.4956309953018282,-0.19813674229041814,0.16666666666666666,0.4819277108433735,0.0
2859,714:3,720,0.03975754150448155,0.9912619906036562,0.12577362155077057,0.0,0.4819277108433735,0.0
2860,715:0,715,0.8300322739980768,0.49564078550316487,-0.25570810676900196,0.16666666666666666,0.4779116465863454,0.0
2861,715:1,716,0.7818002279627326,-0.49564078550316454,-0.3783234268496009,0.3333333333333333,0.4779116465863454,0.0
2862,715:2,722,0.8058734346610441,-0.49563099530182786,-0.3239103638411887,0.3333333333333333,0.4819277108433735,0.0
2863,715:3,721,0.8456309761655255,0.4956309953018282,-0.19813674229041814,0.16666666666666666,0.4819277108433735,0.0
2864,716:0,716,0.7818002279627326,-0.49564078550316454,-0.3783234268496009,0.3333333333333333,0.4779116465863454,0.0
2865,716:1,717,-0.04823204603534421,-0.9912815710063295,-0.12261532008059892,0.5,0.4779116465863454,0.0
2866,716:2,723,-0.03975754150448143,-0.9912619906036562,-0.1257736215507706,0.5,0.4819277108433735,0.0
2867,716:3,722,0.8058734346610441,-0.49563099530182786,-0.3239103638411887,0.3333333333333333,0.4819277108433735,0.0
2868,717:0,717,-0.04823204603534421,-0.9912815710063295,-0.12261532008059892,0.5,0.4779116465863454,0.0
2869,717:1,718,-0.8300322739980767,-0.4956407855031652,0.2557081067690019,0.6666666666666666,0.4779116465863454,0.0
2870,717:2,724,-0.8456309761655254,-0.4956309953018285,0.19813674229041806,0.6666666666666666,0.4819277108433735,0.0
2871,717:3,723,-0.03975754150448143,-0.9912619906036562,-0.1257736215507706,0.5,0.4819277108433735,0.0
2872,718:0,718,-0.8300322739980767,-0.4956407855031652,0.2557081067690019,0.6666666666666666,0.4779116465863454,0.0
2873,718:1,719,-0.781800227962733,0.4956407855031641,0.37832342684960096,0.8333333333333334,0.4779116465863454,0.0
2874,718:2,725,-0.8058734346610444,0.4956309953018274,0.32391036384118876,0.8333333333333334,0.4819277108433735,0.0
2875,718:3,724,-0.8456309761655254,-0.4956309953018285,0.19813674229041806,0.6666666666666666,0.4819277108433735,0.0
2876,719:0,719,-0.781800227962733,0.4956407855031641,0.37832342684960096,0.8333333333333334,0.4779116465863454,0.0
2877,719:1,714,0.04823204603534432,0.9912815710063295,0.12261532008059887,1.0,0.4779116465863454,0.0
2878,719:2,720,0.03975754150448155,0.9912619906036562,0.12577362155077057,1.0,0.4819277108433735,0.0
2879,719:3,725,-0.8058734346610444,0.4956309953018274,0.32391036384118876,0.8333333333333334,0.4819277108433735,0.0
2880,720:0,720,0.03975754150448155,0.9912619906036562,0.12577362155077057,0.0,0.4819277108433735,0.0
2881,720:1,721,0.8456309761655255,0.4956309953018282,-0.19813674229041814,0.16666666666666666,0.4819277108433735,0.0
2882,720:2,727,0.8571037068327626,0.49566408127577155,-0.14032232276649087,0.16666666666666666,0.4859437751004016,0.0
2883,720:3,726,0.030981242287108322,0.9913281625515429,0.12770527302554635,0.0,0.4859437751004016,0.0
2884,721:0,721,0.8456309761655255,0.4956309953018282,-0.19813674229041814,0.16666666666666666,0.4819277108433735,0.0
2885,721:1,722,0.8058734346610441,-0.49563099530182786,-0.3239103638411887,0.3333333333333333,0.4819277108433735,0.0
2886,721:2,728,0.8261224645456544,-0.4956640812757712,-0.2680275957920372,0.3333333333333333,0.4859437751004016,0.0
2887,721:3,727,0.8571037068327626,0.49566408127577155,-0.14032232276649087,0.16666666666666666,0.4859437751004016,0.0
2888,722:0,722,0.8058734346610441,-0.49563099530182786,-0.3239103638411887,0.3333333333333333,0.4819277108433735,0.0
2889,722:1,723,-0.03975754150448143,-0.9912619906036562,-0.1257736215507706,0.5,0.4819277108433735,0.0
2890,722:2,729,-0.030981242287108204,-0.9913281625515429,-0.12770527302554638,0.5,0.4859437751004016,0.0
2891,722:3,728,0.8261224645456544,-0.4956640812757712,-0.2680275957920372,0.3333333333333333,0.4859437751004016,0.0
2892,723:0,723,-0.03975754150448143,-0.9912619906036562,-0.1257736215507706,0.5,0.4819277108433735,0.0
2893,723:1,724,-0.8456309761655254,-0.4956309953018285,0.19813674229041806,0.6666666666666666,0.4819277108433735,0.0
2894,723:2,730,-0.8571037068327625,-0.4956640812757719,0.1403223227664908,0.6666666666666666,0.4859437751004016,0.0
2895,723:3,729,-0.030981242287108204,-0.9913281625515429,-0.12770527302554638,0.5,0.4859437751004016,0.0
2896,724:0,724,-0.8456309761655254,-0.4956309953018285,0.19813674229041806,0.6666666666666666,0.4819277108433735,0.0
2897,724:1,725,-0.8058734346610444,0.4956309953018274,0.32391036384118876,0.8333333333333334,0.4819277108433735,0.0
2898,724:2,731,-0.8261224645456547,0.4956640812757708,0.2680275957920373,0.8333333333333334,0.4859437751004016,0.0
2899,724:3,730,-0.8571037068327625,-0.4956640812757719,0.1403223227664908,0.6666666666666666,0.4859437751004016,0.0
2900,725:0,725,-0.8058734346610444,0.4956309953018274,0.32391036384118876,0.8333333333333334,0.4819277108433735,0.0
2901,725:1,720,0.03975754150448155,0.9912619906036562,0.12577362155077057,1.0,0.4819277108433735,0.0
2902,725:2,726,0.030981242287108322,0.9913281625515429,0.12770527302554635,1.0,0.4859437751004016,0.0
2903,725:3,731,-0.8261224645456547,0.4956640812757708,0.2680275957920373,0.8333333333333334,0.4859437751004016,0.0
2904,726:0,726,0.030981242287108322,0.9913281625515429,0.12770527302554635,0.0,0.4859437751004016,0.0
2905,726:1,727,0.8571037068327626,0.49566408127577155,-0.14032232276649087,0.16666666666666666,0.4859437751004016,0.0
2906,726:2,733,0.8646302082471039,0.49565392873078645,-0.0821083791114283,0.16666666666666666,0.4899598393574297,0.0
2907,726:3,732,0.022321846652282294,0.9913078574615727,0.12965518461279585,0.0,0.4899598393574297,0.0
2908,727:0,727,0.8571037068327626,0.49566408127577155,-0.14032232276649087,0.16666666666666666,0.4859437751004016,0.0
2909,727:1,728,0.8261224645456544,-0.4956640812757712,-0.2680275957920372,0.3333333333333333,0.4859437751004016,0.0
2910,727:2,734,0.8423083615948217,-0.4956539287307861,-0.21176356372422417,0.3333333333333333,0.4899598393574297,0.0
2911,727:3,733,0.8646302082471039,0.49565392873078645,-0.0821083791114283,0.16666666666666666,0.4899598393574297,0.0
2912,728:0,728,0.8261224645456544,-0.4956640812757712,-0.2680275957920372,0.3333333333333333,0.4859437751004016,0.0
2913,728:1,729,-0.030981242287108204,-0.9913281625515429,-0.12770527302554638,0.5,0.4859437751004016,0.0
2914,728:2,735,-0.022321846652282172,-0.9913078574615727,-0.12965518461279588,0.5,0.4899598393574297,0.0
2915,728:3,734,0.8423083615948217,-0.4956539287307861,-0.21176356372422417,0.3333333333333333,0.4899598393574297,0.0
2916,729:0,729,-0.030981242287108204,-0.9913281625515429,-0.12770527302554638,0.5,0.4859437751004016,0.0
2917,729:1,730,-0.8571037068327625,-0.4956640812757719,0.1403223227664908,0.6666666666666666,0.4859437751004016,0.0
2918,729:2,736,-0.8646302082471038,-0.4956539287307868,0.08210837911142824,0.6666666666666666,0.4899598393574297,0.0
2919,729:3,735,-0.022321846652282172,-0.9913078574615727,-0.12965518461279588,0.5,0.4899598393574297,0.0
2920,730:0,730,-0.8571037068327625,-0.4956640812757719,0.1403223227664908,0.6666666666666666,0.4859437751004016,0.0
2921,730:1,731,-0.8261224645456547,0.4956640812757708,0.2680275957920373,0.8333333333333334,0.4859437751004016,0.0
2922,730:2,737,-0.842308361594822,0.4956539287307857,0.21176356372422417,0.8333333333333334,0.4899598393574297,0.0
2923,730:3,736,-0.8646302082471038,-0.4956539287307868,0.08210837911142824,0.6666666666666666,0.4899598393574297,0.0
2924,731:0,731,-0.8261224645456547,0.4956640812757708,0.2680275957920373,0.8333333333333334,0.4859437751004016,0.0
2925,731:1,726,0.030981242287108322,0.9913281625515429,0.12770527302554635,1.0,0.4859437751004016,0.0
2926,731:2,732,0.022321846652282294,0.9913078574615727,0.12965518461279585,1.0,0.4899598393574297,0.0
2927,731:3,737,-0.842308361594822,0.4956539287307857,0.21176356372422417,0.8333333333333334,0.4899598393574297,0.0
2928,732:0,732,0.022321846652282294,0.9913078574615727,0.12965518461279585,0.0,0.4899598393574297,0.0
2929,732:1,733,0.8646302082471039,0.49565392873078645,-0.0821083791114283,0.16666666666666666,0.4899598393574297,0.0
2930,732:2,739,0.8682358976697278,0.4956352588337662,-0.02262998449905808,0.16666666666666666,0.4939759036144578,0.0
2931,732:3,738,0.01342893589570451,0.9912705176675322,0.1311580134183644,0.0,0.4939759036144578,0.0
2932,733:0,733,0.8646302082471039,0.49565392873078645,-0.0821083791114283,0.16666666666666666,0.4899598393574297,0.0
2933,733:1,734,0.8423083615948217,-0.4956539287307861,-0.21176356372422417,0.3333333333333333,0.4899598393574297,0.0
2934,733:2,740,0.8548069617740234,-0.49563525883376586,-0.15378799791742248,0.3333333333333333,0.4939759036144578,0.0
2935,733:3,739,0.8682358976697278,0.4956352588337662,-0.02262998449905808,0.16666666666666666,0.4939759036144578,0.0
2936,734:0,734,0.8423083615948217,-0.4956539287307861,-0.21176356372422417,0.3333333333333333,0.4899598393574297,0.0
2937,734:1,735,-0.022321846652282172,-0.9913078574615727,-0.12965518461279588,0.5,0.4899598393574297,0.0
2938,734:2,741,-0.013428935895704389,-0.9912705176675322,-0.1311580134183644,0.5,0.4939759036144578,0.0
2939,734:3,740,0.8548069617740234,-0.49563525883376586,-0.15378799791742248,0.3333333333333333,0.4939759036144578,0.0
2940,735:0,735,-0.022321846652282172,-0.9913078574615727,-0.12965518461279588,0.5,0.4899598393574297,0.0
2941,735:1,736,-0.8646302082471038,-0.4956539287307868,0.08210837911142824,0.6666666666666666,0.4899598393574297,0.0
2942,735:2,742,-0.8682358976697276,-0.4956352588337665,0.022629984499058023,0.6666666666666666,0.4939759036144578,0.0
2943,735:3,741,-0.013428935895704389,-0.9912705176675322,-0.1311580134183644,0.5,0.4939759036144578,0.0
2944,736:0,736,-0.8646302082471038,-0.4956539287307868,0.08210837911142824,0.6666666666666666,0.4899598393574297,0.0
2945,736:1,737,-0.842308361594822,0.4956539287307857,0.21176356372422417,0.8333333333333334,0.4899598393574297,0.0
2946,736:2,743,-0.8548069617740237,0.4956352588337654,0.15378799791742243,0.8333333333333334,0.4939759036144578,0.0
2947,736:3,742,-0.8682358976697276,-0.4956352588337665,0.022629984499058023,0.6666666666666666,0.4939759036144578,0.0
2948,737:0,737,-0.842308361594822,0.4956539287307857,0.21176356372422417,0.8333333333333334,0.4899598393574297,0.0
2949,737:1,732,0.022321846652282294,0.9913078574615727,0.12965518461279585,1.0,0.4899598393574297,0.0
2950,737:2,738,0.01342893589570451,0.9912705176675322,0.1311580134183644,1.0,0.4939759036144578,0.0
2951,737:3,743,-0.8548069617740237,0.4956352588337654,0.15378799791742243,0.8333333333333334,0.4939759036144578,0.0
2952,738:0,738,0.01342893589570451,0.9912705176675322,0.1311580134183644,0.0,0.4939759036144578,0.0
2953,738:1,739,0.8682358976697278,0.4956352588337662,-0.02262998449905808,0.16666666666666666,0.4939759036144578,0.0
2954,738:2,745,0.8677487897006025,0.49566242299497065,0.03648013711452361,0.16666666666666666,0.4979919678714859,0.0
2955,738:3,744,0.0044315814463259905,0.9913248459899411,0.13135985234806058,0.0,0.4979919678714859,0.0
2956,739:0,739,0.8682358976697278,0.4956352588337662,-0.02262998449905808,0.16666666666666666,0.4939759036144578,0.0
2957,739:1,740,0.8548069617740234,-0.49563525883376586,-0.15378799791742248,0.3333333333333333,0.4939759036144578,0.0
2958,739:2,746,0.8633172082542766,-0.4956624229949703,-0.09487971523353696,0.3333333333333333,0.4979919678714859,0.0
2959,739:3,745,0.8677487897006025,0.49566242299497065,0.03648013711452361,0.16666666666666666,0.4979919678714859,0.0
2960,740:0,740,0.8548069617740234,-0.49563525883376586,-0.15378799791742248,0.3333333333333333,0.4939759036144578,0.0
2961,740:1,741,-0.013428935895704389,-0.9912705176675322,-0.1311580134183644,0.5,0.4939759036144578,0.0
2962,740:2,747,-0.004431581446325868,-0.9913248459899411,-0.13135985234806058,0.5,0.4979919678714859,0.0
2963,740:3,746,0.8633172082542766,-0.4956624229949703,-0.09487971523353696,0.3333333333333333,0.4979919678714859,0.0
2964,741:0,741,-0.013428935895704389,-0.9912705176675322,-0.1311580134183644,0.5,0.4939759036144578,0.0
2965,741:1,742,-0.8682358976697276,-0.4956352588337665,0.022629984499058023,0.6666666666666666,0.4939759036144578,0.0
2966,741:2,748,-0.8677487897006024,-0.495662422994971,-0.03648013711452366,0.6666666666666666,0.4979919678714859,0.0
2967,741:3,747,-0.004431581446325868,-0.9913248459899411,-0.13135985234806058,0.5,0.4979919678714859,0.0
2968,742:0,742,-0.8682358976697276,-0.4956352588337665,0.022629984499058023,0.6666666666666666,0.4939759036144578,0.0
2969,742:1,743,-0.8548069617740237,0.4956352588337654,0.15378799791742243,0.8333333333333334,0.4939759036144578,0.0
2970,742:2,749,-0.8633172082542769,0.4956624229949699,0.09487971523353692,0.8333333333333334,0.4979919678714859,0.0
2971,742:3,748,-0.8677487897006024,-0.495662422994971,-0.03648013711452366,0.6666666666666666,0.4979919678714859,0.0
2972,743:0,743,-0.8548069617740237,0.4956352588337654,0.15378799791742243,0.8333333333333334,0.4939759036144578,0.0
2973,743:1,738,0.01342893589570451,0.9912705176675322,0.1311580134183644,1.0,0.4939759036144578,0.0
2974,743:2,744,0.0044315814463259905,0.9913248459899411,0.13135985234806058,1.0,0.4979919678714859,0.0
2975,743:3,749,-0.8633172082542769,0.4956624229949699,0.09487971523353692,0.8333333333333334,0.4979919678714859,0.0
2976,744:0,744,0.0044315814463259905,0.9913248459899411,0.13135985234806058,0.0,0.4979919678714859,0.0
2977,744:1,745,0.8677487897006025,0.49566242299497065,0.03648013711452361,0.16666666666666666,0.4979919678714859,0.0
2978,744:2,751,0.8633172083587048,0.49566242299563296,0.09487971427987679,0.16666666666666666,0.5020080321285141,0.0
2979,744:3,750,-0.004431581301642606,0.9913248459912657,0.1313598523429451,0.0,0.5020080321285141,0.0
2980,745:0,745,0.8677487897006025,0.49566242299497065,0.03648013711452361,0.16666666666666666,0.4979919678714859,0.0
2981,745:1,746,0.8633172082542766,-0.4956624229949703,-0.09487971523353696,0.3333333333333333,0.4979919678714859,0.0
2982,745:2,752,0.8677487896603476,-0.4956624229956326,-0.03648013806306827,0.3333333333333333,0.5020080321285141,0.0
2983,745:3,751,0.8633172083587048,0.49566242299563296,0.09487971427987679,0.16666666666666666,0.5020080321285141,0.0
2984,746:0,746,0.8633172082542766,-0.4956624229949703,-0.09487971523353696,0.3333333333333333,0.4979919678714859,0.0
2985,746:1,747,-0.004431581446325868,-0.9913248459899411,-0.13135985234806058,0.5,0.4979919678714859,0.0
2986,746:2,753,0.0044315813016427286,-0.9913248459912657,-0.1313598523429451,0.5,0.5020080321285141,0.0
2987,746:3,752,0.8677487896603476,-0.4956624229956326,-0.03648013806306827,0.3333333333333333,0.5020080321285141,0.0
2988,747:0,747,-0.004431581446325868,-0.9913248459899411,-0.13135985234806058,0.5,0.4979919678714859,0.0
2989,747:1,748,-0.8677487897006024,-0.495662422994971,-0.03648013711452366,0.6666666666666666,0.4979919678714859,0.0
2990,747:2,754,-0.8633172083587047,-0.4956624229956333,-0.09487971427987683,0.6666666666666666,0.5020080321285141,0.0
2991,747:3,753,0.0044315813016427286,-0.9913248459912657,-0.1313598523429451,0.5,0.5020080321285141,0.0
2992,748:0,748,-0.8677487897006024,-0.495662422994971,-0.03648013711452366,0.6666666666666666,0.4979919678714859,0.0
2993,748:1,749,-0.8633172082542769,0.4956624229949699,0.09487971523353692,0.8333333333333334,0.4979919678714859,0.0
2994,748:2,755,-0.867748789660348,0.4956624229956322,0.036480138063068206,0.8333333333333334,0.5020080321285141,0.0
2995,748:3,754,-0.8633172083587047,-0.4956624229956333,-0.09487971427987683,0.6666666666666666,0.5020080321285141,0.0
2996,749:0,749,-0.8633172082542769,0.4956624229949699,0.09487971523353692,0.8333333333333334,0.4979919678714859,0.0
2997,749:1,744,0.0044315814463259905,0.9913248459899411,0.13135985234806058,1.0,0.4979919678714859,0.0
2998,749:2,750,-0.004431581301642606,0.9913248459912657,0.1313598523429451,1.0,0.5020080321285141,0.0
2999,749:3,755,-0.867748789660348,0.4956624229956322,0.036480138063068206,0.8333333333333334,0.5020080321285141,0.0
3000,750:0,750,-0.004431581301642606,0.9913248459912657,0.1313598523429451,0.0,0.5020080321285141,0.0
3001,750:1,751,0.8633172083587048,0.49566242299563296,0.09487971427987679,0.16666666666666666,0.5020080321285141,0.0
3002,750:2,757,0.8548069619449883,0.4956352588338388,0.15378799696690693,0.16666666666666666,0.5060240963855421,0.0
3003,750:3,756,-0.0134289357498335,0.9912705176676774,0.1311580134322027,0.0,0.5060240963855421,0.0
3004,751:0,751,0.8633172083587048,0.49566242299563296,0.09487971427987679,0.16666666666666666,0.5020080321285141,0.0
3005,751:1,752,0.8677487896603476,-0.4956624229956326,-0.03648013806306827,0.3333333333333333,0.5020080321285141,0.0
3006,751:2,758,0.8682358976948218,-0.49563525883383847,0.022629983534704246,0.3333333333333333,0.5060240963855421,0.0
3007,751:3,757,0.8548069619449883,0.4956352588338388,0.15378799696690693,0.16666666666666666,0.5060240963855421,0.0
3008,752:0,752,0.8677487896603476,-0.4956624229956326,-0.03648013806306827,0.3333333333333333,0.5020080321285141,0.0
3009,752:1,753,0.0044315813016427286,-0.9913248459912657,-0.1313598523429451,0.5,0.5020080321285141,0.0
3010,752:2,759,0.013428935749833622,-0.9912705176676774,-0.1311580134322027,0.5,0.5060240963855421,0.0
3011,752:3,758,0.8682358976948218,-0.49563525883383847,0.022629983534704246,0.3333333333333333,0.5060240963855421,0.0
3012,753:0,753,0.0044315813016427286,-0.9913248459912657,-0.1313598523429451,0.5,0.5020080321285141,0.0
3013,753:1,754,-0.8633172083587047,-0.4956624229956333,-0.09487971427987683,0.6666666666666666,0.5020080321285141,0.0
3014,753:2,760,-0.8548069619449881,-0.49563525883383913,-0.15378799696690698,0.6666666666666666,0.5060240963855421,0.0
3015,753:3,759,0.013428935749833622,-0.9912705176676774,-0.1311580134322027,0.5,0.5060240963855421,0.0
3016,754:0,754,-0.8633172083587047,-0.4956624229956333,-0.09487971427987683,0.6666666666666666,0.5020080321285141,0.0
3017,754:1,755,-0.867748789660348,0.4956624229956322,0.036480138063068206,0.8333333333333334,0.5020080321285141,0.0
3018,754:2,761,-0.8682358976948221,0.495635258833838,-0.022629983534704343,0.8333333333333334,0.5060240963855421,0.0
3019,754:3,760,-0.8548069619449881,-0.49563525883383913,-0.15378799696690698,0.6666666666666666,0.5060240963855421,0.0
3020,755:0,755,-0.867748789660348,0.4956624229956322,0.036480138063068206,0.8333333333333334,0.5020080321285141,0.0
3021,755:1,750,-0.004431581301642606,0.9913248459912657,0.1313598523429451,1.0,0.5020080321285141,0.0
3022,755:2,756,-0.0134289357498335,0.9912705176676774,0.1311580134322027,1.0,0.5060240963855421,0.0
3023,755:3,761,-0.8682358976948221,0.495635258833838,-0.022629983534704343,0.8333333333333334,0.5060240963855421,0.0
3024,756:0,756,-0.0134289357498335,0.9912705176676774,0.1311580134322027,0.0,0.5060240963855421,0.0
3025,756:1,757,0.8548069619449883,0.4956352588338388,0.15378799696690693,0.16666666666666666,0.5060240963855421,0.0
3026,756:2,763,0.8423083618274112,0.4956539287301103,0.21176356280066194,0.16666666666666666,0.5100401606425703,0.0
3027,756:3,762,-0.02232184651107576,0.9913078574602204,0.12965518464744552,0.0,0.5100401606425703,0.0
3028,757:0,757,0.8548069619449883,0.4956352588338388,0.15378799696690693,0.16666666666666666,0.5060240963855421,0.0
3029,757:1,758,0.8682358976948218,-0.49563525883383847,0.022629983534704246,0.3333333333333333,0.5060240963855421,0.0
3030,757:2,764,0.864630208338487,-0.49565392873011,0.08210837815321645,0.3333333333333333,0.5100401606425703,0.0
3031,757:3,763,0.8423083618274112,0.4956539287301103,0.21176356280066194,0.16666666666666666,0.5100401606425703,0.0
3032,758:0,758,0.8682358976948218,-0.49563525883383847,0.022629983534704246,0.3333333333333333,0.5060240963855421,0.0
3033,758:1,759,0.013428935749833622,-0.9912705176676774,-0.1311580134322027,0.5,0.5060240963855421,0.0
3034,758:2,765,0.022321846511075882,-0.9913078574602204,-0.1296551846474455,0.5,0.5100401606425703,0.0
3035,758:3,764,0.864630208338487,-0.49565392873011,0.08210837815321645,0.3333333333333333,0.5100401606425703,0.0
3036,759:0,759,0.013428935749833622,-0.9912705176676774,-0.1311580134322027,0.5,0.5060240963855421,0.0
3037,759:1,760,-0.8548069619449881,-0.49563525883383913,-0.15378799696690698,0.6666666666666666,0.5060240963855421,0.0
3038,759:2,766,-0.8423083618274111,-0.49565392873011066,-0.21176356280066194,0.6666666666666666,0.5100401606425703,0.0
3039,759:3,765,0.022321846511075882,-0.9913078574602204,-0.1296551846474455,0.5,0.5100401606425703,0.0
3040,760:0,760,-0.8548069619449881,-0.49563525883383913,-0.15378799696690698,0.6666666666666666,0.5060240963855421,0.0
3041,760:1,761,-0.8682358976948221,0.495635258833838,-0.022629983534704343,0.8333333333333334,0.5060240963855421,0.0
3042,760:2,767,-0.8646302083384872,0.49565392873010955,-0.08210837815321656,0.8333333333333334,0.5100401606425703,0.0
3043,760:3,766,-0.8423083618274111,-0.49565392873011066,-0.21176356280066194,0.6666666666666666,0.5100401606425703,0.0
3044,761:0,761,-0.8682358976948221,0.495635258833838,-0.022629983534704343,0.8333333333333334,0.5060240963855421,0.0
3045,761:1,756,-0.0134289357498335,0.9912705176676774,0.1311580134322027,1.0,0.5060240963855421,0.0
3046,761:2,762,-0.02232184651107576,0.9913078574602204,0.12965518464744552,1.0,0.5100401606425703,0.0
3047,761:3,767,-0.8646302083384872,0.49565392873010955,-0.08210837815321656,0.8333333333333334,0.5100401606425703,0.0
3048,762:0,762,-0.02232184651107576,0.9913078574602204,0.12965518464744552,0.0,0.5100401606425703,0.0
3049,762:1,763,0.8423083618274112,0.4956539287301103,0.21176356280066194,0.16666666666666666,0.5100401606425703,0.0
3050,762:2,769,0.8261224648403519,0.4956640812762655,0.2680275948827976,0.16666666666666666,0.5140562248995983,0.0
3051,762:3,768,-0.030981242145357118,0.9913281625525308,0.12770527305226567,0.0,0.5140562248995983,0.0
3052,763:0,763,0.8423083618274112,0.4956539287301103,0.21176356280066194,0.16666666666666666,0.5100401606425703,0.0
3053,763:1,764,0.864630208338487,-0.49565392873011,0.08210837815321645,0.3333333333333333,0.5100401606425703,0.0
3054,763:2,770,0.857103706985709,-0.49566408127626516,0.140322321830532,0.3333333333333333,0.5140562248995983,0.0
3055,763:3,769,0.8261224648403519,0.4956640812762655,0.2680275948827976,0.16666666666666666,0.5140562248995983,0.0
3056,764:0,764,0.864630208338487,-0.49565392873011,0.08210837815321645,0.3333333333333333,0.5100401606425703,0.0
3057,764:1,765,0.022321846511075882,-0.9913078574602204,-0.1296551846474455,0.5,0.5100401606425703,0.0
3058,764:2,771,0.030981242145357236,-0.9913281625525308,-0.12770527305226564,0.5,0.5140562248995983,0.0
3059,764:3,770,0.857103706985709,-0.49566408127626516,0.140322321830532,0.3333333333333333,0.5140562248995983,0.0
3060,765:0,765,0.022321846511075882,-0.9913078574602204,-0.1296551846474455,0.5,0.5100401606425703,0.0
3061,765:1,766,-0.8423083618274111,-0.49565392873011066,-0.21176356280066194,0.6666666666666666,0.5100401606425703,0.0
3062,765:2,772,-0.8261224648403517,-0.4956640812762658,-0.26802759488279765,0.6666666666666666,0.5140562248995983,0.0
3063,765:3,771,0.030981242145357236,-0.9913281625525308,-0.12770527305226564,0.5,0.5140562248995983,0.0
3064,766:0,766,-0.8423083618274111,-0.49565392873011066,-0.21176356280066194,0.6666666666666666,0.5100401606425703,0.0
3065,766:1,767,-0.8646302083384872,0.49565392873010955,-0.08210837815321656,0.8333333333333334,0.5100401606425703,0.0
3066,766:2,773,-0.8571037069857094,0.4956640812762647,-0.14032232183053212,0.8333333333333334,0.5140562248995983,0.0
3067,766:3,772,-0.8261224648403517,-0.4956640812762658,-0.26802759488279765,0.6666666666666666,0.5140562248995983,0.0
3068,767:0,767,-0.8646302083384872,0.49565392873010955,-0.08210837815321656,0.8333333333333334,0.5100401606425703,0.0
3069,767:1,762,-0.02232184651107576,0.9913078574602204,0.12965518464744552,1.0,0.5100401606425703,0.0
3070,767:2,768,-0.030981242145357118,0.9913281625525308,0.12770527305226567,1.0,0.5140562248995983,0.0
3071,767:3,773,-0.8571037069857094,0.4956640812762647,-0.14032232183053212,0.8333333333333334,0.5140562248995983,0.0
3072,768:0,768,-0.030981242145357118,0.9913281625525308,0.12770527305226567,0.0,0.5140562248995983,0.0
3073,768:1,769,0.8261224648403519,0.4956640812762655,0.2680275948827976,0.16666666666666666,0.5140562248995983,0.0
3074,768:2,775,0.8058734350213035,0.49563099530204546,0.32391036294454834,0.16666666666666666,0.5180722891566265,0.0
3075,768:3,774,-0.03975754136380076,0.9912619906040907,0.1257736215918165,0.0,0.5180722891566265,0.0
3076,769:0,769,0.8261224648403519,0.4956640812762655,0.2680275948827976,0.16666666666666666,0.5140562248995983,0.0
3077,769:1,770,0.857103706985709,-0.49566408127626516,0.140322321830532,0.3333333333333333,0.5140562248995983,0.0
3078,769:2,776,0.8456309763851043,-0.49563099530204513,0.19813674135273193,0.3333333333333333,0.5180722891566265,0.0
3079,769:3,775,0.8058734350213035,0.49563099530204546,0.32391036294454834,0.16666666666666666,0.5180722891566265,0.0
3080,770:0,770,0.857103706985709,-0.49566408127626516,0.140322321830532,0.3333333333333333,0.5140562248995983,0.0
3081,770:1,771,0.030981242145357236,-0.9913281625525308,-0.12770527305226564,0.5,0.5140562248995983,0.0
3082,770:2,777,0.03975754136380088,-0.9912619906040907,-0.12577362159181646,0.5,0.5180722891566265,0.0
3083,770:3,776,0.8456309763851043,-0.49563099530204513,0.19813674135273193,0.3333333333333333,0.5180722891566265,0.0
3084,771:0,771,0.030981242145357236,-0.9913281625525308,-0.12770527305226564,0.5,0.5140562248995983,0.0
3085,771:1,772,-0.8261224648403517,-0.4956640812762658,-0.26802759488279765,0.6666666666666666,0.5140562248995983,0.0
3086,771:2,778,-0.8058734350213034,-0.4956309953020458,-0.3239103629445484,0.6666666666666666,0.5180722891566265,0.0
3087,771:3,777,0.03975754136380088,-0.9912619906040907,-0.12577362159181646,0.5,0.5180722891566265,0.0
3088,772:0,772,-0.8261224648403517,-0.4956640812762658,-0.26802759488279765,0.6666666666666666,0.5140562248995983,0.0
3089,772:1,773,-0.8571037069857094,0.4956640812762647,-0.14032232183053212,0.8333333333333334,0.5140562248995983,0.0
3090,772:2,779,-0.8456309763851046,0.4956309953020447,-0.1981367413527321,0.8333333333333334,0.5180722891566265,0.0
3091,772:3,778,-0.8058734350213034,-0.4956309953020458,-0.3239103629445484,0.6666666666666666,0.5180722891566265,0.0
3092,773:0,773,-0.8571037069857094,0.4956640812762647,-0.14032232183053212,0.8333333333333334,0.5140562248995983,0.0
3093,773:1,768,-0.030981242145357118,0.9913281625525308,0.12770527305226567,1.0,0.5140562248995983,0.0
3094,773:2,774,-0.03975754136380076,0.9912619906040907,0.1257736215918165,1.0,0.5180722891566265,0.0
3095,773:3,779,-0.8456309763851046,0.4956309953020447,-0.1981367413527321,0.8333333333333334,0.5180722891566265,0.0
3096,774:0,774,-0.03975754136380076,0.9912619906040907,0.1257736215918165,0.0,0.5180722891566265,0.0
3097,774:1,775,0.8058734350213035,0.49563099530204546,0.32391036294454834,0.16666666666666666,0.5180722891566265,0.0
3098,774:2,781,0.7818002283795296,0.49564078550262947,0.37832342598899715,0.16666666666666666,0.5220883534136547,0.0
3099,774:3,780,-0.04823204590273088,0.9912815710052587,0.12261532014142107,0.0,0.5220883534136547,0.0
3100,775:0,775,0.8058734350213035,0.49563099530204546,0.32391036294454834,0.16666666666666666,0.5180722891566265,0.0
3101,775:1,776,0.8456309763851043,-0.49563099530204513,0.19813674135273193,0.3333333333333333,0.5180722891566265,0.0
3102,775:2,782,0.8300322742822605,-0.49564078550262913,0.2557081058475762,0.3333333333333333,0.5220883534136547,0.0
3103,775:3,781,0.7818002283795296,0.49564078550262947,0.37832342598899715,0.16666666666666666,0.5220883534136547,0.0
3104,776:0,776,0.8456309763851043,-0.49563099530204513,0.19813674135273193,0.3333333333333333,0.5180722891566265,0.0
3105,776:1,777,0.03975754136380088,-0.9912619906040907,-0.12577362159181646,0.5,0.5180722891566265,0.0
3106,776:2,783,0.04823204590273099,-0.9912815710052587,-0.12261532014142103,0.5,0.5220883534136547,0.0
3107,776:3,782,0.8300322742822605,-0.49564078550262913,0.2557081058475762,0.3333333333333333,0.5220883534136547,0.0
3108,777:0,777,0.03975754136380088,-0.9912619906040907,-0.12577362159181646,0.5,0.5180722891566265,0.0
3109,777:1,778,-0.8058734350213034,-0.4956309953020458,-0.3239103629445484,0.6666666666666666,0.5180722891566265,0.0
3110,777:2,784,-0.7818002283795293,-0.4956407855026298,-0.37832342598899715,0.6666666666666666,0.5220883534136547,0.0
3111,777:3,783,0.04823204590273099,-0.9912815710052587,-0.12261532014142103,0.5,0.5220883534136547,0.0
3112,778:0,778,-0.8058734350213034,-0.4956309953020458,-0.3239103629445484,0.6666666666666666,0.5180722891566265,0.0
3113,778:1,779,-0.8456309763851046,0.4956309953020447,-0.1981367413527321,0.8333333333333334,0.5180722891566265,0.0
3114,778:2,785,-0.8300322742822607,0.4956407855026287,-0.2557081058475763,0.8333333333333334,0.5220883534136547,0.0
3115,778:3,784,-0.7818002283795293,-0.4956407855026298,-0.37832342598899715,0.6666666666666666,0.5220883534136547,0.0
3116,779:0,779,-0.8456309763851046,0.4956309953020447,-0.1981367413527321,0.8333333333333334,0.5180722891566265,0.0
3117,779:1,774,-0.03975754136380076,0.9912619906040907,0.1257736215918165,1.0,0.5180722891566265,0.0
3118,779:2,780,-0.04823204590273088,0.9912815710052587,0.12261532014142107,1.0,0.5220883534136547,0.0
3119,779:3,785,-0.8300322742822607,0.4956407855026287,-0.2557081058475763,0.8333333333333334,0.5220883534136547,0.0
3120,780:0,780,-0.04823204590273088,0.9912815710052587,0.12261532014142107,0.0,0.5220883534136547,0.0
3121,780:1,781,0.7818002283795296,0.49564078550262947,0.37832342598899715,0.16666666666666666,0.5220883534136547,0.0
3122,780:2,787,0.7544791102219605,0.4956584690856973,0.4302138471298917,0.16666666666666666,0.5261044176706827,0.0
3123,780:3,786,-0.05630064993183783,0.9913169381713943,0.11883166628363279,0.0,0.5261044176706827,0.0
3124,781:0,781,0.7818002283795296,0.49564078550262947,0.37832342598899715,0.16666666666666666,0.5220883534136547,0.0
3125,781:1,782,0.8300322742822605,-0.49564078550262913,0.2557081058475762,0.3333333333333333,0.5220883534136547,0.0
3126,781:2,788,0.8107797601537984,-0.49565846908569694,0.31138218084625896,0.3333333333333333,0.5261044176706827,0.0
3127,781:3,787,0.7544791102219605,0.4956584690856973,0.4302138471298917,0.16666666666666666,0.5261044176706827,0.0
3128,782:0,782,0.8300322742822605,-0.49564078550262913,0.2557081058475762,0.3333333333333333,0.5220883534136547,0.0
3129,782:1,783,0.04823204590273099,-0.9912815710052587,-0.12261532014142103,0.5,0.5220883534136547,0.0
3130,782:2,789,0.05630064993183794,-0.9913169381713943,-0.11883166628363273,0.5,0.5261044176706827,0.0
3131,782:3,788,0.8107797601537984,-0.49565846908569694,0.31138218084625896,0.3333333333333333,0.5261044176706827,0.0
3132,783:0,783,0.04823204590273099,-0.9912815710052587,-0.12261532014142103,0.5,0.5220883534136547,0.0
3133,783:1,784,-0.7818002283795293,-0.4956407855026298,-0.37832342598899715,0.6666666666666666,0.5220883534136547,0.0
3134,783:2,790,-0.7544791102219603,-0.4956584690856976,-0.43021384712989164,0.6666666666666666,0.5261044176706827,0.0
3135,783:3,789,0.05630064993183794,-0.9913169381713943,-0.11883166628363273,0.5,0.5261044176706827,0.0
3136,784:0,784,-0.7818002283795293,-0.4956407855026298,-0.37832342598899715,0.6666666666666666,0.5220883534136547,0.0
3137,784:1,785,-0.8300322742822607,0.4956407855026287,-0.2557081058475763,0.8333333333333334,0.5220883534136547,0.0
3138,784:2,791,-0.8107797601537987,0.4956584690856965,-0.3113821808462592,0.8333333333333334,0.5261044176706827,0.0
3139,784:3,790,-0.7544791102219603,-0.4956584690856976,-0.43021384712989164,0.6666666666666666,0.5261044176706827,0.0
3140,785:0,785,-0.8300322742822607,0.4956407855026287,-0.2557081058475763,0.8333333333333334,0.5220883534136547,0.0
3141,785:1,780,-0.04823204590273088,0.9912815710052587,0.12261532014142107,1.0,0.5220883534136547,0.0
3142,785:2,786,-0.05630064993183783,0.9913169381713943,0.11883166628363279,1.0,0.5261044176706827,0.0
3143,785:3,791,-0.8107797601537987,0.4956584690856965,-0.3113821808462592,0.8333333333333334,0.5261044176706827,0.0
3144,786:0,786,-0.05630064993183783,0.9913169381713943,0.11883166628363279,0.0,0.5261044176706827,0.0
3145,786:1,787,0.7544791102219605,0.4956584690856973,0.4302138471298917,0.16666666666666666,0.5261044176706827,0.0
3146,786:2,793,0.7233476134575222,0.4956223716564882,0.4807563778244708,0.16666666666666666,0.5301204819277109,0.0
3147,786:3,792,-0.06451576179455784,0.9912447433129762,0.11520232347682939,0.0,0.5301204819277109,0.0
3148,787:0,787,0.7544791102219605,0.4956584690856973,0.4302138471298917,0.16666666666666666,0.5261044176706827,0.0
3149,787:1,788,0.8107797601537984,-0.49565846908569694,0.31138218084625896,0.3333333333333333,0.5261044176706827,0.0
3150,787:2,794,0.7878633752520801,-0.49562237165648787,0.36555405434764143,0.3333333333333333,0.5301204819277109,0.0
3151,787:3,793,0.7233476134575222,0.4956223716564882,0.4807563778244708,0.16666666666666666,0.5301204819277109,0.0
3152,788:0,788,0.8107797601537984,-0.49565846908569694,0.31138218084625896,0.3333333333333333,0.5261044176706827,0.0
3153,788:1,789,0.05630064993183794,-0.9913169381713943,-0.11883166628363273,0.5,0.5261044176706827,0.0
3154,788:2,795,0.06451576179455795,-0.9912447433129762,-0.11520232347682934,0.5,0.5301204819277109,0.0
3155,788:3,794,0.7878633752520801,-0.49562237165648787,0.36555405434764143,0.3333333333333333,0.5301204819277109,0.0
3156,789:0,789,0.05630064993183794,-0.9913169381713943,-0.11883166628363273,0.5,0.5261044176706827,0.0
3157,789:1,790,-0.7544791102219603,-0.4956584690856976,-0.43021384712989164,0.6666666666666666,0.5261044176706827,0.0
3158,789:2,796,-0.7233476134575221,-0.49562237165648854,-0.4807563778244707,0.6666666666666666,0.5301204819277109,0.0
3159,789:3,795,0.06451576179455795,-0.9912447433129762,-0.11520232347682934,0.5,0.5301204819277109,0.0
3160,790:0,790,-0.7544791102219603,-0.4956584690856976,-0.43021384712989164,0.6666666666666666,0.5261044176706827,0.0
3161,790:1,791,-0.8107797601537987,0.4956584690856965,-0.3113821808462592,0.8333333333333334,0.5261044176706827,0.0
3162,790:2,797,-0.7878633752520804,0.4956223716564874,-0.36555405434764165,0.8333333333333334,0.5301204819277109,0.0
3163,790:3,796,-0.7233476134575221,-0.49562237165648854,-0.4807563778244707,0.6666666666666666,0.5301204819277109,0.0
3164,791:0,791,-0.8107797601537987,0.4956584690856965,-0.3113821808462592,0.8333333333333334,0.5261044176706827,0.0
3165,791:1,786,-0.05630064993183783,0.9913169381713943,0.11883166628363279,1.0,0.5261044176706827,0.0
3166,791:2,792,-0.06451576179455784,0.9912447433129762,0.11520232347682939,1.0,0.5301204819277109,0.0
3167,791:3,797,-0.7878633752520804,0.4956223716564874,-0.36555405434764165,0.8333333333333334,0.5301204819277109,0.0
3168,792:0,792,-0.06451576179455784,0.9912447433129762,0.11520232347682939,0.0,0.5301204819277109,0.0
3169,792:1,793,0.7233476134575222,0.4956223716564882,0.4807563778244708,0.16666666666666666,0.5301204819277109,0.0
3170,792:2,799,0.6886203059788392,0.49562338927615884,0.5293009826138839,0.16666666666666666,0.5341365461847389,0.0
3171,792:3,798,-0.0722682257798288,0.9912467785523175,0.11048587037394622,0.0,0.5341365461847389,0.0
3172,793:0,793,0.7233476134575222,0.4956223716564882,0.4807563778244708,0.16666666666666666,0.5301204819277109,0.0
3173,793:1,794,0.7878633752520801,-0.49562237165648787,0.36555405434764143,0.3333333333333333,0.5301204819277109,0.0
3174,793:2,800,0.7608885317586681,-0.4956233892761585,0.4188151122399377,0.3333333333333333,0.5341365461847389,0.0
3175,793:3,799,0.6886203059788392,0.49562338927615884,0.5293009826138839,0.16666666666666666,0.5341365461847389,0.0
3176,794:0,794,0.7878633752520801,-0.49562237165648787,0.36555405434764143,0.3333333333333333,0.5301204819277109,0.0
3177,794:1,795,0.06451576179455795,-0.9912447433129762,-0.11520232347682934,0.5,0.5301204819277109,0.0
3178,794:2,801,0.0722682257798289,-0.9912467785523175,-0.11048587037394615,0.5,0.5341365461847389,0.0
3179,794:3,800,0.7608885317586681,-0.4956233892761585,0.4188151122399377,0.3333333333333333,0.5341365461847389,0.0
3180,795:0,795,0.06451576179455795,-0.9912447433129762,-0.11520232347682934,0.5,0.5301204819277109,0.0
3181,795:1,796,-0.7233476134575221,-0.49562237165648854,-0.4807563778244707,0.6666666666666666,0.5301204819277109,0.0
3182,795:2,802,-0.688620305978839,-0.4956233892761592,-0.5293009826138839,0.6666666666666666,0.5341365461847389,0.0
3183,795:3,801,0.0722682257798289,-0.9912467785523175,-0.11048587037394615,0.5,0.5341365461847389,0.0
3184,796:0,796,-0.7233476134575221,-0.49562237165648854,-0.4807563778244707,0.6666666666666666,0.5301204819277109,0.0
3185,796:1,797,-0.7878633752520804,0.4956223716564874,-0.36555405434764165,0.8333333333333334,0.5301204819277109,0.0
3186,796:2,803,-0.7608885317586682,0.49562338927615807,-0.41881511223993795,0.8333333333333334,0.5341365461847389,0.0
3187,796:3,802,-0.688620305978839,-0.4956233892761592,-0.5293009826138839,0.6666666666666666,0.5341365461847389,0.0
3188,797:0,797,-0.7878633752520804,0.4956223716564874,-0.36555405434764165,0.8333333333333334,0.5301204819277109,0.0
3189,797:1,792,-0.06451576179455784,0.9912447433129762,0.11520232347682939,1.0,0.5301204819277109,0.0
3190,797:2,798,-0.0722682257798288,0.9912467785523175,0.11048587037394622,1.0,0.5341365461847389,0.0
3191,797:3,803,-0.7608885317586682,0.49562338927615807,-0.41881511223993795,0.8333333333333334,0.5341365461847389,0.0
3192,798:0,798,-0.0722682257798288,0.9912467785523175,0.11048587037394622,0.0,0.5341365461847389,0.0
3193,798:1,799,0.6886203059788392,0.49562338927615884,0.5293009826138839,0.16666666666666666,0.5341365461847389,0.0
3194,798:2,805,0.6511915929292187,0.49564559789406376,0.5747042287877676,0.16666666666666666,0.5381526104417671,0.0
3195,798:3,804,-0.07940220022836354,0.9912911957881273,0.10505739265677445,0.0,0.5381526104417671,0.0
3196,799:0,799,0.6886203059788392,0.49562338927615884,0.5293009826138839,0.16666666666666666,0.5341365461847389,0.0
3197,799:1,800,0.7608885317586681,-0.4956233892761585,0.4188151122399377,0.3333333333333333,0.5341365461847389,0.0
3198,799:2,806,0.7305937931575823,-0.4956455978940634,0.46964683613099334,0.3333333333333333,0.5381526104417671,0.0
3199,799:3,805,0.6511915929292187,0.49564559789406376,0.5747042287877676,0.16666666666666666,0.5381526104417671,0.0
3200,800:0,800,0.7608885317586681,-0.4956233892761585,0.4188151122399377,0.3333333333333333,0.5341365461847389,0.0
3201,800:1,801,0.0722682257798289,-0.9912467785523175,-0.11048587037394615,0.5,0.5341365461847389,0.0
3202,800:2,807,0.07940220022836364,-0.9912911957881273,-0.10505739265677438,0.5,0.5381526104417671,0.0
3203,800:3,806,0.7305937931575823,-0.4956455978940634,0.46964683613099334,0.3333333333333333,0.5381526104417671,0.0
3204,801:0,801,0.0722682257798289,-0.9912467785523175,-0.11048587037394615,0.5,0.5341365461847389,0.0
3205,801:1,802,-0.688620305978839,-0.4956233892761592,-0.5293009826138839,0.6666666666666666,0.5341365461847389,0.0
3206,801:2,808,-0.6511915929292186,-0.4956455978940641,-0.5747042287877677,0.6666666666666666,0.5381526104417671,0.0
3207,801:3,807,0.07940220022836364,-0.9912911957881273,-0.10505739265677438,0.5,0.5381526104417671,0.0
3208,802:0,802,-0.688620305978839,-0.4956233892761592,-0.5293009826138839,0.6666666666666666,0.5341365461847389,0.0
3209,802:1,803,-0.7608885317586682,0.49562338927615807,-0.41881511223993795,0.8333333333333334,0.5341365461847389,0.0
3210,802:2,809,-0.7305937931575825,0.495645597894063,-0.4696468361309936,0.8333333333333334,0.5381526104417671,0.0
3211,802:3,808,-0.6511915929292186,-0.4956455978940641,-0.5747042287877677,0.6666666666666666,0.5381526104417671,0.0
3212,803:0,803,-0.7608885317586682,0.49562338927615807,-0.41881511223993795,0.8333333333333334,0.5341365461847389,0.0
3213,803:1,798,-0.0722682257798288,0.9912467785523175,0.11048587037394622,1.0,0.5341365461847389,0.0
3214,803:2,804,-0.07940220022836354,0.9912911957881273,0.10505739265677445,1.0,0.5381526104417671,0.0
3215,803:3,809,-0.7305937931575825,0.495645597894063,-0.4696468361309936,0.8333333333333334,0.5381526104417671,0.0
3216,804:0,804,-0.07940220022836354,0.9912911957881273,0.10505739265677445,0.0,0.5381526104417671,0.0
3217,804:1,805,0.6511915929292187,0.49564559789406376,0.5747042287877676,0.16666666666666666,0.5381526104417671,0.0
3218,804:2,811,0.6104662300744728,0.4956091951567852,0.6178207730521079,0.16666666666666666,0.5421686746987951,0.0
3219,804:3,810,-0.08671431999678349,0.9912183903135702,0.09983350846118777,0.0,0.5421686746987951,0.0
3220,805:0,805,0.6511915929292187,0.49564559789406376,0.5747042287877676,0.16666666666666666,0.5381526104417671,0.0
3221,805:1,806,0.7305937931575823,-0.4956455978940634,0.46964683613099334,0.3333333333333333,0.5381526104417671,0.0
3222,805:2,812,0.6971805500712563,-0.49560919515678487,0.5179872645909201,0.3333333333333333,0.5421686746987951,0.0
3223,805:3,811,0.6104662300744728,0.4956091951567852,0.6178207730521079,0.16666666666666666,0.5421686746987951,0.0
3224,806:0,806,0.7305937931575823,-0.4956455978940634,0.46964683613099334,0.3333333333333333,0.5381526104417671,0.0
3225,806:1,807,0.07940220022836364,-0.9912911957881273,-0.10505739265677438,0.5,0.5381526104417671,0.0
3226,806:2,813,0.08671431999678358,-0.9912183903135702,-0.09983350846118769,0.5,0.5421686746987951,0.0
3227,806:3,812,0.6971805500712563,-0.49560919515678487,0.5179872645909201,0.3333333333333333,0.5421686746987951,0.0
3228,807:0,807,0.07940220022836364,-0.9912911957881273,-0.10505739265677438,0.5,0.5381526104417671,0.0
3229,807:1,808,-0.6511915929292186,-0.4956455978940641,-0.5747042287877677,0.6666666666666666,0.5381526104417671,0.0
3230,807:2,814,-0.6104662300744726,-0.49560919515678553,-0.6178207730521078,0.6666666666666666,0.5421686746987951,0.0
3231,807:3,813,0.08671431999678358,-0.9912183903135702,-0.09983350846118769,0.5,0.5421686746987951,0.0
3232,808:0,808,-0.6511915929292186,-0.4956455978940641,-0.5747042287877677,0.6666666666666666,0.5381526104417671,0.0
3233,808:1,809,-0.7305937931575825,0.495645597894063,-0.4696468361309936,0.8333333333333334,0.5381526104417671,0.0
3234,808:2,815,-0.6971805500712566,0.4956091951567844,-0.5179872645909204,0.8333333333333334,0.5421686746987951,0.0
3235,808:3,814,-0.6104662300744726,-0.49560919515678553,-0.6178207730521078,0.6666666666666666,0.5421686746987951,0.0
3236,809:0,809,-0.7305937931575825,0.495645597894063,-0.4696468361309936,0.8333333333333334,0.5381526104417671,0.0
3237,809:1,804,-0.07940220022836354,0.9912911957881273,0.10505739265677445,1.0,0.5381526104417671,0.0
3238,809:2,810,-0.08671431999678349,0.9912183903135702,0.09983350846118777,1.0,0.5421686746987951,0.0
3239,809:3,815,-0.6971805500712566,0.4956091951567844,-0.5179872645909204,0.8333333333333334,0.5421686746987951,0.0
3240,810:0,810,-0.08671431999678349,0.9912183903135702,0.09983350846118777,0.0,0.5421686746987951,0.0
3241,810:1,811,0.6104662300744728,0.4956091951567852,0.6178207730521079,0.16666666666666666,0.5421686746987951,0.0
3242,810:2,817,0.5664573323459688,0.4956016319651034,0.6584110517184648,0.16666666666666666,0.5461847389558233,0.0
3243,810:3,816,-0.09345974486223071,0.9912032639302065,0.09370894121903213,0.0,0.5461847389558233,0.0
3244,811:0,811,0.6104662300744728,0.4956091951567852,0.6178207730521079,0.16666666666666666,0.5421686746987951,0.0
3245,811:1,812,0.6971805500712563,-0.49560919515678487,0.5179872645909201,0.3333333333333333,0.5421686746987951,0.0
3246,811:2,818,0.6599170772081997,-0.49560163196510304,0.5647021104994326,0.3333333333333333,0.5461847389558233,0.0
3247,811:3,817,0.5664573323459688,0.4956016319651034,0.6584110517184648,0.16666666666666666,0.5461847389558233,0.0
3248,812:0,812,0.6971805500712563,-0.49560919515678487,0.5179872645909201,0.3333333333333333,0.5421686746987951,0.0
3249,812:1,813,0.08671431999678358,-0.9912183903135702,-0.09983350846118769,0.5,0.5421686746987951,0.0
3250,812:2,819,0.0934597448622308,-0.9912032639302065,-0.09370894121903205,0.5,0.5461847389558233,0.0
3251,812:3,818,0.6599170772081997,-0.49560163196510304,0.5647021104994326,0.3333333333333333,0.5461847389558233,0.0
3252,813:0,813,0.08671431999678358,-0.9912183903135702,-0.09983350846118769,0.5,0.5421686746987951,0.0
3253,813:1,814,-0.6104662300744726,-0.49560919515678553,-0.6178207730521078,0.6666666666666666,0.5421686746987951,0.0
3254,813:2,820,-0.5664573323459688,-0.4956016319651037,-0.6584110517184647,0.6666666666666666,0.5461847389558233,0.0
3255,813:3,819,0.0934597448622308,-0.9912032639302065,-0.09370894121903205,0.5,0.5461847389558233,0.0
3256,814:0,814,-0.6104662300744726,-0.49560919515678553,-0.6178207730521078,0.6666666666666666,0.5421686746987951,0.0
3257,814:1,815,-0.6971805500712566,0.4956091951567844,-0.5179872645909204,0.8333333333333334,0.5421686746987951,0.0
3258,814:2,821,-0.6599170772081998,0.4956016319651026,-0.5647021104994331,0.8333333333333334,0.5461847389558233,0.0
3259,814:3,820,-0.5664573323459688,-0.4956016319651037,-0.6584110517184647,0.6666666666666666,0.5461847389558233,0.0
3260,815:0,815,-0.6971805500712566,0.4956091951567844,-0.5179872645909204,0.8333333333333334,0.5421686746987951,0.0
3261,815:1,810,-0.08671431999678349,0.9912183903135702,0.09983350846118777,1.0,0.5421686746987951,0.0
3262,815:2,816,-0.09345974486223071,0.9912032639302065,0.09370894121903213,1.0,0.5461847389558233,0.0
3263,815:3,821,-0.6599170772081998,0.4956016319651026,-0.5647021104994331,0.8333333333333334,0.5461847389558233,0.0
3264,816:0,816,-0.09345974486223071,0.9912032639302065,0.09370894121903213,0.0,0.5461847389558233,0.0
3265,816:1,817,0.5664573323459688,0.4956016319651034,0.6584110517184648,0.16666666666666666,0.5461847389558233,0.0
3266,816:2,823,0.5203473757936795,0.49562551770361774,0.6954091994686671,0.16666666666666666,0.5502008032128514,0.0
3267,816:3,822,-0.09936616305448731,0.9912510354072352,0.08687779027987037,0.0,0.5502008032128514,0.0
3268,817:0,817,0.5664573323459688,0.4956016319651034,0.6584110517184648,0.16666666666666666,0.5461847389558233,0.0
3269,817:1,818,0.6599170772081997,-0.49560163196510304,0.5647021104994326,0.3333333333333333,0.5461847389558233,0.0
3270,817:2,824,0.6197135388481669,-0.4956255177036174,0.6085314091887968,0.3333333333333333,0.5502008032128514,0.0
3271,817:3,823,0.5203473757936795,0.49562551770361774,0.6954091994686671,0.16666666666666666,0.5502008032128514,0.0
3272,818:0,818,0.6599170772081997,-0.49560163196510304,0.5647021104994326,0.3333333333333333,0.5461847389558233,0.0
3273,818:1,819,0.0934597448622308,-0.9912032639302065,-0.09370894121903205,0.5,0.5461847389558233,0.0
3274,818:2,825,0.0993661630544874,-0.9912510354072352,-0.08687779027987028,0.5,0.5502008032128514,0.0
3275,818:3,824,0.6197135388481669,-0.4956255177036174,0.6085314091887968,0.3333333333333333,0.5502008032128514,0.0
3276,819:0,819,0.0934597448622308,-0.9912032639302065,-0.09370894121903205,0.5,0.5461847389558233,0.0
3277,819:1,820,-0.5664573323459688,-0.4956016319651037,-0.6584110517184647,0.6666666666666666,0.5461847389558233,0.0
3278,819:2,826,-0.5203473757936794,-0.49562551770361807,-0.6954091994686671,0.6666666666666666,0.5502008032128514,0.0
3279,819:3,825,0.0993661630544874,-0.9912510354072352,-0.08687779027987028,0.5,0.5502008032128514,0.0
3280,820:0,820,-0.5664573323459688,-0.4956016319651037,-0.6584110517184647,0.6666666666666666,0.5461847389558233,0.0
3281,820:1,821,-0.6599170772081998,0.4956016319651026,-0.5647021104994331,0.8333333333333334,0.5461847389558233,0.0
3282,820:2,827,-0.619713538848167,0.49562551770361696,-0.6085314091887971,0.8333333333333334,0.5502008032128514,0.0
3283,820:3,826,-0.5203473757936794,-0.49562551770361807,-0.6954091994686671,0.6666666666666666,0.5502008032128514,0.0
3284,821:0,821,-0.6599170772081998,0.4956016319651026,-0.5647021104994331,0.8333333333333334,0.5461847389558233,0.0
3285,821:1,816,-0.09345974486223071,0.9912032639302065,0.09370894121903213,1.0,0.5461847389558233,0.0
3286,821:2,822,-0.09936616305448731,0.9912510354072352,0.08687779027987037,1.0,0.5502008032128514,0.0
3287,821:3,827,-0.619713538848167,0.49562551770361696,-0.6085314091887971,0.8333333333333334,0.5502008032128514,0.0
3288,822:0,822,-0.09936616305448731,0.9912510354072352,0.08687779027987037,0.0,0.5502008032128514,0.0
3289,822:1,823,0.5203473757936795,0.49562551770361774,0.6954091994686671,0.16666666666666666,0.5502008032128514,0.0
3290,822:2,829,0.4716878569473872,0.49559118099963434,0.7293147104808521,0.16666666666666666,0.5542168674698795,0.0
3291,822:3,828,-0.1054493567772386,0.9911823619992685,0.08023688937650753,0.0,0.5542168674698795,0.0
3292,823:0,823,0.5203473757936795,0.49562551770361774,0.6954091994686671,0.16666666666666666,0.5502008032128514,0.0
3293,823:1,824,0.6197135388481669,-0.4956255177036174,0.6085314091887968,0.3333333333333333,0.5502008032128514,0.0
3294,823:2,830,0.5771372137246258,-0.495591180999634,0.6490778211043446,0.3333333333333333,0.5542168674698795,0.0
3295,823:3,829,0.4716878569473872,0.49559118099963434,0.7293147104808521,0.16666666666666666,0.5542168674698795,0.0
3296,824:0,824,0.6197135388481669,-0.4956255177036174,0.6085314091887968,0.3333333333333333,0.5502008032128514,0.0
3297,824:1,825,0.0993661630544874,-0.9912510354072352,-0.08687779027987028,0.5,0.5502008032128514,0.0
3298,824:2,831,0.10544935677723867,-0.9911823619992685,-0.08023688937650743,0.5,0.5542168674698795,0.0
3299,824:3,830,0.5771372137246258,-0.495591180999634,0.6490778211043446,0.3333333333333333,0.5542168674698795,0.0
3300,825:0,825,0.0993661630544874,-0.9912510354072352,-0.08687779027987028,0.5,0.5502008032128514,0.0
3301,825:1,826,-0.5203473757936794,-0.49562551770361807,-0.6954091994686671,0.6666666666666666,0.5502008032128514,0.0
3302,825:2,832,-0.4716878569473871,-0.4955911809996347,-0.7293147104808521,0.6666666666666666,0.5542168674698795,0.0
3303,825:3,831,0.10544935677723867,-0.9911823619992685,-0.08023688937650743,0.5,0.5542168674698795,0.0
3304,826:0,826,-0.5203473757936794,-0.49562551770361807,-0.6954091994686671,0.6666666666666666,0.5502008032128514,0.0
3305,826:1,827,-0.619713538848167,0.49562551770361696,-0.6085314091887971,0.8333333333333334,0.5502008032128514,0.0
3306,826:2,833,-0.577137213724626,0.49559118099963356,-0.6490778211043451,0.8333333333333334,0.5542168674698795,0.0
3307,826:3,832,-0.4716878569473871,-0.4955911809996347,-0.7293147104808521,0.6666666666666666,0.5542168674698795,0.0
3308,827:0,827,-0.619713538848167,0.49562551770361696,-0.6085314091887971,0.8333333333333334,0.5502008032128514,0.0
3309,827:1,822,-0.09936616305448731,0.9912510354072352,0.08687779027987037,1.0,0.5502008032128514,0.0
3310,827:2,828,-0.1054493567772386,0.9911823619992685,0.08023688937650753,1.0,0.5542168674698795,0.0
3311,827:3,833,-0.577137213724626,0.49559118099963356,-0.6490778211043451,0.8333333333333334,0.5542168674698795,0.0
3312,828:0,828,-0.1054493567772386,0.9911823619992685,0.08023688937650753,0.0,0.5542168674698795,0.0
3313,828:1,829,0.4716878569473872,0.49559118099963434,0.7293147104808521,0.16666666666666666,0.5542168674698795,0.0
3314,828:2,835,0.42016408361311675,0.49557530423209095,0.7601758090578918,0.16666666666666666,0.5582329317269076,0.0
3315,828:3,834,-0.11093056357181016,0.9911506084641817,0.07290323317057433,0.0,0.5582329317269076,0.0
3316,829:0,829,0.4716878569473872,0.49559118099963434,0.7293147104808521,0.16666666666666666,0.5542168674698795,0.0
3317,829:1,830,0.5771372137246258,-0.495591180999634,0.6490778211043446,0.3333333333333333,0.5542168674698795,0.0
3318,829:2,836,0.5310946471849269,-0.4955753042320906,0.6872725758873176,0.3333333333333333,0.5582329317269076,0.0
3319,829:3,835,0.42016408361311675,0.49557530423209095,0.7601758090578918,0.16666666666666666,0.5582329317269076,0.0
3320,830:0,830,0.5771372137246258,-0.495591180999634,0.6490778211043446,0.3333333333333333,0.5542168674698795,0.0
3321,830:1,831,0.10544935677723867,-0.9911823619992685,-0.08023688937650743,0.5,0.5542168674698795,0.0
3322,830:2,837,0.11093056357181023,-0.9911506084641817,-0.07290323317057423,0.5,0.5582329317269076,0.0
3323,830:3,836,0.5310946471849269,-0.4955753042320906,0.6872725758873176,0.3333333333333333,0.5582329317269076,0.0
3324,831:0,831,0.10544935677723867,-0.9911823619992685,-0.08023688937650743,0.5,0.5542168674698795,0.0
3325,831:1,832,-0.4716878569473871,-0.4955911809996347,-0.7293147104808521,0.6666666666666666,0.5542168674698795,0.0
3326,831:2,838,-0.42016408361311663,-0.4955753042320913,-0.7601758090578917,0.6666666666666666,0.5582329317269076,0.0
3327,831:3,837,0.11093056357181023,-0.9911506084641817,-0.07290323317057423,0.5,0.5582329317269076,0.0
3328,832:0,832,-0.4716878569473871,-0.4955911809996347,-0.7293147104808521,0.6666666666666666,0.5542168674698795,0.0
3329,832:1,833,-0.577137213724626,0.49559118099963356,-0.6490778211043451,0.8333333333333334,0.5542168674698795,0.0
3330,832:2,839,-0.5310946471849272,0.4955753042320902,-0.6872725758873179,0.8333333333333334,0.5582329317269076,0.0
3331,832:3,838,-0.42016408361311663,-0.4955753042320913,-0.7601758090578917,0.6666666666666666,0.5582329317269076,0.0
3332,833:0,833,-0.577137213724626,0.49559118099963356,-0.6490778211043451,0.8333333333333334,0.5542168674698795,0.0
3333,833:1,828,-0.1054493567772386,0.9911823619992685,0.08023688937650753,1.0,0.5542168674698795,0.0
3334,833:2,834,-0.11093056357181016,0.9911506084641817,0.07290323317057433,1.0,0.5582329317269076,0.0
3335,833:3,839,-0.5310946471849272,0.4955753042320902,-0.6872725758873179,0.8333333333333334,0.5582329317269076,0.0
3336,834:0,834,-0.11093056357181016,0.9911506084641817,0.07290323317057433,0.0,0.5582329317269076,0.0
3337,834:1,835,0.42016408361311675,0.49557530423209095,0.7601758090578918,0.16666666666666666,0.5582329317269076,0.0
3338,834:2,841,0.3671680935132147,0.4955982743898479,0.7871276526254661,0.16666666666666666,0.5622489959839357,0.0
3339,834:3,840,-0.11537173923131924,0.9911965487796955,0.06495200900635151,0.0,0.5622489959839357,0.0
3340,835:0,835,0.42016408361311675,0.49557530423209095,0.7601758090578918,0.16666666666666666,0.5582329317269076,0.0
3341,835:1,836,0.5310946471849269,-0.4955753042320906,0.6872725758873176,0.3333333333333333,0.5582329317269076,0.0
3342,835:2,842,0.482539832744534,-0.49559827438984755,0.7221756436191146,0.3333333333333333,0.5622489959839357,0.0
3343,835:3,841,0.3671680935132147,0.4955982743898479,0.7871276526254661,0.16666666666666666,0.5622489959839357,0.0
3344,836:0,836,0.5310946471849269,-0.4955753042320906,0.6872725758873176,0.3333333333333333,0.5582329317269076,0.0
3345,836:1,837,0.11093056357181023,-0.9911506084641817,-0.07290323317057423,0.5,0.5582329317269076,0.0
3346,836:2,843,0.1153717392313193,-0.9911965487796955,-0.0649520090063514,0.5,0.5622489959839357,0.0
3347,836:3,842,0.482539832744534,-0.49559827438984755,0.7221756436191146,0.3333333333333333,0.5622489959839357,0.0
3348,837:0,837,0.11093056357181023,-0.9911506084641817,-0.07290323317057423,0.5,0.5582329317269076,0.0
3349,837:1,838,-0.42016408361311663,-0.4955753042320913,-0.7601758090578917,0.6666666666666666,0.5582329317269076,0.0
3350,837:2,844,-0.3671680935132146,-0.4955982743898482,-0.787127652625466,0.6666666666666666,0.5622489959839357,0.0
3351,837:3,843,0.1153717392313193,-0.9911965487796955,-0.0649520090063514,0.5,0.5622489959839357,0.0
3352,838:0,838,-0.42016408361311663,-0.4955753042320913,-0.7601758090578917,0.6666666666666666,0.5582329317269076,0.0
3353,838:1,839,-0.5310946471849272,0.4955753042320902,-0.6872725758873179,0.8333333333333334,0.5582329317269076,0.0
3354,838:2,845,-0.4825398327445341,0.4955982743898471,-0.722175643619115,0.8333333333333334,0.5622489959839357,0.0
3355,838:3,844,-0.3671680935132146,-0.4955982743898482,-0.787127652625466,0.6666666666666666,0.5622489959839357,0.0
3356,839:0,839,-0.5310946471849272,0.4955753042320902,-0.6872725758873179,0.8333333333333334,0.5582329317269076,0.0
3357,839:1,834,-0.11093056357181016,0.9911506084641817,0.07290323317057433,1.0,0.5582329317269076,0.0
3358,839:2,840,-0.11537173923131924,0.9911965487796955,0.06495200900635151,1.0,0.5622489959839357,0.0
3359,839:3,845,-0.4825398327445341,0.4955982743898471,-0.722175643619115,0.8333333333333334,0.5622489959839357,0.0
3360,840:0,840,-0.11537173923131924,0.9911965487796955,0.06495200900635151,0.0,0.5622489959839357,0.0
3361,840:1,841,0.3671680935132147,0.4955982743898479,0.7871276526254661,0.16666666666666666,0.5622489959839357,0.0
3362,840:2,847,0.31254511413711683,0.4955679663551888,0.8103875260340568,0.16666666666666666,0.5662650602409639,0.0
3363,840:3,846,-0.11993347687159553,0.9911359327103774,0.05714476367805421,0.0,0.5662650602409639,0.0
3364,841:0,841,0.3671680935132147,0.4955982743898479,0.7871276526254661,0.16666666666666666,0.5622489959839357,0.0
3365,841:1,842,0.482539832744534,-0.49559827438984755,0.7221756436191146,0.3333333333333333,0.5622489959839357,0.0
3366,841:2,848,0.43247859100871233,-0.49556796635518846,0.7532427623560027,0.3333333333333333,0.5662650602409639,0.0
3367,841:3,847,0.31254511413711683,0.4955679663551888,0.8103875260340568,0.16666666666666666,0.5662650602409639,0.0
3368,842:0,842,0.482539832744534,-0.49559827438984755,0.7221756436191146,0.3333333333333333,0.5622489959839357,0.0
3369,842:1,843,0.1153717392313193,-0.9911965487796955,-0.0649520090063514,0.5,0.5622489959839357,0.0
3370,842:2,849,0.11993347687159558,-0.9911359327103774,-0.0571447636780541,0.5,0.5662650602409639,0.0
3371,842:3,848,0.43247859100871233,-0.49556796635518846,0.7532427623560027,0.3333333333333333,0.5662650602409639,0.0
3372,843:0,843,0.1153717392313193,-0.9911965487796955,-0.0649520090063514,0.5,0.5622489959839357,0.0
3373,843:1,844,-0.3671680935132146,-0.4955982743898482,-0.787127652625466,0.6666666666666666,0.5622489959839357,0.0
3374,843:2,850,-0.3125451141371167,-0.4955679663551891,-0.8103875260340567,0.6666666666666666,0.5662650602409639,0.0
3375,843:3,849,0.11993347687159558,-0.9911359327103774,-0.0571447636780541,0.5,0.5662650602409639,0.0
3376,844:0,844,-0.3671680935132146,-0.4955982743898482,-0.787127652625466,0.6666666666666666,0.5622489959839357,0.0
3377,844:1,845,-0.4825398327445341,0.4955982743898471,-0.722175643619115,0.8333333333333334,0.5622489959839357,0.0
3378,844:2,851,-0.43247859100871244,0.495567966355188,-0.7532427623560031,0.8333333333333334,0.5662650602409639,0.0
3379,844:3,850,-0.3125451141371167,-0.4955679663551891,-0.8103875260340567,0.6666666666666666,0.5662650602409639,0.0
3380,845:0,845,-0.4825398327445341,0.4955982743898471,-0.722175643619115,0.8333333333333334,0.5622489959839357,0.0
3381,845:1,840,-0.11537173923131924,0.9911965487796955,0.06495200900635151,1.0,0.5622489959839357,0.0
3382,845:2,846,-0.11993347687159553,0.9911359327103774,0.05714476367805421,1.0,0.5662650602409639,0.0
3383,845:3,851,-0.43247859100871244,0.495567966355188,-0.7532427623560031,0.8333333333333334,0.5662650602409639,0.0
3384,846:0,846,-0.11993347687159553,0.9911359327103774,0.05714476367805421,0.0,0.5662650602409639,0.0
3385,846:1,847,0.31254511413711683,0.4955679663551888,0.8103875260340568,0.16666666666666666,0.5662650602409639,0.0
3386,846:2,853,0.2556253522850904,0.49554412290592925,0.8301154748120992,0.16666666666666666,0.570281124497992,0.0
3387,846:3,852,-0.12392660531322577,0.9910882458118583,0.04884962138147636,0.0,0.570281124497992,0.0
3388,847:0,847,0.31254511413711683,0.4955679663551888,0.8103875260340568,0.16666666666666666,0.5662650602409639,0.0
3389,847:1,848,0.43247859100871233,-0.49556796635518846,0.7532427623560027,0.3333333333333333,0.5662650602409639,0.0
3390,847:2,854,0.3795519575983163,-0.4955441229059289,0.7812658534306228,0.3333333333333333,0.570281124497992,0.0
3391,847:3,853,0.2556253522850904,0.49554412290592925,0.8301154748120992,0.16666666666666666,0.570281124497992,0.0
3392,848:0,848,0.43247859100871233,-0.49556796635518846,0.7532427623560027,0.3333333333333333,0.5662650602409639,0.0
3393,848:1,849,0.11993347687159558,-0.9911359327103774,-0.0571447636780541,0.5,0.5662650602409639,0.0
3394,848:2,855,0.12392660531322582,-0.9910882458118583,-0.04884962138147625,0.5,0.570281124497992,0.0
3395,848:3,854,0.3795519575983163,-0.4955441229059289,0.7812658534306228,0.3333333333333333,0.570281124497992,0.0
3396,849:0,849,0.11993347687159558,-0.9911359327103774,-0.0571447636780541,0.5,0.5662650602409639,0.0
3397,849:1,850,-0.3125451141371167,-0.4955679663551891,-0.8103875260340567,0.6666666666666666,0.5662650602409639,0.0
3398,849:2,856,-0.25562535228509037,-0.4955441229059296,-0.8301154748120991,0.6666666666666666,0.570281124497992,0.0
3399,849:3,855,0.12392660531322582,-0.9910882458118583,-0.04884962138147625,0.5,0.570281124497992,0.0
3400,850:0,850,-0.3125451141371167,-0.4955679663551891,-0.8103875260340567,0.6666666666666666,0.5662650602409639,0.0
3401,850:1,851,-0.43247859100871244,0.495567966355188,-0.7532427623560031,0.8333333333333334,0.5662650602409639,0.0
3402,850:2,857,-0.37955195759831634,0.4955441229059285,-0.7812658534306233,0.8333333333333334,0.570281124497992,0.0
3403,850:3,856,-0.25562535228509037,-0.4955441229059296,-0.8301154748120991,0.6666666666666666,0.570281124497992,0.0
3404,851:0,851,-0.43247859100871244,0.495567966355188,-0.7532427623560031,0.8333333333333334,0.5662650602409639,0.0
3405,851:1,846,-0.11993347687159553,0.9911359327103774,0.05714476367805421,1.0,0.5662650602409639,0.0
3406,851:2,852,-0.12392660531322577,0.9910882458118583,0.04884962138147636,1.0,0.570281124497992,0.0
3407,851:3,857,-0.37955195759831634,0.4955441229059285,-0.7812658534306233,0.8333333333333334,0.570281124497992,0.0
3408,852:0,852,-0.12392660531322577,0.9910882458118583,0.04884962138147636,0.0,0.570281124497992,0.0
3409,852:1,853,0.2556253522850904,0.49554412290592925,0.8301154748120992,0.16666666666666666,0.570281124497992,0.0
3410,852:2,859,0.1978816390570452,0.49556394394173364,0.8457300008803115,0.16666666666666666,0.5742971887550201,0.0
3411,852:3,858,-0.12672021632099756,0.9911278878834671,0.04009359843188278,0.0,0.5742971887550201,0.0
3412,853:0,853,0.2556253522850904,0.49554412290592925,0.8301154748120992,0.16666666666666666,0.570281124497992,0.0
3413,853:1,854,0.3795519575983163,-0.4955441229059289,0.7812658534306228,0.3333333333333333,0.570281124497992,0.0
3414,853:2,860,0.3246018553780428,-0.4955639439417333,0.8056364024484288,0.3333333333333333,0.5742971887550201,0.0
3415,853:3,859,0.1978816390570452,0.49556394394173364,0.8457300008803115,0.16666666666666666,0.5742971887550201,0.0
3416,854:0,854,0.3795519575983163,-0.4955441229059289,0.7812658534306228,0.3333333333333333,0.570281124497992,0.0
3417,854:1,855,0.12392660531322582,-0.9910882458118583,-0.04884962138147625,0.5,0.570281124497992,0.0
3418,854:2,861,0.1267202163209976,-0.9911278878834671,-0.04009359843188266,0.5,0.5742971887550201,0.0
3419,854:3,860,0.3246018553780428,-0.4955639439417333,0.8056364024484288,0.3333333333333333,0.5742971887550201,0.0
3420,855:0,855,0.12392660531322582,-0.9910882458118583,-0.04884962138147625,0.5,0.570281124497992,0.0
3421,855:1,856,-0.25562535228509037,-0.4955441229059296,-0.8301154748120991,0.6666666666666666,0.570281124497992,0.0
3422,855:2,862,-0.19788163905704517,-0.495563943941734,-0.8457300008803114,0.6666666666666666,0.5742971887550201,0.0
3423,855:3,861,0.1267202163209976,-0.9911278878834671,-0.04009359843188266,0.5,0.5742971887550201,0.0
3424,856:0,856,-0.25562535228509037,-0.4955441229059296,-0.8301154748120991,0.6666666666666666,0.570281124497992,0.0
3425,856:1,857,-0.37955195759831634,0.4955441229059285,-0.7812658534306233,0.8333333333333334,0.570281124497992,0.0
3426,856:2,863,-0.32460185537804287,0.49556394394173287,-0.8056364024484292,0.8333333333333334,0.5742971887550201,0.0
3427,856:3,862,-0.19788163905704517,-0.495563943941734,-0.8457300008803114,0.6666666666666666,0.5742971887550201,0.0
3428,857:0,857,-0.37955195759831634,0.4955441229059285,-0.7812658534306233,0.8333333333333334,0.570281124497992,0.0
3429,857:1,852,-0.12392660531322577,0.9910882458118583,0.04884962138147636,1.0,0.570281124497992,0.0
3430,857:2,858,-0.12672021632099756,0.9911278878834671,0.04009359843188278,1.0,0.5742971887550201,0.0
3431,857:3,863,-0.32460185537804287,0.49556394394173287,-0.8056364024484292,0.8333333333333334,0.5742971887550201,0.0
3432,858:0,858,-0.12672021632099756,0.9911278878834671,0.04009359843188278,0.0,0.5742971887550201,0.0
3433,858:1,859,0.1978816390570452,0.49556394394173364,0.8457300008803115,0.16666666666666666,0.5742971887550201,0.0
3434,858:2,865,0.13950447524131024,0.49553907010617926,0.8573094723528663,0.16666666666666666,0.5783132530120482,0.0
3435,858:3,864,-0.12952165470001883,0.9910781402123583,0.03143661809072596,0.0,0.5783132530120482,0.0
3436,859:0,859,0.1978816390570452,0.49556394394173364,0.8457300008803115,0.16666666666666666,0.5742971887550201,0.0
3437,859:1,860,0.3246018553780428,-0.4955639439417333,0.8056364024484288,0.3333333333333333,0.5742971887550201,0.0
3438,859:2,866,0.2690261299413291,-0.4955390701061789,0.8258728542621404,0.3333333333333333,0.5783132530120482,0.0
3439,859:3,865,0.13950447524131024,0.49553907010617926,0.8573094723528663,0.16666666666666666,0.5783132530120482,0.0
3440,860:0,860,0.3246018553780428,-0.4955639439417333,0.8056364024484288,0.3333333333333333,0.5742971887550201,0.0
3441,860:1,861,0.1267202163209976,-0.9911278878834671,-0.04009359843188266,0.5,0.5742971887550201,0.0
3442,860:2,867,0.12952165470001886,-0.9910781402123583,-0.03143661809072584,0.5,0.5783132530120482,0.0
3443,860:3,866,0.2690261299413291,-0.4955390701061789,0.8258728542621404,0.3333333333333333,0.5783132530120482,0.0
3444,861:0,861,0.1267202163209976,-0.9911278878834671,-0.04009359843188266,0.5,0.5742971887550201,0.0
3445,861:1,862,-0.19788163905704517,-0.495563943941734,-0.8457300008803114,0.6666666666666666,0.5742971887550201,0.0
3446,861:2,868,-0.13950447524131016,-0.4955390701061796,-0.8573094723528661,0.6666666666666666,0.5783132530120482,0.0
3447,861:3,867,0.12952165470001886,-0.9910781402123583,-0.03143661809072584,0.5,0.5783132530120482,0.0
3448,862:0,862,-0.19788163905704517,-0.495563943941734,-0.8457300008803114,0.6666666666666666,0.5742971887550201,0.0
3449,862:1,863,-0.32460185537804287,0.49556394394173287,-0.8056364024484292,0.8333333333333334,0.5742971887550201,0.0
3450,862:2,869,-0.26902612994132913,0.4955390701061785,-0.8258728542621407,0.8333333333333334,0.5783132530120482,0.0
3451,862:3,868,-0.13950447524131016,-0.4955390701061796,-0.8573094723528661,0.6666666666666666,0.5783132530120482,0.0
3452,863:0,863,-0.32460185537804287,0.49556394394173287,-0.8056364024484292,0.8333333333333334,0.5742971887550201,0.0
3453,863:1,858,-0.12672021632099756,0.9911278878834671,0.04009359843188278,1.0,0.5742971887550201,0.0
3454,863:2,864,-0.12952165470001883,0.9910781402123583,0.03143661809072596,1.0,0.5783132530120482,0.0
3455,863:3,869,-0.26902612994132913,0.4955390701061785,-0.8258728542621407,0.8333333333333334,0.5783132530120482,0.0
3456,864:0,864,-0.12952165470001883,0.9910781402123583,0.03143661809072596,0.0,0.5783132530120482,0.0
3457,864:1,865,0.13950447524131024,0.49553907010617926,0.8573094723528663,0.16666666666666666,0.5783132530120482,0.0
3458,864:2,871,0.07953091331705683,0.49550769914946213,0.8649548854770178,0.16666666666666666,0.5823293172690763,0.0
3459,864:3,870,-0.13184785021267878,0.991015398298924,0.022463853826089012,0.0,0.5823293172690763,0.0
3460,865:0,865,0.13950447524131024,0.49553907010617926,0.8573094723528663,0.16666666666666666,0.5783132530120482,0.0
3461,865:1,866,0.2690261299413291,-0.4955390701061789,0.8258728542621404,0.3333333333333333,0.5783132530120482,0.0
3462,865:2,872,0.2113787635297356,-0.4955076991494618,0.8424910316509289,0.3333333333333333,0.5823293172690763,0.0
3463,865:3,871,0.07953091331705683,0.49550769914946213,0.8649548854770178,0.16666666666666666,0.5823293172690763,0.0
3464,866:0,866,0.2690261299413291,-0.4955390701061789,0.8258728542621404,0.3333333333333333,0.5783132530120482,0.0
3465,866:1,867,0.12952165470001886,-0.9910781402123583,-0.03143661809072584,0.5,0.5783132530120482,0.0
3466,866:2,873,0.1318478502126788,-0.991015398298924,-0.02246385382608889,0.5,0.5823293172690763,0.0
3467,866:3,872,0.2113787635297356,-0.4955076991494618,0.8424910316509289,0.3333333333333333,0.5823293172690763,0.0
3468,867:0,867,0.12952165470001886,-0.9910781402123583,-0.03143661809072584,0.5,0.5783132530120482,0.0
3469,867:1,868,-0.13950447524131016,-0.4955390701061796,-0.8573094723528661,0.6666666666666666,0.5783132530120482,0.0
3470,867:2,874,-0.07953091331705676,-0.49550769914946247,-0.8649548854770177,0.6666666666666666,0.5823293172690763,0.0
3471,867:3,873,0.1318478502126788,-0.991015398298924,-0.02246385382608889,0.5,0.5823293172690763,0.0
3472,868:0,868,-0.13950447524131016,-0.4955390701061796,-0.8573094723528661,0.6666666666666666,0.5783132530120482,0.0
3473,868:1,869,-0.26902612994132913,0.4955390701061785,-0.8258728542621407,0.8333333333333334,0.5783132530120482,0.0
3474,868:2,875,-0.2113787635297356,0.49550769914946136,-0.8424910316509292,0.8333333333333334,0.5823293172690763,0.0
3475,868:3,874,-0.07953091331705676,-0.49550769914946247,-0.8649548854770177,0.6666666666666666,0.5823293172690763,0.0
3476,869:0,869,-0.26902612994132913,0.4955390701061785,-0.8258728542621407,0.8333333333333334,0.5783132530120482,0.0
3477,869:1,864,-0.12952165470001883,0.9910781402123583,0.03143661809072596,1.0,0.5783132530120482,0.0
3478,869:2,870,-0.13184785021267878,0.991015398298924,0.022463853826089012,1.0,0.5823293172690763,0.0
3479,869:3,875,-0.2113787635297356,0.49550769914946136,-0.8424910316509292,0.8333333333333334,0.5823293172690763,0.0
3480,870:0,870,-0.13184785021267878,0.991015398298924,0.022463853826089012,0.0,0.5823293172690763,0.0
3481,870:1,871,0.07953091331705683,0.49550769914946213,0.8649548854770178,0.16666666666666666,0.5823293172690763,0.0
3482,870:2,877,0.019412293263597294,0.4955226413230569,0.8683780713528348,0.16666666666666666,0.5863453815261044,0.0
3483,870:3,876,-0.1328685604900453,0.9910452826461136,0.01323606354577901,0.0,0.5863453815261044,0.0
3484,871:0,871,0.07953091331705683,0.49550769914946213,0.8649548854770178,0.16666666666666666,0.5823293172690763,0.0
3485,871:1,872,0.2113787635297356,-0.4955076991494618,0.8424910316509289,0.3333333333333333,0.5823293172690763,0.0
3486,871:2,878,0.1522808537536426,-0.49552264132305657,0.8551420078070558,0.3333333333333333,0.5863453815261044,0.0
3487,871:3,877,0.019412293263597294,0.4955226413230569,0.8683780713528348,0.16666666666666666,0.5863453815261044,0.0
3488,872:0,872,0.2113787635297356,-0.4955076991494618,0.8424910316509289,0.3333333333333333,0.5823293172690763,0.0
3489,872:1,873,0.1318478502126788,-0.991015398298924,-0.02246385382608889,0.5,0.5823293172690763,0.0
3490,872:2,879,0.1328685604900453,-0.9910452826461136,-0.013236063545778888,0.5,0.5863453815261044,0.0
3491,872:3,878,0.1522808537536426,-0.49552264132305657,0.8551420078070558,0.3333333333333333,0.5863453815261044,0.0
3492,873:0,873,0.1318478502126788,-0.991015398298924,-0.02246385382608889,0.5,0.5823293172690763,0.0
3493,873:1,874,-0.07953091331705676,-0.49550769914946247,-0.8649548854770177,0.6666666666666666,0.5823293172690763,0.0
3494,873:2,880,-0.01941229326359724,-0.49552264132305723,-0.8683780713528348,0.6666666666666666,0.5863453815261044,0.0
3495,873:3,879,0.1328685604900453,-0.9910452826461136,-0.013236063545778888,0.5,0.5863453815261044,0.0
3496,874:0,874,-0.07953091331705676,-0.49550769914946247,-0.8649548854770177,0.6666666666666666,0.5823293172690763,0.0
3497,874:1,875,-0.2113787635297356,0.49550769914946136,-0.8424910316509292,0.8333333333333334,0.5823293172690763,0.0
3498,874:2,881,-0.1522808537536426,0.4955226413230561,-0.8551420078070563,0.8333333333333334,0.5863453815261044,0.0
3499,874:3,880,-0.01941229326359724,-0.49552264132305723,-0.8683780713528348,0.6666666666666666,0.5863453815261044,0.0
3500,875:0,875,-0.2113787635297356,0.49550769914946136,-0.8424910316509292,0.8333333333333334,0.5823293172690763,0.0
3501,875:1,870,-0.13184785021267878,0.991015398298924,0.022463853826089012,1.0,0.5823293172690763,0.0
3502,875:2,876,-0.1328685604900453,0.9910452826461136,0.01323606354577901,1.0,0.5863453815261044,0.0
3503,875:3,881,-0.1522808537536426,0.4955226413230561,-0.8551420078070563,0.8333333333333334,0.5863453815261044,0.0
3504,876:0,876,-0.1328685604900453,0.9910452826461136,0.01323606354577901,0.0,0.5863453815261044,0.0
3505,876:1,877,0.019412293263597294,0.4955226413230569,0.8683780713528348,0.16666666666666666,0.5863453815261044,0.0
3506,876:2,883,-0.04030942364172801,0.49550396495226545,0.8676698514309782,0.16666666666666666,0.5903614457831325,0.0
3507,876:3,882,-0.133740205506098,0.9910079299045307,0.00410369315658369,0.0,0.5903614457831325,0.0
3508,877:0,877,0.019412293263597294,0.4955226413230569,0.8683780713528348,0.16666666666666666,0.5863453815261044,0.0
3509,877:1,878,0.1522808537536426,-0.49552264132305657,0.8551420078070558,0.3333333333333333,0.5863453815261044,0.0
3510,877:2,884,0.09343078186436998,-0.4955039649522651,0.8635661582743946,0.3333333333333333,0.5903614457831325,0.0
3511,877:3,883,-0.04030942364172801,0.49550396495226545,0.8676698514309782,0.16666666666666666,0.5903614457831325,0.0
3512,878:0,878,0.1522808537536426,-0.49552264132305657,0.8551420078070558,0.3333333333333333,0.5863453815261044,0.0
3513,878:1,879,0.1328685604900453,-0.9910452826461136,-0.013236063545778888,0.5,0.5863453815261044,0.0
3514,878:2,885,0.133740205506098,-0.9910079299045307,-0.0041036931565835676,0.5,0.5903614457831325,0.0
3515,878:3,884,0.09343078186436998,-0.4955039649522651,0.8635661582743946,0.3333333333333333,0.5903614457831325,0.0
3516,879:0,879,0.1328685604900453,-0.9910452826461136,-0.013236063545778888,0.5,0.5863453815261044,0.0
3517,879:1,880,-0.01941229326359724,-0.49552264132305723,-0.8683780713528348,0.6666666666666666,0.5863453815261044,0.0
3518,879:2,886,0.04030942364172806,-0.4955039649522658,-0.8676698514309781,0.6666666666666666,0.5903614457831325,0.0
3519,879:3,885,0.133740205506098,-0.9910079299045307,-0.0041036931565835676,0.5,0.5903614457831325,0.0
3520,880:0,880,-0.01941229326359724,-0.49552264132305723,-0.8683780713528348,0.6666666666666666,0.5863453815261044,0.0
3521,880:1,881,-0.1522808537536426,0.4955226413230561,-0.8551420078070563,0.8333333333333334,0.5863453815261044,0.0
3522,880:2,887,-0.09343078186436993,0.4955039649522647,-0.863566158274395,0.8333333333333334,0.5903614457831325,0.0
3523,880:3,886,0.04030942364172806,-0.4955039649522658,-0.8676698514309781,0.6666666666666666,0.5903614457831325,0.0
3524,881:0,881,-0.1522808537536426,0.4955226413230561,-0.8551420078070563,0.8333333333333334,0.5863453815261044,0.0
3525,881:1,876,-0.1328685604900453,0.9910452826461136,0.01323606354577901,1.0,0.5863453815261044,0.0
3526,881:2,882,-0.133740205506098,0.9910079299045307,0.00410369315658369,1.0,0.5903614457831325,0.0
3527,881:3,887,-0.09343078186436993,0.4955039649522647,-0.863566158274395,0.8333333333333334,0.5903614457831325,0.0
3528,882:0,882,-0.133740205506098,0.9910079299045307,0.00410369315658369,0.0,0.5903614457831325,0.0
3529,882:1,883,-0.04030942364172801,0.49550396495226545,0.8676698514309782,0.16666666666666666,0.5903614457831325,0.0
3530,882:2,889,-0.10080012120458623,0.49546558077199737,0.8627590589703524,0.16666666666666666,0.5943775100401606,0.0
3531,882:3,888,-0.13426894014170354,0.9909311615439945,-0.005223484880168675,0.0,0.5943775100401606,0.0
3532,883:0,883,-0.04030942364172801,0.49550396495226545,0.8676698514309782,0.16666666666666666,0.5903614457831325,0.0
3533,883:1,884,0.09343078186436998,-0.4955039649522651,0.8635661582743946,0.3333333333333333,0.5903614457831325,0.0
3534,883:2,890,0.033468818937117284,-0.49546558077199704,0.8679825438505212,0.3333333333333333,0.5943775100401606,0.0
3535,883:3,889,-0.10080012120458623,0.49546558077199737,0.8627590589703524,0.16666666666666666,0.5943775100401606,0.0
3536,884:0,884,0.09343078186436998,-0.4955039649522651,0.8635661582743946,0.3333333333333333,0.5903614457831325,0.0
3537,884:1,885,0.133740205506098,-0.9910079299045307,-0.0041036931565835676,0.5,0.5903614457831325,0.0
3538,884:2,891,0.13426894014170354,-0.9909311615439945,0.005223484880168798,0.5,0.5943775100401606,0.0
3539,884:3,890,0.033468818937117284,-0.49546558077199704,0.8679825438505212,0.3333333333333333,0.5943775100401606,0.0
3540,885:0,885,0.133740205506098,-0.9910079299045307,-0.0041036931565835676,0.5,0.5903614457831325,0.0
3541,885:1,886,0.04030942364172806,-0.4955039649522658,-0.8676698514309781,0.6666666666666666,0.5903614457831325,0.0
3542,885:2,892,0.10080012120458628,-0.4954655807719977,-0.8627590589703523,0.6666666666666666,0.5943775100401606,0.0
3543,885:3,891,0.13426894014170354,-0.9909311615439945,0.005223484880168798,0.5,0.5943775100401606,0.0
3544,886:0,886,0.04030942364172806,-0.4955039649522658,-0.8676698514309781,0.6666666666666666,0.5903614457831325,0.0
3545,886:1,887,-0.09343078186436993,0.4955039649522647,-0.863566158274395,0.8333333333333334,0.5903614457831325,0.0
3546,886:2,893,-0.033468818937117215,0.4954655807719966,-0.8679825438505215,0.8333333333333334,0.5943775100401606,0.0
3547,886:3,892,0.10080012120458628,-0.4954655807719977,-0.8627590589703523,0.6666666666666666,0.5943775100401606,0.0
3548,887:0,887,-0.09343078186436993,0.4955039649522647,-0.863566158274395,0.8333333333333334,0.5903614457831325,0.0
3549,887:1,882,-0.133740205506098,0.9910079299045307,0.00410369315658369,1.0,0.5903614457831325,0.0
3550,887:2,888,-0.13426894014170354,0.9909311615439945,-0.005223484880168675,1.0,0.5943775100401606,0.0
3551,887:3,893,-0.033468818937117215,0.4954655807719966,-0.8679825438505215,0.8333333333333334,0.5943775100401606,0.0
3552,888:0,888,-0.13426894014170354,0.9909311615439945,-0.005223484880168675,0.0,0.5943775100401606,0.0
3553,888:1,889,-0.10080012120458623,0.49546558077199737,0.8627590589703524,0.16666666666666666,0.5943775100401606,0.0
3554,888:2,895,-0.16074156342961568,0.49547445658062844,0.853620063413656,0.16666666666666666,0.5983935742971888,0.0
3555,888:3,894,-0.13344611388630717,0.9909489131612567,-0.014573475672163246,0.0,0.5983935742971888,0.0
3556,889:0,889,-0.10080012120458623,0.49546558077199737,0.8627590589703524,0.16666666666666666,0.5943775100401606,0.0
3557,889:1,890,0.033468818937117284,-0.49546558077199704,0.8679825438505212,0.3333333333333333,0.5943775100401606,0.0
3558,889:2,896,-0.027295449543308536,-0.4954744565806281,0.8681935390858193,0.3333333333333333,0.5983935742971888,0.0
3559,889:3,895,-0.16074156342961568,0.49547445658062844,0.853620063413656,0.16666666666666666,0.5983935742971888,0.0
3560,890:0,890,0.033468818937117284,-0.49546558077199704,0.8679825438505212,0.3333333333333333,0.5943775100401606,0.0
3561,890:1,891,0.13426894014170354,-0.9909311615439945,0.005223484880168798,0.5,0.5943775100401606,0.0
3562,890:2,897,0.13344611388630717,-0.9909489131612567,0.014573475672163367,0.5,0.5983935742971888,0.0
3563,890:3,896,-0.027295449543308536,-0.4954744565806281,0.8681935390858193,0.3333333333333333,0.5983935742971888,0.0
3564,891:0,891,0.13426894014170354,-0.9909311615439945,0.005223484880168798,0.5,0.5943775100401606,0.0
3565,891:1,892,0.10080012120458628,-0.4954655807719977,-0.8627590589703523,0.6666666666666666,0.5943775100401606,0.0
3566,891:2,898,0.1607415634296157,-0.4954744565806288,-0.8536200634136559,0.6666666666666666,0.5983935742971888,0.0
3567,891:3,897,0.13344611388630717,-0.9909489131612567,0.014573475672163367,0.5,0.5983935742971888,0.0
3568,892:0,892,0.10080012120458628,-0.4954655807719977,-0.8627590589703523,0.6666666666666666,0.5943775100401606,0.0
3569,892:1,893,-0.033468818937117215,0.4954655807719966,-0.8679825438505215,0.8333333333333334,0.5943775100401606,0.0
3570,892:2,899,0.027295449543308634,0.49547445658062766,-0.8681935390858196,0.8333333333333334,0.5983935742971888,0.0
3571,892:3,898,0.1607415634296157,-0.4954744565806288,-0.8536200634136559,0.6666666666666666,0.5983935742971888,0.0
3572,893:0,893,-0.033468818937117215,0.4954655807719966,-0.8679825438505215,0.8333333333333334,0.5943775100401606,0.0
3573,893:1,888,-0.13426894014170354,0.9909311615439945,-0.005223484880168675,1.0,0.5943775100401606,0.0
3574,893:2,894,-0.13344611388630717,0.9909489131612567,-0.014573475672163246,1.0,0.5983935742971888,0.0
3575,893:3,899,0.027295449543308634,0.49547445658062766,-0.8681935390858196,0.8333333333333334,0.5983935742971888,0.0
3576,894:0,894,-0.13344611388630717,0.9909489131612567,-0.014573475672163246,0.0,0.5983935742971888,0.0
3577,894:1,895,-0.16074156342961568,0.49547445658062844,0.853620063413656,0.16666666666666666,0.5983935742971888,0.0
3578,894:2,901,-0.21932353524960968,0.4954616232295618,0.8404849592897787,0.16666666666666666,0.6024096385542169,0.0
3579,894:3,900,-0.13230963378359056,0.9909232464591233,-0.023775626910002626,0.0,0.6024096385542169,0.0
3580,895:0,895,-0.16074156342961568,0.49547445658062844,0.853620063413656,0.16666666666666666,0.5983935742971888,0.0
3581,895:1,896,-0.027295449543308536,-0.4954744565806281,0.8681935390858193,0.3333333333333333,0.5983935742971888,0.0
3582,895:2,902,-0.08701390146601917,-0.49546162322956144,0.8642605861997815,0.3333333333333333,0.6024096385542169,0.0
3583,895:3,901,-0.21932353524960968,0.4954616232295618,0.8404849592897787,0.16666666666666666,0.6024096385542169,0.0
3584,896:0,896,-0.027295449543308536,-0.4954744565806281,0.8681935390858193,0.3333333333333333,0.5983935742971888,0.0
3585,896:1,897,0.13344611388630717,-0.9909489131612567,0.014573475672163367,0.5,0.5983935742971888,0.0
3586,896:2,903,0.13230963378359054,-0.9909232464591233,0.023775626910002748,0.5,0.6024096385542169,0.0
3587,896:3,902,-0.08701390146601917,-0.49546162322956144,0.8642605861997815,0.3333333333333333,0.6024096385542169,0.0
3588,897:0,897,0.13344611388630717,-0.9909489131612567,0.014573475672163367,0.5,0.5983935742971888,0.0
3589,897:1,898,0.1607415634296157,-0.4954744565806288,-0.8536200634136559,0.6666666666666666,0.5983935742971888,0.0
3590,897:2,904,0.21932353524960974,-0.4954616232295621,-0.8404849592897786,0.6666666666666666,0.6024096385542169,0.0
3591,897:3,903,0.13230963378359054,-0.9909232464591233,0.023775626910002748,0.5,0.6024096385542169,0.0
3592,898:0,898,0.1607415634296157,-0.4954744565806288,-0.8536200634136559,0.6666666666666666,0.5983935742971888,0.0
3593,898:1,899,0.027295449543308634,0.49547445658062766,-0.8681935390858196,0.8333333333333334,0.5983935742971888,0.0
3594,898:2,905,0.08701390146601928,0.495461623229561,-0.8642605861997819,0.8333333333333334,0.6024096385542169,0.0
3595,898:3,904,0.21932353524960974,-0.4954616232295621,-0.8404849592897786,0.6666666666666666,0.6024096385542169,0.0
3596,899:0,899,0.027295449543308634,0.49547445658062766,-0.8681935390858196,0.8333333333333334,0.5983935742971888,0.0
3597,899:1,894,-0.13344611388630717,0.9909489131612567,-0.014573475672163246,1.0,0.5983935742971888,0.0
3598,899:2,900,-0.13230963378359056,0.9909232464591233,-0.023775626910002626,1.0,0.6024096385542169,0.0
3599,899:3,905,0.08701390146601928,0.495461623229561,-0.8642605861997819,0.8333333333333334,0.6024096385542169,0.0
3600,900:0,900,-0.13230963378359056,0.9909232464591233,-0.023775626910002626,0.0,0.6024096385542169,0.0
3601,900:1,901,-0.21932353524960968,0.4954616232295618,0.8404849592897787,0.16666666666666666,0.6024096385542169,0.0
3602,900:2,907,-0.27772887317826145,0.4954172247124524,0.8230604148307368,0.16666666666666666,0.606425702811245,0.0
3603,900:3,906,-0.13096210410786271,0.9908344494249046,-0.033106209696783316,0.0,0.606425702811245,0.0
3604,901:0,901,-0.21932353524960968,0.4954616232295618,0.8404849592897787,0.16666666666666666,0.6024096385542169,0.0
3605,901:1,902,-0.08701390146601917,-0.49546162322956144,0.8642605861997815,0.3333333333333333,0.6024096385542169,0.0
3606,901:2,908,-0.14676676907039876,-0.4954172247124521,0.8561666245275202,0.3333333333333333,0.606425702811245,0.0
3607,901:3,907,-0.27772887317826145,0.4954172247124524,0.8230604148307368,0.16666666666666666,0.606425702811245,0.0
3608,902:0,902,-0.08701390146601917,-0.49546162322956144,0.8642605861997815,0.3333333333333333,0.6024096385542169,0.0
3609,902:1,903,0.13230963378359054,-0.9909232464591233,0.023775626910002748,0.5,0.6024096385542169,0.0
3610,902:2,909,0.1309621041078627,-0.9908344494249046,0.033106209696783434,0.5,0.606425702811245,0.0
3611,902:3,908,-0.14676676907039876,-0.4954172247124521,0.8561666245275202,0.3333333333333333,0.606425702811245,0.0
3612,903:0,903,0.13230963378359054,-0.9909232464591233,0.023775626910002748,0.5,0.6024096385542169,0.0
3613,903:1,904,0.21932353524960974,-0.4954616232295621,-0.8404849592897786,0.6666666666666666,0.6024096385542169,0.0
3614,903:2,910,0.27772887317826145,-0.49541722471245275,-0.8230604148307367,0.6666666666666666,0.606425702811245,0.0
3615,903:3,909,0.1309621041078627,-0.9908344494249046,0.033106209696783434,0.5,0.606425702811245,0.0
3616,904:0,904,0.21932353524960974,-0.4954616232295621,-0.8404849592897786,0.6666666666666666,0.6024096385542169,0.0
3617,904:1,905,0.08701390146601928,0.495461623229561,-0.8642605861997819,0.8333333333333334,0.6024096385542169,0.0
3618,904:2,911,0.14676676907039887,0.49541722471245164,-0.8561666245275206,0.8333333333333334,0.606425702811245,0.0
3619,904:3,910,0.27772887317826145,-0.49541722471245275,-0.8230604148307367,0.6666666666666666,0.606425702811245,0.0
3620,905:0,905,0.08701390146601928,0.495461623229561,-0.8642605861997819,0.8333333333333334,0.6024096385542169,0.0
3621,905:1,900,-0.13230963378359056,0.9909232464591233,-0.023775626910002626,1.0,0.6024096385542169,0.0
3622,905:2,906,-0.13096210410786271,0.9908344494249046,-0.033106209696783316,1.0,0.606425702811245,0.0
3623,905:3,911,0.14676676907039887,0.49541722471245164,-0.8561666245275206,0.8333333333333334,0.606425702811245,0.0
3624,906:0,906,-0.13096210410786271,0.9908344494249046,-0.033106209696783316,0.0,0.606425702811245,0.0
3625,906:1,907,-0.27772887317826145,0.4954172247124524,0.8230604148307368,0.16666666666666666,0.606425702811245,0.0
3626,906:2,913,-0.3348778953870844,0.49541984231158115,0.8015085620410335,0.16666666666666666,0.6104417670682731,0.0
3627,906:3,912,-0.1282745982754838,0.9908396846231621,-0.04221784946128753,0.0,0.6104417670682731,0.0
3628,907:0,907,-0.27772887317826145,0.4954172247124524,0.8230604148307368,0.16666666666666666,0.606425702811245,0.0
3629,907:1,908,-0.14676676907039876,-0.4954172247124521,0.8561666245275202,0.3333333333333333,0.606425702811245,0.0
3630,907:2,914,-0.20660329711160064,-0.4954198423115808,0.8437264115023211,0.3333333333333333,0.6104417670682731,0.0
3631,907:3,913,-0.3348778953870844,0.49541984231158115,0.8015085620410335,0.16666666666666666,0.6104417670682731,0.0
3632,908:0,908,-0.14676676907039876,-0.4954172247124521,0.8561666245275202,0.3333333333333333,0.606425702811245,0.0
3633,908:1,909,0.1309621041078627,-0.9908344494249046,0.033106209696783434,0.5,0.606425702811245,0.0
3634,908:2,915,0.12827459827548376,-0.9908396846231621,0.04221784946128765,0.5,0.6104417670682731,0.0
3635,908:3,914,-0.20660329711160064,-0.4954198423115808,0.8437264115023211,0.3333333333333333,0.6104417670682731,0.0
3636,909:0,909,0.1309621041078627,-0.9908344494249046,0.033106209696783434,0.5,0.606425702811245,0.0
3637,909:1,910,0.27772887317826145,-0.49541722471245275,-0.8230604148307367,0.6666666666666666,0.606425702811245,0.0
3638,909:2,916,0.3348778953870844,-0.4954198423115815,-0.8015085620410334,0.6666666666666666,0.6104417670682731,0.0
3639,909:3,915,0.12827459827548376,-0.9908396846231621,0.04221784946128765,0.5,0.6104417670682731,0.0
3640,910:0,910,0.27772887317826145,-0.49541722471245275,-0.8230604148307367,0.6666666666666666,0.606425702811245,0.0
3641,910:1,911,0.14676676907039887,0.49541722471245164,-0.8561666245275206,0.8333333333333334,0.606425702811245,0.0
3642,910:2,917,0.2066032971116008,0.49541984231158037,-0.8437264115023214,0.8333333333333334,0.6104417670682731,0.0
3643,910:3,916,0.3348778953870844,-0.4954198423115815,-0.8015085620410334,0.6666666666666666,0.6104417670682731,0.0
3644,911:0,911,0.14676676907039887,0.49541722471245164,-0.8561666245275206,0.8333333333333334,0.606425702811245,0.0
3645,911:1,906,-0.13096210410786271,0.9908344494249046,-0.033106209696783316,1.0,0.606425702811245,0.0
3646,911:2,912,-0.1282745982754838,0.9908396846231621,-0.04221784946128753,1.0,0.6104417670682731,0.0
3647,911:3,917,0.2066032971116008,0.49541984231158037,-0.8437264115023214,0.8333333333333334,0.6104417670682731,0.0
3648,912:0,912,-0.1282745982754838,0.9908396846231621,-0.04221784946128753,0.0,0.6104417670682731,0.0
3649,912:1,913,-0.3348778953870844,0.49541984231158115,0.8015085620410335,0.16666666666666666,0.6104417670682731,0.0
3650,912:2,919,-0.3897789008519011,0.49541122164117896,0.7762989951833499,0.16666666666666666,0.6144578313253012,0.0
3651,912:3,918,-0.12515081310954473,0.9908224432823577,-0.051070146524158186,0.0,0.6144578313253012,0.0
3652,913:0,913,-0.3348778953870844,0.49541984231158115,0.8015085620410335,0.16666666666666666,0.6104417670682731,0.0
3653,913:1,914,-0.20660329711160064,-0.4954198423115808,0.8437264115023211,0.3333333333333333,0.6104417670682731,0.0
3654,913:2,920,-0.26462808774235635,-0.4954112216411786,0.8273691417075081,0.3333333333333333,0.6144578313253012,0.0
3655,913:3,919,-0.3897789008519011,0.49541122164117896,0.7762989951833499,0.16666666666666666,0.6144578313253012,0.0
3656,914:0,914,-0.20660329711160064,-0.4954198423115808,0.8437264115023211,0.3333333333333333,0.6104417670682731,0.0
3657,914:1,915,0.12827459827548376,-0.9908396846231621,0.04221784946128765,0.5,0.6104417670682731,0.0
3658,914:2,921,0.12515081310954468,-0.9908224432823577,0.0510701465241583,0.5,0.6144578313253012,0.0
3659,914:3,920,-0.26462808774235635,-0.4954112216411786,0.8273691417075081,0.3333333333333333,0.6144578313253012,0.0
3660,915:0,915,0.12827459827548376,-0.9908396846231621,0.04221784946128765,0.5,0.6104417670682731,0.0
3661,915:1,916,0.3348778953870844,-0.4954198423115815,-0.8015085620410334,0.6666666666666666,0.6104417670682731,0.0
3662,915:2,922,0.38977890085190103,-0.4954112216411793,-0.7762989951833497,0.6666666666666666,0.6144578313253012,0.0
3663,915:3,921,0.12515081310954468,-0.9908224432823577,0.0510701465241583,0.5,0.6144578313253012,0.0
3664,916:0,916,0.3348778953870844,-0.4954198423115815,-0.8015085620410334,0.6666666666666666,0.6104417670682731,0.0
3665,916:1,917,0.2066032971116008,0.49541984231158037,-0.8437264115023214,0.8333333333333334,0.6104417670682731,0.0
3666,916:2,923,0.2646280877423566,0.4954112216411782,-0.8273691417075084,0.8333333333333334,0.6144578313253012,0.0
3667,916:3,922,0.38977890085190103,-0.4954112216411793,-0.7762989951833497,0.6666666666666666,0.6144578313253012,0.0
3668,917:0,917,0.2066032971116008,0.49541984231158037,-0.8437264115023214,0.8333333333333334,0.6104417670682731,0.0
3669,917:1,912,-0.1282745982754838,0.9908396846231621,-0.04221784946128753,1.0,0.6104417670682731,0.0
3670,917:2,918,-0.12515081310954473,0.9908224432823577,-0.051070146524158186,1.0,0.6144578313253012,0.0
3671,917:3,923,0.2646280877423566,0.4954112216411782,-0.8273691417075084,0.8333333333333334,0.6144578313253012,0.0
3672,918:0,918,-0.12515081310954473,0.9908224432823577,-0.051070146524158186,0.0,0.6144578313253012,0.0
3673,918:1,919,-0.3897789008519011,0.49541122164117896,0.7762989951833499,0.16666666666666666,0.6144578313253012,0.0
3674,918:2,925,-0.4435348465977118,0.4953620279257381,0.7469225536445158,0.16666666666666666,0.6184738955823293,0.0
3675,918:3,924,-0.12191029109370305,0.9907240558514759,-0.06003104265836276,0.0,0.6184738955823293,0.0
3676,919:0,919,-0.3897789008519011,0.49541122164117896,0.7762989951833499,0.16666666666666666,0.6144578313253012,0.0
3677,919:1,920,-0.26462808774235635,-0.4954112216411786,0.8273691417075081,0.3333333333333333,0.6144578313253012,0.0
3678,919:2,926,-0.3216245555040088,-0.49536202792573775,0.8069535963028787,0.3333333333333333,0.6184738955823293,0.0
3679,919:3,925,-0.4435348465977118,0.4953620279257381,0.7469225536445158,0.16666666666666666,0.6184738955823293,0.0
3680,920:0,920,-0.26462808774235635,-0.4954112216411786,0.8273691417075081,0.3333333333333333,0.6144578313253012,0.0
3681,920:1,921,0.12515081310954468,-0.9908224432823577,0.0510701465241583,0.5,0.6144578313253012,0.0
3682,920:2,927,0.121910291093703,-0.9907240558514759,0.06003104265836287,0.5,0.6184738955823293,0.0
3683,920:3,926,-0.3216245555040088,-0.49536202792573775,0.8069535963028787,0.3333333333333333,0.6184738955823293,0.0
3684,921:0,921,0.12515081310954468,-0.9908224432823577,0.0510701465241583,0.5,0.6144578313253012,0.0
3685,921:1,922,0.38977890085190103,-0.4954112216411793,-0.7762989951833497,0.6666666666666666,0.6144578313253012,0.0
3686,921:2,928,0.4435348465977118,-0.4953620279257384,-0.7469225536445157,0.6666666666666666,0.6184738955823293,0.0
3687,921:3,927,0.121910291093703,-0.9907240558514759,0.06003104265836287,0.5,0.6184738955823293,0.0
3688,922:0,922,0.38977890085190103,-0.4954112216411793,-0.7762989951833497,0.6666666666666666,0.6144578313253012,0.0
3689,922:1,923,0.2646280877423566,0.4954112216411782,-0.8273691417075084,0.8333333333333334,0.6144578313253012,0.0
3690,922:2,929,0.32162455550400904,0.4953620279257373,-0.8069535963028789,0.8333333333333334,0.6184738955823293,0.0
3691,922:3,928,0.4435348465977118,-0.4953620279257384,-0.7469225536445157,0.6666666666666666,0.6184738955823293,0.0
3692,923:0,923,0.2646280877423566,0.4954112216411782,-0.8273691417075084,0.8333333333333334,0.6144578313253012,0.0
3693,923:1,918,-0.12515081310954473,0.9908224432823577,-0.051070146524158186,1.0,0.6144578313253012,0.0
3694,923:2,924,-0.12191029109370305,0.9907240558514759,-0.06003104265836276,1.0,0.6184738955823293,0.0
3695,923:3,929,0.32162455550400904,0.4953620279257373,-0.8069535963028789,0.8333333333333334,0.6184738955823293,0.0
3696,924:0,924,-0.12191029109370305,0.9907240558514759,-0.06003104265836276,0.0,0.6184738955823293,0.0
3697,924:1,925,-0.4435348465977118,0.4953620279257381,0.7469225536445158,0.16666666666666666,0.6184738955823293,0.0
3698,924:2,931,-0.49530612439947413,0.49535903563188927,0.713646459355203,0.16666666666666666,0.6224899598393574,0.0
3699,924:3,930,-0.11739343542188489,0.9907180712637783,-0.0685309024544908,0.0,0.6224899598393574,0.0
3700,925:0,925,-0.4435348465977118,0.4953620279257381,0.7469225536445158,0.16666666666666666,0.6184738955823293,0.0
3701,925:1,926,-0.3216245555040088,-0.49536202792573775,0.8069535963028787,0.3333333333333333,0.6184738955823293,0.0
3702,925:2,932,-0.3779126889775893,-0.49535903563188893,0.7821773618096939,0.3333333333333333,0.6224899598393574,0.0
3703,925:3,931,-0.49530612439947413,0.49535903563188927,0.713646459355203,0.16666666666666666,0.6224899598393574,0.0
3704,926:0,926,-0.3216245555040088,-0.49536202792573775,0.8069535963028787,0.3333333333333333,0.6184738955823293,0.0
3705,926:1,927,0.121910291093703,-0.9907240558514759,0.06003104265836287,0.5,0.6184738955823293,0.0
3706,926:2,933,0.11739343542188484,-0.9907180712637783,0.06853090245449091,0.5,0.6224899598393574,0.0
3707,926:3,932,-0.3779126889775893,-0.49535903563188893,0.7821773618096939,0.3333333333333333,0.6224899598393574,0.0
3708,927:0,927,0.121910291093703,-0.9907240558514759,0.06003104265836287,0.5,0.6184738955823293,0.0
3709,927:1,928,0.4435348465977118,-0.4953620279257384,-0.7469225536445157,0.6666666666666666,0.6184738955823293,0.0
3710,927:2,934,0.4953061243994741,-0.4953590356318896,-0.7136464593552029,0.6666666666666666,0.6224899598393574,0.0
3711,927:3,933,0.11739343542188484,-0.9907180712637783,0.06853090245449091,0.5,0.6224899598393574,0.0
3712,928:0,928,0.4435348465977118,-0.4953620279257384,-0.7469225536445157,0.6666666666666666,0.6184738955823293,0.0
3713,928:1,929,0.32162455550400904,0.4953620279257373,-0.8069535963028789,0.8333333333333334,0.6184738955823293,0.0
3714,928:2,935,0.3779126889775895,0.4953590356318885,-0.7821773618096942,0.8333333333333334,0.6224899598393574,0.0
3715,928:3,934,0.4953061243994741,-0.4953590356318896,-0.7136464593552029,0.6666666666666666,0.6224899598393574,0.0
3716,929:0,929,0.32162455550400904,0.4953620279257373,-0.8069535963028789,0.8333333333333334,0.6184738955823293,0.0
3717,929:1,924,-0.12191029109370305,0.9907240558514759,-0.06003104265836276,1.0,0.6184738955823293,0.0
3718,929:2,930,-0.11739343542188489,0.9907180712637783,-0.0685309024544908,1.0,0.6224899598393574,0.0
3719,929:3,935,0.3779126889775895,0.4953590356318885,-0.7821773618096942,0.8333333333333334,0.6224899598393574,0.0
3720,930:0,930,-0.11739343542188489,0.9907180712637783,-0.0685309024544908,0.0,0.6224899598393574,0.0
3721,930:1,931,-0.49530612439947413,0.49535903563188927,0.713646459355203,0.16666666666666666,0.6224899598393574,0.0
3722,930:2,937,-0.5440491948914735,0.4953524294836979,0.6772270255553435,0.16666666666666666,0.6265060240963856,0.0
3723,930:3,936,-0.11239201793471126,0.9907048589673956,-0.07662843286246013,0.0,0.6265060240963856,0.0
3724,931:0,931,-0.49530612439947413,0.49535903563188927,0.713646459355203,0.16666666666666666,0.6224899598393574,0.0
3725,931:1,932,-0.3779126889775893,-0.49535903563188893,0.7821773618096939,0.3333333333333333,0.6224899598393574,0.0
3726,931:2,938,-0.43165717695676237,-0.49535242948369756,0.7538554584178038,0.3333333333333333,0.6265060240963856,0.0
3727,931:3,937,-0.5440491948914735,0.4953524294836979,0.6772270255553435,0.16666666666666666,0.6265060240963856,0.0
3728,932:0,932,-0.3779126889775893,-0.49535903563188893,0.7821773618096939,0.3333333333333333,0.6224899598393574,0.0
3729,932:1,933,0.11739343542188484,-0.9907180712637783,0.06853090245449091,0.5,0.6224899598393574,0.0
3730,932:2,939,0.1123920179347112,-0.9907048589673956,0.07662843286246022,0.5,0.6265060240963856,0.0
3731,932:3,938,-0.43165717695676237,-0.49535242948369756,0.7538554584178038,0.3333333333333333,0.6265060240963856,0.0
3732,933:0,933,0.11739343542188484,-0.9907180712637783,0.06853090245449091,0.5,0.6224899598393574,0.0
3733,933:1,934,0.4953061243994741,-0.4953590356318896,-0.7136464593552029,0.6666666666666666,0.6224899598393574,0.0
3734,933:2,940,0.5440491948914735,-0.49535242948369823,-0.6772270255553434,0.6666666666666666,0.6265060240963856,0.0
3735,933:3,939,0.1123920179347112,-0.9907048589673956,0.07662843286246022,0.5,0.6265060240963856,0.0
3736,934:0,934,0.4953061243994741,-0.4953590356318896,-0.7136464593552029,0.6666666666666666,0.6224899598393574,0.0
3737,934:1,935,0.3779126889775895,0.4953590356318885,-0.7821773618096942,0.8333333333333334,0.6224899598393574,0.0
3738,934:2,941,0.4316571769567626,0.4953524294836971,-0.753855458417804,0.8333333333333334,0.6265060240963856,0.0
3739,934:3,940,0.5440491948914735,-0.49535242948369823,-0.6772270255553434,0.6666666666666666,0.6265060240963856,0.0
3740,935:0,935,0.3779126889775895,0.4953590356318885,-0.7821773618096942,0.8333333333333334,0.6224899598393574,0.0
3741,935:1,930,-0.11739343542188489,0.9907180712637783,-0.0685309024544908,1.0,0.6224899598393574,0.0
3742,935:2,936,-0.11239201793471126,0.9907048589673956,-0.07662843286246013,1.0,0.6265060240963856,0.0
3743,935:3,941,0.4316571769567626,0.4953524294836971,-0.753855458417804,0.8333333333333334,0.6265060240963856,0.0
3744,936:0,936,-0.11239201793471126,0.9907048589673956,-0.07662843286246013,0.0,0.6265060240963856,0.0
3745,936:1,937,-0.5440491948914735,0.4953524294836979,0.6772270255553435,0.16666666666666666,0.6265060240963856,0.0
3746,936:2,943,-0.5907195185229753,0.49529932134525867,0.6369686277289569,0.16666666666666666,0.6305220883534136,0.0
3747,936:3,942,-0.10731821978804068,0.9905986426905171,-0.08483589335435186,0.0,0.6305220883534136,0.0
3748,937:0,937,-0.5440491948914735,0.4953524294836979,0.6772270255553435,0.16666666666666666,0.6265060240963856,0.0
3749,937:1,938,-0.43165717695676237,-0.49535242948369756,0.7538554584178038,0.3333333333333333,0.6265060240963856,0.0
3750,937:2,944,-0.48340129873493465,-0.49529932134525834,0.7218045210833088,0.3333333333333333,0.6305220883534136,0.0
3751,937:3,943,-0.5907195185229753,0.49529932134525867,0.6369686277289569,0.16666666666666666,0.6305220883534136,0.0
3752,938:0,938,-0.43165717695676237,-0.49535242948369756,0.7538554584178038,0.3333333333333333,0.6265060240963856,0.0
3753,938:1,939,0.1123920179347112,-0.9907048589673956,0.07662843286246022,0.5,0.6265060240963856,0.0
3754,938:2,945,0.10731821978804061,-0.9905986426905171,0.08483589335435196,0.5,0.6305220883534136,0.0
3755,938:3,944,-0.48340129873493465,-0.49529932134525834,0.7218045210833088,0.3333333333333333,0.6305220883534136,0.0
3756,939:0,939,0.1123920179347112,-0.9907048589673956,0.07662843286246022,0.5,0.6265060240963856,0.0
3757,939:1,940,0.5440491948914735,-0.49535242948369823,-0.6772270255553434,0.6666666666666666,0.6265060240963856,0.0
3758,939:2,946,0.5907195185229752,-0.495299321345259,-0.6369686277289568,0.6666666666666666,0.6305220883534136,0.0
3759,939:3,945,0.10731821978804061,-0.9905986426905171,0.08483589335435196,0.5,0.6305220883534136,0.0
3760,940:0,940,0.5440491948914735,-0.49535242948369823,-0.6772270255553434,0.6666666666666666,0.6265060240963856,0.0
3761,940:1,941,0.4316571769567626,0.4953524294836971,-0.753855458417804,0.8333333333333334,0.6265060240963856,0.0
3762,940:2,947,0.4834012987349349,0.4952993213452579,-0.7218045210833091,0.8333333333333334,0.6305220883534136,0.0
3763,940:3,946,0.5907195185229752,-0.495299321345259,-0.6369686277289568,0.6666666666666666,0.6305220883534136,0.0
3764,941:0,941,0.4316571769567626,0.4953524294836971,-0.753855458417804,0.8333333333333334,0.6265060240963856,0.0
3765,941:1,936,-0.11239201793471126,0.9907048589673956,-0.07662843286246013,1.0,0.6265060240963856,0.0
3766,941:2,942,-0.10731821978804068,0.9905986426905171,-0.08483589335435186,1.0,0.6305220883534136,0.0
3767,941:3,947,0.4834012987349349,0.4952993213452579,-0.7218045210833091,0.8333333333333334,0.6305220883534136,0.0
3768,942:0,942,-0.10731821978804068,0.9905986426905171,-0.08483589335435186,0.0,0.6305220883534136,0.0
3769,942:1,943,-0.5907195185229753,0.49529932134525867,0.6369686277289569,0.16666666666666666,0.6305220883534136,0.0
3770,942:2,949,-0.6346712779448292,0.4952915041234724,0.5931936403022083,0.16666666666666666,0.6345381526104418,0.0
3771,942:3,948,-0.1010802140887028,0.9905830082469446,-0.09234768049180157,0.0,0.6345381526104418,0.0
3772,943:0,943,-0.5907195185229753,0.49529932134525867,0.6369686277289569,0.16666666666666666,0.6305220883534136,0.0
3773,943:1,944,-0.48340129873493465,-0.49529932134525834,0.7218045210833088,0.3333333333333333,0.6305220883534136,0.0
3774,943:2,950,-0.5335910638561265,-0.49529150412347206,0.68554132079401,0.3333333333333333,0.6345381526104418,0.0
3775,943:3,949,-0.6346712779448292,0.4952915041234724,0.5931936403022083,0.16666666666666666,0.6345381526104418,0.0
3776,944:0,944,-0.48340129873493465,-0.49529932134525834,0.7218045210833088,0.3333333333333333,0.6305220883534136,0.0
3777,944:1,945,0.10731821978804061,-0.9905986426905171,0.08483589335435196,0.5,0.6305220883534136,0.0
3778,944:2,951,0.10108021408870271,-0.9905830082469446,0.09234768049180167,0.5,0.6345381526104418,0.0
3779,944:3,950,-0.5335910638561265,-0.49529150412347206,0.68554132079401,0.3333333333333333,0.6345381526104418,0.0
3780,945:0,945,0.10731821978804061,-0.9905986426905171,0.08483589335435196,0.5,0.6305220883534136,0.0
3781,945:1,946,0.5907195185229752,-0.495299321345259,-0.6369686277289568,0.6666666666666666,0.6305220883534136,0.0
3782,945:2,952,0.6346712779448291,-0.4952915041234727,-0.5931936403022082,0.6666666666666666,0.6345381526104418,0.0
3783,945:3,951,0.10108021408870271,-0.9905830082469446,0.09234768049180167,0.5,0.6345381526104418,0.0
3784,946:0,946,0.5907195185229752,-0.495299321345259,-0.6369686277289568,0.6666666666666666,0.6305220883534136,0.0
3785,946:1,947,0.4834012987349349,0.4952993213452579,-0.7218045210833091,0.8333333333333334,0.6305220883534136,0.0
3786,946:2,953,0.5335910638561269,0.4952915041234716,-0.6855413207940102,0.8333333333333334,0.6345381526104418,0.0
3787,946:3,952,0.6346712779448291,-0.4952915041234727,-0.5931936403022082,0.6666666666666666,0.6345381526104418,0.0
3788,947:0,947,0.4834012987349349,0.4952993213452579,-0.7218045210833091,0.8333333333333334,0.6305220883534136,0.0
3789,947:1,942,-0.10731821978804068,0.9905986426905171,-0.08483589335435186,1.0,0.6305220883534136,0.0
3790,947:2,948,-0.1010802140887028,0.9905830082469446,-0.09234768049180157,1.0,0.6345381526104418,0.0
3791,947:3,953,0.5335910638561269,0.4952915041234716,-0.6855413207940102,0.8333333333333334,0.6345381526104418,0.0
3792,948:0,948,-0.1010802140887028,0.9905830082469446,-0.09234768049180157,0.0,0.6345381526104418,0.0
3793,948:1,949,-0.6346712779448292,0.4952915041234724,0.5931936403022083,0.16666666666666666,0.6345381526104418,0.0
3794,948:2,955,-0.6749614749768983,0.49528493888187763,0.5469184917460596,0.16666666666666666,0.6385542168674698,0.0
3795,948:3,954,-0.09438061149631902,0.990569877763755,-0.09931574618699802,0.0,0.6385542168674698,0.0
3796,949:0,949,-0.6346712779448292,0.4952915041234724,0.5931936403022083,0.16666666666666666,0.6345381526104418,0.0
3797,949:1,950,-0.5335910638561265,-0.49529150412347206,0.68554132079401,0.3333333333333333,0.6345381526104418,0.0
3798,949:2,956,-0.5805808634805794,-0.4952849388818773,0.6462342379330577,0.3333333333333333,0.6385542168674698,0.0
3799,949:3,955,-0.6749614749768983,0.49528493888187763,0.5469184917460596,0.16666666666666666,0.6385542168674698,0.0
3800,950:0,950,-0.5335910638561265,-0.49529150412347206,0.68554132079401,0.3333333333333333,0.6345381526104418,0.0
3801,950:1,951,0.10108021408870271,-0.9905830082469446,0.09234768049180167,0.5,0.6345381526104418,0.0
3802,950:2,957,0.09438061149631893,-0.990569877763755,0.09931574618699811,0.5,0.6385542168674698,0.0
3803,950:3,956,-0.5805808634805794,-0.4952849388818773,0.6462342379330577,0.3333333333333333,0.6385542168674698,0.0
3804,951:0,951,0.10108021408870271,-0.9905830082469446,0.09234768049180167,0.5,0.6345381526104418,0.0
3805,951:1,952,0.6346712779448291,-0.4952915041234727,-0.5931936403022082,0.6666666666666666,0.6345381526104418,0.0
3806,951:2,958,0.6749614749768982,-0.49528493888187797,-0.5469184917460596,0.6666666666666666,0.6385542168674698,0.0
3807,951:3,957,0.09438061149631893,-0.990569877763755,0.09931574618699811,0.5,0.6385542168674698,0.0
3808,952:0,952,0.6346712779448291,-0.4952915041234727,-0.5931936403022082,0.6666666666666666,0.6345381526104418,0.0
3809,952:1,953,0.5335910638561269,0.4952915041234716,-0.6855413207940102,0.8333333333333334,0.6345381526104418,0.0
3810,952:2,959,0.5805808634805797,0.49528493888187686,-0.6462342379330578,0.8333333333333334,0.6385542168674698,0.0
3811,952:3,958,0.6749614749768982,-0.49528493888187797,-0.5469184917460596,0.6666666666666666,0.6385542168674698,0.0
3812,953:0,953,0.5335910638561269,0.4952915041234716,-0.6855413207940102,0.8333333333333334,0.6345381526104418,0.0
3813,953:1,948,-0.1010802140887028,0.9905830082469446,-0.09234768049180157,1.0,0.6345381526104418,0.0
3814,953:2,954,-0.09438061149631902,0.990569877763755,-0.09931574618699802,1.0,0.6385542168674698,0.0
3815,953:3,959,0.5805808634805797,0.49528493888187686,-0.6462342379330578,0.8333333333333334,0.6385542168674698,0.0
3816,954:0,954,-0.09438061149631902,0.990569877763755,-0.09931574618699802,0.0,0.6385542168674698,0.0
3817,954:1,955,-0.6749614749768983,0.49528493888187763,0.5469184917460596,0.16666666666666666,0.6385542168674698,0.0
3818,954:2,961,-0.7123201695996387,0.49522838443514994,0.4973417569753149,0.16666666666666666,0.642570281124498,0.0
3819,954:3,960,-0.08761530895445215,0.9904567688702997,-0.10639053828147296,0.0,0.642570281124498,0.0
3820,955:0,955,-0.6749614749768983,0.49528493888187763,0.5469184917460596,0.16666666666666666,0.6385542168674698,0.0
3821,955:1,956,-0.5805808634805794,-0.4952849388818773,0.6462342379330577,0.3333333333333333,0.6385542168674698,0.0
3822,955:2,962,-0.6247048606451867,-0.4952283844351496,0.603732295256788,0.3333333333333333,0.642570281124498,0.0
3823,955:3,961,-0.7123201695996387,0.49522838443514994,0.4973417569753149,0.16666666666666666,0.642570281124498,0.0
3824,956:0,956,-0.5805808634805794,-0.4952849388818773,0.6462342379330577,0.3333333333333333,0.6385542168674698,0.0
3825,956:1,957,0.09438061149631893,-0.990569877763755,0.09931574618699811,0.5,0.6385542168674698,0.0
3826,956:2,963,0.08761530895445205,-0.9904567688702997,0.10639053828147305,0.5,0.642570281124498,0.0
3827,956:3,962,-0.6247048606451867,-0.4952283844351496,0.603732295256788,0.3333333333333333,0.642570281124498,0.0
3828,957:0,957,0.09438061149631893,-0.990569877763755,0.09931574618699811,0.5,0.6385542168674698,0.0
3829,957:1,958,0.6749614749768982,-0.49528493888187797,-0.5469184917460596,0.6666666666666666,0.6385542168674698,0.0
3830,957:2,964,0.7123201695996386,-0.49522838443515027,-0.49734175697531485,0.6666666666666666,0.642570281124498,0.0
3831,957:3,963,0.08761530895445205,-0.9904567688702997,0.10639053828147305,0.5,0.642570281124498,0.0
3832,958:0,958,0.6749614749768982,-0.49528493888187797,-0.5469184917460596,0.6666666666666666,0.6385542168674698,0.0
3833,958:1,959,0.5805808634805797,0.49528493888187686,-0.6462342379330578,0.8333333333333334,0.6385542168674698,0.0
3834,958:2,965,0.6247048606451869,0.49522838443514916,-0.6037322952567881,0.8333333333333334,0.642570281124498,0.0
3835,958:3,964,0.7123201695996386,-0.49522838443515027,-0.49734175697531485,0.6666666666666666,0.642570281124498,0.0
3836,959:0,959,0.5805808634805797,0.49528493888187686,-0.6462342379330578,0.8333333333333334,0.6385542168674698,0.0
3837,959:1,954,-0.09438061149631902,0.990569877763755,-0.09931574618699802,1.0,0.6385542168674698,0.0
3838,959:2,960,-0.08761530895445215,0.9904567688702997,-0.10639053828147296,1.0,0.642570281124498,0.0
3839,959:3,965,0.6247048606451869,0.49522838443514916,-0.6037322952567881,0.8333333333333334,0.642570281124498,0.0
3840,960:0,960,-0.08761530895445215,0.9904567688702997,-0.10639053828147296,0.0,0.642570281124498,0.0
3841,960:1,961,-0.7123201695996387,0.49522838443514994,0.4973417569753149,0.16666666666666666,0.642570281124498,0.0
3842,960:2,967,-0.746261720292468,0.4952166110469707,0.44480777080586104,0.16666666666666666,0.6465863453815262,0.0
3843,960:3,966,-0.07984263851593507,0.9904332220939411,-0.11254859238314557,0.0,0.6465863453815262,0.0
3844,961:0,961,-0.7123201695996387,0.49522838443514994,0.4973417569753149,0.16666666666666666,0.642570281124498,0.0
3845,961:1,962,-0.6247048606451867,-0.4952283844351496,0.603732295256788,0.3333333333333333,0.642570281124498,0.0
3846,961:2,968,-0.6664190817765331,-0.49521661104697035,0.5573563631890067,0.3333333333333333,0.6465863453815262,0.0
3847,961:3,967,-0.746261720292468,0.4952166110469707,0.44480777080586104,0.16666666666666666,0.6465863453815262,0.0
3848,962:0,962,-0.6247048606451867,-0.4952283844351496,0.603732295256788,0.3333333333333333,0.642570281124498,0.0
3849,962:1,963,0.08761530895445205,-0.9904567688702997,0.10639053828147305,0.5,0.642570281124498,0.0
3850,962:2,969,0.07984263851593497,-0.9904332220939411,0.11254859238314564,0.5,0.6465863453815262,0.0
3851,962:3,968,-0.6664190817765331,-0.49521661104697035,0.5573563631890067,0.3333333333333333,0.6465863453815262,0.0
3852,963:0,963,0.08761530895445205,-0.9904567688702997,0.10639053828147305,0.5,0.642570281124498,0.0
3853,963:1,964,0.7123201695996386,-0.49522838443515027,-0.49734175697531485,0.6666666666666666,0.642570281124498,0.0
3854,963:2,970,0.746261720292468,-0.495216611046971,-0.44480777080586104,0.6666666666666666,0.6465863453815262,0.0
3855,963:3,969,0.07984263851593497,-0.9904332220939411,0.11254859238314564,0.5,0.6465863453815262,0.0
3856,964:0,964,0.7123201695996386,-0.49522838443515027,-0.49734175697531485,0.6666666666666666,0.642570281124498,0.0
3857,964:1,965,0.6247048606451869,0.49522838443514916,-0.6037322952567881,0.8333333333333334,0.642570281124498,0.0
3858,964:2,971,0.6664190817765333,0.4952166110469699,-0.5573563631890069,0.8333333333333334,0.6465863453815262,0.0
3859,964:3,970,0.746261720292468,-0.495216611046971,-0.44480777080586104,0.6666666666666666,0.6465863453815262,0.0
3860,965:0,965,0.6247048606451869,0.49522838443514916,-0.6037322952567881,0.8333333333333334,0.642570281124498,0.0
3861,965:1,960,-0.08761530895445215,0.9904567688702997,-0.10639053828147296,1.0,0.642570281124498,0.0
3862,965:2,966,-0.07984263851593507,0.9904332220939411,-0.11254859238314557,1.0,0.6465863453815262,0.0
3863,965:3,971,0.6664190817765333,0.4952166110469699,-0.5573563631890069,0.8333333333333334,0.6465863453815262,0.0
3864,966:0,966,-0.07984263851593507,0.9904332220939411,-0.11254859238314557,0.0,0.6465863453815262,0.0
3865,966:1,967,-0.746261720292468,0.4952166110469707,0.44480777080586104,0.16666666666666666,0.6465863453815262,0.0
3866,966:2,973,-0.7760456940581458,0.4952082310938334,0.39054050825839715,0.16666666666666666,0.6506024096385542,0.0
3867,966:3,972,-0.07169608150715855,0.9904164621876665,-0.1180461914853049,0.0,0.6506024096385542,0.0
3868,967:0,967,-0.746261720292468,0.4952166110469707,0.44480777080586104,0.16666666666666666,0.6465863453815262,0.0
3869,967:1,968,-0.6664190817765331,-0.49521661104697035,0.5573563631890067,0.3333333333333333,0.6465863453815262,0.0
3870,967:2,974,-0.7043496125509874,-0.49520823109383305,0.5085866997437021,0.3333333333333333,0.6506024096385542,0.0
3871,967:3,973,-0.7760456940581458,0.4952082310938334,0.39054050825839715,0.16666666666666666,0.6506024096385542,0.0
3872,968:0,968,-0.6664190817765331,-0.49521661104697035,0.5573563631890067,0.3333333333333333,0.6465863453815262,0.0
3873,968:1,969,0.07984263851593497,-0.9904332220939411,0.11254859238314564,0.5,0.6465863453815262,0.0
3874,968:2,975,0.07169608150715844,-0.9904164621876665,0.11804619148530497,0.5,0.6506024096385542,0.0
3875,968:3,974,-0.7043496125509874,-0.49520823109383305,0.5085866997437021,0.3333333333333333,0.6506024096385542,0.0
3876,969:0,969,0.07984263851593497,-0.9904332220939411,0.11254859238314564,0.5,0.6465863453815262,0.0
3877,969:1,970,0.746261720292468,-0.495216611046971,-0.44480777080586104,0.6666666666666666,0.6465863453815262,0.0
3878,969:2,976,0.7760456940581457,-0.4952082310938337,-0.39054050825839703,0.6666666666666666,0.6506024096385542,0.0
3879,969:3,975,0.07169608150715844,-0.9904164621876665,0.11804619148530497,0.5,0.6506024096385542,0.0
3880,970:0,970,0.746261720292468,-0.495216611046971,-0.44480777080586104,0.6666666666666666,0.6465863453815262,0.0
3881,970:1,971,0.6664190817765333,0.4952166110469699,-0.5573563631890069,0.8333333333333334,0.6465863453815262,0.0
3882,970:2,977,0.7043496125509878,0.4952082310938326,-0.5085866997437022,0.8333333333333334,0.6506024096385542,0.0
3883,970:3,976,0.7760456940581457,-0.4952082310938337,-0.39054050825839703,0.6666666666666666,0.6506024096385542,0.0
3884,971:0,971,0.6664190817765333,0.4952166110469699,-0.5573563631890069,0.8333333333333334,0.6465863453815262,0.0
3885,971:1,966,-0.07984263851593507,0.9904332220939411,-0.11254859238314557,1.0,0.6465863453815262,0.0
3886,971:2,972,-0.07169608150715855,0.9904164621876665,-0.1180461914853049,1.0,0.6506024096385542,0.0
3887,971:3,977,0.7043496125509878,0.4952082310938326,-0.5085866997437022,0.8333333333333334,0.6506024096385542,0.0
3888,972:0,972,-0.07169608150715855,0.9904164621876665,-0.1180461914853049,0.0,0.6506024096385542,0.0
3889,972:1,973,-0.7760456940581458,0.4952082310938334,0.39054050825839715,0.16666666666666666,0.6506024096385542,0.0
3890,972:2,979,-0.8021856490320588,0.49514845331643575,0.33365580118642635,0.16666666666666666,0.6546184738955824,0.0
3891,972:3,978,-0.06345983827201526,0.9902969066328713,-0.12363205749260946,0.0,0.6546184738955824,0.0
3892,973:0,973,-0.7760456940581458,0.4952082310938334,0.39054050825839715,0.16666666666666666,0.6506024096385542,0.0
3893,973:1,974,-0.7043496125509874,-0.49520823109383305,0.5085866997437021,0.3333333333333333,0.6506024096385542,0.0
3894,973:2,980,-0.7387258107600436,-0.4951484533164354,0.4572878586790359,0.3333333333333333,0.6546184738955824,0.0
3895,973:3,979,-0.8021856490320588,0.49514845331643575,0.33365580118642635,0.16666666666666666,0.6546184738955824,0.0
3896,974:0,974,-0.7043496125509874,-0.49520823109383305,0.5085866997437021,0.3333333333333333,0.6506024096385542,0.0
3897,974:1,975,0.07169608150715844,-0.9904164621876665,0.11804619148530497,0.5,0.6506024096385542,0.0
3898,974:2,981,0.06345983827201515,-0.9902969066328713,0.12363205749260951,0.5,0.6546184738955824,0.0
3899,974:3,980,-0.7387258107600436,-0.4951484533164354,0.4572878586790359,0.3333333333333333,0.6546184738955824,0.0
3900,975:0,975,0.07169608150715844,-0.9904164621876665,0.11804619148530497,0.5,0.6506024096385542,0.0
3901,975:1,976,0.7760456940581457,-0.4952082310938337,-0.39054050825839703,0.6666666666666666,0.6506024096385542,0.0
3902,975:2,982,0.8021856490320587,-0.4951484533164361,-0.3336558011864263,0.6666666666666666,0.6546184738955824,0.0
3903,975:3,981,0.06345983827201515,-0.9902969066328713,0.12363205749260951,0.5,0.6546184738955824,0.0
3904,976:0,976,0.7760456940581457,-0.4952082310938337,-0.39054050825839703,0.6666666666666666,0.6506024096385542,0.0
3905,976:1,977,0.7043496125509878,0.4952082310938326,-0.5085866997437022,0.8333333333333334,0.6506024096385542,0.0
3906,976:2,983,0.7387258107600438,0.495148453316435,-0.457287858679036,0.8333333333333334,0.6546184738955824,0.0
3907,976:3,982,0.8021856490320587,-0.4951484533164361,-0.3336558011864263,0.6666666666666666,0.6546184738955824,0.0
3908,977:0,977,0.7043496125509878,0.4952082310938326,-0.5085866997437022,0.8333333333333334,0.6506024096385542,0.0
3909,977:1,972,-0.07169608150715855,0.9904164621876665,-0.1180461914853049,1.0,0.6506024096385542,0.0
3910,977:2,978,-0.06345983827201526,0.9902969066328713,-0.12363205749260946,1.0,0.6546184738955824,0.0
3911,977:3,983,0.7387258107600438,0.495148453316435,-0.457287858679036,0.8333333333333334,0.6546184738955824,0.0
3912,978:0,978,-0.06345983827201526,0.9902969066328713,-0.12363205749260946,0.0,0.6546184738955824,0.0
3913,978:1,979,-0.8021856490320588,0.49514845331643575,0.33365580118642635,0.16666666666666666,0.6546184738955824,0.0
3914,978:2,985,-0.8242987178072229,0.4951336775572326,0.274543739994229,0.16666666666666666,0.6586345381526104,0.0
3915,978:3,984,-0.05441508671676118,0.990267355114465,-0.128099819407404,0.0,0.6586345381526104,0.0
3916,979:0,979,-0.8021856490320588,0.49514845331643575,0.33365580118642635,0.16666666666666666,0.6546184738955824,0.0
3917,979:1,980,-0.7387258107600436,-0.4951484533164354,0.4572878586790359,0.3333333333333333,0.6546184738955824,0.0
3918,979:2,986,-0.7698836310904618,-0.49513367755723225,0.402643559401633,0.3333333333333333,0.6586345381526104,0.0
3919,979:3,985,-0.8242987178072229,0.4951336775572326,0.274543739994229,0.16666666666666666,0.6586345381526104,0.0
3920,980:0,980,-0.7387258107600436,-0.4951484533164354,0.4572878586790359,0.3333333333333333,0.6546184738955824,0.0
3921,980:1,981,0.06345983827201515,-0.9902969066328713,0.12363205749260951,0.5,0.6546184738955824,0.0
3922,980:2,987,0.05441508671676107,-0.990267355114465,0.12809981940740406,0.5,0.6586345381526104,0.0
3923,980:3,986,-0.7698836310904618,-0.49513367755723225,0.402643559401633,0.3333333333333333,0.6586345381526104,0.0
3924,981:0,981,0.06345983827201515,-0.9902969066328713,0.12363205749260951,0.5,0.6546184738955824,0.0
3925,981:1,982,0.8021856490320587,-0.4951484533164361,-0.3336558011864263,0.6666666666666666,0.6546184738955824,0.0
3926,981:2,988,0.8242987178072227,-0.4951336775572329,-0.2745437399942289,0.6666666666666666,0.6586345381526104,0.0
3927,981:3,987,0.05441508671676107,-0.990267355114465,0.12809981940740406,0.5,0.6586345381526104,0.0
3928,982:0,982,0.8021856490320587,-0.4951484533164361,-0.3336558011864263,0.6666666666666666,0.6546184738955824,0.0
3929,982:1,983,0.7387258107600438,0.495148453316435,-0.457287858679036,0.8333333333333334,0.6546184738955824,0.0
3930,982:2,989,0.7698836310904621,0.4951336775572318,-0.4026435594016331,0.8333333333333334,0.6586345381526104,0.0
3931,982:3,988,0.8242987178072227,-0.4951336775572329,-0.2745437399942289,0.6666666666666666,0.6586345381526104,0.0
3932,983:0,983,0.7387258107600438,0.495148453316435,-0.457287858679036,0.8333333333333334,0.6546184738955824,0.0
3933,983:1,978,-0.06345983827201526,0.9902969066328713,-0.12363205749260946,1.0,0.6546184738955824,0.0
3934,983:2,984,-0.05441508671676118,0.990267355114465,-0.128099819407404,1.0,0.6586345381526104,0.0
3935,983:3,989,0.7698836310904621,0.4951336775572318,-0.4026435594016331,0.8333333333333334,0.6586345381526104,0.0
3936,984:0,984,-0.05441508671676118,0.990267355114465,-0.128099819407404,0.0,0.6586345381526104,0.0
3937,984:1,985,-0.8242987178072229,0.4951336775572326,0.274543739994229,0.16666666666666666,0.6586345381526104,0.0
3938,984:2,991,-0.8419081175898908,0.49512157039020327,0.21458180740823735,0.16666666666666666,0.6626506024096386,0.0
3939,984:3,990,-0.04513483871223461,0.9902431407804063,-0.13183841804184798,0.0,0.6626506024096386,0.0
3940,985:0,985,-0.8242987178072229,0.4951336775572326,0.274543739994229,0.16666666666666666,0.6586345381526104,0.0
3941,985:1,986,-0.7698836310904618,-0.49513367755723225,0.402643559401633,0.3333333333333333,0.6586345381526104,0.0
3942,985:2,992,-0.7967732788776564,-0.49512157039020294,0.3464202254500854,0.3333333333333333,0.6626506024096386,0.0
3943,985:3,991,-0.8419081175898908,0.49512157039020327,0.21458180740823735,0.16666666666666666,0.6626506024096386,0.0
3944,986:0,986,-0.7698836310904618,-0.49513367755723225,0.402643559401633,0.3333333333333333,0.6586345381526104,0.0
3945,986:1,987,0.05441508671676107,-0.990267355114465,0.12809981940740406,0.5,0.6586345381526104,0.0
3946,986:2,993,0.04513483871223449,-0.9902431407804063,0.131838418041848,0.5,0.6626506024096386,0.0
3947,986:3,992,-0.7967732788776564,-0.49512157039020294,0.3464202254500854,0.3333333333333333,0.6626506024096386,0.0
3948,987:0,987,0.05441508671676107,-0.990267355114465,0.12809981940740406,0.5,0.6586345381526104,0.0
3949,987:1,988,0.8242987178072227,-0.4951336775572329,-0.2745437399942289,0.6666666666666666,0.6586345381526104,0.0
3950,987:2,994,0.8419081175898907,-0.4951215703902036,-0.21458180740823726,0.6666666666666666,0.6626506024096386,0.0
3951,987:3,993,0.04513483871223449,-0.9902431407804063,0.131838418041848,0.5,0.6626506024096386,0.0
3952,988:0,988,0.8242987178072227,-0.4951336775572329,-0.2745437399942289,0.6666666666666666,0.6586345381526104,0.0
3953,988:1,989,0.7698836310904621,0.4951336775572318,-0.4026435594016331,0.8333333333333334,0.6586345381526104,0.0
3954,988:2,995,0.7967732788776567,0.4951215703902025,-0.34642022545008544,0.8333333333333334,0.6626506024096386,0.0
3955,988:3,994,0.8419081175898907,-0.4951215703902036,-0.21458180740823726,0.6666666666666666,0.6626506024096386,0.0
3956,989:0,989,0.7698836310904621,0.4951336775572318,-0.4026435594016331,0.8333333333333334,0.6586345381526104,0.0
3957,989:1,984,-0.05441508671676118,0.990267355114465,-0.128099819407404,1.0,0.6586345381526104,0.0
3958,989:2,990,-0.04513483871223461,0.9902431407804063,-0.13183841804184798,1.0,0.6626506024096386,0.0
3959,989:3,995,0.7967732788776567,0.4951215703902025,-0.34642022545008544,0.8333333333333334,0.6626506024096386,0.0
3960,990:0,990,-0.04513483871223461,0.9902431407804063,-0.13183841804184798,0.0,0.6626506024096386,0.0
3961,990:1,991,-0.8419081175898908,0.49512157039020327,0.21458180740823735,0.16666666666666666,0.6626506024096386,0.0
3962,990:2,997,-0.8553182589516269,0.4950587227323634,0.15279900834285082,0.16666666666666666,0.6666666666666666,0.0
3963,990:3,996,-0.03572407156874899,0.9901174454647266,-0.1356142872154519,0.0,0.6666666666666666,0.0
3964,991:0,991,-0.8419081175898908,0.49512157039020327,0.21458180740823735,0.16666666666666666,0.6626506024096386,0.0
3965,991:1,992,-0.7967732788776564,-0.49512157039020294,0.3464202254500854,0.3333333333333333,0.6626506024096386,0.0
3966,991:2,998,-0.819594187382878,-0.49505872273236307,0.28841329555830275,0.3333333333333333,0.6666666666666666,0.0
3967,991:3,997,-0.8553182589516269,0.4950587227323634,0.15279900834285082,0.16666666666666666,0.6666666666666666,0.0
3968,992:0,992,-0.7967732788776564,-0.49512157039020294,0.3464202254500854,0.3333333333333333,0.6626506024096386,0.0
3969,992:1,993,0.04513483871223449,-0.9902431407804063,0.131838418041848,0.5,0.6626506024096386,0.0
3970,992:2,999,0.03572407156874887,-0.9901174454647266,0.13561428721545193,0.5,0.6666666666666666,0.0
3971,992:3,998,-0.819594187382878,-0.49505872273236307,0.28841329555830275,0.3333333333333333,0.6666666666666666,0.0
3972,993:0,993,0.04513483871223449,-0.9902431407804063,0.131838418041848,0.5,0.6626506024096386,0.0
3973,993:1,994,0.8419081175898907,-0.4951215703902036,-0.21458180740823726,0.6666666666666666,0.6626506024096386,0.0
3974,993:2,1000,0.8553182589516268,-0.49505872273236373,-0.15279900834285076,0.6666666666666666,0.6666666666666666,0.0
3975,993:3,999,0.03572407156874887,-0.9901174454647266,0.13561428721545193,0.5,0.6666666666666666,0.0
3976,994:0,994,0.8419081175898907,-0.4951215703902036,-0.21458180740823726,0.6666666666666666,0.6626506024096386,0.0
3977,994:1,995,0.7967732788776567,0.4951215703902025,-0.34642022545008544,0.8333333333333334,0.6626506024096386,0.0
3978,994:2,1001,0.8195941873828784,0.4950587227323626,-0.28841329555830275,0.8333333333333334,0.6666666666666666,0.0
3979,994:3,1000,0.8553182589516268,-0.49505872273236373,-0.15279900834285076,0.6666666666666666,0.6666666666666666,0.0
3980,995:0,995,0.7967732788776567,0.4951215703902025,-0.34642022545008544,0.8333333333333334,0.6626506024096386,0.0
3981,995:1,990,-0.04513483871223461,0.9902431407804063,-0.13183841804184798,1.0,0.6626506024096386,0.0
3982,995:2,996,-0.03572407156874899,0.9901174454647266,-0.1356142872154519,1.0,0.6666666666666666,0.0
3983,995:3,1001,0.8195941873828784,0.4950587227323626,-0.28841329555830275,0.8333333333333334,0.6666666666666666,0.0
3984,996:0,996,-0.03572407156874899,0.9901174454647266,-0.1356142872154519,0.0,0.6666666666666666,0.0
3985,996:1,997,-0.8553182589516269,0.4950587227323634,0.15279900834285082,0.16666666666666666,0.6666666666666666,0.0
3986,996:2,1003,-0.8642276816408857,0.4950419765952117,0.08968810230083789,0.16666666666666666,0.6706827309236948,0.0
3987,996:3,1002,-0.02574847035792831,0.9900839531904232,-0.13809700181050505,0.0,0.6706827309236948,0.0
3988,997:0,997,-0.8553182589516269,0.4950587227323634,0.15279900834285082,0.16666666666666666,0.6666666666666666,0.0
3989,997:1,998,-0.819594187382878,-0.49505872273236307,0.28841329555830275,0.3333333333333333,0.6666666666666666,0.0
3990,997:2,1004,-0.8384792112829575,-0.4950419765952114,0.22778510411134295,0.3333333333333333,0.6706827309236948,0.0
3991,997:3,1003,-0.8642276816408857,0.4950419765952117,0.08968810230083789,0.16666666666666666,0.6706827309236948,0.0
3992,998:0,998,-0.819594187382878,-0.49505872273236307,0.28841329555830275,0.3333333333333333,0.6666666666666666,0.0
3993,998:1,999,0.03572407156874887,-0.9901174454647266,0.13561428721545193,0.5,0.6666666666666666,0.0
3994,998:2,1005,0.02574847035792819,-0.9900839531904232,0.13809700181050508,0.5,0.6706827309236948,0.0
3995,998:3,1004,-0.8384792112829575,-0.4950419765952114,0.22778510411134295,0.3333333333333333,0.6706827309236948,0.0
3996,999:0,999,0.03572407156874887,-0.9901174454647266,0.13561428721545193,0.5,0.6666666666666666,0.0
3997,999:1,1000,0.8553182589516268,-0.49505872273236373,-0.15279900834285076,0.6666666666666666,0.6666666666666666,0.0
3998,999:2,1006,0.8642276816408856,-0.49504197659521204,-0.08968810230083785,0.6666666666666666,0.6706827309236948,0.0
3999,999:3,1005,0.02574847035792819,-0.9900839531904232,0.13809700181050508,0.5,0.6706827309236948,0.0
4000,1000:0,1000,0.8553182589516268,-0.49505872273236373,-0.15279900834285076,0.6666666666666666,0.6666666666666666,0.0
4001,1000:1,1001,0.8195941873828784,0.4950587227323626,-0.28841329555830275,0.8333333333333334,0.6666666666666666,0.0
4002,1000:2,1007,0.8384792112829579,0.49504197659521093,-0.22778510411134295,0.8333333333333334,0.6706827309236948,0.0
4003,1000:3,1006,0.8642276816408856,-0.49504197659521204,-0.08968810230083785,0.6666666666666666,0.6706827309236948,0.0
4004,1001:0,1001,0.8195941873828784,0.4950587227323626,-0.28841329555830275,0.8333333333333334,0.6666666666666666,0.0
4005,1001:1,996,-0.03572407156874899,0.9901174454647266,-0.1356142872154519,1.0,0.6666666666666666,0.0
4006,1001:2,1002,-0.02574847035792831,0.9900839531904232,-0.13809700181050505,1.0,0.6706827309236948,0.0
4007,1001:3,1007,0.8384792112829579,0.49504197659521093,-0.22778510411134295,0.8333333333333334,0.6706827309236948,0.0
4008,1002:0,1002,-0.02574847035792831,0.9900839531904232,-0.13809700181050505,0.0,0.6706827309236948,0.0
4009,1002:1,1003,-0.8642276816408857,0.4950419765952117,0.08968810230083789,0.16666666666666666,0.6706827309236948,0.0
4010,1002:2,1009,-0.868469095925045,0.49502375765441303,0.026700351698809563,0.16666666666666666,0.6746987951807228,0.0
4011,1002:3,1008,-0.015702492588322337,0.9900475153088258,-0.1398547430634157,0.0,0.6746987951807228,0.0
4012,1003:0,1003,-0.8642276816408857,0.4950419765952117,0.08968810230083789,0.16666666666666666,0.6706827309236948,0.0
4013,1003:1,1004,-0.8384792112829575,-0.4950419765952114,0.22778510411134295,0.3333333333333333,0.6706827309236948,0.0
4014,1003:2,1010,-0.8527666033367228,-0.4950237576544127,0.16655509476222524,0.3333333333333333,0.6746987951807228,0.0
4015,1003:3,1009,-0.868469095925045,0.49502375765441303,0.026700351698809563,0.16666666666666666,0.6746987951807228,0.0
4016,1004:0,1004,-0.8384792112829575,-0.4950419765952114,0.22778510411134295,0.3333333333333333,0.6706827309236948,0.0
4017,1004:1,1005,0.02574847035792819,-0.9900839531904232,0.13809700181050508,0.5,0.6706827309236948,0.0
4018,1004:2,1011,0.015702492588322216,-0.9900475153088258,0.1398547430634157,0.5,0.6746987951807228,0.0
4019,1004:3,1010,-0.8527666033367228,-0.4950237576544127,0.16655509476222524,0.3333333333333333,0.6746987951807228,0.0
4020,1005:0,1005,0.02574847035792819,-0.9900839531904232,0.13809700181050508,0.5,0.6706827309236948,0.0
4021,1005:1,1006,0.8642276816408856,-0.49504197659521204,-0.08968810230083785,0.6666666666666666,0.6706827309236948,0.0
4022,1005:2,1012,0.868469095925045,-0.49502375765441337,-0.026700351698809507,0.6666666666666666,0.6746987951807228,0.0
4023,1005:3,1011,0.015702492588322216,-0.9900475153088258,0.1398547430634157,0.5,0.6746987951807228,0.0
4024,1006:0,1006,0.8642276816408856,-0.49504197659521204,-0.08968810230083785,0.6666666666666666,0.6706827309236948,0.0
4025,1006:1,1007,0.8384792112829579,0.49504197659521093,-0.22778510411134295,0.8333333333333334,0.6706827309236948,0.0
4026,1006:2,1013,0.8527666033367232,0.49502375765441226,-0.16655509476222521,0.8333333333333334,0.6746987951807228,0.0
4027,1006:3,1012,0.868469095925045,-0.49502375765441337,-0.026700351698809507,0.6666666666666666,0.6746987951807228,0.0
4028,1007:0,1007,0.8384792112829579,0.49504197659521093,-0.22778510411134295,0.8333333333333334,0.6706827309236948,0.0
4029,1007:1,1002,-0.02574847035792831,0.9900839531904232,-0.13809700181050505,1.0,0.6706827309236948,0.0
4030,1007:2,1008,-0.015702492588322337,0.9900475153088258,-0.1398547430634157,1.0,0.6746987951807228,0.0
4031,1007:3,1013,0.8527666033367232,0.49502375765441226,-0.16655509476222521,0.8333333333333334,0.6746987951807228,0.0
4032,1008:0,1008,-0.015702492588322337,0.9900475153088258,-0.1398547430634157,0.0,0.6746987951807228,0.0
4033,1008:1,1009,-0.868469095925045,0.49502375765441303,0.026700351698809563,0.16666666666666666,0.6746987951807228,0.0
4034,1008:2,1015,-0.8681194617232342,0.4949583646545307,-0.03721313525994281,0.16666666666666666,0.678714859437751,0.0
4035,1008:3,1014,-0.005489030051653271,0.9899167293090612,-0.1415441259224235,0.0,0.678714859437751,0.0
4036,1009:0,1009,-0.868469095925045,0.49502375765441303,0.026700351698809563,0.16666666666666666,0.6746987951807228,0.0
4037,1009:1,1010,-0.8527666033367228,-0.4950237576544127,0.16655509476222524,0.3333333333333333,0.6746987951807228,0.0
4038,1009:2,1016,-0.862630431671581,-0.49495836465453036,0.10433099066248067,0.3333333333333333,0.678714859437751,0.0
4039,1009:3,1015,-0.8681194617232342,0.4949583646545307,-0.03721313525994281,0.16666666666666666,0.678714859437751,0.0
4040,1010:0,1010,-0.8527666033367228,-0.4950237576544127,0.16655509476222524,0.3333333333333333,0.6746987951807228,0.0
4041,1010:1,1011,0.015702492588322216,-0.9900475153088258,0.1398547430634157,0.5,0.6746987951807228,0.0
4042,1010:2,1017,0.0054890300516531485,-0.9899167293090612,0.1415441259224235,0.5,0.678714859437751,0.0
4043,1010:3,1016,-0.862630431671581,-0.49495836465453036,0.10433099066248067,0.3333333333333333,0.678714859437751,0.0
4044,1011:0,1011,0.015702492588322216,-0.9900475153088258,0.1398547430634157,0.5,0.6746987951807228,0.0
4045,1011:1,1012,0.868469095925045,-0.49502375765441337,-0.026700351698809507,0.6666666666666666,0.6746987951807228,0.0
4046,1011:2,1018,0.8681194617232341,-0.494958364654531,0.037213135259942874,0.6666666666666666,0.678714859437751,0.0
4047,1011:3,1017,0.0054890300516531485,-0.9899167293090612,0.1415441259224235,0.5,0.678714859437751,0.0
4048,1012:0,1012,0.868469095925045,-0.49502375765441337,-0.026700351698809507,0.6666666666666666,0.6746987951807228,0.0
4049,1012:1,1013,0.8527666033367232,0.49502375765441226,-0.16655509476222521,0.8333333333333334,0.6746987951807228,0.0
4050,1012:2,1019,0.8626304316715814,0.4949583646545299,-0.10433099066248061,0.8333333333333334,0.678714859437751,0.0
4051,1012:3,1018,0.8681194617232341,-0.494958364654531,0.037213135259942874,0.6666666666666666,0.678714859437751,0.0
4052,1013:0,1013,0.8527666033367232,0.49502375765441226,-0.16655509476222521,0.8333333333333334,0.6746987951807228,0.0
4053,1013:1,1008,-0.015702492588322337,0.9900475153088258,-0.1398547430634157,1.0,0.6746987951807228,0.0
4054,1013:2,1014,-0.005489030051653271,0.9899167293090612,-0.1415441259224235,1.0,0.678714859437751,0.0
4055,1013:3,1019,0.8626304316715814,0.4949583646545299,-0.10433099066248061,0.8333333333333334,0.678714859437751,0.0
4056,1014:0,1014,-0.005489030051653271,0.9899167293090612,-0.1415441259224235,0.0,0.678714859437751,0.0
4057,1014:1,1015,-0.8681194617232342,0.4949583646545307,-0.03721313525994281,0.16666666666666666,0.678714859437751,0.0
4058,1014:2,1021,-0.8629882312332505,0.49494082467878225,-0.10141446060199046,0.16666666666666666,0.6827309236947792,0.0
4059,1014:3,1020,0.00499909193241355,0.9898816493575643,-0.14180736703359037,0.0,0.6827309236947792,0.0
4060,1015:0,1015,-0.8681194617232342,0.4949583646545307,-0.03721313525994281,0.16666666666666666,0.678714859437751,0.0
4061,1015:1,1016,-0.862630431671581,-0.49495836465453036,0.10433099066248067,0.3333333333333333,0.678714859437751,0.0
4062,1015:2,1022,-0.8679873231656643,-0.4949408246787819,0.0403929064315999,0.3333333333333333,0.6827309236947792,0.0
4063,1015:3,1021,-0.8629882312332505,0.49494082467878225,-0.10141446060199046,0.16666666666666666,0.6827309236947792,0.0
4064,1016:0,1016,-0.862630431671581,-0.49495836465453036,0.10433099066248067,0.3333333333333333,0.678714859437751,0.0
4065,1016:1,1017,0.0054890300516531485,-0.9899167293090612,0.1415441259224235,0.5,0.678714859437751,0.0
4066,1016:2,1023,-0.004999091932413672,-0.9898816493575643,0.14180736703359037,0.5,0.6827309236947792,0.0
4067,1016:3,1022,-0.8679873231656643,-0.4949408246787819,0.0403929064315999,0.3333333333333333,0.6827309236947792,0.0
4068,1017:0,1017,0.0054890300516531485,-0.9899167293090612,0.1415441259224235,0.5,0.678714859437751,0.0
4069,1017:1,1018,0.8681194617232341,-0.494958364654531,0.037213135259942874,0.6666666666666666,0.678714859437751,0.0
4070,1017:2,1024,0.8629882312332504,-0.4949408246787826,0.10141446060199051,0.6666666666666666,0.6827309236947792,0.0
4071,1017:3,1023,-0.004999091932413672,-0.9898816493575643,0.14180736703359037,0.5,0.6827309236947792,0.0
4072,1018:0,1018,0.8681194617232341,-0.494958364654531,0.037213135259942874,0.6666666666666666,0.678714859437751,0.0
4073,1018:1,1019,0.8626304316715814,0.4949583646545299,-0.10433099066248061,0.8333333333333334,0.678714859437751,0.0
4074,1018:2,1025,0.8679873231656645,0.4949408246787815,-0.04039290643159982,0.8333333333333334,0.6827309236947792,0.0
4075,1018:3,1024,0.8629882312332504,-0.4949408246787826,0.10141446060199051,0.6666666666666666,0.6827309236947792,0.0
4076,1019:0,1019,0.8626304316715814,0.4949583646545299,-0.10433099066248061,0.8333333333333334,0.678714859437751,0.0
4077,1019:1,1014,-0.005489030051653271,0.9899167293090612,-0.1415441259224235,1.0,0.678714859437751,0.0
4078,1019:2,1020,0.00499909193241355,0.9898816493575643,-0.14180736703359037,1.0,0.6827309236947792,0.0
4079,1019:3,1025,0.8679873231656645,0.4949408246787815,-0.04039290643159982,0.8333333333333334,0.6827309236947792,0.0
4080,1020:0,1020,0.00499909193241355,0.9898816493575643,-0.14180736703359037,0.0,0.6827309236947792,0.0
4081,1020:1,1021,-0.8629882312332505,0.49494082467878225,-0.10141446060199046,0.16666666666666666,0.6827309236947792,0.0
4082,1020:2,1027,-0.8532301113289854,0.4949132602483115,-0.1644969359955205,0.16666666666666666,0.6867469879518072,0.0
4083,1020:3,1026,0.015406393558769615,0.9898265204966228,-0.14144292968918964,0.0,0.6867469879518072,0.0
4084,1021:0,1021,-0.8629882312332505,0.49494082467878225,-0.10141446060199046,0.16666666666666666,0.6827309236947792,0.0
4085,1021:1,1022,-0.8679873231656643,-0.4949408246787819,0.0403929064315999,0.3333333333333333,0.6827309236947792,0.0
4086,1021:2,1028,-0.8686365048877551,-0.49491326024831117,-0.023054006306330893,0.3333333333333333,0.6867469879518072,0.0
4087,1021:3,1027,-0.8532301113289854,0.4949132602483115,-0.1644969359955205,0.16666666666666666,0.6867469879518072,0.0
4088,1022:0,1022,-0.8679873231656643,-0.4949408246787819,0.0403929064315999,0.3333333333333333,0.6827309236947792,0.0
4089,1022:1,1023,-0.004999091932413672,-0.9898816493575643,0.14180736703359037,0.5,0.6827309236947792,0.0
4090,1022:2,1029,-0.015406393558769736,-0.9898265204966228,0.14144292968918964,0.5,0.6867469879518072,0.0
4091,1022:3,1028,-0.8686365048877551,-0.49491326024831117,-0.023054006306330893,0.3333333333333333,0.6867469879518072,0.0
4092,1023:0,1023,-0.004999091932413672,-0.9898816493575643,0.14180736703359037,0.5,0.6827309236947792,0.0
4093,1023:1,1024,0.8629882312332504,-0.4949408246787826,0.10141446060199051,0.6666666666666666,0.6827309236947792,0.0
4094,1023:2,1030,0.8532301113289853,-0.49491326024831184,0.16449693599552057,0.6666666666666666,0.6867469879518072,0.0
4095,1023:3,1029,-0.015406393558769736,-0.9898265204966228,0.14144292968918964,0.5,0.6867469879518072,0.0
4096,1024:0,1024,0.8629882312332504,-0.4949408246787826,0.10141446060199051,0.6666666666666666,0.6827309236947792,0.0
4097,1024:1,1025,0.8679873231656645,0.4949408246787815,-0.04039290643159982,0.8333333333333334,0.6827309236947792,0.0
4098,1024:2,1031,0.8686365048877555,0.4949132602483107,0.023054006306331004,0.8333333333333334,0.6867469879518072,0.0
4099,1024:3,1030,0.8532301113289853,-0.49491326024831184,0.16449693599552057,0.6666666666666666,0.6867469879518072,0.0
4100,1025:0,1025,0.8679873231656645,0.4949408246787815,-0.04039290643159982,0.8333333333333334,0.6827309236947792,0.0
4101,1025:1,1020,0.00499909193241355,0.9898816493575643,-0.14180736703359037,1.0,0.6827309236947792,0.0
4102,1025:2,1026,0.015406393558769615,0.9898265204966228,-0.14144292968918964,1.0,0.6867469879518072,0.0
4103,1025:3,1031,0.8686365048877555,0.4949132602483107,0.023054006306331004,0.8333333333333334,0.6867469879518072,0.0
4104,1026:0,1026,0.015406393558769615,0.9898265204966228,-0.14144292968918964,0.0,0.6867469879518072,0.0
4105,1026:1,1027,-0.8532301113289854,0.4949132602483115,-0.1644969359955205,0.16666666666666666,0.6867469879518072,0.0
4106,1026:2,1033,-0.8386592874003831,0.49484652503369714,-0.22754673436275932,0.16666666666666666,0.6907630522088354,0.0
4107,1026:3,1032,0.025983288350740638,0.989693050067394,-0.14082803476148079,0.0,0.6907630522088354,0.0
4108,1027:0,1027,-0.8532301113289854,0.4949132602483115,-0.1644969359955205,0.16666666666666666,0.6867469879518072,0.0
4109,1027:1,1028,-0.8686365048877551,-0.49491326024831117,-0.023054006306330893,0.3333333333333333,0.6867469879518072,0.0
4110,1027:2,1034,-0.8646425757511239,-0.4948465250336968,-0.08671869960127858,0.3333333333333333,0.6907630522088354,0.0
4111,1027:3,1033,-0.8386592874003831,0.49484652503369714,-0.22754673436275932,0.16666666666666666,0.6907630522088354,0.0
4112,1028:0,1028,-0.8686365048877551,-0.49491326024831117,-0.023054006306330893,0.3333333333333333,0.6867469879518072,0.0
4113,1028:1,1029,-0.015406393558769736,-0.9898265204966228,0.14144292968918964,0.5,0.6867469879518072,0.0
4114,1028:2,1035,-0.02598328835074076,-0.989693050067394,0.14082803476148076,0.5,0.6907630522088354,0.0
4115,1028:3,1034,-0.8646425757511239,-0.4948465250336968,-0.08671869960127858,0.3333333333333333,0.6907630522088354,0.0
4116,1029:0,1029,-0.015406393558769736,-0.9898265204966228,0.14144292968918964,0.5,0.6867469879518072,0.0
4117,1029:1,1030,0.8532301113289853,-0.49491326024831184,0.16449693599552057,0.6666666666666666,0.6867469879518072,0.0
4118,1029:2,1036,0.838659287400383,-0.49484652503369747,0.22754673436275935,0.6666666666666666,0.6907630522088354,0.0
4119,1029:3,1035,-0.02598328835074076,-0.989693050067394,0.14082803476148076,0.5,0.6907630522088354,0.0
4120,1030:0,1030,0.8532301113289853,-0.49491326024831184,0.16449693599552057,0.6666666666666666,0.6867469879518072,0.0
4121,1030:1,1031,0.8686365048877555,0.4949132602483107,0.023054006306331004,0.8333333333333334,0.6867469879518072,0.0
4122,1030:2,1037,0.8646425757511242,0.49484652503369636,0.0867186996012787,0.8333333333333334,0.6907630522088354,0.0
4123,1030:3,1036,0.838659287400383,-0.49484652503369747,0.22754673436275935,0.6666666666666666,0.6907630522088354,0.0
4124,1031:0,1031,0.8686365048877555,0.4949132602483107,0.023054006306331004,0.8333333333333334,0.6867469879518072,0.0
4125,1031:1,1026,0.015406393558769615,0.9898265204966228,-0.14144292968918964,1.0,0.6867469879518072,0.0
4126,1031:2,1032,0.025983288350740638,0.989693050067394,-0.14082803476148079,1.0,0.6907630522088354,0.0
4127,1031:3,1037,0.8646425757511242,0.49484652503369636,0.0867186996012787,0.8333333333333334,0.6907630522088354,0.0
4128,1032:0,1032,0.025983288350740638,0.989693050067394,-0.14082803476148079,0.0,0.6907630522088354,0.0
4129,1032:1,1033,-0.8386592874003831,0.49484652503369714,-0.22754673436275932,0.16666666666666666,0.6907630522088354,0.0
4130,1032:2,1039,-0.819269342531063,0.49482943167388543,-0.2897267297610273,0.16666666666666666,0.6947791164658634,0.0
4131,1032:3,1038,0.03649970164149758,0.9896588633477706,-0.13871952269698803,0.0,0.6947791164658634,0.0
4132,1033:0,1033,-0.8386592874003831,0.49484652503369714,-0.22754673436275932,0.16666666666666666,0.6907630522088354,0.0
4133,1033:1,1034,-0.8646425757511239,-0.4948465250336968,-0.08671869960127858,0.3333333333333333,0.6907630522088354,0.0
4134,1033:2,1040,-0.8557690441725607,-0.4948294316738851,-0.15100720706403936,0.3333333333333333,0.6947791164658634,0.0
4135,1033:3,1039,-0.819269342531063,0.49482943167388543,-0.2897267297610273,0.16666666666666666,0.6947791164658634,0.0
4136,1034:0,1034,-0.8646425757511239,-0.4948465250336968,-0.08671869960127858,0.3333333333333333,0.6907630522088354,0.0
4137,1034:1,1035,-0.02598328835074076,-0.989693050067394,0.14082803476148076,0.5,0.6907630522088354,0.0
4138,1034:2,1041,-0.0364997016414977,-0.9896588633477706,0.138719522696988,0.5,0.6947791164658634,0.0
4139,1034:3,1040,-0.8557690441725607,-0.4948294316738851,-0.15100720706403936,0.3333333333333333,0.6947791164658634,0.0
4140,1035:0,1035,-0.02598328835074076,-0.989693050067394,0.14082803476148076,0.5,0.6907630522088354,0.0
4141,1035:1,1036,0.838659287400383,-0.49484652503369747,0.22754673436275935,0.6666666666666666,0.6907630522088354,0.0
4142,1035:2,1042,0.8192693425310629,-0.49482943167388577,0.28972672976102737,0.6666666666666666,0.6947791164658634,0.0
4143,1035:3,1041,-0.0364997016414977,-0.9896588633477706,0.138719522696988,0.5,0.6947791164658634,0.0
4144,1036:0,1036,0.838659287400383,-0.49484652503369747,0.22754673436275935,0.6666666666666666,0.6907630522088354,0.0
4145,1036:1,1037,0.8646425757511242,0.49484652503369636,0.0867186996012787,0.8333333333333334,0.6907630522088354,0.0
4146,1036:2,1043,0.855769044172561,0.49482943167388466,0.1510072070640395,0.8333333333333334,0.6947791164658634,0.0
4147,1036:3,1042,0.8192693425310629,-0.49482943167388577,0.28972672976102737,0.6666666666666666,0.6947791164658634,0.0
4148,1037:0,1037,0.8646425757511242,0.49484652503369636,0.0867186996012787,0.8333333333333334,0.6907630522088354,0.0
4149,1037:1,1032,0.025983288350740638,0.989693050067394,-0.14082803476148079,1.0,0.6907630522088354,0.0
4150,1037:2,1038,0.03649970164149758,0.9896588633477706,-0.13871952269698803,1.0,0.6947791164658634,0.0
4151,1037:3,1043,0.855769044172561,0.49482943167388466,0.1510072070640395,0.8333333333333334,0.6947791164658634,0.0
4152,1038:0,1038,0.03649970164149758,0.9896588633477706,-0.13871952269698803,0.0,0.6947791164658634,0.0
4153,1038:1,1039,-0.819269342531063,0.49482943167388543,-0.2897267297610273,0.16666666666666666,0.6947791164658634,0.0
4154,1038:2,1045,-0.7955009914775625,0.49478817972618755,-0.3498039876294453,0.16666666666666666,0.6987951807228916,0.0
4155,1038:3,1044,0.046845762775314485,0.9895763594523749,-0.1361767356158284,0.0,0.6987951807228916,0.0
4156,1039:0,1039,-0.819269342531063,0.49482943167388543,-0.2897267297610273,0.16666666666666666,0.6947791164658634,0.0
4157,1039:1,1040,-0.8557690441725607,-0.4948294316738851,-0.15100720706403936,0.3333333333333333,0.6947791164658634,0.0
4158,1039:2,1046,-0.8423467542528771,-0.4947881797261872,-0.213627252013617,0.3333333333333333,0.6987951807228916,0.0
4159,1039:3,1045,-0.7955009914775625,0.49478817972618755,-0.3498039876294453,0.16666666666666666,0.6987951807228916,0.0
4160,1040:0,1040,-0.8557690441725607,-0.4948294316738851,-0.15100720706403936,0.3333333333333333,0.6947791164658634,0.0
4161,1040:1,1041,-0.0364997016414977,-0.9896588633477706,0.138719522696988,0.5,0.6947791164658634,0.0
4162,1040:2,1047,-0.0468457627753146,-0.9895763594523749,0.13617673561582838,0.5,0.6987951807228916,0.0
4163,1040:3,1046,-0.8423467542528771,-0.4947881797261872,-0.213627252013617,0.3333333333333333,0.6987951807228916,0.0
4164,1041:0,1041,-0.0364997016414977,-0.9896588633477706,0.138719522696988,0.5,0.6947791164658634,0.0
4165,1041:1,1042,0.8192693425310629,-0.49482943167388577,0.28972672976102737,0.6666666666666666,0.6947791164658634,0.0
4166,1041:2,1048,0.7955009914775624,-0.4947881797261879,0.3498039876294453,0.6666666666666666,0.6987951807228916,0.0
4167,1041:3,1047,-0.0468457627753146,-0.9895763594523749,0.13617673561582838,0.5,0.6987951807228916,0.0
4168,1042:0,1042,0.8192693425310629,-0.49482943167388577,0.28972672976102737,0.6666666666666666,0.6947791164658634,0.0
4169,1042:1,1043,0.855769044172561,0.49482943167388466,0.1510072070640395,0.8333333333333334,0.6947791164658634,0.0
4170,1042:2,1049,0.8423467542528774,0.49478817972618677,0.21362725201361715,0.8333333333333334,0.6987951807228916,0.0
4171,1042:3,1048,0.7955009914775624,-0.4947881797261879,0.3498039876294453,0.6666666666666666,0.6987951807228916,0.0
4172,1043:0,1043,0.855769044172561,0.49482943167388466,0.1510072070640395,0.8333333333333334,0.6947791164658634,0.0
4173,1043:1,1038,0.03649970164149758,0.9896588633477706,-0.13871952269698803,1.0,0.6947791164658634,0.0
4174,1043:2,1044,0.046845762775314485,0.9895763594523749,-0.1361767356158284,1.0,0.6987951807228916,0.0
4175,1043:3,1049,0.8423467542528774,0.49478817972618677,0.21362725201361715,0.8333333333333334,0.6987951807228916,0.0
4176,1044:0,1044,0.046845762775314485,0.9895763594523749,-0.1361767356158284,0.0,0.6987951807228916,0.0
4177,1044:1,1045,-0.7955009914775625,0.49478817972618755,-0.3498039876294453,0.16666666666666666,0.6987951807228916,0.0
4178,1044:2,1051,-0.7668822967084425,0.4947223381149236,-0.40882924450837377,0.16666666666666666,0.7028112449799196,0.0
4179,1044:3,1050,0.05727211744731289,0.989444676229847,-0.13311324969181093,0.0,0.7028112449799196,0.0
4180,1045:0,1045,-0.7955009914775625,0.49478817972618755,-0.3498039876294453,0.16666666666666666,0.6987951807228916,0.0
4181,1045:1,1046,-0.8423467542528771,-0.4947881797261872,-0.213627252013617,0.3333333333333333,0.6987951807228916,0.0
4182,1045:2,1052,-0.8241544141557555,-0.4947223381149233,-0.27571599481656295,0.3333333333333333,0.7028112449799196,0.0
4183,1045:3,1051,-0.7668822967084425,0.4947223381149236,-0.40882924450837377,0.16666666666666666,0.7028112449799196,0.0
4184,1046:0,1046,-0.8423467542528771,-0.4947881797261872,-0.213627252013617,0.3333333333333333,0.6987951807228916,0.0
4185,1046:1,1047,-0.0468457627753146,-0.9895763594523749,0.13617673561582838,0.5,0.6987951807228916,0.0
4186,1046:2,1053,-0.057272117447313,-0.989444676229847,0.13311324969181088,0.5,0.7028112449799196,0.0
4187,1046:3,1052,-0.8241544141557555,-0.4947223381149233,-0.27571599481656295,0.3333333333333333,0.7028112449799196,0.0
4188,1047:0,1047,-0.0468457627753146,-0.9895763594523749,0.13617673561582838,0.5,0.6987951807228916,0.0
4189,1047:1,1048,0.7955009914775624,-0.4947881797261879,0.3498039876294453,0.6666666666666666,0.6987951807228916,0.0
4190,1047:2,1054,0.7668822967084424,-0.49472233811492394,0.40882924450837377,0.6666666666666666,0.7028112449799196,0.0
4191,1047:3,1053,-0.057272117447313,-0.989444676229847,0.13311324969181088,0.5,0.7028112449799196,0.0
4192,1048:0,1048,0.7955009914775624,-0.4947881797261879,0.3498039876294453,0.6666666666666666,0.6987951807228916,0.0
4193,1048:1,1049,0.8423467542528774,0.49478817972618677,0.21362725201361715,0.8333333333333334,0.6987951807228916,0.0
4194,1048:2,1055,0.8241544141557557,0.49472233811492283,0.27571599481656306,0.8333333333333334,0.7028112449799196,0.0
4195,1048:3,1054,0.7668822967084424,-0.49472233811492394,0.40882924450837377,0.6666666666666666,0.7028112449799196,0.0
4196,1049:0,1049,0.8423467542528774,0.49478817972618677,0.21362725201361715,0.8333333333333334,0.6987951807228916,0.0
4197,1049:1,1044,0.046845762775314485,0.9895763594523749,-0.1361767356158284,1.0,0.6987951807228916,0.0
4198,1049:2,1050,0.05727211744731289,0.989444676229847,-0.13311324969181093,1.0,0.7028112449799196,0.0
4199,1049:3,1055,0.8241544141557557,0.49472233811492283,0.27571599481656306,0.8333333333333334,0.7028112449799196,0.0
4200,1050:0,1050,0.05727211744731289,0.989444676229847,-0.13311324969181093,0.0,0.7028112449799196,0.0
4201,1050:1,1051,-0.7668822967084425,0.4947223381149236,-0.40882924450837377,0.16666666666666666,0.7028112449799196,0.0
4202,1050:2,1057,-0.7337083029170411,0.49470664332373415,-0.46576545952008835,0.16666666666666666,0.7068273092369478,0.0
4203,1050:3,1056,0.06727698764620679,0.9894132866474681,-0.12858909416706876,0.0,0.7068273092369478,0.0
4204,1051:0,1051,-0.7668822967084425,0.4947223381149236,-0.40882924450837377,0.16666666666666666,0.7028112449799196,0.0
4205,1051:1,1052,-0.8241544141557555,-0.4947223381149233,-0.27571599481656295,0.3333333333333333,0.7028112449799196,0.0
4206,1051:2,1058,-0.800985290563248,-0.4947066433237338,-0.33717636535301965,0.3333333333333333,0.7068273092369478,0.0
4207,1051:3,1057,-0.7337083029170411,0.49470664332373415,-0.46576545952008835,0.16666666666666666,0.7068273092369478,0.0
4208,1052:0,1052,-0.8241544141557555,-0.4947223381149233,-0.27571599481656295,0.3333333333333333,0.7028112449799196,0.0
4209,1052:1,1053,-0.057272117447313,-0.989444676229847,0.13311324969181088,0.5,0.7028112449799196,0.0
4210,1052:2,1059,-0.0672769876462069,-0.9894132866474681,0.1285890941670687,0.5,0.7068273092369478,0.0
4211,1052:3,1058,-0.800985290563248,-0.4947066433237338,-0.33717636535301965,0.3333333333333333,0.7068273092369478,0.0
4212,1053:0,1053,-0.057272117447313,-0.989444676229847,0.13311324969181088,0.5,0.7028112449799196,0.0
4213,1053:1,1054,0.7668822967084424,-0.49472233811492394,0.40882924450837377,0.6666666666666666,0.7028112449799196,0.0
4214,1053:2,1060,0.7337083029170409,-0.4947066433237345,0.46576545952008835,0.6666666666666666,0.7068273092369478,0.0
4215,1053:3,1059,-0.0672769876462069,-0.9894132866474681,0.1285890941670687,0.5,0.7068273092369478,0.0
4216,1054:0,1054,0.7668822967084424,-0.49472233811492394,0.40882924450837377,0.6666666666666666,0.7028112449799196,0.0
4217,1054:1,1055,0.8241544141557557,0.49472233811492283,0.27571599481656306,0.8333333333333334,0.7028112449799196,0.0
4218,1054:2,1061,0.8009852905632483,0.4947066433237334,0.33717636535301987,0.8333333333333334,0.7068273092369478,0.0
4219,1054:3,1060,0.7337083029170409,-0.4947066433237345,0.46576545952008835,0.6666666666666666,0.7068273092369478,0.0
4220,1055:0,1055,0.8241544141557557,0.49472233811492283,0.27571599481656306,0.8333333333333334,0.7028112449799196,0.0
4221,1055:1,1050,0.05727211744731289,0.989444676229847,-0.13311324969181093,1.0,0.7028112449799196,0.0
4222,1055:2,1056,0.06727698764620679,0.9894132866474681,-0.12858909416706876,1.0,0.7068273092369478,0.0
4223,1055:3,1061,0.8009852905632483,0.4947066433237334,0.33717636535301987,0.8333333333333334,0.7068273092369478,0.0
4224,1056:0,1056,0.06727698764620679,0.9894132866474681,-0.12858909416706876,0.0,0.7068273092369478,0.0
4225,1056:1,1057,-0.7337083029170411,0.49470664332373415,-0.46576545952008835,0.16666666666666666,0.7068273092369478,0.0
4226,1056:2,1063,-0.6965800826782904,0.49464831670545945,-0.5197107187622375,0.16666666666666666,0.7108433734939759,0.0
4227,1056:3,1062,0.07713187332503905,0.9892966334109187,-0.12386623930350182,0.0,0.7108433734939759,0.0
4228,1057:0,1057,-0.7337083029170411,0.49470664332373415,-0.46576545952008835,0.16666666666666666,0.7068273092369478,0.0
4229,1057:1,1058,-0.800985290563248,-0.4947066433237338,-0.33717636535301965,0.3333333333333333,0.7068273092369478,0.0
4230,1057:2,1064,-0.7737119560033295,-0.4946483167054591,-0.3958444794587358,0.3333333333333333,0.7108433734939759,0.0
4231,1057:3,1063,-0.6965800826782904,0.49464831670545945,-0.5197107187622375,0.16666666666666666,0.7108433734939759,0.0
4232,1058:0,1058,-0.800985290563248,-0.4947066433237338,-0.33717636535301965,0.3333333333333333,0.7068273092369478,0.0
4233,1058:1,1059,-0.0672769876462069,-0.9894132866474681,0.1285890941670687,0.5,0.7068273092369478,0.0
4234,1058:2,1065,-0.07713187332503915,-0.9892966334109187,0.12386623930350175,0.5,0.7108433734939759,0.0
4235,1058:3,1064,-0.7737119560033295,-0.4946483167054591,-0.3958444794587358,0.3333333333333333,0.7108433734939759,0.0
4236,1059:0,1059,-0.0672769876462069,-0.9894132866474681,0.1285890941670687,0.5,0.7068273092369478,0.0
4237,1059:1,1060,0.7337083029170409,-0.4947066433237345,0.46576545952008835,0.6666666666666666,0.7068273092369478,0.0
4238,1059:2,1066,0.6965800826782902,-0.4946483167054598,0.5197107187622374,0.6666666666666666,0.7108433734939759,0.0
4239,1059:3,1065,-0.07713187332503915,-0.9892966334109187,0.12386623930350175,0.5,0.7108433734939759,0.0
4240,1060:0,1060,0.7337083029170409,-0.4947066433237345,0.46576545952008835,0.6666666666666666,0.7068273092369478,0.0
4241,1060:1,1061,0.8009852905632483,0.4947066433237334,0.33717636535301987,0.8333333333333334,0.7068273092369478,0.0
4242,1060:2,1067,0.7737119560033298,0.49464831670545867,0.395844479458736,0.8333333333333334,0.7108433734939759,0.0
4243,1060:3,1066,0.6965800826782902,-0.4946483167054598,0.5197107187622374,0.6666666666666666,0.7108433734939759,0.0
4244,1061:0,1061,0.8009852905632483,0.4947066433237334,0.33717636535301987,0.8333333333333334,0.7068273092369478,0.0
4245,1061:1,1056,0.06727698764620679,0.9894132866474681,-0.12858909416706876,1.0,0.7068273092369478,0.0
4246,1061:2,1062,0.07713187332503905,0.9892966334109187,-0.12386623930350182,1.0,0.7108433734939759,0.0
4247,1061:3,1067,0.7737119560033298,0.49464831670545867,0.395844479458736,0.8333333333333334,0.7108433734939759,0.0
4248,1062:0,1062,0.07713187332503905,0.9892966334109187,-0.12386623930350182,0.0,0.7108433734939759,0.0
4249,1062:1,1063,-0.6965800826782904,0.49464831670545945,-0.5197107187622375,0.16666666666666666,0.7108433734939759,0.0
4250,1062:2,1069,-0.6547773092984821,0.49458493503187034,-0.5715351408858081,0.16666666666666666,0.714859437751004,0.0
4251,1062:3,1068,0.08683712279496122,0.9891698700637405,-0.11833123958944881,0.0,0.714859437751004,0.0
4252,1063:0,1063,-0.6965800826782904,0.49464831670545945,-0.5197107187622375,0.16666666666666666,0.7108433734939759,0.0
4253,1063:1,1064,-0.7737119560033295,-0.4946483167054591,-0.3958444794587358,0.3333333333333333,0.7108433734939759,0.0
4254,1063:2,1070,-0.7416144320934434,-0.49458493503187,-0.4532039012963594,0.3333333333333333,0.714859437751004,0.0
4255,1063:3,1069,-0.6547773092984821,0.49458493503187034,-0.5715351408858081,0.16666666666666666,0.714859437751004,0.0
4256,1064:0,1064,-0.7737119560033295,-0.4946483167054591,-0.3958444794587358,0.3333333333333333,0.7108433734939759,0.0
4257,1064:1,1065,-0.07713187332503915,-0.9892966334109187,0.12386623930350175,0.5,0.7108433734939759,0.0
4258,1064:2,1071,-0.08683712279496132,-0.9891698700637405,0.11833123958944874,0.5,0.714859437751004,0.0
4259,1064:3,1070,-0.7416144320934434,-0.49458493503187,-0.4532039012963594,0.3333333333333333,0.714859437751004,0.0
4260,1065:0,1065,-0.07713187332503915,-0.9892966334109187,0.12386623930350175,0.5,0.7108433734939759,0.0
4261,1065:1,1066,0.6965800826782902,-0.4946483167054598,0.5197107187622374,0.6666666666666666,0.7108433734939759,0.0
4262,1065:2,1072,0.654777309298482,-0.4945849350318707,0.571535140885808,0.6666666666666666,0.714859437751004,0.0
4263,1065:3,1071,-0.08683712279496132,-0.9891698700637405,0.11833123958944874,0.5,0.714859437751004,0.0
4264,1066:0,1066,0.6965800826782902,-0.4946483167054598,0.5197107187622374,0.6666666666666666,0.7108433734939759,0.0
4265,1066:1,1067,0.7737119560033298,0.49464831670545867,0.395844479458736,0.8333333333333334,0.7108433734939759,0.0
4266,1066:2,1073,0.7416144320934437,0.49458493503186957,0.45320390129635957,0.8333333333333334,0.714859437751004,0.0
4267,1066:3,1072,0.654777309298482,-0.4945849350318707,0.571535140885808,0.6666666666666666,0.714859437751004,0.0
4268,1067:0,1067,0.7737119560033298,0.49464831670545867,0.395844479458736,0.8333333333333334,0.7108433734939759,0.0
4269,1067:1,1062,0.07713187332503905,0.9892966334109187,-0.12386623930350182,1.0,0.7108433734939759,0.0
4270,1067:2,1068,0.08683712279496122,0.9891698700637405,-0.11833123958944881,1.0,0.714859437751004,0.0
4271,1067:3,1073,0.7416144320934437,0.49458493503186957,0.45320390129635957,0.8333333333333334,0.714859437751004,0.0
4272,1068:0,1068,0.08683712279496122,0.9891698700637405,-0.11833123958944881,0.0,0.714859437751004,0.0
4273,1068:1,1069,-0.6547773092984821,0.49458493503187034,-0.5715351408858081,0.16666666666666666,0.714859437751004,0.0
4274,1068:2,1075,-0.609017817425951,0.49456866892817186,-0.6200799382114759,0.16666666666666666,0.7188755020080321,0.0
4275,1068:3,1074,0.09578617525429128,0.9891373378563435,-0.11150038335638172,0.0,0.7188755020080321,0.0
4276,1069:0,1069,-0.6547773092984821,0.49458493503187034,-0.5715351408858081,0.16666666666666666,0.714859437751004,0.0
4277,1069:1,1070,-0.7416144320934434,-0.49458493503187,-0.4532039012963594,0.3333333333333333,0.714859437751004,0.0
4278,1069:2,1076,-0.7048039926802423,-0.49456866892817153,-0.5085795548550942,0.3333333333333333,0.7188755020080321,0.0
4279,1069:3,1075,-0.609017817425951,0.49456866892817186,-0.6200799382114759,0.16666666666666666,0.7188755020080321,0.0
4280,1070:0,1070,-0.7416144320934434,-0.49458493503187,-0.4532039012963594,0.3333333333333333,0.714859437751004,0.0
4281,1070:1,1071,-0.08683712279496132,-0.9891698700637405,0.11833123958944874,0.5,0.714859437751004,0.0
4282,1070:2,1077,-0.09578617525429138,-0.9891373378563435,0.11150038335638164,0.5,0.7188755020080321,0.0
4283,1070:3,1076,-0.7048039926802423,-0.49456866892817153,-0.5085795548550942,0.3333333333333333,0.7188755020080321,0.0
4284,1071:0,1071,-0.08683712279496132,-0.9891698700637405,0.11833123958944874,0.5,0.714859437751004,0.0
4285,1071:1,1072,0.654777309298482,-0.4945849350318707,0.571535140885808,0.6666666666666666,0.714859437751004,0.0
4286,1071:2,1078,0.6090178174259507,-0.4945686689281722,0.6200799382114759,0.6666666666666666,0.7188755020080321,0.0
4287,1071:3,1077,-0.09578617525429138,-0.9891373378563435,0.11150038335638164,0.5,0.7188755020080321,0.0
4288,1072:0,1072,0.654777309298482,-0.4945849350318707,0.571535140885808,0.6666666666666666,0.714859437751004,0.0
4289,1072:1,1073,0.7416144320934437,0.49458493503186957,0.45320390129635957,0.8333333333333334,0.714859437751004,0.0
4290,1072:2,1079,0.7048039926802425,0.4945686689281711,0.5085795548550944,0.8333333333333334,0.7188755020080321,0.0
4291,1072:3,1078,0.6090178174259507,-0.4945686689281722,0.6200799382114759,0.6666666666666666,0.7188755020080321,0.0
4292,1073:0,1073,0.7416144320934437,0.49458493503186957,0.45320390129635957,0.8333333333333334,0.714859437751004,0.0
4293,1073:1,1068,0.08683712279496122,0.9891698700637405,-0.11833123958944881,1.0,0.714859437751004,0.0
4294,1073:2,1074,0.09578617525429128,0.9891373378563435,-0.11150038335638172,1.0,0.7188755020080321,0.0
4295,1073:3,1079,0.7048039926802425,0.4945686689281711,0.5085795548550944,0.8333333333333334,0.7188755020080321,0.0
4296,1074:0,1074,0.09578617525429128,0.9891373378563435,-0.11150038335638172,0.0,0.7188755020080321,0.0
4297,1074:1,1075,-0.609017817425951,0.49456866892817186,-0.6200799382114759,0.16666666666666666,0.7188755020080321,0.0
4298,1074:2,1081,-0.5598460792270059,0.49449288947769865,-0.6648677686804692,0.16666666666666666,0.7228915662650602,0.0
4299,1074:3,1080,0.10469024347401845,0.9889857789553971,-0.10462830374873405,0.0,0.7228915662650602,0.0
4300,1075:0,1075,-0.609017817425951,0.49456866892817186,-0.6200799382114759,0.16666666666666666,0.7188755020080321,0.0
4301,1075:1,1076,-0.7048039926802423,-0.49456866892817153,-0.5085795548550942,0.3333333333333333,0.7188755020080321,0.0
4302,1075:2,1082,-0.6645363227010244,-0.4944928894776983,-0.5602394649317352,0.3333333333333333,0.7228915662650602,0.0
4303,1075:3,1081,-0.5598460792270059,0.49449288947769865,-0.6648677686804692,0.16666666666666666,0.7228915662650602,0.0
4304,1076:0,1076,-0.7048039926802423,-0.49456866892817153,-0.5085795548550942,0.3333333333333333,0.7188755020080321,0.0
4305,1076:1,1077,-0.09578617525429138,-0.9891373378563435,0.11150038335638164,0.5,0.7188755020080321,0.0
4306,1076:2,1083,-0.10469024347401854,-0.9889857789553971,0.10462830374873397,0.5,0.7228915662650602,0.0
4307,1076:3,1082,-0.6645363227010244,-0.4944928894776983,-0.5602394649317352,0.3333333333333333,0.7228915662650602,0.0
4308,1077:0,1077,-0.09578617525429138,-0.9891373378563435,0.11150038335638164,0.5,0.7188755020080321,0.0
4309,1077:1,1078,0.6090178174259507,-0.4945686689281722,0.6200799382114759,0.6666666666666666,0.7188755020080321,0.0
4310,1077:2,1084,0.5598460792270058,-0.494492889477699,0.6648677686804692,0.6666666666666666,0.7228915662650602,0.0
4311,1077:3,1083,-0.10469024347401854,-0.9889857789553971,0.10462830374873397,0.5,0.7228915662650602,0.0
4312,1078:0,1078,0.6090178174259507,-0.4945686689281722,0.6200799382114759,0.6666666666666666,0.7188755020080321,0.0
4313,1078:1,1079,0.7048039926802425,0.4945686689281711,0.5085795548550944,0.8333333333333334,0.7188755020080321,0.0
4314,1078:2,1085,0.6645363227010245,0.4944928894776979,0.5602394649317355,0.8333333333333334,0.7228915662650602,0.0
4315,1078:3,1084,0.5598460792270058,-0.494492889477699,0.6648677686804692,0.6666666666666666,0.7228915662650602,0.0
4316,1079:0,1079,0.7048039926802425,0.4945686689281711,0.5085795548550944,0.8333333333333334,0.7188755020080321,0.0
4317,1079:1,1074,0.09578617525429128,0.9891373378563435,-0.11150038335638172,1.0,0.7188755020080321,0.0
4318,1079:2,1080,0.10469024347401845,0.9889857789553971,-0.10462830374873405,1.0,0.7228915662650602,0.0
4319,1079:3,1085,0.6645363227010245,0.4944928894776979,0.5602394649317355,0.8333333333333334,0.7228915662650602,0.0
4320,1080:0,1080,0.10469024347401845,0.9889857789553971,-0.10462830374873405,0.0,0.7228915662650602,0.0
4321,1080:1,1081,-0.5598460792270059,0.49449288947769865,-0.6648677686804692,0.16666666666666666,0.7228915662650602,0.0
4322,1080:2,1087,-0.5064704749570044,0.494433418164471,-0.7064157791265877,0.16666666666666666,0.7269076305220884,0.0
4323,1080:3,1086,0.11306770295765109,0.9888668363289418,-0.09673714155726443,0.0,0.7269076305220884,0.0
4324,1081:0,1081,-0.5598460792270059,0.49449288947769865,-0.6648677686804692,0.16666666666666666,0.7228915662650602,0.0
4325,1081:1,1082,-0.6645363227010244,-0.4944928894776983,-0.5602394649317352,0.3333333333333333,0.7228915662650602,0.0
4326,1081:2,1088,-0.6195381779146555,-0.4944334181644707,-0.6096786375693233,0.3333333333333333,0.7269076305220884,0.0
4327,1081:3,1087,-0.5064704749570044,0.494433418164471,-0.7064157791265877,0.16666666666666666,0.7269076305220884,0.0
4328,1082:0,1082,-0.6645363227010244,-0.4944928894776983,-0.5602394649317352,0.3333333333333333,0.7228915662650602,0.0
4329,1082:1,1083,-0.10469024347401854,-0.9889857789553971,0.10462830374873397,0.5,0.7228915662650602,0.0
4330,1082:2,1089,-0.11306770295765117,-0.9888668363289418,0.09673714155726433,0.5,0.7269076305220884,0.0
4331,1082:3,1088,-0.6195381779146555,-0.4944334181644707,-0.6096786375693233,0.3333333333333333,0.7269076305220884,0.0
4332,1083:0,1083,-0.10469024347401854,-0.9889857789553971,0.10462830374873397,0.5,0.7228915662650602,0.0
4333,1083:1,1084,0.5598460792270058,-0.494492889477699,0.6648677686804692,0.6666666666666666,0.7228915662650602,0.0
4334,1083:2,1090,0.5064704749570043,-0.49443341816447134,0.7064157791265876,0.6666666666666666,0.7269076305220884,0.0
4335,1083:3,1089,-0.11306770295765117,-0.9888668363289418,0.09673714155726433,0.5,0.7269076305220884,0.0
4336,1084:0,1084,0.5598460792270058,-0.494492889477699,0.6648677686804692,0.6666666666666666,0.7228915662650602,0.0
4337,1084:1,1085,0.6645363227010245,0.4944928894776979,0.5602394649317355,0.8333333333333334,0.7228915662650602,0.0
4338,1084:2,1091,0.6195381779146557,0.49443341816447023,0.6096786375693237,0.8333333333333334,0.7269076305220884,0.0
4339,1084:3,1090,0.5064704749570043,-0.49443341816447134,0.7064157791265876,0.6666666666666666,0.7269076305220884,0.0
4340,1085:0,1085,0.6645363227010245,0.4944928894776979,0.5602394649317355,0.8333333333333334,0.7228915662650602,0.0
4341,1085:1,1080,0.10469024347401845,0.9889857789553971,-0.10462830374873405,1.0,0.7228915662650602,0.0
4342,1085:2,1086,0.11306770295765109,0.9888668363289418,-0.09673714155726443,1.0,0.7269076305220884,0.0
4343,1085:3,1091,0.6195381779146557,0.49443341816447023,0.6096786375693237,0.8333333333333334,0.7269076305220884,0.0
4344,1086:0,1086,0.11306770295765109,0.9888668363289418,-0.09673714155726443,0.0,0.7269076305220884,0.0
4345,1086:1,1087,-0.5064704749570044,0.494433418164471,-0.7064157791265877,0.16666666666666666,0.7269076305220884,0.0
4346,1086:2,1093,-0.45008290568538883,0.49441094399666297,-0.7436283994483576,0.16666666666666666,0.7309236947791165,0.0
4347,1086:3,1092,0.12046544031397965,0.9888218879933257,-0.08785984017327797,0.0,0.7309236947791165,0.0
4348,1087:0,1087,-0.5064704749570044,0.494433418164471,-0.7064157791265877,0.16666666666666666,0.7269076305220884,0.0
4349,1087:1,1088,-0.6195381779146555,-0.4944334181644707,-0.6096786375693233,0.3333333333333333,0.7269076305220884,0.0
4350,1087:2,1094,-0.5705483459993685,-0.49441094399666263,-0.6557685592750797,0.3333333333333333,0.7309236947791165,0.0
4351,1087:3,1093,-0.45008290568538883,0.49441094399666297,-0.7436283994483576,0.16666666666666666,0.7309236947791165,0.0
4352,1088:0,1088,-0.6195381779146555,-0.4944334181644707,-0.6096786375693233,0.3333333333333333,0.7269076305220884,0.0
4353,1088:1,1089,-0.11306770295765117,-0.9888668363289418,0.09673714155726433,0.5,0.7269076305220884,0.0
4354,1088:2,1095,-0.12046544031397972,-0.9888218879933257,0.08785984017327787,0.5,0.7309236947791165,0.0
4355,1088:3,1094,-0.5705483459993685,-0.49441094399666263,-0.6557685592750797,0.3333333333333333,0.7309236947791165,0.0
4356,1089:0,1089,-0.11306770295765117,-0.9888668363289418,0.09673714155726433,0.5,0.7269076305220884,0.0
4357,1089:1,1090,0.5064704749570043,-0.49443341816447134,0.7064157791265876,0.6666666666666666,0.7269076305220884,0.0
4358,1089:2,1096,0.45008290568538867,-0.4944109439966633,0.7436283994483575,0.6666666666666666,0.7309236947791165,0.0
4359,1089:3,1095,-0.12046544031397972,-0.9888218879933257,0.08785984017327787,0.5,0.7309236947791165,0.0
4360,1090:0,1090,0.5064704749570043,-0.49443341816447134,0.7064157791265876,0.6666666666666666,0.7269076305220884,0.0
4361,1090:1,1091,0.6195381779146557,0.49443341816447023,0.6096786375693237,0.8333333333333334,0.7269076305220884,0.0
4362,1090:2,1097,0.5705483459993687,0.4944109439966622,0.6557685592750799,0.8333333333333334,0.7309236947791165,0.0
4363,1090:3,1096,0.45008290568538867,-0.4944109439966633,0.7436283994483575,0.6666666666666666,0.7309236947791165,0.0
4364,1091:0,1091,0.6195381779146557,0.49443341816447023,0.6096786375693237,0.8333333333333334,0.7269076305220884,0.0
4365,1091:1,1086,0.11306770295765109,0.9888668363289418,-0.09673714155726443,1.0,0.7269076305220884,0.0
4366,1091:2,1092,0.12046544031397965,0.9888218879933257,-0.08785984017327797,1.0,0.7309236947791165,0.0
4367,1091:3,1097,0.5705483459993687,0.4944109439966622,0.6557685592750799,0.8333333333333334,0.7309236947791165,0.0
4368,1092:0,1092,0.12046544031397965,0.9888218879933257,-0.08785984017327797,0.0,0.7309236947791165,0.0
4369,1092:1,1093,-0.45008290568538883,0.49441094399666297,-0.7436283994483576,0.16666666666666666,0.7309236947791165,0.0
4370,1092:2,1099,-0.3908500174393131,0.49432086660257074,-0.7764555007912379,0.16666666666666666,0.7349397590361446,0.0
4371,1092:3,1098,0.12789882579104922,0.9886417332051413,-0.0789266350885744,0.0,0.7349397590361446,0.0
4372,1093:0,1093,-0.45008290568538883,0.49441094399666297,-0.7436283994483576,0.16666666666666666,0.7309236947791165,0.0
4373,1093:1,1094,-0.5705483459993685,-0.49441094399666263,-0.6557685592750797,0.3333333333333333,0.7309236947791165,0.0
4374,1093:2,1100,-0.5187488432303624,-0.4943208666025704,-0.6975288657026635,0.3333333333333333,0.7349397590361446,0.0
4375,1093:3,1099,-0.3908500174393131,0.49432086660257074,-0.7764555007912379,0.16666666666666666,0.7349397590361446,0.0
4376,1094:0,1094,-0.5705483459993685,-0.49441094399666263,-0.6557685592750797,0.3333333333333333,0.7309236947791165,0.0
4377,1094:1,1095,-0.12046544031397972,-0.9888218879933257,0.08785984017327787,0.5,0.7309236947791165,0.0
4378,1094:2,1101,-0.12789882579104928,-0.9886417332051413,0.0789266350885743,0.5,0.7349397590361446,0.0
4379,1094:3,1100,-0.5187488432303624,-0.4943208666025704,-0.6975288657026635,0.3333333333333333,0.7349397590361446,0.0
4380,1095:0,1095,-0.12046544031397972,-0.9888218879933257,0.08785984017327787,0.5,0.7309236947791165,0.0
4381,1095:1,1096,0.45008290568538867,-0.4944109439966633,0.7436283994483575,0.6666666666666666,0.7309236947791165,0.0
4382,1095:2,1102,0.390850017439313,-0.4943208666025711,0.7764555007912378,0.6666666666666666,0.7349397590361446,0.0
4383,1095:3,1101,-0.12789882579104928,-0.9886417332051413,0.0789266350885743,0.5,0.7349397590361446,0.0
4384,1096:0,1096,0.45008290568538867,-0.4944109439966633,0.7436283994483575,0.6666666666666666,0.7309236947791165,0.0
4385,1096:1,1097,0.5705483459993687,0.4944109439966622,0.6557685592750799,0.8333333333333334,0.7309236947791165,0.0
4386,1096:2,1103,0.5187488432303624,0.49432086660256996,0.6975288657026639,0.8333333333333334,0.7349397590361446,0.0
4387,1096:3,1102,0.390850017439313,-0.4943208666025711,0.7764555007912378,0.6666666666666666,0.7349397590361446,0.0
4388,1097:0,1097,0.5705483459993687,0.4944109439966622,0.6557685592750799,0.8333333333333334,0.7309236947791165,0.0
4389,1097:1,1092,0.12046544031397965,0.9888218879933257,-0.08785984017327797,1.0,0.7309236947791165,0.0
4390,1097:2,1098,0.12789882579104922,0.9886417332051413,-0.0789266350885744,1.0,0.7349397590361446,0.0
4391,1097:3,1103,0.5187488432303624,0.49432086660256996,0.6975288657026639,0.8333333333333334,0.7349397590361446,0.0
4392,1098:0,1098,0.12789882579104922,0.9886417332051413,-0.0789266350885744,0.0,0.7349397590361446,0.0
4393,1098:1,1099,-0.3908500174393131,0.49432086660257074,-0.7764555007912379,0.16666666666666666,0.7349397590361446,0.0
4394,1098:2,1105,-0.3282741603238347,0.4942668851950618,-0.8049449185275056,0.16666666666666666,0.7389558232931727,0.0
4395,1098:3,1104,0.13433897013122076,0.9885337703901234,-0.06894944453996457,0.0,0.7389558232931727,0.0
4396,1099:0,1099,-0.3908500174393131,0.49432086660257074,-0.7764555007912379,0.16666666666666666,0.7349397590361446,0.0
4397,1099:1,1100,-0.5187488432303624,-0.4943208666025704,-0.6975288657026635,0.3333333333333333,0.7349397590361446,0.0
4398,1099:2,1106,-0.4626131304550555,-0.49426688519506146,-0.7359954739875412,0.3333333333333333,0.7389558232931727,0.0
4399,1099:3,1105,-0.3282741603238347,0.4942668851950618,-0.8049449185275056,0.16666666666666666,0.7389558232931727,0.0
4400,1100:0,1100,-0.5187488432303624,-0.4943208666025704,-0.6975288657026635,0.3333333333333333,0.7349397590361446,0.0
4401,1100:1,1101,-0.12789882579104928,-0.9886417332051413,0.0789266350885743,0.5,0.7349397590361446,0.0
4402,1100:2,1107,-0.13433897013122081,-0.9885337703901234,0.06894944453996446,0.5,0.7389558232931727,0.0
4403,1100:3,1106,-0.4626131304550555,-0.49426688519506146,-0.7359954739875412,0.3333333333333333,0.7389558232931727,0.0
4404,1101:0,1101,-0.12789882579104928,-0.9886417332051413,0.0789266350885743,0.5,0.7349397590361446,0.0
4405,1101:1,1102,0.390850017439313,-0.4943208666025711,0.7764555007912378,0.6666666666666666,0.7349397590361446,0.0
4406,1101:2,1108,0.3282741603238346,-0.4942668851950621,0.8049449185275055,0.6666666666666666,0.7389558232931727,0.0
4407,1101:3,1107,-0.13433897013122081,-0.9885337703901234,0.06894944453996446,0.5,0.7389558232931727,0.0
4408,1102:0,1102,0.390850017439313,-0.4943208666025711,0.7764555007912378,0.6666666666666666,0.7349397590361446,0.0
4409,1102:1,1103,0.5187488432303624,0.49432086660256996,0.6975288657026639,0.8333333333333334,0.7349397590361446,0.0
4410,1102:2,1109,0.4626131304550556,0.494266885195061,0.7359954739875415,0.8333333333333334,0.7389558232931727,0.0
4411,1102:3,1108,0.3282741603238346,-0.4942668851950621,0.8049449185275055,0.6666666666666666,0.7389558232931727,0.0
4412,1103:0,1103,0.5187488432303624,0.49432086660256996,0.6975288657026639,0.8333333333333334,0.7349397590361446,0.0
4413,1103:1,1098,0.12789882579104922,0.9886417332051413,-0.0789266350885744,1.0,0.7349397590361446,0.0
4414,1103:2,1104,0.13433897013122076,0.9885337703901234,-0.06894944453996457,1.0,0.7389558232931727,0.0
4415,1103:3,1109,0.4626131304550556,0.494266885195061,0.7359954739875415,0.8333333333333334,0.7389558232931727,0.0
4416,1104:0,1104,0.13433897013122076,0.9885337703901234,-0.06894944453996457,0.0,0.7389558232931727,0.0
4417,1104:1,1105,-0.3282741603238347,0.4942668851950618,-0.8049449185275056,0.16666666666666666,0.7389558232931727,0.0
4418,1104:2,1111,-0.26390502430349677,0.4942272791802156,-0.8283076328644401,0.16666666666666666,0.7429718875502008,0.0
4419,1104:3,1110,0.13980962541229,0.988454558360431,-0.058402523049613055,0.0,0.7429718875502008,0.0
4420,1105:0,1105,-0.3282741603238347,0.4942668851950618,-0.8049449185275056,0.16666666666666666,0.7389558232931727,0.0
4421,1105:1,1106,-0.4626131304550555,-0.49426688519506146,-0.7359954739875412,0.3333333333333333,0.7389558232931727,0.0
4422,1105:2,1112,-0.40371464971578674,-0.49422727918021525,-0.7699051098148272,0.3333333333333333,0.7429718875502008,0.0
4423,1105:3,1111,-0.26390502430349677,0.4942272791802156,-0.8283076328644401,0.16666666666666666,0.7429718875502008,0.0
4424,1106:0,1106,-0.4626131304550555,-0.49426688519506146,-0.7359954739875412,0.3333333333333333,0.7389558232931727,0.0
4425,1106:1,1107,-0.13433897013122081,-0.9885337703901234,0.06894944453996446,0.5,0.7389558232931727,0.0
4426,1106:2,1113,-0.13980962541229006,-0.988454558360431,0.058402523049612944,0.5,0.7429718875502008,0.0
4427,1106:3,1112,-0.40371464971578674,-0.49422727918021525,-0.7699051098148272,0.3333333333333333,0.7429718875502008,0.0
4428,1107:0,1107,-0.13433897013122081,-0.9885337703901234,0.06894944453996446,0.5,0.7389558232931727,0.0
4429,1107:1,1108,0.3282741603238346,-0.4942668851950621,0.8049449185275055,0.6666666666666666,0.7389558232931727,0.0
4430,1107:2,1114,0.26390502430349666,-0.4942272791802159,0.82830763286444,0.6666666666666666,0.7429718875502008,0.0
4431,1107:3,1113,-0.13980962541229006,-0.988454558360431,0.058402523049612944,0.5,0.7429718875502008,0.0
4432,1108:0,1108,0.3282741603238346,-0.4942668851950621,0.8049449185275055,0.6666666666666666,0.7389558232931727,0.0
4433,1108:1,1109,0.4626131304550556,0.494266885195061,0.7359954739875415,0.8333333333333334,0.7389558232931727,0.0
4434,1108:2,1115,0.40371464971578686,0.4942272791802148,0.7699051098148275,0.8333333333333334,0.7429718875502008,0.0
4435,1108:3,1114,0.26390502430349666,-0.4942272791802159,0.82830763286444,0.6666666666666666,0.7429718875502008,0.0
4436,1109:0,1109,0.4626131304550556,0.494266885195061,0.7359954739875415,0.8333333333333334,0.7389558232931727,0.0
4437,1109:1,1104,0.13433897013122076,0.9885337703901234,-0.06894944453996457,1.0,0.7389558232931727,0.0
4438,1109:2,1110,0.13980962541229,0.988454558360431,-0.058402523049613055,1.0,0.7429718875502008,0.0
4439,1109:3,1115,0.40371464971578686,0.4942272791802148,0.7699051098148275,0.8333333333333334,0.7429718875502008,0.0
4440,1110:0,1110,0.13980962541229,0.988454558360431,-0.058402523049613055,0.0,0.7429718875502008,0.0
4441,1110:1,1111,-0.26390502430349677,0.4942272791802156,-0.8283076328644401,0.16666666666666666,0.7429718875502008,0.0
4442,1110:2,1117,-0.19727269207691017,0.4941312025791231,-0.8467100091521526,0.16666666666666666,0.7469879518072289,0.0
4443,1110:3,1116,0.14516023567069625,0.9882624051582459,-0.04760172823403302,0.0,0.7469879518072289,0.0
4444,1111:0,1111,-0.26390502430349677,0.4942272791802156,-0.8283076328644401,0.16666666666666666,0.7429718875502008,0.0
4445,1111:1,1112,-0.40371464971578674,-0.49422727918021525,-0.7699051098148272,0.3333333333333333,0.7429718875502008,0.0
4446,1111:2,1118,-0.34243292774760636,-0.49413120257912274,-0.7991082809181196,0.3333333333333333,0.7469879518072289,0.0
4447,1111:3,1117,-0.19727269207691017,0.4941312025791231,-0.8467100091521526,0.16666666666666666,0.7469879518072289,0.0
4448,1112:0,1112,-0.40371464971578674,-0.49422727918021525,-0.7699051098148272,0.3333333333333333,0.7429718875502008,0.0
4449,1112:1,1113,-0.13980962541229006,-0.988454558360431,0.058402523049612944,0.5,0.7429718875502008,0.0
4450,1112:2,1119,-0.14516023567069627,-0.9882624051582459,0.0476017282340329,0.5,0.7469879518072289,0.0
4451,1112:3,1118,-0.34243292774760636,-0.49413120257912274,-0.7991082809181196,0.3333333333333333,0.7469879518072289,0.0
4452,1113:0,1113,-0.13980962541229006,-0.988454558360431,0.058402523049612944,0.5,0.7429718875502008,0.0
4453,1113:1,1114,0.26390502430349666,-0.4942272791802159,0.82830763286444,0.6666666666666666,0.7429718875502008,0.0
4454,1113:2,1120,0.19727269207691006,-0.4941312025791234,0.8467100091521524,0.6666666666666666,0.7469879518072289,0.0
4455,1113:3,1119,-0.14516023567069627,-0.9882624051582459,0.0476017282340329,0.5,0.7469879518072289,0.0
4456,1114:0,1114,0.26390502430349666,-0.4942272791802159,0.82830763286444,0.6666666666666666,0.7429718875502008,0.0
4457,1114:1,1115,0.40371464971578686,0.4942272791802148,0.7699051098148275,0.8333333333333334,0.7429718875502008,0.0
4458,1114:2,1121,0.3424329277476064,0.4941312025791223,0.79910828091812,0.8333333333333334,0.7469879518072289,0.0
4459,1114:3,1120,0.19727269207691006,-0.4941312025791234,0.8467100091521524,0.6666666666666666,0.7469879518072289,0.0
4460,1115:0,1115,0.40371464971578686,0.4942272791802148,0.7699051098148275,0.8333333333333334,0.7429718875502008,0.0
4461,1115:1,1110,0.13980962541229,0.988454558360431,-0.058402523049613055,1.0,0.7429718875502008,0.0
4462,1115:2,1116,0.14516023567069625,0.9882624051582459,-0.04760172823403302,1.0,0.7469879518072289,0.0
4463,1115:3,1121,0.3424329277476064,0.4941312025791223,0.79910828091812,0.8333333333333334,0.7469879518072289,0.0
4464,1116:0,1116,0.14516023567069625,0.9882624051582459,-0.04760172823403302,0.0,0.7469879518072289,0.0
4465,1116:1,1117,-0.19727269207691017,0.4941312025791231,-0.8467100091521526,0.16666666666666666,0.7469879518072289,0.0
4466,1116:2,1123,-0.1286150715398588,0.4940843760456026,-0.8598481218915495,0.16666666666666666,0.751004016064257,0.0
4467,1116:3,1122,0.1490906489964046,0.988168752091205,-0.035979101883476416,0.0,0.751004016064257,0.0
4468,1117:0,1117,-0.19727269207691017,0.4941312025791231,-0.8467100091521526,0.16666666666666666,0.7469879518072289,0.0
4469,1117:1,1118,-0.34243292774760636,-0.49413120257912274,-0.7991082809181196,0.3333333333333333,0.7469879518072289,0.0
4470,1117:2,1124,-0.2777057205362634,-0.4940843760456023,-0.8238690200080732,0.3333333333333333,0.751004016064257,0.0
4471,1117:3,1123,-0.1286150715398588,0.4940843760456026,-0.8598481218915495,0.16666666666666666,0.751004016064257,0.0
4472,1118:0,1118,-0.34243292774760636,-0.49413120257912274,-0.7991082809181196,0.3333333333333333,0.7469879518072289,0.0
4473,1118:1,1119,-0.14516023567069627,-0.9882624051582459,0.0476017282340329,0.5,0.7469879518072289,0.0
4474,1118:2,1125,-0.14909064899640462,-0.988168752091205,0.0359791018834763,0.5,0.751004016064257,0.0
4475,1118:3,1124,-0.2777057205362634,-0.4940843760456023,-0.8238690200080732,0.3333333333333333,0.751004016064257,0.0
4476,1119:0,1119,-0.14516023567069627,-0.9882624051582459,0.0476017282340329,0.5,0.7469879518072289,0.0
4477,1119:1,1120,0.19727269207691006,-0.4941312025791234,0.8467100091521524,0.6666666666666666,0.7469879518072289,0.0
4478,1119:2,1126,0.1286150715398587,-0.49408437604560296,0.8598481218915494,0.6666666666666666,0.751004016064257,0.0
4479,1119:3,1125,-0.14909064899640462,-0.988168752091205,0.0359791018834763,0.5,0.751004016064257,0.0
4480,1120:0,1120,0.19727269207691006,-0.4941312025791234,0.8467100091521524,0.6666666666666666,0.7469879518072289,0.0
4481,1120:1,1121,0.3424329277476064,0.4941312025791223,0.79910828091812,0.8333333333333334,0.7469879518072289,0.0
4482,1120:2,1127,0.2777057205362634,0.49408437604560185,0.8238690200080734,0.8333333333333334,0.751004016064257,0.0
4483,1120:3,1126,0.1286150715398587,-0.49408437604560296,0.8598481218915494,0.6666666666666666,0.751004016064257,0.0
4484,1121:0,1121,0.3424329277476064,0.4941312025791223,0.79910828091812,0.8333333333333334,0.7469879518072289,0.0
4485,1121:1,1116,0.14516023567069625,0.9882624051582459,-0.04760172823403302,1.0,0.7469879518072289,0.0
4486,1121:2,1122,0.1490906489964046,0.988168752091205,-0.035979101883476416,1.0,0.751004016064257,0.0
4487,1121:3,1127,0.2777057205362634,0.49408437604560185,0.8238690200080734,0.8333333333333334,0.751004016064257,0.0
4488,1122:0,1122,0.1490906489964046,0.988168752091205,-0.035979101883476416,0.0,0.751004016064257,0.0
4489,1122:1,1123,-0.1286150715398588,0.4940843760456026,-0.8598481218915495,0.16666666666666666,0.751004016064257,0.0
4490,1122:2,1129,-0.05944916629646957,0.49401265161476043,-0.8674199079288001,0.16666666666666666,0.7550200803212851,0.0
4491,1122:3,1128,0.15238763330521413,0.9880253032295206,-0.024166286306533103,0.0,0.7550200803212851,0.0
4492,1123:0,1123,-0.1286150715398588,0.4940843760456026,-0.8598481218915495,0.16666666666666666,0.751004016064257,0.0
4493,1123:1,1124,-0.2777057205362634,-0.4940843760456023,-0.8238690200080732,0.3333333333333333,0.751004016064257,0.0
4494,1123:2,1130,-0.21183679960168367,-0.4940126516147601,-0.8432536216222671,0.3333333333333333,0.7550200803212851,0.0
4495,1123:3,1129,-0.05944916629646957,0.49401265161476043,-0.8674199079288001,0.16666666666666666,0.7550200803212851,0.0
4496,1124:0,1124,-0.2777057205362634,-0.4940843760456023,-0.8238690200080732,0.3333333333333333,0.751004016064257,0.0
4497,1124:1,1125,-0.14909064899640462,-0.988168752091205,0.0359791018834763,0.5,0.751004016064257,0.0
4498,1124:2,1131,-0.15238763330521415,-0.9880253032295206,0.02416628630653298,0.5,0.7550200803212851,0.0
4499,1124:3,1130,-0.21183679960168367,-0.4940126516147601,-0.8432536216222671,0.3333333333333333,0.7550200803212851,0.0
4500,1125:0,1125,-0.14909064899640462,-0.988168752091205,0.0359791018834763,0.5,0.751004016064257,0.0
4501,1125:1,1126,0.1286150715398587,-0.49408437604560296,0.8598481218915494,0.6666666666666666,0.751004016064257,0.0
4502,1125:2,1132,0.059449166296469486,-0.49401265161476077,0.8674199079288,0.6666666666666666,0.7550200803212851,0.0
4503,1125:3,1131,-0.15238763330521415,-0.9880253032295206,0.02416628630653298,0.5,0.7550200803212851,0.0
4504,1126:0,1126,0.1286150715398587,-0.49408437604560296,0.8598481218915494,0.6666666666666666,0.751004016064257,0.0
4505,1126:1,1127,0.2777057205362634,0.49408437604560185,0.8238690200080734,0.8333333333333334,0.751004016064257,0.0
4506,1126:2,1133,0.21183679960168367,0.49401265161475966,0.8432536216222675,0.8333333333333334,0.7550200803212851,0.0
4507,1126:3,1132,0.059449166296469486,-0.49401265161476077,0.8674199079288,0.6666666666666666,0.7550200803212851,0.0
4508,1127:0,1127,0.2777057205362634,0.49408437604560185,0.8238690200080734,0.8333333333333334,0.751004016064257,0.0
4509,1127:1,1122,0.1490906489964046,0.988168752091205,-0.035979101883476416,1.0,0.751004016064257,0.0
4510,1127:2,1128,0.15238763330521413,0.9880253032295206,-0.024166286306533103,1.0,0.7550200803212851,0.0
4511,1127:3,1133,0.21183679960168367,0.49401265161475966,0.8432536216222675,0.8333333333333334,0.7550200803212851,0.0
4512,1128:0,1128,0.15238763330521413,0.9880253032295206,-0.024166286306533103,0.0,0.7550200803212851,0.0
4513,1128:1,1129,-0.05944916629646957,0.49401265161476043,-0.8674199079288001,0.16666666666666666,0.7550200803212851,0.0
4514,1128:2,1135,0.011192925828637651,0.4939227680305579,-0.869433733893749,0.16666666666666666,0.7590361445783133,0.0
4515,1128:3,1134,0.15498257015161923,0.9878455360611156,-0.011899572821140663,0.0,0.7590361445783133,0.0
4516,1129:0,1129,-0.05944916629646957,0.49401265161476043,-0.8674199079288001,0.16666666666666666,0.7550200803212851,0.0
4517,1129:1,1130,-0.21183679960168367,-0.4940126516147601,-0.8432536216222671,0.3333333333333333,0.7550200803212851,0.0
4518,1129:2,1136,-0.14378964432298158,-0.49392276803055757,-0.8575341610726085,0.3333333333333333,0.7590361445783133,0.0
4519,1129:3,1135,0.011192925828637651,0.4939227680305579,-0.869433733893749,0.16666666666666666,0.7590361445783133,0.0
4520,1130:0,1130,-0.21183679960168367,-0.4940126516147601,-0.8432536216222671,0.3333333333333333,0.7550200803212851,0.0
4521,1130:1,1131,-0.15238763330521415,-0.9880253032295206,0.02416628630653298,0.5,0.7550200803212851,0.0
4522,1130:2,1137,-0.15498257015161923,-0.9878455360611156,0.011899572821140542,0.5,0.7590361445783133,0.0
4523,1130:3,1136,-0.14378964432298158,-0.49392276803055757,-0.8575341610726085,0.3333333333333333,0.7590361445783133,0.0
4524,1131:0,1131,-0.15238763330521415,-0.9880253032295206,0.02416628630653298,0.5,0.7550200803212851,0.0
4525,1131:1,1132,0.059449166296469486,-0.49401265161476077,0.8674199079288,0.6666666666666666,0.7550200803212851,0.0
4526,1131:2,1138,-0.01119292582863772,-0.49392276803055823,0.8694337338937489,0.6666666666666666,0.7590361445783133,0.0
4527,1131:3,1137,-0.15498257015161923,-0.9878455360611156,0.011899572821140542,0.5,0.7590361445783133,0.0
4528,1132:0,1132,0.059449166296469486,-0.49401265161476077,0.8674199079288,0.6666666666666666,0.7550200803212851,0.0
4529,1132:1,1133,0.21183679960168367,0.49401265161475966,0.8432536216222675,0.8333333333333334,0.7550200803212851,0.0
4530,1132:2,1139,0.14378964432298152,0.4939227680305571,0.8575341610726088,0.8333333333333334,0.7590361445783133,0.0
4531,1132:3,1138,-0.01119292582863772,-0.49392276803055823,0.8694337338937489,0.6666666666666666,0.7590361445783133,0.0
4532,1133:0,1133,0.21183679960168367,0.49401265161475966,0.8432536216222675,0.8333333333333334,0.7550200803212851,0.0
4533,1133:1,1128,0.15238763330521413,0.9880253032295206,-0.024166286306533103,1.0,0.7550200803212851,0.0
4534,1133:2,1134,0.15498257015161923,0.9878455360611156,-0.011899572821140663,1.0,0.7590361445783133,0.0
4535,1133:3,1139,0.14378964432298152,0.4939227680305571,0.8575341610726088,0.8333333333333334,0.7590361445783133,0.0
4536,1134:0,1134,0.15498257015161923,0.9878455360611156,-0.011899572821140663,0.0,0.7590361445783133,0.0
4537,1134:1,1135,0.011192925828637651,0.4939227680305579,-0.869433733893749,0.16666666666666666,0.7590361445783133,0.0
4538,1134:2,1141,0.08214056530229656,0.49388071933650407,-0.865641243587363,0.16666666666666666,0.7630522088353414,0.0
4539,1134:3,1140,0.15597044654255815,0.9877614386730079,0.0007483822183168991,0.0,0.7630522088353414,0.0
4540,1135:0,1135,0.011192925828637651,0.4939227680305579,-0.869433733893749,0.16666666666666666,0.7590361445783133,0.0
4541,1135:1,1136,-0.14378964432298158,-0.49392276803055757,-0.8575341610726085,0.3333333333333333,0.7590361445783133,0.0
4542,1135:2,1142,-0.07382988124026157,-0.49388071933650374,-0.8663896258056801,0.3333333333333333,0.7630522088353414,0.0
4543,1135:3,1141,0.08214056530229656,0.49388071933650407,-0.865641243587363,0.16666666666666666,0.7630522088353414,0.0
4544,1136:0,1136,-0.14378964432298158,-0.49392276803055757,-0.8575341610726085,0.3333333333333333,0.7590361445783133,0.0
4545,1136:1,1137,-0.15498257015161923,-0.9878455360611156,0.011899572821140542,0.5,0.7590361445783133,0.0
4546,1136:2,1143,-0.15597044654255815,-0.9877614386730079,-0.0007483822183170216,0.5,0.7630522088353414,0.0
4547,1136:3,1142,-0.07382988124026157,-0.49388071933650374,-0.8663896258056801,0.3333333333333333,0.7630522088353414,0.0
4548,1137:0,1137,-0.15498257015161923,-0.9878455360611156,0.011899572821140542,0.5,0.7590361445783133,0.0
4549,1137:1,1138,-0.01119292582863772,-0.49392276803055823,0.8694337338937489,0.6666666666666666,0.7590361445783133,0.0
4550,1137:2,1144,-0.08214056530229662,-0.4938807193365044,0.8656412435873629,0.6666666666666666,0.7630522088353414,0.0
4551,1137:3,1143,-0.15597044654255815,-0.9877614386730079,-0.0007483822183170216,0.5,0.7630522088353414,0.0
4552,1138:0,1138,-0.01119292582863772,-0.49392276803055823,0.8694337338937489,0.6666666666666666,0.7590361445783133,0.0
4553,1138:1,1139,0.14378964432298152,0.4939227680305571,0.8575341610726088,0.8333333333333334,0.7590361445783133,0.0
4554,1138:2,1145,0.07382988124026149,0.4938807193365033,0.8663896258056805,0.8333333333333334,0.7630522088353414,0.0
4555,1138:3,1144,-0.08214056530229662,-0.4938807193365044,0.8656412435873629,0.6666666666666666,0.7630522088353414,0.0
4556,1139:0,1139,0.14378964432298152,0.4939227680305571,0.8575341610726088,0.8333333333333334,0.7590361445783133,0.0
4557,1139:1,1134,0.15498257015161923,0.9878455360611156,-0.011899572821140663,1.0,0.7590361445783133,0.0
4558,1139:2,1140,0.15597044654255815,0.9877614386730079,0.0007483822183168991,1.0,0.7630522088353414,0.0
4559,1139:3,1145,0.07382988124026149,0.4938807193365033,0.8663896258056805,0.8333333333333334,0.7630522088353414,0.0
4560,1140:0,1140,0.15597044654255815,0.9877614386730079,0.0007483822183168991,0.0,0.7630522088353414,0.0
4561,1140:1,1141,0.08214056530229656,0.49388071933650407,-0.865641243587363,0.16666666666666666,0.7630522088353414,0.0
4562,1140:2,1147,0.15251673696190005,0.4937750045221734,-0.8561103257499131,0.16666666666666666,0.7670682730923695,0.0
4563,1140:3,1146,0.15672766471132143,0.9875500090443465,0.013469177801439513,0.0,0.7670682730923695,0.0
4564,1141:0,1141,0.08214056530229656,0.49388071933650407,-0.865641243587363,0.16666666666666666,0.7630522088353414,0.0
4565,1141:1,1142,-0.07382988124026157,-0.49388071933650374,-0.8663896258056801,0.3333333333333333,0.7630522088353414,0.0
4566,1141:2,1148,-0.0042109277494213615,-0.49377500452217304,-0.8695795035513527,0.3333333333333333,0.7670682730923695,0.0
4567,1141:3,1147,0.15251673696190005,0.4937750045221734,-0.8561103257499131,0.16666666666666666,0.7670682730923695,0.0
4568,1142:0,1142,-0.07382988124026157,-0.49388071933650374,-0.8663896258056801,0.3333333333333333,0.7630522088353414,0.0
4569,1142:1,1143,-0.15597044654255815,-0.9877614386730079,-0.0007483822183170216,0.5,0.7630522088353414,0.0
4570,1142:2,1149,-0.15672766471132143,-0.9875500090443465,-0.013469177801439634,0.5,0.7670682730923695,0.0
4571,1142:3,1148,-0.0042109277494213615,-0.49377500452217304,-0.8695795035513527,0.3333333333333333,0.7670682730923695,0.0
4572,1143:0,1143,-0.15597044654255815,-0.9877614386730079,-0.0007483822183170216,0.5,0.7630522088353414,0.0
4573,1143:1,1144,-0.08214056530229662,-0.4938807193365044,0.8656412435873629,0.6666666666666666,0.7630522088353414,0.0
4574,1143:2,1150,-0.15251673696190007,-0.4937750045221737,0.856110325749913,0.6666666666666666,0.7670682730923695,0.0
4575,1143:3,1149,-0.15672766471132143,-0.9875500090443465,-0.013469177801439634,0.5,0.7670682730923695,0.0
4576,1144:0,1144,-0.08214056530229662,-0.4938807193365044,0.8656412435873629,0.6666666666666666,0.7630522088353414,0.0
4577,1144:1,1145,0.07382988124026149,0.4938807193365033,0.8663896258056805,0.8333333333333334,0.7630522088353414,0.0
4578,1144:2,1151,0.004210927749421264,0.4937750045221726,0.869579503551353,0.8333333333333334,0.7670682730923695,0.0
4579,1144:3,1150,-0.15251673696190007,-0.4937750045221737,0.856110325749913,0.6666666666666666,0.7670682730923695,0.0
4580,1145:0,1145,0.07382988124026149,0.4938807193365033,0.8663896258056805,0.8333333333333334,0.7630522088353414,0.0
4581,1145:1,1140,0.15597044654255815,0.9877614386730079,0.0007483822183168991,1.0,0.7630522088353414,0.0
4582,1145:2,1146,0.15672766471132143,0.9875500090443465,0.013469177801439513,1.0,0.7670682730923695,0.0
4583,1145:3,1151,0.004210927749421264,0.4937750045221726,0.869579503551353,0.8333333333333334,0.7670682730923695,0.0
4584,1146:0,1146,0.15672766471132143,0.9875500090443465,0.013469177801439513,0.0,0.7670682730923695,0.0
4585,1146:1,1147,0.15251673696190005,0.4937750045221734,-0.8561103257499131,0.16666666666666666,0.7670682730923695,0.0
4586,1146:2,1153,0.22305604824675948,0.4936942888084214,-0.8405426512310286,0.16666666666666666,0.7710843373493976,0.0
4587,1146:3,1152,0.15608017273600303,0.9873885776168426,0.026509931544384698,0.0,0.7710843373493976,0.0
4588,1147:0,1147,0.15251673696190005,0.4937750045221734,-0.8561103257499131,0.16666666666666666,0.7670682730923695,0.0
4589,1147:1,1148,-0.0042109277494213615,-0.49377500452217304,-0.8695795035513527,0.3333333333333333,0.7670682730923695,0.0
4590,1147:2,1154,0.06697587551075647,-0.4936942888084211,-0.8670525827754133,0.3333333333333333,0.7710843373493976,0.0
4591,1147:3,1153,0.22305604824675948,0.4936942888084214,-0.8405426512310286,0.16666666666666666,0.7710843373493976,0.0
4592,1148:0,1148,-0.0042109277494213615,-0.49377500452217304,-0.8695795035513527,0.3333333333333333,0.7670682730923695,0.0
4593,1148:1,1149,-0.15672766471132143,-0.9875500090443465,-0.013469177801439634,0.5,0.7670682730923695,0.0
4594,1148:2,1155,-0.156080172736003,-0.9873885776168426,-0.02650993154438482,0.5,0.7710843373493976,0.0
4595,1148:3,1154,0.06697587551075647,-0.4936942888084211,-0.8670525827754133,0.3333333333333333,0.7710843373493976,0.0
4596,1149:0,1149,-0.15672766471132143,-0.9875500090443465,-0.013469177801439634,0.5,0.7670682730923695,0.0
4597,1149:1,1150,-0.15251673696190007,-0.4937750045221737,0.856110325749913,0.6666666666666666,0.7670682730923695,0.0
4598,1149:2,1156,-0.2230560482467595,-0.49369428880842176,0.8405426512310284,0.6666666666666666,0.7710843373493976,0.0
4599,1149:3,1155,-0.156080172736003,-0.9873885776168426,-0.02650993154438482,0.5,0.7710843373493976,0.0
4600,1150:0,1150,-0.15251673696190007,-0.4937750045221737,0.856110325749913,0.6666666666666666,0.7670682730923695,0.0
4601,1150:1,1151,0.004210927749421264,0.4937750045221726,0.869579503551353,0.8333333333333334,0.7670682730923695,0.0
4602,1150:2,1157,-0.0669758755107566,0.49369428880842064,0.8670525827754136,0.8333333333333334,0.7710843373493976,0.0
4603,1150:3,1156,-0.2230560482467595,-0.49369428880842176,0.8405426512310284,0.6666666666666666,0.7710843373493976,0.0
4604,1151:0,1151,0.004210927749421264,0.4937750045221726,0.869579503551353,0.8333333333333334,0.7670682730923695,0.0
4605,1151:1,1146,0.15672766471132143,0.9875500090443465,0.013469177801439513,1.0,0.7670682730923695,0.0
4606,1151:2,1152,0.15608017273600303,0.9873885776168426,0.026509931544384698,1.0,0.7710843373493976,0.0
4607,1151:3,1157,-0.0669758755107566,0.49369428880842064,0.8670525827754136,0.8333333333333334,0.7710843373493976,0.0
4608,1152:0,1152,0.15608017273600303,0.9873885776168426,0.026509931544384698,0.0,0.7710843373493976,0.0
4609,1152:1,1153,0.22305604824675948,0.4936942888084214,-0.8405426512310286,0.16666666666666666,0.7710843373493976,0.0
4610,1152:2,1159,0.29203276921714955,0.4936330420489307,-0.8191723149013775,0.16666666666666666,0.7751004016064257,0.0
4611,1152:3,1158,0.15409815850940223,0.9872660840978612,0.03948970415293045,0.0,0.7751004016064257,0.0
4612,1153:0,1153,0.22305604824675948,0.4936942888084214,-0.8405426512310286,0.16666666666666666,0.7710843373493976,0.0
4613,1153:1,1154,0.06697587551075647,-0.4936942888084211,-0.8670525827754133,0.3333333333333333,0.7710843373493976,0.0
4614,1153:2,1160,0.13793461070774737,-0.4936330420489304,-0.8586620190543082,0.3333333333333333,0.7751004016064257,0.0
4615,1153:3,1159,0.29203276921714955,0.4936330420489307,-0.8191723149013775,0.16666666666666666,0.7751004016064257,0.0
4616,1154:0,1154,0.06697587551075647,-0.4936942888084211,-0.8670525827754133,0.3333333333333333,0.7710843373493976,0.0
4617,1154:1,1155,-0.156080172736003,-0.9873885776168426,-0.02650993154438482,0.5,0.7710843373493976,0.0
4618,1154:2,1161,-0.1540981585094022,-0.9872660840978612,-0.039489704152930565,0.5,0.7751004016064257,0.0
4619,1154:3,1160,0.13793461070774737,-0.4936330420489304,-0.8586620190543082,0.3333333333333333,0.7751004016064257,0.0
4620,1155:0,1155,-0.156080172736003,-0.9873885776168426,-0.02650993154438482,0.5,0.7710843373493976,0.0
4621,1155:1,1156,-0.2230560482467595,-0.49369428880842176,0.8405426512310284,0.6666666666666666,0.7710843373493976,0.0
4622,1155:2,1162,-0.2920327692171496,-0.49363304204893105,0.8191723149013774,0.6666666666666666,0.7751004016064257,0.0
4623,1155:3,1161,-0.1540981585094022,-0.9872660840978612,-0.039489704152930565,0.5,0.7751004016064257,0.0
4624,1156:0,1156,-0.2230560482467595,-0.49369428880842176,0.8405426512310284,0.6666666666666666,0.7710843373493976,0.0
4625,1156:1,1157,-0.0669758755107566,0.49369428880842064,0.8670525827754136,0.8333333333333334,0.7710843373493976,0.0
4626,1156:2,1163,-0.13793461070774754,0.49363304204892994,0.8586620190543084,0.8333333333333334,0.7751004016064257,0.0
4627,1156:3,1162,-0.2920327692171496,-0.49363304204893105,0.8191723149013774,0.6666666666666666,0.7751004016064257,0.0
4628,1157:0,1157,-0.0669758755107566,0.49369428880842064,0.8670525827754136,0.8333333333333334,0.7710843373493976,0.0
4629,1157:1,1152,0.15608017273600303,0.9873885776168426,0.026509931544384698,1.0,0.7710843373493976,0.0
4630,1157:2,1158,0.15409815850940223,0.9872660840978612,0.03948970415293045,1.0,0.7751004016064257,0.0
4631,1157:3,1163,-0.13793461070774754,0.49363304204892994,0.8586620190543084,0.8333333333333334,0.7751004016064257,0.0
4632,1158:0,1158,0.15409815850940223,0.9872660840978612,0.03948970415293045,0.0,0.7751004016064257,0.0
4633,1158:1,1159,0.29203276921714955,0.4936330420489307,-0.8191723149013775,0.16666666666666666,0.7751004016064257,0.0
4634,1158:2,1165,0.35961326053218184,0.4935140783418714,-0.7919104477955738,0.16666666666666666,0.7791164658634538,0.0
4635,1158:3,1164,0.1516837363131454,0.9870281566837426,0.052606673070793385,0.0,0.7791164658634538,0.0
4636,1159:0,1159,0.29203276921714955,0.4936330420489307,-0.8191723149013775,0.16666666666666666,0.7751004016064257,0.0
4637,1159:1,1160,0.13793461070774737,-0.4936330420489304,-0.8586620190543082,0.3333333333333333,0.7751004016064257,0.0
4638,1159:2,1166,0.2079295242190365,-0.49351407834187105,-0.8445171208663673,0.3333333333333333,0.7791164658634538,0.0
4639,1159:3,1165,0.35961326053218184,0.4935140783418714,-0.7919104477955738,0.16666666666666666,0.7791164658634538,0.0
4640,1160:0,1160,0.13793461070774737,-0.4936330420489304,-0.8586620190543082,0.3333333333333333,0.7751004016064257,0.0
4641,1160:1,1161,-0.1540981585094022,-0.9872660840978612,-0.039489704152930565,0.5,0.7751004016064257,0.0
4642,1160:2,1167,-0.15168373631314538,-0.9870281566837426,-0.0526066730707935,0.5,0.7791164658634538,0.0
4643,1160:3,1166,0.2079295242190365,-0.49351407834187105,-0.8445171208663673,0.3333333333333333,0.7791164658634538,0.0
4644,1161:0,1161,-0.1540981585094022,-0.9872660840978612,-0.039489704152930565,0.5,0.7751004016064257,0.0
4645,1161:1,1162,-0.2920327692171496,-0.49363304204893105,0.8191723149013774,0.6666666666666666,0.7751004016064257,0.0
4646,1161:2,1168,-0.3596132605321819,-0.4935140783418717,0.7919104477955737,0.6666666666666666,0.7791164658634538,0.0
4647,1161:3,1167,-0.15168373631314538,-0.9870281566837426,-0.0526066730707935,0.5,0.7791164658634538,0.0
4648,1162:0,1162,-0.2920327692171496,-0.49363304204893105,0.8191723149013774,0.6666666666666666,0.7751004016064257,0.0
4649,1162:1,1163,-0.13793461070774754,0.49363304204892994,0.8586620190543084,0.8333333333333334,0.7751004016064257,0.0
4650,1162:2,1169,-0.20792952421903665,0.4935140783418706,0.8445171208663675,0.8333333333333334,0.7791164658634538,0.0
4651,1162:3,1168,-0.3596132605321819,-0.4935140783418717,0.7919104477955737,0.6666666666666666,0.7791164658634538,0.0
4652,1163:0,1163,-0.13793461070774754,0.49363304204892994,0.8586620190543084,0.8333333333333334,0.7751004016064257,0.0
4653,1163:1,1158,0.15409815850940223,0.9872660840978612,0.03948970415293045,1.0,0.7751004016064257,0.0
4654,1163:2,1164,0.1516837363131454,0.9870281566837426,0.052606673070793385,1.0,0.7791164658634538,0.0
4655,1163:3,1169,-0.20792952421903665,0.4935140783418706,0.8445171208663675,0.8333333333333334,0.7791164658634538,0.0
4656,1164:0,1164,0.1516837363131454,0.9870281566837426,0.052606673070793385,0.0,0.7791164658634538,0.0
4657,1164:1,1165,0.35961326053218184,0.4935140783418714,-0.7919104477955738,0.16666666666666666,0.7791164658634538,0.0
4658,1164:2,1171,0.42545095340640005,0.493444071407784,-0.7586200858388175,0.16666666666666666,0.7831325301204819,0.0
4659,1164:3,1170,0.14749631548337855,0.9868881428155678,0.06554868792635715,0.0,0.7831325301204819,0.0
4660,1165:0,1165,0.35961326053218184,0.4935140783418714,-0.7919104477955738,0.16666666666666666,0.7791164658634538,0.0
4661,1165:1,1166,0.2079295242190365,-0.49351407834187105,-0.8445171208663673,0.3333333333333333,0.7791164658634538,0.0
4662,1165:2,1172,0.27795463792302155,-0.4934440714077837,-0.8241687737651747,0.3333333333333333,0.7831325301204819,0.0
4663,1165:3,1171,0.42545095340640005,0.493444071407784,-0.7586200858388175,0.16666666666666666,0.7831325301204819,0.0
4664,1166:0,1166,0.2079295242190365,-0.49351407834187105,-0.8445171208663673,0.3333333333333333,0.7791164658634538,0.0
4665,1166:1,1167,-0.15168373631314538,-0.9870281566837426,-0.0526066730707935,0.5,0.7791164658634538,0.0
4666,1166:2,1173,-0.1474963154833785,-0.9868881428155678,-0.06554868792635726,0.5,0.7831325301204819,0.0
4667,1166:3,1172,0.27795463792302155,-0.4934440714077837,-0.8241687737651747,0.3333333333333333,0.7831325301204819,0.0
4668,1167:0,1167,-0.15168373631314538,-0.9870281566837426,-0.0526066730707935,0.5,0.7791164658634538,0.0
4669,1167:1,1168,-0.3596132605321819,-0.4935140783418717,0.7919104477955737,0.6666666666666666,0.7791164658634538,0.0
4670,1167:2,1174,-0.42545095340640005,-0.49344407140778435,0.7586200858388173,0.6666666666666666,0.7831325301204819,0.0
4671,1167:3,1173,-0.1474963154833785,-0.9868881428155678,-0.06554868792635726,0.5,0.7831325301204819,0.0
4672,1168:0,1168,-0.3596132605321819,-0.4935140783418717,0.7919104477955737,0.6666666666666666,0.7791164658634538,0.0
4673,1168:1,1169,-0.20792952421903665,0.4935140783418706,0.8445171208663675,0.8333333333333334,0.7791164658634538,0.0
4674,1168:2,1175,-0.2779546379230217,0.49344407140778324,0.8241687737651751,0.8333333333333334,0.7831325301204819,0.0
4675,1168:3,1174,-0.42545095340640005,-0.49344407140778435,0.7586200858388173,0.6666666666666666,0.7831325301204819,0.0
4676,1169:0,1169,-0.20792952421903665,0.4935140783418706,0.8445171208663675,0.8333333333333334,0.7791164658634538,0.0
4677,1169:1,1164,0.1516837363131454,0.9870281566837426,0.052606673070793385,1.0,0.7791164658634538,0.0
4678,1169:2,1170,0.14749631548337855,0.9868881428155678,0.06554868792635715,1.0,0.7831325301204819,0.0
4679,1169:3,1175,-0.2779546379230217,0.49344407140778324,0.8241687737651751,0.8333333333333334,0.7831325301204819,0.0
4680,1170:0,1170,0.14749631548337855,0.9868881428155678,0.06554868792635715,0.0,0.7831325301204819,0.0
4681,1170:1,1171,0.42545095340640005,0.493444071407784,-0.7586200858388175,0.16666666666666666,0.7831325301204819,0.0
4682,1170:2,1177,0.488132558250515,0.49333697424519635,-0.7199619680360916,0.16666666666666666,0.7871485943775101,0.0
4683,1170:3,1176,0.1426240935103694,0.9866739484903925,0.07831275324443483,0.0,0.7871485943775101,0.0
4684,1171:0,1171,0.42545095340640005,0.493444071407784,-0.7586200858388175,0.16666666666666666,0.7831325301204819,0.0
4685,1171:1,1172,0.27795463792302155,-0.4934440714077837,-0.8241687737651747,0.3333333333333333,0.7831325301204819,0.0
4686,1171:2,1178,0.3455084647401457,-0.493336974245196,-0.7982747212805265,0.3333333333333333,0.7871485943775101,0.0
4687,1171:3,1177,0.488132558250515,0.49333697424519635,-0.7199619680360916,0.16666666666666666,0.7871485943775101,0.0
4688,1172:0,1172,0.27795463792302155,-0.4934440714077837,-0.8241687737651747,0.3333333333333333,0.7831325301204819,0.0
4689,1172:1,1173,-0.1474963154833785,-0.9868881428155678,-0.06554868792635726,0.5,0.7831325301204819,0.0
4690,1172:2,1179,-0.14262409351036934,-0.9866739484903925,-0.07831275324443494,0.5,0.7871485943775101,0.0
4691,1172:3,1178,0.3455084647401457,-0.493336974245196,-0.7982747212805265,0.3333333333333333,0.7871485943775101,0.0
4692,1173:0,1173,-0.1474963154833785,-0.9868881428155678,-0.06554868792635726,0.5,0.7831325301204819,0.0
4693,1173:1,1174,-0.42545095340640005,-0.49344407140778435,0.7586200858388173,0.6666666666666666,0.7831325301204819,0.0
4694,1173:2,1180,-0.488132558250515,-0.4933369742451967,0.7199619680360914,0.6666666666666666,0.7871485943775101,0.0
4695,1173:3,1179,-0.14262409351036934,-0.9866739484903925,-0.07831275324443494,0.5,0.7871485943775101,0.0
4696,1174:0,1174,-0.42545095340640005,-0.49344407140778435,0.7586200858388173,0.6666666666666666,0.7831325301204819,0.0
4697,1174:1,1175,-0.2779546379230217,0.49344407140778324,0.8241687737651751,0.8333333333333334,0.7831325301204819,0.0
4698,1174:2,1181,-0.3455084647401459,0.49333697424519557,0.7982747212805268,0.8333333333333334,0.7871485943775101,0.0
4699,1174:3,1180,-0.488132558250515,-0.4933369742451967,0.7199619680360914,0.6666666666666666,0.7871485943775101,0.0
4700,1175:0,1175,-0.2779546379230217,0.49344407140778324,0.8241687737651751,0.8333333333333334,0.7831325301204819,0.0
4701,1175:1,1170,0.14749631548337855,0.9868881428155678,0.06554868792635715,1.0,0.7831325301204819,0.0
4702,1175:2,1176,0.1426240935103694,0.9866739484903925,0.07831275324443483,1.0,0.7871485943775101,0.0
4703,1175:3,1181,-0.3455084647401459,0.49333697424519557,0.7982747212805268,0.8333333333333334,0.7871485943775101,0.0
4704,1176:0,1176,0.1426240935103694,0.9866739484903925,0.07831275324443483,0.0,0.7871485943775101,0.0
4705,1176:1,1177,0.488132558250515,0.49333697424519635,-0.7199619680360916,0.16666666666666666,0.7871485943775101,0.0
4706,1176:2,1183,0.5482973158983933,0.4932279584963692,-0.6753489722625788,0.16666666666666666,0.7911646586345381,0.0
4707,1176:3,1182,0.13652233417319268,0.9864559169927382,0.09091961340612428,0.0,0.7911646586345381,0.0
4708,1177:0,1177,0.488132558250515,0.49333697424519635,-0.7199619680360916,0.16666666666666666,0.7871485943775101,0.0
4709,1177:1,1178,0.3455084647401457,-0.493336974245196,-0.7982747212805265,0.3333333333333333,0.7871485943775101,0.0
4710,1177:2,1184,0.4117749817252006,-0.49322795849636886,-0.7662685856687033,0.3333333333333333,0.7911646586345381,0.0
4711,1177:3,1183,0.5482973158983933,0.4932279584963692,-0.6753489722625788,0.16666666666666666,0.7911646586345381,0.0
4712,1178:0,1178,0.3455084647401457,-0.493336974245196,-0.7982747212805265,0.3333333333333333,0.7871485943775101,0.0
4713,1178:1,1179,-0.14262409351036934,-0.9866739484903925,-0.07831275324443494,0.5,0.7871485943775101,0.0
4714,1178:2,1185,-0.13652233417319262,-0.9864559169927382,-0.09091961340612438,0.5,0.7911646586345381,0.0
4715,1178:3,1184,0.4117749817252006,-0.49322795849636886,-0.7662685856687033,0.3333333333333333,0.7911646586345381,0.0
4716,1179:0,1179,-0.14262409351036934,-0.9866739484903925,-0.07831275324443494,0.5,0.7871485943775101,0.0
4717,1179:1,1180,-0.488132558250515,-0.4933369742451967,0.7199619680360914,0.6666666666666666,0.7871485943775101,0.0
4718,1179:2,1186,-0.5482973158983931,-0.4932279584963695,0.6753489722625787,0.6666666666666666,0.7911646586345381,0.0
4719,1179:3,1185,-0.13652233417319262,-0.9864559169927382,-0.09091961340612438,0.5,0.7911646586345381,0.0
4720,1180:0,1180,-0.488132558250515,-0.4933369742451967,0.7199619680360914,0.6666666666666666,0.7871485943775101,0.0
4721,1180:1,1181,-0.3455084647401459,0.49333697424519557,0.7982747212805268,0.8333333333333334,0.7871485943775101,0.0
4722,1180:2,1187,-0.41177498172520083,0.4932279584963684,0.7662685856687034,0.8333333333333334,0.7911646586345381,0.0
4723,1180:3,1186,-0.5482973158983931,-0.4932279584963695,0.6753489722625787,0.6666666666666666,0.7911646586345381,0.0
4724,1181:0,1181,-0.3455084647401459,0.49333697424519557,0.7982747212805268,0.8333333333333334,0.7871485943775101,0.0
4725,1181:1,1176,0.1426240935103694,0.9866739484903925,0.07831275324443483,1.0,0.7871485943775101,0.0
4726,1181:2,1182,0.13652233417319268,0.9864559169927382,0.09091961340612428,1.0,0.7911646586345381,0.0
4727,1181:3,1187,-0.41177498172520083,0.4932279584963684,0.7662685856687034,0.8333333333333334,0.7911646586345381,0.0
4728,1182:0,1182,0.13652233417319268,0.9864559169927382,0.09091961340612428,0.0,0.7911646586345381,0.0
4729,1182:1,1183,0.5482973158983933,0.4932279584963692,-0.6753489722625788,0.16666666666666666,0.7911646586345381,0.0
4730,1182:2,1189,0.6046284482098274,0.49315231213570826,-0.6254800049966275,0.16666666666666666,0.7951807228915663,0.0
4731,1182:3,1188,0.1289184159636194,0.9863046242714163,0.10287482766086015,0.0,0.7951807228915663,0.0
4732,1183:0,1183,0.5482973158983933,0.4932279584963692,-0.6753489722625788,0.16666666666666666,0.7911646586345381,0.0
4733,1183:1,1184,0.4117749817252006,-0.49322795849636886,-0.7662685856687033,0.3333333333333333,0.7911646586345381,0.0
4734,1183:2,1190,0.47571003224620817,-0.4931523121357079,-0.7283548326574878,0.3333333333333333,0.7951807228915663,0.0
4735,1183:3,1189,0.6046284482098274,0.49315231213570826,-0.6254800049966275,0.16666666666666666,0.7951807228915663,0.0
4736,1184:0,1184,0.4117749817252006,-0.49322795849636886,-0.7662685856687033,0.3333333333333333,0.7911646586345381,0.0
4737,1184:1,1185,-0.13652233417319262,-0.9864559169927382,-0.09091961340612438,0.5,0.7911646586345381,0.0
4738,1184:2,1191,-0.1289184159636193,-0.9863046242714163,-0.10287482766086024,0.5,0.7951807228915663,0.0
4739,1184:3,1190,0.47571003224620817,-0.4931523121357079,-0.7283548326574878,0.3333333333333333,0.7951807228915663,0.0
4740,1185:0,1185,-0.13652233417319262,-0.9864559169927382,-0.09091961340612438,0.5,0.7911646586345381,0.0
4741,1185:1,1186,-0.5482973158983931,-0.4932279584963695,0.6753489722625787,0.6666666666666666,0.7911646586345381,0.0
4742,1185:2,1192,-0.6046284482098273,-0.4931523121357086,0.6254800049966274,0.6666666666666666,0.7951807228915663,0.0
4743,1185:3,1191,-0.1289184159636193,-0.9863046242714163,-0.10287482766086024,0.5,0.7951807228915663,0.0
4744,1186:0,1186,-0.5482973158983931,-0.4932279584963695,0.6753489722625787,0.6666666666666666,0.7911646586345381,0.0
4745,1186:1,1187,-0.41177498172520083,0.4932279584963684,0.7662685856687034,0.8333333333333334,0.7911646586345381,0.0
4746,1186:2,1193,-0.47571003224620834,0.4931523121357075,0.7283548326574879,0.8333333333333334,0.7951807228915663,0.0
4747,1186:3,1192,-0.6046284482098273,-0.4931523121357086,0.6254800049966274,0.6666666666666666,0.7951807228915663,0.0
4748,1187:0,1187,-0.41177498172520083,0.4932279584963684,0.7662685856687034,0.8333333333333334,0.7911646586345381,0.0
4749,1187:1,1182,0.13652233417319268,0.9864559169927382,0.09091961340612428,1.0,0.7911646586345381,0.0
4750,1187:2,1188,0.1289184159636194,0.9863046242714163,0.10287482766086015,1.0,0.7951807228915663,0.0
4751,1187:3,1193,-0.47571003224620834,0.4931523121357075,0.7283548326574879,0.8333333333333334,0.7951807228915663,0.0
4752,1188:0,1188,0.1289184159636194,0.9863046242714163,0.10287482766086015,0.0,0.7951807228915663,0.0
4753,1188:1,1189,0.6046284482098274,0.49315231213570826,-0.6254800049966275,0.16666666666666666,0.7951807228915663,0.0
4754,1188:2,1195,0.6567913256923918,0.49301112865755586,-0.5705831942101285,0.16666666666666666,0.7991967871485943,0.0
4755,1188:3,1194,0.12081101271573016,0.9860222573151115,0.11473799408134884,0.0,0.7991967871485943,0.0
4756,1189:0,1189,0.6046284482098274,0.49315231213570826,-0.6254800049966275,0.16666666666666666,0.7951807228915663,0.0
4757,1189:1,1190,0.47571003224620817,-0.4931523121357079,-0.7283548326574878,0.3333333333333333,0.7951807228915663,0.0
4758,1189:2,1196,0.5359803129766618,-0.49301112865755553,-0.6853211882914775,0.3333333333333333,0.7991967871485943,0.0
4759,1189:3,1195,0.6567913256923918,0.49301112865755586,-0.5705831942101285,0.16666666666666666,0.7991967871485943,0.0
4760,1190:0,1190,0.47571003224620817,-0.4931523121357079,-0.7283548326574878,0.3333333333333333,0.7951807228915663,0.0
4761,1190:1,1191,-0.1289184159636193,-0.9863046242714163,-0.10287482766086024,0.5,0.7951807228915663,0.0
4762,1190:2,1197,-0.12081101271573008,-0.9860222573151115,-0.11473799408134892,0.5,0.7991967871485943,0.0
4763,1190:3,1196,0.5359803129766618,-0.49301112865755553,-0.6853211882914775,0.3333333333333333,0.7991967871485943,0.0
4764,1191:0,1191,-0.1289184159636193,-0.9863046242714163,-0.10287482766086024,0.5,0.7951807228915663,0.0
4765,1191:1,1192,-0.6046284482098273,-0.4931523121357086,0.6254800049966274,0.6666666666666666,0.7951807228915663,0.0
4766,1191:2,1198,-0.6567913256923918,-0.4930111286575562,0.5705831942101284,0.6666666666666666,0.7991967871485943,0.0
4767,1191:3,1197,-0.12081101271573008,-0.9860222573151115,-0.11473799408134892,0.5,0.7991967871485943,0.0
4768,1192:0,1192,-0.6046284482098273,-0.4931523121357086,0.6254800049966274,0.6666666666666666,0.7951807228915663,0.0
4769,1192:1,1193,-0.47571003224620834,0.4931523121357075,0.7283548326574879,0.8333333333333334,0.7951807228915663,0.0
4770,1192:2,1199,-0.535980312976662,0.4930111286575551,0.6853211882914776,0.8333333333333334,0.7991967871485943,0.0
4771,1192:3,1198,-0.6567913256923918,-0.4930111286575562,0.5705831942101284,0.6666666666666666,0.7991967871485943,0.0
4772,1193:0,1193,-0.47571003224620834,0.4931523121357075,0.7283548326574879,0.8333333333333334,0.7951807228915663,0.0
4773,1193:1,1188,0.1289184159636194,0.9863046242714163,0.10287482766086015,1.0,0.7951807228915663,0.0
4774,1193:2,1194,0.12081101271573016,0.9860222573151115,0.11473799408134884,1.0,0.7991967871485943,0.0
4775,1193:3,1199,-0.535980312976662,0.4930111286575551,0.6853211882914776,0.8333333333333334,0.7991967871485943,0.0
4776,1194:0,1194,0.12081101271573016,0.9860222573151115,0.11473799408134884,0.0,0.7991967871485943,0.0
4777,1194:1,1195,0.6567913256923918,0.49301112865755586,-0.5705831942101285,0.16666666666666666,0.7991967871485943,0.0
4778,1194:2,1201,0.7046253864083742,0.4929137625253293,-0.5104302964577756,0.16666666666666666,0.8032128514056225,0.0
4779,1194:3,1200,0.11105677323575154,0.9858275250506584,0.1257397469814395,0.0,0.8032128514056225,0.0
4780,1195:0,1195,0.6567913256923918,0.49301112865755586,-0.5705831942101285,0.16666666666666666,0.7991967871485943,0.0
4781,1195:1,1196,0.5359803129766618,-0.49301112865755553,-0.6853211882914775,0.3333333333333333,0.7991967871485943,0.0
4782,1195:2,1202,0.5935686131726229,-0.492913762525329,-0.636170043439215,0.3333333333333333,0.8032128514056225,0.0
4783,1195:3,1201,0.7046253864083742,0.4929137625253293,-0.5104302964577756,0.16666666666666666,0.8032128514056225,0.0
4784,1196:0,1196,0.5359803129766618,-0.49301112865755553,-0.6853211882914775,0.3333333333333333,0.7991967871485943,0.0
4785,1196:1,1197,-0.12081101271573008,-0.9860222573151115,-0.11473799408134892,0.5,0.7991967871485943,0.0
4786,1196:2,1203,-0.11105677323575144,-0.9858275250506584,-0.12573974698143958,0.5,0.8032128514056225,0.0
4787,1196:3,1202,0.5935686131726229,-0.492913762525329,-0.636170043439215,0.3333333333333333,0.8032128514056225,0.0
4788,1197:0,1197,-0.12081101271573008,-0.9860222573151115,-0.11473799408134892,0.5,0.7991967871485943,0.0
4789,1197:1,1198,-0.6567913256923918,-0.4930111286575562,0.5705831942101284,0.6666666666666666,0.7991967871485943,0.0
4790,1197:2,1204,-0.7046253864083742,-0.49291376252532965,0.5104302964577754,0.6666666666666666,0.8032128514056225,0.0
4791,1197:3,1203,-0.11105677323575144,-0.9858275250506584,-0.12573974698143958,0.5,0.8032128514056225,0.0
4792,1198:0,1198,-0.6567913256923918,-0.4930111286575562,0.5705831942101284,0.6666666666666666,0.7991967871485943,0.0
4793,1198:1,1199,-0.535980312976662,0.4930111286575551,0.6853211882914776,0.8333333333333334,0.7991967871485943,0.0
4794,1198:2,1205,-0.5935686131726231,0.49291376252532854,0.6361700434392152,0.8333333333333334,0.8032128514056225,0.0
4795,1198:3,1204,-0.7046253864083742,-0.49291376252532965,0.5104302964577754,0.6666666666666666,0.8032128514056225,0.0
4796,1199:0,1199,-0.535980312976662,0.4930111286575551,0.6853211882914776,0.8333333333333334,0.7991967871485943,0.0
4797,1199:1,1194,0.12081101271573016,0.9860222573151115,0.11473799408134884,1.0,0.7991967871485943,0.0
4798,1199:2,1200,0.11105677323575154,0.9858275250506584,0.1257397469814395,1.0,0.8032128514056225,0.0
4799,1199:3,1205,-0.5935686131726231,0.49291376252532854,0.6361700434392152,0.8333333333333334,0.8032128514056225,0.0
4800,1200:0,1200,0.11105677323575154,0.9858275250506584,0.1257397469814395,0.0,0.8032128514056225,0.0
4801,1200:1,1201,0.7046253864083742,0.4929137625253293,-0.5104302964577756,0.16666666666666666,0.8032128514056225,0.0
4802,1200:2,1207,0.7469974347810994,0.49278605619599736,-0.4462698009604199,0.16666666666666666,0.8072289156626506,0.0
4803,1200:3,1206,0.10052551714781209,0.9855721123919945,0.1361698633227879,0.0,0.8072289156626506,0.0
4804,1201:0,1201,0.7046253864083742,0.4929137625253293,-0.5104302964577756,0.16666666666666666,0.8032128514056225,0.0
4805,1201:1,1202,0.5935686131726229,-0.492913762525329,-0.636170043439215,0.3333333333333333,0.8032128514056225,0.0
4806,1201:2,1208,0.6464719176332873,-0.492786056195997,-0.5824396642832079,0.3333333333333333,0.8072289156626506,0.0
4807,1201:3,1207,0.7469974347810994,0.49278605619599736,-0.4462698009604199,0.16666666666666666,0.8072289156626506,0.0
4808,1202:0,1202,0.5935686131726229,-0.492913762525329,-0.636170043439215,0.3333333333333333,0.8032128514056225,0.0
4809,1202:1,1203,-0.11105677323575144,-0.9858275250506584,-0.12573974698143958,0.5,0.8032128514056225,0.0
4810,1202:2,1209,-0.100525517147812,-0.9855721123919945,-0.136169863322788,0.5,0.8072289156626506,0.0
4811,1202:3,1208,0.6464719176332873,-0.492786056195997,-0.5824396642832079,0.3333333333333333,0.8072289156626506,0.0
4812,1203:0,1203,-0.11105677323575144,-0.9858275250506584,-0.12573974698143958,0.5,0.8032128514056225,0.0
4813,1203:1,1204,-0.7046253864083742,-0.49291376252532965,0.5104302964577754,0.6666666666666666,0.8032128514056225,0.0
4814,1203:2,1210,-0.7469974347810993,-0.4927860561959977,0.44626980096041985,0.6666666666666666,0.8072289156626506,0.0
4815,1203:3,1209,-0.100525517147812,-0.9855721123919945,-0.136169863322788,0.5,0.8072289156626506,0.0
4816,1204:0,1204,-0.7046253864083742,-0.49291376252532965,0.5104302964577754,0.6666666666666666,0.8032128514056225,0.0
4817,1204:1,1205,-0.5935686131726231,0.49291376252532854,0.6361700434392152,0.8333333333333334,0.8032128514056225,0.0
4818,1204:2,1211,-0.6464719176332877,0.4927860561959966,0.582439664283208,0.8333333333333334,0.8072289156626506,0.0
4819,1204:3,1210,-0.7469974347810993,-0.4927860561959977,0.44626980096041985,0.6666666666666666,0.8072289156626506,0.0
4820,1205:0,1205,-0.5935686131726231,0.49291376252532854,0.6361700434392152,0.8333333333333334,0.8032128514056225,0.0
4821,1205:1,1200,0.11105677323575154,0.9858275250506584,0.1257397469814395,1.0,0.8032128514056225,0.0
4822,1205:2,1206,0.10052551714781209,0.9855721123919945,0.1361698633227879,1.0,0.8072289156626506,0.0
4823,1205:3,1211,-0.6464719176332877,0.4927860561959966,0.582439664283208,0.8333333333333334,0.8072289156626506,0.0
4824,1206:0,1206,0.10052551714781209,0.9855721123919945,0.1361698633227879,0.0,0.8072289156626506,0.0
4825,1206:1,1207,0.7469974347810994,0.49278605619599736,-0.4462698009604199,0.16666666666666666,0.8072289156626506,0.0
4826,1206:2,1213,0.7841110900386876,0.4926527413480853,-0.37744281013228714,0.16666666666666666,0.8112449799196787,0.0
4827,1206:3,1212,0.08882712452710477,0.9853054826961704,0.14588642060559615,0.0,0.8112449799196787,0.0
4828,1207:0,1207,0.7469974347810994,0.49278605619599736,-0.4462698009604199,0.16666666666666666,0.8072289156626506,0.0
4829,1207:1,1208,0.6464719176332873,-0.492786056195997,-0.5824396642832079,0.3333333333333333,0.8072289156626506,0.0
4830,1207:2,1214,0.695283965511583,-0.49265274134808495,-0.5233292307378834,0.3333333333333333,0.8112449799196787,0.0
4831,1207:3,1213,0.7841110900386876,0.4926527413480853,-0.37744281013228714,0.16666666666666666,0.8112449799196787,0.0
4832,1208:0,1208,0.6464719176332873,-0.492786056195997,-0.5824396642832079,0.3333333333333333,0.8072289156626506,0.0
4833,1208:1,1209,-0.100525517147812,-0.9855721123919945,-0.136169863322788,0.5,0.8072289156626506,0.0
4834,1208:2,1215,-0.08882712452710466,-0.9853054826961704,-0.1458864206055962,0.5,0.8112449799196787,0.0
4835,1208:3,1214,0.695283965511583,-0.49265274134808495,-0.5233292307378834,0.3333333333333333,0.8112449799196787,0.0
4836,1209:0,1209,-0.100525517147812,-0.9855721123919945,-0.136169863322788,0.5,0.8072289156626506,0.0
4837,1209:1,1210,-0.7469974347810993,-0.4927860561959977,0.44626980096041985,0.6666666666666666,0.8072289156626506,0.0
4838,1209:2,1216,-0.7841110900386875,-0.4926527413480856,0.37744281013228703,0.6666666666666666,0.8112449799196787,0.0
4839,1209:3,1215,-0.08882712452710466,-0.9853054826961704,-0.1458864206055962,0.5,0.8112449799196787,0.0
4840,1210:0,1210,-0.7469974347810993,-0.4927860561959977,0.44626980096041985,0.6666666666666666,0.8072289156626506,0.0
4841,1210:1,1211,-0.6464719176332877,0.4927860561959966,0.582439664283208,0.8333333333333334,0.8072289156626506,0.0
4842,1210:2,1217,-0.6952839655115833,0.4926527413480845,0.5233292307378835,0.8333333333333334,0.8112449799196787,0.0
4843,1210:3,1216,-0.7841110900386875,-0.4926527413480856,0.37744281013228703,0.6666666666666666,0.8112449799196787,0.0
4844,1211:0,1211,-0.6464719176332877,0.4927860561959966,0.582439664283208,0.8333333333333334,0.8072289156626506,0.0
4845,1211:1,1206,0.10052551714781209,0.9855721123919945,0.1361698633227879,1.0,0.8072289156626506,0.0
4846,1211:2,1212,0.08882712452710477,0.9853054826961704,0.14588642060559615,1.0,0.8112449799196787,0.0
4847,1211:3,1217,-0.6952839655115833,0.4926527413480845,0.5233292307378835,0.8333333333333334,0.8112449799196787,0.0
4848,1212:0,1212,0.08882712452710477,0.9853054826961704,0.14588642060559615,0.0,0.8112449799196787,0.0
4849,1212:1,1213,0.7841110900386876,0.4926527413480853,-0.37744281013228714,0.16666666666666666,0.8112449799196787,0.0
4850,1212:2,1219,0.8150453394130384,0.49254454276366727,-0.30512451244502675,0.16666666666666666,0.8152610441767069,0.0
4851,1212:3,1218,0.07595011062126017,0.9850890855273343,0.15437316564590683,0.0,0.8152610441767069,0.0
4852,1213:0,1213,0.7841110900386876,0.4926527413480853,-0.37744281013228714,0.16666666666666666,0.8112449799196787,0.0
4853,1213:1,1214,0.695283965511583,-0.49265274134808495,-0.5233292307378834,0.3333333333333333,0.8112449799196787,0.0
4854,1213:2,1220,0.7390952287917784,-0.49254454276366694,-0.4594976780909336,0.3333333333333333,0.8152610441767069,0.0
4855,1213:3,1219,0.8150453394130384,0.49254454276366727,-0.30512451244502675,0.16666666666666666,0.8152610441767069,0.0
4856,1214:0,1214,0.695283965511583,-0.49265274134808495,-0.5233292307378834,0.3333333333333333,0.8112449799196787,0.0
4857,1214:1,1215,-0.08882712452710466,-0.9853054826961704,-0.1458864206055962,0.5,0.8112449799196787,0.0
4858,1214:2,1221,-0.07595011062126006,-0.9850890855273343,-0.1543731656459069,0.5,0.8152610441767069,0.0
4859,1214:3,1220,0.7390952287917784,-0.49254454276366694,-0.4594976780909336,0.3333333333333333,0.8152610441767069,0.0
4860,1215:0,1215,-0.08882712452710466,-0.9853054826961704,-0.1458864206055962,0.5,0.8112449799196787,0.0
4861,1215:1,1216,-0.7841110900386875,-0.4926527413480856,0.37744281013228703,0.6666666666666666,0.8112449799196787,0.0
4862,1215:2,1222,-0.8150453394130384,-0.4925445427636676,0.30512451244502664,0.6666666666666666,0.8152610441767069,0.0
4863,1215:3,1221,-0.07595011062126006,-0.9850890855273343,-0.1543731656459069,0.5,0.8152610441767069,0.0
4864,1216:0,1216,-0.7841110900386875,-0.4926527413480856,0.37744281013228703,0.6666666666666666,0.8112449799196787,0.0
4865,1216:1,1217,-0.6952839655115833,0.4926527413480845,0.5233292307378835,0.8333333333333334,0.8112449799196787,0.0
4866,1216:2,1223,-0.7390952287917786,0.4925445427636665,0.45949767809093367,0.8333333333333334,0.8152610441767069,0.0
4867,1216:3,1222,-0.8150453394130384,-0.4925445427636676,0.30512451244502664,0.6666666666666666,0.8152610441767069,0.0
4868,1217:0,1217,-0.6952839655115833,0.4926527413480845,0.5233292307378835,0.8333333333333334,0.8112449799196787,0.0
4869,1217:1,1212,0.08882712452710477,0.9853054826961704,0.14588642060559615,1.0,0.8112449799196787,0.0
4870,1217:2,1218,0.07595011062126017,0.9850890855273343,0.15437316564590683,1.0,0.8152610441767069,0.0
4871,1217:3,1223,-0.7390952287917786,0.4925445427636665,0.45949767809093367,0.8333333333333334,0.8152610441767069,0.0
4872,1218:0,1218,0.07595011062126017,0.9850890855273343,0.15437316564590683,0.0,0.8152610441767069,0.0
4873,1218:1,1219,0.8150453394130384,0.49254454276366727,-0.30512451244502675,0.16666666666666666,0.8152610441767069,0.0
4874,1218:2,1225,0.8395520031236299,0.49237908803751107,-0.22959805686122284,0.16666666666666666,0.8192771084337349,0.0
4875,1218:3,1224,0.06241390773637747,0.9847581760750219,0.16234481443665208,0.0,0.8192771084337349,0.0
4876,1219:0,1219,0.8150453394130384,0.49254454276366727,-0.30512451244502675,0.16666666666666666,0.8152610441767069,0.0
4877,1219:1,1220,0.7390952287917784,-0.49254454276366694,-0.4594976780909336,0.3333333333333333,0.8152610441767069,0.0
4878,1219:2,1226,0.7771380953872525,-0.49237908803751074,-0.39194287129787486,0.3333333333333333,0.8192771084337349,0.0
4879,1219:3,1225,0.8395520031236299,0.49237908803751107,-0.22959805686122284,0.16666666666666666,0.8192771084337349,0.0
4880,1220:0,1220,0.7390952287917784,-0.49254454276366694,-0.4594976780909336,0.3333333333333333,0.8152610441767069,0.0
4881,1220:1,1221,-0.07595011062126006,-0.9850890855273343,-0.1543731656459069,0.5,0.8152610441767069,0.0
4882,1220:2,1227,-0.06241390773637736,-0.9847581760750219,-0.16234481443665214,0.5,0.8192771084337349,0.0
4883,1220:3,1226,0.7771380953872525,-0.49237908803751074,-0.39194287129787486,0.3333333333333333,0.8192771084337349,0.0
4884,1221:0,1221,-0.07595011062126006,-0.9850890855273343,-0.1543731656459069,0.5,0.8152610441767069,0.0
4885,1221:1,1222,-0.8150453394130384,-0.4925445427636676,0.30512451244502664,0.6666666666666666,0.8152610441767069,0.0
4886,1221:2,1228,-0.8395520031236298,-0.4923790880375114,0.22959805686122273,0.6666666666666666,0.8192771084337349,0.0
4887,1221:3,1227,-0.06241390773637736,-0.9847581760750219,-0.16234481443665214,0.5,0.8192771084337349,0.0
4888,1222:0,1222,-0.8150453394130384,-0.4925445427636676,0.30512451244502664,0.6666666666666666,0.8152610441767069,0.0
4889,1222:1,1223,-0.7390952287917786,0.4925445427636665,0.45949767809093367,0.8333333333333334,0.8152610441767069,0.0
4890,1222:2,1229,-0.7771380953872529,0.4923790880375103,0.3919428712978749,0.8333333333333334,0.8192771084337349,0.0
4891,1222:3,1228,-0.8395520031236298,-0.4923790880375114,0.22959805686122273,0.6666666666666666,0.8192771084337349,0.0
4892,1223:0,1223,-0.7390952287917786,0.4925445427636665,0.45949767809093367,0.8333333333333334,0.8152610441767069,0.0
4893,1223:1,1218,0.07595011062126017,0.9850890855273343,0.15437316564590683,1.0,0.8152610441767069,0.0
4894,1223:2,1224,0.06241390773637747,0.9847581760750219,0.16234481443665208,1.0,0.8192771084337349,0.0
4895,1223:3,1229,-0.7771380953872529,0.4923790880375103,0.3919428712978749,0.8333333333333334,0.8192771084337349,0.0
4896,1224:0,1224,0.06241390773637747,0.9847581760750219,0.16234481443665208,0.0,0.8192771084337349,0.0
4897,1224:1,1225,0.8395520031236299,0.49237908803751107,-0.22959805686122284,0.16666666666666666,0.8192771084337349,0.0
4898,1224:2,1231,0.8572471157010818,0.49225604624746766,-0.15103432575076065,0.16666666666666666,0.8232931726907631,0.0
4899,1224:3,1230,0.047652443788238005,0.9845120924949351,0.16871628354208437,0.0,0.8232931726907631,0.0
4900,1225:0,1225,0.8395520031236299,0.49237908803751107,-0.22959805686122284,0.16666666666666666,0.8192771084337349,0.0
4901,1225:1,1226,0.7771380953872525,-0.49237908803751074,-0.39194287129787486,0.3333333333333333,0.8192771084337349,0.0
4902,1225:2,1232,0.809594671912844,-0.4922560462474673,-0.31975060929284504,0.3333333333333333,0.8232931726907631,0.0
4903,1225:3,1231,0.8572471157010818,0.49225604624746766,-0.15103432575076065,0.16666666666666666,0.8232931726907631,0.0
4904,1226:0,1226,0.7771380953872525,-0.49237908803751074,-0.39194287129787486,0.3333333333333333,0.8192771084337349,0.0
4905,1226:1,1227,-0.06241390773637736,-0.9847581760750219,-0.16234481443665214,0.5,0.8192771084337349,0.0
4906,1226:2,1233,-0.04765244378823789,-0.9845120924949351,-0.1687162835420844,0.5,0.8232931726907631,0.0
4907,1226:3,1232,0.809594671912844,-0.4922560462474673,-0.31975060929284504,0.3333333333333333,0.8232931726907631,0.0
4908,1227:0,1227,-0.06241390773637736,-0.9847581760750219,-0.16234481443665214,0.5,0.8192771084337349,0.0
4909,1227:1,1228,-0.8395520031236298,-0.4923790880375114,0.22959805686122273,0.6666666666666666,0.8192771084337349,0.0
4910,1227:2,1234,-0.8572471157010817,-0.492256046247468,0.15103432575076056,0.6666666666666666,0.8232931726907631,0.0
4911,1227:3,1233,-0.04765244378823789,-0.9845120924949351,-0.1687162835420844,0.5,0.8232931726907631,0.0
4912,1228:0,1228,-0.8395520031236298,-0.4923790880375114,0.22959805686122273,0.6666666666666666,0.8192771084337349,0.0
4913,1228:1,1229,-0.7771380953872529,0.4923790880375103,0.3919428712978749,0.8333333333333334,0.8192771084337349,0.0
4914,1228:2,1235,-0.8095946719128443,0.4922560462474669,0.31975060929284504,0.8333333333333334,0.8232931726907631,0.0
4915,1228:3,1234,-0.8572471157010817,-0.492256046247468,0.15103432575076056,0.6666666666666666,0.8232931726907631,0.0
4916,1229:0,1229,-0.7771380953872529,0.4923790880375103,0.3919428712978749,0.8333333333333334,0.8192771084337349,0.0
4917,1229:1,1224,0.06241390773637747,0.9847581760750219,0.16234481443665208,1.0,0.8192771084337349,0.0
4918,1229:2,1230,0.047652443788238005,0.9845120924949351,0.16871628354208437,1.0,0.8232931726907631,0.0
4919,1229:3,1235,-0.8095946719128443,0.4922560462474669,0.31975060929284504,0.8333333333333334,0.8232931726907631,0.0
4920,1230:0,1230,0.047652443788238005,0.9845120924949351,0.16871628354208437,0.0,0.8232931726907631,0.0
4921,1230:1,1231,0.8572471157010818,0.49225604624746766,-0.15103432575076065,0.16666666666666666,0.8232931726907631,0.0
4922,1230:2,1237,0.8676585011975978,0.4920848417793155,-0.07086066462124253,0.16666666666666666,0.8273092369477911,0.0
4923,1230:3,1236,0.03233163799992402,0.9841696835586308,0.17425469620169903,0.0,0.8273092369477911,0.0
4924,1231:0,1231,0.8572471157010818,0.49225604624746766,-0.15103432575076065,0.16666666666666666,0.8232931726907631,0.0
4925,1231:1,1232,0.809594671912844,-0.4922560462474673,-0.31975060929284504,0.3333333333333333,0.8232931726907631,0.0
4926,1231:2,1238,0.8353268631976738,-0.49208484177931516,-0.24511536082294155,0.3333333333333333,0.8273092369477911,0.0
4927,1231:3,1237,0.8676585011975978,0.4920848417793155,-0.07086066462124253,0.16666666666666666,0.8273092369477911,0.0
4928,1232:0,1232,0.809594671912844,-0.4922560462474673,-0.31975060929284504,0.3333333333333333,0.8232931726907631,0.0
4929,1232:1,1233,-0.04765244378823789,-0.9845120924949351,-0.1687162835420844,0.5,0.8232931726907631,0.0
4930,1232:2,1239,-0.032331637999923904,-0.9841696835586308,-0.17425469620169906,0.5,0.8273092369477911,0.0
4931,1232:3,1238,0.8353268631976738,-0.49208484177931516,-0.24511536082294155,0.3333333333333333,0.8273092369477911,0.0
4932,1233:0,1233,-0.04765244378823789,-0.9845120924949351,-0.1687162835420844,0.5,0.8232931726907631,0.0
4933,1233:1,1234,-0.8572471157010817,-0.492256046247468,0.15103432575076056,0.6666666666666666,0.8232931726907631,0.0
4934,1233:2,1240,-0.8676585011975977,-0.49208484177931583,0.07086066462124244,0.6666666666666666,0.8273092369477911,0.0
4935,1233:3,1239,-0.032331637999923904,-0.9841696835586308,-0.17425469620169906,0.5,0.8273092369477911,0.0
4936,1234:0,1234,-0.8572471157010817,-0.492256046247468,0.15103432575076056,0.6666666666666666,0.8232931726907631,0.0
4937,1234:1,1235,-0.8095946719128443,0.4922560462474669,0.31975060929284504,0.8333333333333334,0.8232931726907631,0.0
4938,1234:2,1241,-0.8353268631976742,0.4920848417793147,0.24511536082294155,0.8333333333333334,0.8273092369477911,0.0
4939,1234:3,1240,-0.8676585011975977,-0.49208484177931583,0.07086066462124244,0.6666666666666666,0.8273092369477911,0.0
4940,1235:0,1235,-0.8095946719128443,0.4922560462474669,0.31975060929284504,0.8333333333333334,0.8232931726907631,0.0
4941,1235:1,1230,0.047652443788238005,0.9845120924949351,0.16871628354208437,1.0,0.8232931726907631,0.0
4942,1235:2,1236,0.03233163799992402,0.9841696835586308,0.17425469620169903,1.0,0.8273092369477911,0.0
4943,1235:3,1241,-0.8353268631976742,0.4920848417793147,0.24511536082294155,0.8333333333333334,0.8273092369477911,0.0
4944,1236:0,1236,0.03233163799992402,0.9841696835586308,0.17425469620169903,0.0,0.8273092369477911,0.0
4945,1236:1,1237,0.8676585011975978,0.4920848417793155,-0.07086066462124253,0.16666666666666666,0.8273092369477911,0.0
4946,1236:2,1243,0.8705621890605351,0.4919273287655264,0.011356856596033471,0.16666666666666666,0.8313253012048193,0.0
4947,1236:3,1242,0.016070866667942187,0.9838546575310526,0.17824629056167304,0.0,0.8313253012048193,0.0
4948,1237:0,1237,0.8676585011975978,0.4920848417793155,-0.07086066462124253,0.16666666666666666,0.8273092369477911,0.0
4949,1237:1,1238,0.8353268631976738,-0.49208484177931516,-0.24511536082294155,0.3333333333333333,0.8273092369477911,0.0
4950,1237:2,1244,0.8544913223925931,-0.4919273287655261,-0.16688943396563954,0.3333333333333333,0.8313253012048193,0.0
4951,1237:3,1243,0.8705621890605351,0.4919273287655264,0.011356856596033471,0.16666666666666666,0.8313253012048193,0.0
4952,1238:0,1238,0.8353268631976738,-0.49208484177931516,-0.24511536082294155,0.3333333333333333,0.8273092369477911,0.0
4953,1238:1,1239,-0.032331637999923904,-0.9841696835586308,-0.17425469620169906,0.5,0.8273092369477911,0.0
4954,1238:2,1245,-0.016070866667942066,-0.9838546575310526,-0.17824629056167304,0.5,0.8313253012048193,0.0
4955,1238:3,1244,0.8544913223925931,-0.4919273287655261,-0.16688943396563954,0.3333333333333333,0.8313253012048193,0.0
4956,1239:0,1239,-0.032331637999923904,-0.9841696835586308,-0.17425469620169906,0.5,0.8273092369477911,0.0
4957,1239:1,1240,-0.8676585011975977,-0.49208484177931583,0.07086066462124244,0.6666666666666666,0.8273092369477911,0.0
4958,1239:2,1246,-0.870562189060535,-0.49192732876552675,-0.011356856596033554,0.6666666666666666,0.8313253012048193,0.0
4959,1239:3,1245,-0.016070866667942066,-0.9838546575310526,-0.17824629056167304,0.5,0.8313253012048193,0.0
4960,1240:0,1240,-0.8676585011975977,-0.49208484177931583,0.07086066462124244,0.6666666666666666,0.8273092369477911,0.0
4961,1240:1,1241,-0.8353268631976742,0.4920848417793147,0.24511536082294155,0.8333333333333334,0.8273092369477911,0.0
4962,1240:2,1247,-0.8544913223925934,0.49192732876552564,0.1668894339656395,0.8333333333333334,0.8313253012048193,0.0
4963,1240:3,1246,-0.870562189060535,-0.49192732876552675,-0.011356856596033554,0.6666666666666666,0.8313253012048193,0.0
4964,1241:0,1241,-0.8353268631976742,0.4920848417793147,0.24511536082294155,0.8333333333333334,0.8273092369477911,0.0
4965,1241:1,1236,0.03233163799992402,0.9841696835586308,0.17425469620169903,1.0,0.8273092369477911,0.0
4966,1241:2,1242,0.016070866667942187,0.9838546575310526,0.17824629056167304,1.0,0.8313253012048193,0.0
4967,1241:3,1247,-0.8544913223925934,0.49192732876552564,0.1668894339656395,0.8333333333333334,0.8313253012048193,0.0
4968,1242:0,1242,0.016070866667942187,0.9838546575310526,0.17824629056167304,0.0,0.8313253012048193,0.0
4969,1242:1,1243,0.8705621890605351,0.4919273287655264,0.011356856596033471,0.16666666666666666,0.8313253012048193,0.0
4970,1242:2,1249,0.8656460863792733,0.4917615951349424,0.09395417333245383,0.16666666666666666,0.8353413654618473,0.0
4971,1242:3,1248,-0.000743968165787967,0.9835231902698846,0.18078047658062182,0.0,0.8353413654618473,0.0
4972,1243:0,1243,0.8705621890605351,0.4919273287655264,0.011356856596033471,0.16666666666666666,0.8313253012048193,0.0
4973,1243:1,1244,0.8544913223925931,-0.4919273287655261,-0.16688943396563954,0.3333333333333333,0.8313253012048193,0.0
4974,1243:2,1250,0.8663900545450613,-0.49176159513494205,-0.08682630324816797,0.3333333333333333,0.8353413654618473,0.0
4975,1243:3,1249,0.8656460863792733,0.4917615951349424,0.09395417333245383,0.16666666666666666,0.8353413654618473,0.0
4976,1244:0,1244,0.8544913223925931,-0.4919273287655261,-0.16688943396563954,0.3333333333333333,0.8313253012048193,0.0
4977,1244:1,1245,-0.016070866667942066,-0.9838546575310526,-0.17824629056167304,0.5,0.8313253012048193,0.0
4978,1244:2,1251,0.0007439681657880895,-0.9835231902698846,-0.18078047658062182,0.5,0.8353413654618473,0.0
4979,1244:3,1250,0.8663900545450613,-0.49176159513494205,-0.08682630324816797,0.3333333333333333,0.8353413654618473,0.0
4980,1245:0,1245,-0.016070866667942066,-0.9838546575310526,-0.17824629056167304,0.5,0.8313253012048193,0.0
4981,1245:1,1246,-0.870562189060535,-0.49192732876552675,-0.011356856596033554,0.6666666666666666,0.8313253012048193,0.0
4982,1245:2,1252,-0.8656460863792732,-0.4917615951349427,-0.0939541733324539,0.6666666666666666,0.8353413654618473,0.0
4983,1245:3,1251,0.0007439681657880895,-0.9835231902698846,-0.18078047658062182,0.5,0.8353413654618473,0.0
4984,1246:0,1246,-0.870562189060535,-0.49192732876552675,-0.011356856596033554,0.6666666666666666,0.8313253012048193,0.0
4985,1246:1,1247,-0.8544913223925934,0.49192732876552564,0.1668894339656395,0.8333333333333334,0.8313253012048193,0.0
4986,1246:2,1253,-0.8663900545450617,0.4917615951349416,0.08682630324816788,0.8333333333333334,0.8353413654618473,0.0
4987,1246:3,1252,-0.8656460863792732,-0.4917615951349427,-0.0939541733324539,0.6666666666666666,0.8353413654618473,0.0
4988,1247:0,1247,-0.8544913223925934,0.49192732876552564,0.1668894339656395,0.8333333333333334,0.8313253012048193,0.0
4989,1247:1,1242,0.016070866667942187,0.9838546575310526,0.17824629056167304,1.0,0.8313253012048193,0.0
4990,1247:2,1248,-0.000743968165787967,0.9835231902698846,0.18078047658062182,1.0,0.8353413654618473,0.0
4991,1247:3,1253,-0.8663900545450617,0.4917615951349416,0.08682630324816788,0.8333333333333334,0.8353413654618473,0.0
4992,1248:0,1248,-0.000743968165787967,0.9835231902698846,0.18078047658062182,0.0,0.8353413654618473,0.0
4993,1248:1,1249,0.8656460863792733,0.4917615951349424,0.09395417333245383,0.16666666666666666,0.8353413654618473,0.0
4994,1248:2,1255,0.852660835771415,0.49157208457224316,0.17699261230596997,0.16666666666666666,0.8393574297188755,0.0
4995,1248:3,1254,-0.01816206858045302,0.9831441691444861,0.18192768327573727,0.0,0.8393574297188755,0.0
4996,1249:0,1249,0.8656460863792733,0.4917615951349424,0.09395417333245383,0.16666666666666666,0.8353413654618473,0.0
4997,1249:1,1250,0.8663900545450613,-0.49176159513494205,-0.08682630324816797,0.3333333333333333,0.8353413654618473,0.0
4998,1249:2,1256,0.8708229043518683,-0.49157208457224283,-0.004935070969767294,0.3333333333333333,0.8393574297188755,0.0
4999,1249:3,1255,0.852660835771415,0.49157208457224316,0.17699261230596997,0.16666666666666666,0.8393574297188755,0.0
5000,1250:0,1250,0.8663900545450613,-0.49176159513494205,-0.08682630324816797,0.3333333333333333,0.8353413654618473,0.0
5001,1250:1,1251,0.0007439681657880895,-0.9835231902698846,-0.18078047658062182,0.5,0.8353413654618473,0.0
5002,1250:2,1257,0.01816206858045314,-0.9831441691444861,-0.18192768327573727,0.5,0.8393574297188755,0.0
5003,1250:3,1256,0.8708229043518683,-0.49157208457224283,-0.004935070969767294,0.3333333333333333,0.8393574297188755,0.0
5004,1251:0,1251,0.0007439681657880895,-0.9835231902698846,-0.18078047658062182,0.5,0.8353413654618473,0.0
5005,1251:1,1252,-0.8656460863792732,-0.4917615951349427,-0.0939541733324539,0.6666666666666666,0.8353413654618473,0.0
5006,1251:2,1258,-0.8526608357714149,-0.4915720845722435,-0.17699261230597002,0.6666666666666666,0.8393574297188755,0.0
5007,1251:3,1257,0.01816206858045314,-0.9831441691444861,-0.18192768327573727,0.5,0.8393574297188755,0.0
5008,1252:0,1252,-0.8656460863792732,-0.4917615951349427,-0.0939541733324539,0.6666666666666666,0.8353413654618473,0.0
5009,1252:1,1253,-0.8663900545450617,0.4917615951349416,0.08682630324816788,0.8333333333333334,0.8353413654618473,0.0
5010,1252:2,1259,-0.8708229043518685,0.4915720845722424,0.004935070969767169,0.8333333333333334,0.8393574297188755,0.0
5011,1252:3,1258,-0.8526608357714149,-0.4915720845722435,-0.17699261230597002,0.6666666666666666,0.8393574297188755,0.0
5012,1253:0,1253,-0.8663900545450617,0.4917615951349416,0.08682630324816788,0.8333333333333334,0.8353413654618473,0.0
5013,1253:1,1248,-0.000743968165787967,0.9835231902698846,0.18078047658062182,1.0,0.8353413654618473,0.0
5014,1253:2,1254,-0.01816206858045302,0.9831441691444861,0.18192768327573727,1.0,0.8393574297188755,0.0
5015,1253:3,1259,-0.8708229043518685,0.4915720845722424,0.004935070969767169,0.8333333333333334,0.8393574297188755,0.0
5016,1254:0,1254,-0.01816206858045302,0.9831441691444861,0.18192768327573727,0.0,0.8393574297188755,0.0
5017,1254:1,1255,0.852660835771415,0.49157208457224316,0.17699261230596997,0.16666666666666666,0.8393574297188755,0.0
5018,1254:2,1261,0.8314668089172245,0.49140057737154036,0.2592072881458481,0.16666666666666666,0.8433734939759037,0.0
5019,1254:3,1260,-0.03596024859263317,0.9828011547430805,0.18113186013736957,0.0,0.8433734939759037,0.0
5020,1255:0,1255,0.852660835771415,0.49157208457224316,0.17699261230596997,0.16666666666666666,0.8393574297188755,0.0
5021,1255:1,1256,0.8708229043518683,-0.49157208457224283,-0.004935070969767294,0.3333333333333333,0.8393574297188755,0.0
5022,1255:2,1262,0.8674270575098577,-0.49140057737154,0.07807542800847858,0.3333333333333333,0.8433734939759037,0.0
5023,1255:3,1261,0.8314668089172245,0.49140057737154036,0.2592072881458481,0.16666666666666666,0.8433734939759037,0.0
5024,1256:0,1256,0.8708229043518683,-0.49157208457224283,-0.004935070969767294,0.3333333333333333,0.8393574297188755,0.0
5025,1256:1,1257,0.01816206858045314,-0.9831441691444861,-0.18192768327573727,0.5,0.8393574297188755,0.0
5026,1256:2,1263,0.03596024859263329,-0.9828011547430805,-0.18113186013736954,0.5,0.8433734939759037,0.0
5027,1256:3,1262,0.8674270575098577,-0.49140057737154,0.07807542800847858,0.3333333333333333,0.8433734939759037,0.0
5028,1257:0,1257,0.01816206858045314,-0.9831441691444861,-0.18192768327573727,0.5,0.8393574297188755,0.0
5029,1257:1,1258,-0.8526608357714149,-0.4915720845722435,-0.17699261230597002,0.6666666666666666,0.8393574297188755,0.0
5030,1257:2,1264,-0.8314668089172244,-0.4914005773715407,-0.25920728814584815,0.6666666666666666,0.8433734939759037,0.0
5031,1257:3,1263,0.03596024859263329,-0.9828011547430805,-0.18113186013736954,0.5,0.8433734939759037,0.0
5032,1258:0,1258,-0.8526608357714149,-0.4915720845722435,-0.17699261230597002,0.6666666666666666,0.8393574297188755,0.0
5033,1258:1,1259,-0.8708229043518685,0.4915720845722424,0.004935070969767169,0.8333333333333334,0.8393574297188755,0.0
5034,1258:2,1265,-0.867427057509858,0.4914005773715396,-0.07807542800847872,0.8333333333333334,0.8433734939759037,0.0
5035,1258:3,1264,-0.8314668089172244,-0.4914005773715407,-0.25920728814584815,0.6666666666666666,0.8433734939759037,0.0
5036,1259:0,1259,-0.8708229043518685,0.4915720845722424,0.004935070969767169,0.8333333333333334,0.8393574297188755,0.0
5037,1259:1,1254,-0.01816206858045302,0.9831441691444861,0.18192768327573727,1.0,0.8393574297188755,0.0
5038,1259:2,1260,-0.03596024859263317,0.9828011547430805,0.18113186013736957,1.0,0.8433734939759037,0.0
5039,1259:3,1265,-0.867427057509858,0.4914005773715396,-0.07807542800847872,0.8333333333333334,0.8433734939759037,0.0
5040,1260:0,1260,-0.03596024859263317,0.9828011547430805,0.18113186013736957,0.0,0.8433734939759037,0.0
5041,1260:1,1261,0.8314668089172245,0.49140057737154036,0.2592072881458481,0.16666666666666666,0.8433734939759037,0.0
5042,1260:2,1267,0.8019863896964106,0.4911814408989038,0.33993914581612095,0.16666666666666666,0.8473895582329317,0.0
5043,1260:3,1266,-0.05407308704675967,0.9823628817978074,0.1789951667591633,0.0,0.8473895582329317,0.0
5044,1261:0,1261,0.8314668089172245,0.49140057737154036,0.2592072881458481,0.16666666666666666,0.8433734939759037,0.0
5045,1261:1,1262,0.8674270575098577,-0.49140057737154,0.07807542800847858,0.3333333333333333,0.8433734939759037,0.0
5046,1261:2,1268,0.8560594767431703,-0.4911814408989035,0.1609439790569577,0.3333333333333333,0.8473895582329317,0.0
5047,1261:3,1267,0.8019863896964106,0.4911814408989038,0.33993914581612095,0.16666666666666666,0.8473895582329317,0.0
5048,1262:0,1262,0.8674270575098577,-0.49140057737154,0.07807542800847858,0.3333333333333333,0.8433734939759037,0.0
5049,1262:1,1263,0.03596024859263329,-0.9828011547430805,-0.18113186013736954,0.5,0.8433734939759037,0.0
5050,1262:2,1269,0.05407308704675979,-0.9823628817978074,-0.17899516675916327,0.5,0.8473895582329317,0.0
5051,1262:3,1268,0.8560594767431703,-0.4911814408989035,0.1609439790569577,0.3333333333333333,0.8473895582329317,0.0
5052,1263:0,1263,0.03596024859263329,-0.9828011547430805,-0.18113186013736954,0.5,0.8433734939759037,0.0
5053,1263:1,1264,-0.8314668089172244,-0.4914005773715407,-0.25920728814584815,0.6666666666666666,0.8433734939759037,0.0
5054,1263:2,1270,-0.8019863896964105,-0.49118144089890414,-0.339939145816121,0.6666666666666666,0.8473895582329317,0.0
5055,1263:3,1269,0.05407308704675979,-0.9823628817978074,-0.17899516675916327,0.5,0.8473895582329317,0.0
5056,1264:0,1264,-0.8314668089172244,-0.4914005773715407,-0.25920728814584815,0.6666666666666666,0.8433734939759037,0.0
5057,1264:1,1265,-0.867427057509858,0.4914005773715396,-0.07807542800847872,0.8333333333333334,0.8433734939759037,0.0
5058,1264:2,1271,-0.8560594767431706,0.49118144089890303,-0.1609439790569579,0.8333333333333334,0.8473895582329317,0.0
5059,1264:3,1270,-0.8019863896964105,-0.49118144089890414,-0.339939145816121,0.6666666666666666,0.8473895582329317,0.0
5060,1265:0,1265,-0.867427057509858,0.4914005773715396,-0.07807542800847872,0.8333333333333334,0.8433734939759037,0.0
5061,1265:1,1260,-0.03596024859263317,0.9828011547430805,0.18113186013736957,1.0,0.8433734939759037,0.0
5062,1265:2,1266,-0.05407308704675967,0.9823628817978074,0.1789951667591633,1.0,0.8473895582329317,0.0
5063,1265:3,1271,-0.8560594767431706,0.49118144089890303,-0.1609439790569579,0.8333333333333334,0.8473895582329317,0.0
5064,1266:0,1266,-0.05407308704675967,0.9823628817978074,0.1789951667591633,0.0,0.8473895582329317,0.0
5065,1266:1,1267,0.8019863896964106,0.4911814408989038,0.33993914581612095,0.16666666666666666,0.8473895582329317,0.0
5066,1266:2,1273,0.764064248102504,0.49098900652757016,0.418492079065572,0.16666666666666666,0.8514056224899599,0.0
5067,1266:3,1272,-0.07227369914306772,0.9819780130551401,0.1746301643143484,0.0,0.8514056224899599,0.0
5068,1267:0,1267,0.8019863896964106,0.4911814408989038,0.33993914581612095,0.16666666666666666,0.8473895582329317,0.0
5069,1267:1,1268,0.8560594767431703,-0.4911814408989035,0.1609439790569577,0.3333333333333333,0.8473895582329317,0.0
5070,1267:2,1274,0.8363379472455718,-0.4909890065275698,0.2438619147512237,0.3333333333333333,0.8514056224899599,0.0
5071,1267:3,1273,0.764064248102504,0.49098900652757016,0.418492079065572,0.16666666666666666,0.8514056224899599,0.0
5072,1268:0,1268,0.8560594767431703,-0.4911814408989035,0.1609439790569577,0.3333333333333333,0.8473895582329317,0.0
5073,1268:1,1269,0.05407308704675979,-0.9823628817978074,-0.17899516675916327,0.5,0.8473895582329317,0.0
5074,1268:2,1275,0.07227369914306783,-0.9819780130551401,-0.17463016431434836,0.5,0.8514056224899599,0.0
5075,1268:3,1274,0.8363379472455718,-0.4909890065275698,0.2438619147512237,0.3333333333333333,0.8514056224899599,0.0
5076,1269:0,1269,0.05407308704675979,-0.9823628817978074,-0.17899516675916327,0.5,0.8473895582329317,0.0
5077,1269:1,1270,-0.8019863896964105,-0.49118144089890414,-0.339939145816121,0.6666666666666666,0.8473895582329317,0.0
5078,1269:2,1276,-0.7640642481025038,-0.4909890065275705,-0.41849207906557206,0.6666666666666666,0.8514056224899599,0.0
5079,1269:3,1275,0.07227369914306783,-0.9819780130551401,-0.17463016431434836,0.5,0.8514056224899599,0.0
5080,1270:0,1270,-0.8019863896964105,-0.49118144089890414,-0.339939145816121,0.6666666666666666,0.8473895582329317,0.0
5081,1270:1,1271,-0.8560594767431706,0.49118144089890303,-0.1609439790569579,0.8333333333333334,0.8473895582329317,0.0
5082,1270:2,1277,-0.8363379472455721,0.4909890065275694,-0.24386191475122387,0.8333333333333334,0.8514056224899599,0.0
5083,1270:3,1276,-0.7640642481025038,-0.4909890065275705,-0.41849207906557206,0.6666666666666666,0.8514056224899599,0.0
5084,1271:0,1271,-0.8560594767431706,0.49118144089890303,-0.1609439790569579,0.8333333333333334,0.8473895582329317,0.0
5085,1271:1,1266,-0.05407308704675967,0.9823628817978074,0.1789951667591633,1.0,0.8473895582329317,0.0
5086,1271:2,1272,-0.07227369914306772,0.9819780130551401,0.1746301643143484,1.0,0.8514056224899599,0.0
5087,1271:3,1277,-0.8363379472455721,0.4909890065275694,-0.24386191475122387,0.8333333333333334,0.8514056224899599,0.0
5088,1272:0,1272,-0.07227369914306772,0.9819780130551401,0.1746301643143484,0.0,0.8514056224899599,0.0
5089,1272:1,1273,0.764064248102504,0.49098900652757016,0.418492079065572,0.16666666666666666,0.8514056224899599,0.0
5090,1272:2,1279,0.717993583842969,0.4907456083838543,0.49361316981244585,0.16666666666666666,0.8554216867469879,0.0
5091,1272:3,1278,-0.09049314988601177,0.9814912167677083,0.1687779050455102,0.0,0.8554216867469879,0.0
5092,1273:0,1273,0.764064248102504,0.49098900652757016,0.418492079065572,0.16666666666666666,0.8514056224899599,0.0
5093,1273:1,1274,0.8363379472455718,-0.4909890065275698,0.2438619147512237,0.3333333333333333,0.8514056224899599,0.0
5094,1273:2,1280,0.8084867337289808,-0.49074560838385395,0.3248352647669357,0.3333333333333333,0.8554216867469879,0.0
5095,1273:3,1279,0.717993583842969,0.4907456083838543,0.49361316981244585,0.16666666666666666,0.8554216867469879,0.0
5096,1274:0,1274,0.8363379472455718,-0.4909890065275698,0.2438619147512237,0.3333333333333333,0.8514056224899599,0.0
5097,1274:1,1275,0.07227369914306783,-0.9819780130551401,-0.17463016431434836,0.5,0.8514056224899599,0.0
5098,1274:2,1281,0.09049314988601188,-0.9814912167677083,-0.16877790504551016,0.5,0.8554216867469879,0.0
5099,1274:3,1280,0.8084867337289808,-0.49074560838385395,0.3248352647669357,0.3333333333333333,0.8554216867469879,0.0
5100,1275:0,1275,0.07227369914306783,-0.9819780130551401,-0.17463016431434836,0.5,0.8514056224899599,0.0
5101,1275:1,1276,-0.7640642481025038,-0.4909890065275705,-0.41849207906557206,0.6666666666666666,0.8514056224899599,0.0
5102,1275:2,1282,-0.7179935838429689,-0.4907456083838546,-0.49361316981244585,0.6666666666666666,0.8554216867469879,0.0
5103,1275:3,1281,0.09049314988601188,-0.9814912167677083,-0.16877790504551016,0.5,0.8554216867469879,0.0
5104,1276:0,1276,-0.7640642481025038,-0.4909890065275705,-0.41849207906557206,0.6666666666666666,0.8514056224899599,0.0
5105,1276:1,1277,-0.8363379472455721,0.4909890065275694,-0.24386191475122387,0.8333333333333334,0.8514056224899599,0.0
5106,1276:2,1283,-0.8084867337289809,0.4907456083838535,-0.3248352647669359,0.8333333333333334,0.8554216867469879,0.0
5107,1276:3,1282,-0.7179935838429689,-0.4907456083838546,-0.49361316981244585,0.6666666666666666,0.8554216867469879,0.0
5108,1277:0,1277,-0.8363379472455721,0.4909890065275694,-0.24386191475122387,0.8333333333333334,0.8514056224899599,0.0
5109,1277:1,1272,-0.07227369914306772,0.9819780130551401,0.1746301643143484,1.0,0.8514056224899599,0.0
5110,1277:2,1278,-0.09049314988601177,0.9814912167677083,0.1687779050455102,1.0,0.8554216867469879,0.0
5111,1277:3,1283,-0.8084867337289809,0.4907456083838535,-0.3248352647669359,0.8333333333333334,0.8554216867469879,0.0
5112,1278:0,1278,-0.09049314988601177,0.9814912167677083,0.1687779050455102,0.0,0.8554216867469879,0.0
5113,1278:1,1279,0.717993583842969,0.4907456083838543,0.49361316981244585,0.16666666666666666,0.8554216867469879,0.0
5114,1278:2,1285,0.6635783075254816,0.4905167103326926,0.5648514731024529,0.16666666666666666,0.8594377510040161,0.0
5115,1278:3,1284,-0.10844802944319303,0.981033420665385,0.16066254214178927,0.0,0.8594377510040161,0.0
5116,1279:0,1279,0.717993583842969,0.4907456083838543,0.49361316981244585,0.16666666666666666,0.8554216867469879,0.0
5117,1279:1,1280,0.8084867337289808,-0.49074560838385395,0.3248352647669357,0.3333333333333333,0.8554216867469879,0.0
5118,1279:2,1286,0.7720263369686746,-0.4905167103326923,0.40418893096066366,0.3333333333333333,0.8594377510040161,0.0
5119,1279:3,1285,0.6635783075254816,0.4905167103326926,0.5648514731024529,0.16666666666666666,0.8594377510040161,0.0
5120,1280:0,1280,0.8084867337289808,-0.49074560838385395,0.3248352647669357,0.3333333333333333,0.8554216867469879,0.0
5121,1280:1,1281,0.09049314988601188,-0.9814912167677083,-0.16877790504551016,0.5,0.8554216867469879,0.0
5122,1280:2,1287,0.10844802944319312,-0.981033420665385,-0.1606625421417892,0.5,0.8594377510040161,0.0
5123,1280:3,1286,0.7720263369686746,-0.4905167103326923,0.40418893096066366,0.3333333333333333,0.8594377510040161,0.0
5124,1281:0,1281,0.09049314988601188,-0.9814912167677083,-0.16877790504551016,0.5,0.8554216867469879,0.0
5125,1281:1,1282,-0.7179935838429689,-0.4907456083838546,-0.49361316981244585,0.6666666666666666,0.8554216867469879,0.0
5126,1281:2,1288,-0.6635783075254815,-0.49051671033269295,-0.5648514731024529,0.6666666666666666,0.8594377510040161,0.0
5127,1281:3,1287,0.10844802944319312,-0.981033420665385,-0.1606625421417892,0.5,0.8594377510040161,0.0
5128,1282:0,1282,-0.7179935838429689,-0.4907456083838546,-0.49361316981244585,0.6666666666666666,0.8554216867469879,0.0
5129,1282:1,1283,-0.8084867337289809,0.4907456083838535,-0.3248352647669359,0.8333333333333334,0.8554216867469879,0.0
5130,1282:2,1289,-0.772026336968675,0.49051671033269184,-0.4041889309606639,0.8333333333333334,0.8594377510040161,0.0
5131,1282:3,1288,-0.6635783075254815,-0.49051671033269295,-0.5648514731024529,0.6666666666666666,0.8594377510040161,0.0
5132,1283:0,1283,-0.8084867337289809,0.4907456083838535,-0.3248352647669359,0.8333333333333334,0.8554216867469879,0.0
5133,1283:1,1278,-0.09049314988601177,0.9814912167677083,0.1687779050455102,1.0,0.8554216867469879,0.0
5134,1283:2,1284,-0.10844802944319303,0.981033420665385,0.16066254214178927,1.0,0.8594377510040161,0.0
5135,1283:3,1289,-0.772026336968675,0.49051671033269184,-0.4041889309606639,0.8333333333333334,0.8594377510040161,0.0
5136,1284:0,1284,-0.10844802944319303,0.981033420665385,0.16066254214178927,0.0,0.8594377510040161,0.0
5137,1284:1,1285,0.6635783075254816,0.4905167103326926,0.5648514731024529,0.16666666666666666,0.8594377510040161,0.0
5138,1284:2,1291,0.6014177775374953,0.4902539579164816,0.630830970711715,0.16666666666666666,0.8634538152610441,0.0
5139,1284:3,1290,-0.12602001394985607,0.9805079158329629,0.15074210782982148,0.0,0.8634538152610441,0.0
5140,1285:0,1285,0.6635783075254816,0.4905167103326926,0.5648514731024529,0.16666666666666666,0.8594377510040161,0.0
5141,1285:1,1286,0.7720263369686746,-0.4905167103326923,0.40418893096066366,0.3333333333333333,0.8594377510040161,0.0
5142,1285:2,1292,0.7274377914873513,-0.49025395791648124,0.4800888628818937,0.3333333333333333,0.8634538152610441,0.0
5143,1285:3,1291,0.6014177775374953,0.4902539579164816,0.630830970711715,0.16666666666666666,0.8634538152610441,0.0
5144,1286:0,1286,0.7720263369686746,-0.4905167103326923,0.40418893096066366,0.3333333333333333,0.8594377510040161,0.0
5145,1286:1,1287,0.10844802944319312,-0.981033420665385,-0.1606625421417892,0.5,0.8594377510040161,0.0
5146,1286:2,1293,0.12602001394985615,-0.9805079158329629,-0.1507421078298214,0.5,0.8634538152610441,0.0
5147,1286:3,1292,0.7274377914873513,-0.49025395791648124,0.4800888628818937,0.3333333333333333,0.8634538152610441,0.0
5148,1287:0,1287,0.10844802944319312,-0.981033420665385,-0.1606625421417892,0.5,0.8594377510040161,0.0
5149,1287:1,1288,-0.6635783075254815,-0.49051671033269295,-0.5648514731024529,0.6666666666666666,0.8594377510040161,0.0
5150,1287:2,1294,-0.6014177775374951,-0.4902539579164819,-0.6308309707117151,0.6666666666666666,0.8634538152610441,0.0
5151,1287:3,1293,0.12602001394985615,-0.9805079158329629,-0.1507421078298214,0.5,0.8634538152610441,0.0
5152,1288:0,1288,-0.6635783075254815,-0.49051671033269295,-0.5648514731024529,0.6666666666666666,0.8594377510040161,0.0
5153,1288:1,1289,-0.772026336968675,0.49051671033269184,-0.4041889309606639,0.8333333333333334,0.8594377510040161,0.0
5154,1288:2,1295,-0.7274377914873517,0.4902539579164808,-0.480088862881894,0.8333333333333334,0.8634538152610441,0.0
5155,1288:3,1294,-0.6014177775374951,-0.4902539579164819,-0.6308309707117151,0.6666666666666666,0.8634538152610441,0.0
5156,1289:0,1289,-0.772026336968675,0.49051671033269184,-0.4041889309606639,0.8333333333333334,0.8594377510040161,0.0
5157,1289:1,1284,-0.10844802944319303,0.981033420665385,0.16066254214178927,1.0,0.8594377510040161,0.0
5158,1289:2,1290,-0.12602001394985607,0.9805079158329629,0.15074210782982148,1.0,0.8634538152610441,0.0
5159,1289:3,1295,-0.7274377914873517,0.4902539579164808,-0.480088862881894,0.8333333333333334,0.8634538152610441,0.0
5160,1290:0,1290,-0.12602001394985607,0.9805079158329629,0.15074210782982148,0.0,0.8634538152610441,0.0
5161,1290:1,1291,0.6014177775374953,0.4902539579164816,0.630830970711715,0.16666666666666666,0.8634538152610441,0.0
5162,1290:2,1297,0.5314530074648006,0.4899864289913323,0.6909927642609152,0.16666666666666666,0.8674698795180723,0.0
5163,1290:3,1296,-0.14294603243205303,0.9799728579826644,0.13863487811233838,0.0,0.8674698795180723,0.0
5164,1291:0,1291,0.6014177775374953,0.4902539579164816,0.630830970711715,0.16666666666666666,0.8634538152610441,0.0
5165,1291:1,1292,0.7274377914873513,-0.49025395791648124,0.4800888628818937,0.3333333333333333,0.8634538152610441,0.0
5166,1291:2,1298,0.6743990398968537,-0.489986428991332,0.552357886148577,0.3333333333333333,0.8674698795180723,0.0
5167,1291:3,1297,0.5314530074648006,0.4899864289913323,0.6909927642609152,0.16666666666666666,0.8674698795180723,0.0
5168,1292:0,1292,0.7274377914873513,-0.49025395791648124,0.4800888628818937,0.3333333333333333,0.8634538152610441,0.0
5169,1292:1,1293,0.12602001394985615,-0.9805079158329629,-0.1507421078298214,0.5,0.8634538152610441,0.0
5170,1292:2,1299,0.14294603243205312,-0.9799728579826644,-0.1386348781123383,0.5,0.8674698795180723,0.0
5171,1292:3,1298,0.6743990398968537,-0.489986428991332,0.552357886148577,0.3333333333333333,0.8674698795180723,0.0
5172,1293:0,1293,0.12602001394985615,-0.9805079158329629,-0.1507421078298214,0.5,0.8634538152610441,0.0
5173,1293:1,1294,-0.6014177775374951,-0.4902539579164819,-0.6308309707117151,0.6666666666666666,0.8634538152610441,0.0
5174,1293:2,1300,-0.5314530074648005,-0.48998642899133266,-0.6909927642609152,0.6666666666666666,0.8674698795180723,0.0
5175,1293:3,1299,0.14294603243205312,-0.9799728579826644,-0.1386348781123383,0.5,0.8674698795180723,0.0
5176,1294:0,1294,-0.6014177775374951,-0.4902539579164819,-0.6308309707117151,0.6666666666666666,0.8634538152610441,0.0
5177,1294:1,1295,-0.7274377914873517,0.4902539579164808,-0.480088862881894,0.8333333333333334,0.8634538152610441,0.0
5178,1294:2,1301,-0.6743990398968538,0.48998642899133155,-0.5523578861485773,0.8333333333333334,0.8674698795180723,0.0
5179,1294:3,1300,-0.5314530074648005,-0.48998642899133266,-0.6909927642609152,0.6666666666666666,0.8674698795180723,0.0
5180,1295:0,1295,-0.7274377914873517,0.4902539579164808,-0.480088862881894,0.8333333333333334,0.8634538152610441,0.0
5181,1295:1,1290,-0.12602001394985607,0.9805079158329629,0.15074210782982148,1.0,0.8634538152610441,0.0
5182,1295:2,1296,-0.14294603243205303,0.9799728579826644,0.13863487811233838,1.0,0.8674698795180723,0.0
5183,1295:3,1301,-0.6743990398968538,0.48998642899133155,-0.5523578861485773,0.8333333333333334,0.8674698795180723,0.0
5184,1296:0,1296,-0.14294603243205303,0.9799728579826644,0.13863487811233838,0.0,0.8674698795180723,0.0
5185,1296:1,1297,0.5314530074648006,0.4899864289913323,0.6909927642609152,0.16666666666666666,0.8674698795180723,0.0
5186,1296:2,1303,0.454470083656131,0.4896943821739089,0.7440808794270305,0.16666666666666666,0.8714859437751004,0.0
5187,1296:3,1302,-0.1590195754701843,0.9793887643478176,0.12454084826488579,0.0,0.8714859437751004,0.0
5188,1297:0,1297,0.5314530074648006,0.4899864289913323,0.6909927642609152,0.16666666666666666,0.8674698795180723,0.0
5189,1297:1,1298,0.6743990398968537,-0.489986428991332,0.552357886148577,0.3333333333333333,0.8674698795180723,0.0
5190,1297:2,1304,0.6134896591263153,-0.4896943821739086,0.6195400311621448,0.3333333333333333,0.8714859437751004,0.0
5191,1297:3,1303,0.454470083656131,0.4896943821739089,0.7440808794270305,0.16666666666666666,0.8714859437751004,0.0
5192,1298:0,1298,0.6743990398968537,-0.489986428991332,0.552357886148577,0.3333333333333333,0.8674698795180723,0.0
5193,1298:1,1299,0.14294603243205312,-0.9799728579826644,-0.1386348781123383,0.5,0.8674698795180723,0.0
5194,1298:2,1305,0.1590195754701844,-0.9793887643478176,-0.12454084826488569,0.5,0.8714859437751004,0.0
5195,1298:3,1304,0.6134896591263153,-0.4896943821739086,0.6195400311621448,0.3333333333333333,0.8714859437751004,0.0
5196,1299:0,1299,0.14294603243205312,-0.9799728579826644,-0.1386348781123383,0.5,0.8674698795180723,0.0
5197,1299:1,1300,-0.5314530074648005,-0.48998642899133266,-0.6909927642609152,0.6666666666666666,0.8674698795180723,0.0
5198,1299:2,1306,-0.45447008365613084,-0.48969438217390926,-0.7440808794270305,0.6666666666666666,0.8714859437751004,0.0
5199,1299:3,1305,0.1590195754701844,-0.9793887643478176,-0.12454084826488569,0.5,0.8714859437751004,0.0
5200,1300:0,1300,-0.5314530074648005,-0.48998642899133266,-0.6909927642609152,0.6666666666666666,0.8674698795180723,0.0
5201,1300:1,1301,-0.6743990398968538,0.48998642899133155,-0.5523578861485773,0.8333333333333334,0.8674698795180723,0.0
5202,1300:2,1307,-0.6134896591263155,0.48969438217390815,-0.6195400311621452,0.8333333333333334,0.8714859437751004,0.0
5203,1300:3,1306,-0.45447008365613084,-0.48969438217390926,-0.7440808794270305,0.6666666666666666,0.8714859437751004,0.0
5204,1301:0,1301,-0.6743990398968538,0.48998642899133155,-0.5523578861485773,0.8333333333333334,0.8674698795180723,0.0
5205,1301:1,1296,-0.14294603243205303,0.9799728579826644,0.13863487811233838,1.0,0.8674698795180723,0.0
5206,1301:2,1302,-0.1590195754701843,0.9793887643478176,0.12454084826488579,1.0,0.8714859437751004,0.0
5207,1301:3,1307,-0.6134896591263155,0.48969438217390815,-0.6195400311621452,0.8333333333333334,0.8714859437751004,0.0
5208,1302:0,1302,-0.1590195754701843,0.9793887643478176,0.12454084826488579,0.0,0.8714859437751004,0.0
5209,1302:1,1303,0.454470083656131,0.4896943821739089,0.7440808794270305,0.16666666666666666,0.8714859437751004,0.0
5210,1302:2,1309,0.3707280874400963,0.4893845090017222,0.7893437068426855,0.16666666666666666,0.8755020080321285,0.0
5211,1302:3,1308,-0.17399796032403403,0.9787690180034442,0.10833244758450442,0.0,0.8755020080321285,0.0
5212,1303:0,1303,0.454470083656131,0.4896943821739089,0.7440808794270305,0.16666666666666666,0.8714859437751004,0.0
5213,1303:1,1304,0.6134896591263153,-0.4896943821739086,0.6195400311621448,0.3333333333333333,0.8714859437751004,0.0
5214,1303:2,1310,0.5447260477641304,-0.48938450900172187,0.6810112592581812,0.3333333333333333,0.8755020080321285,0.0
5215,1303:3,1309,0.3707280874400963,0.4893845090017222,0.7893437068426855,0.16666666666666666,0.8755020080321285,0.0
5216,1304:0,1304,0.6134896591263153,-0.4896943821739086,0.6195400311621448,0.3333333333333333,0.8714859437751004,0.0
5217,1304:1,1305,0.1590195754701844,-0.9793887643478176,-0.12454084826488569,0.5,0.8714859437751004,0.0
5218,1304:2,1311,0.17399796032403408,-0.9787690180034442,-0.10833244758450432,0.5,0.8755020080321285,0.0
5219,1304:3,1310,0.5447260477641304,-0.48938450900172187,0.6810112592581812,0.3333333333333333,0.8755020080321285,0.0
5220,1305:0,1305,0.1590195754701844,-0.9793887643478176,-0.12454084826488569,0.5,0.8714859437751004,0.0
5221,1305:1,1306,-0.45447008365613084,-0.48969438217390926,-0.7440808794270305,0.6666666666666666,0.8714859437751004,0.0
5222,1305:2,1312,-0.3707280874400961,-0.48938450900172253,-0.7893437068426854,0.6666666666666666,0.8755020080321285,0.0
5223,1305:3,1311,0.17399796032403408,-0.9787690180034442,-0.10833244758450432,0.5,0.8755020080321285,0.0
5224,1306:0,1306,-0.45447008365613084,-0.48969438217390926,-0.7440808794270305,0.6666666666666666,0.8714859437751004,0.0
5225,1306:1,1307,-0.6134896591263155,0.48969438217390815,-0.6195400311621452,0.8333333333333334,0.8714859437751004,0.0
5226,1306:2,1313,-0.5447260477641305,0.4893845090017214,-0.6810112592581815,0.8333333333333334,0.8755020080321285,0.0
5227,1306:3,1312,-0.3707280874400961,-0.48938450900172253,-0.7893437068426854,0.6666666666666666,0.8755020080321285,0.0
5228,1307:0,1307,-0.6134896591263155,0.48969438217390815,-0.6195400311621452,0.8333333333333334,0.8714859437751004,0.0
5229,1307:1,1302,-0.1590195754701843,0.9793887643478176,0.12454084826488579,1.0,0.8714859437751004,0.0
5230,1307:2,1308,-0.17399796032403403,0.9787690180034442,0.10833244758450442,1.0,0.8755020080321285,0.0
5231,1307:3,1313,-0.5447260477641305,0.4893845090017214,-0.6810112592581815,0.8333333333333334,0.8755020080321285,0.0
5232,1308:0,1308,-0.17399796032403403,0.9787690180034442,0.10833244758450442,0.0,0.8755020080321285,0.0
5233,1308:1,1309,0.3707280874400963,0.4893845090017222,0.7893437068426855,0.16666666666666666,0.8755020080321285,0.0
5234,1308:2,1315,0.28111707673221487,0.4890527097099628,0.82571219943445,0.16666666666666666,0.8795180722891566,0.0
5235,1308:3,1314,-0.18759756619307785,0.9781054194199253,0.09009407116900395,0.0,0.8795180722891566,0.0
5236,1309:0,1309,0.3707280874400963,0.4893845090017222,0.7893437068426855,0.16666666666666666,0.8755020080321285,0.0
5237,1309:1,1310,0.5447260477641304,-0.48938450900172187,0.6810112592581812,0.3333333333333333,0.8755020080321285,0.0
5238,1309:2,1316,0.46871464292529275,-0.48905270970996245,0.7356181282654461,0.3333333333333333,0.8795180722891566,0.0
5239,1309:3,1315,0.28111707673221487,0.4890527097099628,0.82571219943445,0.16666666666666666,0.8795180722891566,0.0
5240,1310:0,1310,0.5447260477641304,-0.48938450900172187,0.6810112592581812,0.3333333333333333,0.8755020080321285,0.0
5241,1310:1,1311,0.17399796032403408,-0.9787690180034442,-0.10833244758450432,0.5,0.8755020080321285,0.0
5242,1310:2,1317,0.1875975661930779,-0.9781054194199253,-0.09009407116900384,0.5,0.8795180722891566,0.0
5243,1310:3,1316,0.46871464292529275,-0.48905270970996245,0.7356181282654461,0.3333333333333333,0.8795180722891566,0.0
5244,1311:0,1311,0.17399796032403408,-0.9787690180034442,-0.10833244758450432,0.5,0.8755020080321285,0.0
5245,1311:1,1312,-0.3707280874400961,-0.48938450900172253,-0.7893437068426854,0.6666666666666666,0.8755020080321285,0.0
5246,1311:2,1318,-0.28111707673221475,-0.4890527097099631,-0.8257121994344498,0.6666666666666666,0.8795180722891566,0.0
5247,1311:3,1317,0.1875975661930779,-0.9781054194199253,-0.09009407116900384,0.5,0.8795180722891566,0.0
5248,1312:0,1312,-0.3707280874400961,-0.48938450900172253,-0.7893437068426854,0.6666666666666666,0.8755020080321285,0.0
5249,1312:1,1313,-0.5447260477641305,0.4893845090017214,-0.6810112592581815,0.8333333333333334,0.8755020080321285,0.0
5250,1312:2,1319,-0.46871464292529275,0.489052709709962,-0.7356181282654465,0.8333333333333334,0.8795180722891566,0.0
5251,1312:3,1318,-0.28111707673221475,-0.4890527097099631,-0.8257121994344498,0.6666666666666666,0.8795180722891566,0.0
5252,1313:0,1313,-0.5447260477641305,0.4893845090017214,-0.6810112592581815,0.8333333333333334,0.8755020080321285,0.0
5253,1313:1,1308,-0.17399796032403403,0.9787690180034442,0.10833244758450442,1.0,0.8755020080321285,0.0
5254,1313:2,1314,-0.18759756619307785,0.9781054194199253,0.09009407116900395,1.0,0.8795180722891566,0.0
5255,1313:3,1319,-0.46871464292529275,0.489052709709962,-0.7356181282654465,0.8333333333333334,0.8795180722891566,0.0
5256,1314:0,1314,-0.18759756619307785,0.9781054194199253,0.09009407116900395,0.0,0.8795180722891566,0.0
5257,1314:1,1315,0.28111707673221487,0.4890527097099628,0.82571219943445,0.16666666666666666,0.8795180722891566,0.0
5258,1314:2,1321,0.18630805758538038,0.48869330621115403,0.8523310155938091,0.16666666666666666,0.8835341365461847,0.0
5259,1314:3,1320,-0.19958760793137548,0.9773866124223078,0.06985840406047786,0.0,0.8835341365461847,0.0
5260,1315:0,1315,0.28111707673221487,0.4890527097099628,0.82571219943445,0.16666666666666666,0.8795180722891566,0.0
5261,1315:1,1316,0.46871464292529275,-0.48905270970996245,0.7356181282654461,0.3333333333333333,0.8795180722891566,0.0
5262,1315:2,1322,0.3858956655167559,-0.4886933062111537,0.7824726115333314,0.3333333333333333,0.8835341365461847,0.0
5263,1315:3,1321,0.18630805758538038,0.48869330621115403,0.8523310155938091,0.16666666666666666,0.8835341365461847,0.0
5264,1316:0,1316,0.46871464292529275,-0.48905270970996245,0.7356181282654461,0.3333333333333333,0.8795180722891566,0.0
5265,1316:1,1317,0.1875975661930779,-0.9781054194199253,-0.09009407116900384,0.5,0.8795180722891566,0.0
5266,1316:2,1323,0.1995876079313755,-0.9773866124223078,-0.06985840406047775,0.5,0.8835341365461847,0.0
5267,1316:3,1322,0.3858956655167559,-0.4886933062111537,0.7824726115333314,0.3333333333333333,0.8835341365461847,0.0
5268,1317:0,1317,0.1875975661930779,-0.9781054194199253,-0.09009407116900384,0.5,0.8795180722891566,0.0
5269,1317:1,1318,-0.28111707673221475,-0.4890527097099631,-0.8257121994344498,0.6666666666666666,0.8795180722891566,0.0
5270,1317:2,1324,-0.18630805758538033,-0.48869330621115437,-0.852331015593809,0.6666666666666666,0.8835341365461847,0.0
5271,1317:3,1323,0.1995876079313755,-0.9773866124223078,-0.06985840406047775,0.5,0.8835341365461847,0.0
5272,1318:0,1318,-0.28111707673221475,-0.4890527097099631,-0.8257121994344498,0.6666666666666666,0.8795180722891566,0.0
5273,1318:1,1319,-0.46871464292529275,0.489052709709962,-0.7356181282654465,0.8333333333333334,0.8795180722891566,0.0
5274,1318:2,1325,-0.3858956655167559,0.48869330621115326,-0.7824726115333317,0.8333333333333334,0.8835341365461847,0.0
5275,1318:3,1324,-0.18630805758538033,-0.48869330621115437,-0.852331015593809,0.6666666666666666,0.8835341365461847,0.0
5276,1319:0,1319,-0.46871464292529275,0.489052709709962,-0.7356181282654465,0.8333333333333334,0.8795180722891566,0.0
5277,1319:1,1314,-0.18759756619307785,0.9781054194199253,0.09009407116900395,1.0,0.8795180722891566,0.0
5278,1319:2,1320,-0.19958760793137548,0.9773866124223078,0.06985840406047786,1.0,0.8835341365461847,0.0
5279,1319:3,1325,-0.3858956655167559,0.48869330621115326,-0.7824726115333317,0.8333333333333334,0.8835341365461847,0.0
5280,1320:0,1320,-0.19958760793137548,0.9773866124223078,0.06985840406047786,0.0,0.8835341365461847,0.0
5281,1320:1,1321,0.18630805758538038,0.48869330621115403,0.8523310155938091,0.16666666666666666,0.8835341365461847,0.0
5282,1320:2,1327,0.08727209863410011,0.48831138600979873,0.8682946338042112,0.16666666666666666,0.8875502008032129,0.0
5283,1320:3,1326,-0.20960668475776914,0.9766227720195972,0.04767597799327188,0.0,0.8875502008032129,0.0
5284,1321:0,1321,0.18630805758538038,0.48869330621115403,0.8523310155938091,0.16666666666666666,0.8835341365461847,0.0
5285,1321:1,1322,0.3858956655167559,-0.4886933062111537,0.7824726115333314,0.3333333333333333,0.8835341365461847,0.0
5286,1321:2,1328,0.29687878339186924,-0.4883113860097984,0.8206186558109395,0.3333333333333333,0.8875502008032129,0.0
5287,1321:3,1327,0.08727209863410011,0.48831138600979873,0.8682946338042112,0.16666666666666666,0.8875502008032129,0.0
5288,1322:0,1322,0.3858956655167559,-0.4886933062111537,0.7824726115333314,0.3333333333333333,0.8835341365461847,0.0
5289,1322:1,1323,0.1995876079313755,-0.9773866124223078,-0.06985840406047775,0.5,0.8835341365461847,0.0
5290,1322:2,1329,0.20960668475776917,-0.9766227720195972,-0.047675977993271765,0.5,0.8875502008032129,0.0
5291,1322:3,1328,0.29687878339186924,-0.4883113860097984,0.8206186558109395,0.3333333333333333,0.8875502008032129,0.0
5292,1323:0,1323,0.1995876079313755,-0.9773866124223078,-0.06985840406047775,0.5,0.8835341365461847,0.0
5293,1323:1,1324,-0.18630805758538033,-0.48869330621115437,-0.852331015593809,0.6666666666666666,0.8835341365461847,0.0
5294,1323:2,1330,-0.08727209863410004,-0.48831138600979906,-0.8682946338042111,0.6666666666666666,0.8875502008032129,0.0
5295,1323:3,1329,0.20960668475776917,-0.9766227720195972,-0.047675977993271765,0.5,0.8875502008032129,0.0
5296,1324:0,1324,-0.18630805758538033,-0.48869330621115437,-0.852331015593809,0.6666666666666666,0.8835341365461847,0.0
5297,1324:1,1325,-0.3858956655167559,0.48869330621115326,-0.7824726115333317,0.8333333333333334,0.8835341365461847,0.0
5298,1324:2,1331,-0.29687878339186924,0.48831138600979795,-0.8206186558109398,0.8333333333333334,0.8875502008032129,0.0
5299,1324:3,1330,-0.08727209863410004,-0.48831138600979906,-0.8682946338042111,0.6666666666666666,0.8875502008032129,0.0
5300,1325:0,1325,-0.3858956655167559,0.48869330621115326,-0.7824726115333317,0.8333333333333334,0.8835341365461847,0.0
5301,1325:1,1320,-0.19958760793137548,0.9773866124223078,0.06985840406047786,1.0,0.8835341365461847,0.0
5302,1325:2,1326,-0.20960668475776914,0.9766227720195972,0.04767597799327188,1.0,0.8875502008032129,0.0
5303,1325:3,1331,-0.29687878339186924,0.48831138600979795,-0.8206186558109398,0.8333333333333334,0.8875502008032129,0.0
5304,1326:0,1326,-0.20960668475776914,0.9766227720195972,0.04767597799327188,0.0,0.8875502008032129,0.0
5305,1326:1,1327,0.08727209863410011,0.48831138600979873,0.8682946338042112,0.16666666666666666,0.8875502008032129,0.0
5306,1326:2,1333,-0.014811991418423792,0.48788969358671996,0.8727796123891055,0.16666666666666666,0.891566265060241,0.0
5307,1326:3,1332,-0.21746664117683445,0.9757793871734397,0.023724408163165553,0.0,0.891566265060241,0.0
5308,1327:0,1327,0.08727209863410011,0.48831138600979873,0.8682946338042112,0.16666666666666666,0.8875502008032129,0.0
5309,1327:1,1328,0.29687878339186924,-0.4883113860097984,0.8206186558109395,0.3333333333333333,0.8875502008032129,0.0
5310,1327:2,1334,0.20265464975841066,-0.48788969358671963,0.84905520422594,0.3333333333333333,0.891566265060241,0.0
5311,1327:3,1333,-0.014811991418423792,0.48788969358671996,0.8727796123891055,0.16666666666666666,0.891566265060241,0.0
5312,1328:0,1328,0.29687878339186924,-0.4883113860097984,0.8206186558109395,0.3333333333333333,0.8875502008032129,0.0
5313,1328:1,1329,0.20960668475776917,-0.9766227720195972,-0.047675977993271765,0.5,0.8875502008032129,0.0
5314,1328:2,1335,0.21746664117683445,-0.9757793871734397,-0.02372440816316543,0.5,0.891566265060241,0.0
5315,1328:3,1334,0.20265464975841066,-0.48788969358671963,0.84905520422594,0.3333333333333333,0.891566265060241,0.0
5316,1329:0,1329,0.20960668475776917,-0.9766227720195972,-0.047675977993271765,0.5,0.8875502008032129,0.0
5317,1329:1,1330,-0.08727209863410004,-0.48831138600979906,-0.8682946338042111,0.6666666666666666,0.8875502008032129,0.0
5318,1329:2,1336,0.014811991418423875,-0.4878896935867203,-0.8727796123891054,0.6666666666666666,0.891566265060241,0.0
5319,1329:3,1335,0.21746664117683445,-0.9757793871734397,-0.02372440816316543,0.5,0.891566265060241,0.0
5320,1330:0,1330,-0.08727209863410004,-0.48831138600979906,-0.8682946338042111,0.6666666666666666,0.8875502008032129,0.0
5321,1330:1,1331,-0.29687878339186924,0.48831138600979795,-0.8206186558109398,0.8333333333333334,0.8875502008032129,0.0
5322,1330:2,1337,-0.2026546497584106,0.4878896935867192,-0.8490552042259403,0.8333333333333334,0.891566265060241,0.0
5323,1330:3,1336,0.014811991418423875,-0.4878896935867203,-0.8727796123891054,0.6666666666666666,0.891566265060241,0.0
5324,1331:0,1331,-0.29687878339186924,0.48831138600979795,-0.8206186558109398,0.8333333333333334,0.8875502008032129,0.0
5325,1331:1,1326,-0.20960668475776914,0.9766227720195972,0.04767597799327188,1.0,0.8875502008032129,0.0
5326,1331:2,1332,-0.21746664117683445,0.9757793871734397,0.023724408163165553,1.0,0.891566265060241,0.0
5327,1331:3,1337,-0.2026546497584106,0.4878896935867192,-0.8490552042259403,0.8333333333333334,0.891566265060241,0.0
5328,1332:0,1332,-0.21746664117683445,0.9757793871734397,0.023724408163165553,0.0,0.891566265060241,0.0
5329,1332:1,1333,-0.014811991418423792,0.48788969358671996,0.8727796123891055,0.16666666666666666,0.891566265060241,0.0
5330,1332:2,1339,-0.11894446707880395,0.48744735516626325,0.8650128841195108,0.16666666666666666,0.8955823293172691,0.0
5331,1332:3,1338,-0.22265774123835716,0.9748947103325263,-0.0019580685106913576,0.0,0.8955823293172691,0.0
5332,1333:0,1333,-0.014811991418423792,0.48788969358671996,0.8727796123891055,0.16666666666666666,0.891566265060241,0.0
5333,1333:1,1334,0.20265464975841066,-0.48788969358671963,0.84905520422594,0.3333333333333333,0.891566265060241,0.0
5334,1333:2,1340,0.10371327415955318,-0.4874473551662629,0.8669709526302023,0.3333333333333333,0.8955823293172691,0.0
5335,1333:3,1339,-0.11894446707880395,0.48744735516626325,0.8650128841195108,0.16666666666666666,0.8955823293172691,0.0
5336,1334:0,1334,0.20265464975841066,-0.48788969358671963,0.84905520422594,0.3333333333333333,0.891566265060241,0.0
5337,1334:1,1335,0.21746664117683445,-0.9757793871734397,-0.02372440816316543,0.5,0.891566265060241,0.0
5338,1334:2,1341,0.22265774123835716,-0.9748947103325263,0.00195806851069148,0.5,0.8955823293172691,0.0
5339,1334:3,1340,0.10371327415955318,-0.4874473551662629,0.8669709526302023,0.3333333333333333,0.8955823293172691,0.0
5340,1335:0,1335,0.21746664117683445,-0.9757793871734397,-0.02372440816316543,0.5,0.891566265060241,0.0
5341,1335:1,1336,0.014811991418423875,-0.4878896935867203,-0.8727796123891054,0.6666666666666666,0.891566265060241,0.0
5342,1335:2,1342,0.11894446707880402,-0.4874473551662636,-0.8650128841195107,0.6666666666666666,0.8955823293172691,0.0
5343,1335:3,1341,0.22265774123835716,-0.9748947103325263,0.00195806851069148,0.5,0.8955823293172691,0.0
5344,1336:0,1336,0.014811991418423875,-0.4878896935867203,-0.8727796123891054,0.6666666666666666,0.891566265060241,0.0
5345,1336:1,1337,-0.2026546497584106,0.4878896935867192,-0.8490552042259403,0.8333333333333334,0.891566265060241,0.0
5346,1336:2,1343,-0.10371327415955309,0.4874473551662625,-0.8669709526302026,0.8333333333333334,0.8955823293172691,0.0
5347,1336:3,1342,0.11894446707880402,-0.4874473551662636,-0.8650128841195107,0.6666666666666666,0.8955823293172691,0.0
5348,1337:0,1337,-0.2026546497584106,0.4878896935867192,-0.8490552042259403,0.8333333333333334,0.891566265060241,0.0
5349,1337:1,1332,-0.21746664117683445,0.9757793871734397,0.023724408163165553,1.0,0.891566265060241,0.0
5350,1337:2,1338,-0.22265774123835716,0.9748947103325263,-0.0019580685106913576,1.0,0.8955823293172691,0.0
5351,1337:3,1343,-0.10371327415955309,0.4874473551662625,-0.8669709526302026,0.8333333333333334,0.8955823293172691,0.0
5352,1338:0,1338,-0.22265774123835716,0.9748947103325263,-0.0019580685106913576,0.0,0.8955823293172691,0.0
5353,1338:1,1339,-0.11894446707880395,0.48744735516626325,0.8650128841195108,0.16666666666666666,0.8955823293172691,0.0
5354,1338:2,1345,-0.2233433541865256,0.48694102656263855,0.8443969343802924,0.16666666666666666,0.8995983935742972,0.0
5355,1338:3,1344,-0.22519027393750485,0.9738820531252769,-0.029035962605822432,0.0,0.8995983935742972,0.0
5356,1339:0,1339,-0.11894446707880395,0.48744735516626325,0.8650128841195108,0.16666666666666666,0.8955823293172691,0.0
5357,1339:1,1340,0.10371327415955318,-0.4874473551662629,0.8669709526302023,0.3333333333333333,0.8955823293172691,0.0
5358,1339:2,1346,0.0018469197509792118,-0.4869410265626382,0.8734328969861149,0.3333333333333333,0.8995983935742972,0.0
5359,1339:3,1345,-0.2233433541865256,0.48694102656263855,0.8443969343802924,0.16666666666666666,0.8995983935742972,0.0
5360,1340:0,1340,0.10371327415955318,-0.4874473551662629,0.8669709526302023,0.3333333333333333,0.8955823293172691,0.0
5361,1340:1,1341,0.22265774123835716,-0.9748947103325263,0.00195806851069148,0.5,0.8955823293172691,0.0
5362,1340:2,1347,0.22519027393750482,-0.9738820531252769,0.029035962605822554,0.5,0.8995983935742972,0.0
5363,1340:3,1346,0.0018469197509792118,-0.4869410265626382,0.8734328969861149,0.3333333333333333,0.8995983935742972,0.0
5364,1341:0,1341,0.22265774123835716,-0.9748947103325263,0.00195806851069148,0.5,0.8955823293172691,0.0
5365,1341:1,1342,0.11894446707880402,-0.4874473551662636,-0.8650128841195107,0.6666666666666666,0.8955823293172691,0.0
5366,1341:2,1348,0.22334335418652565,-0.4869410265626389,-0.8443969343802923,0.6666666666666666,0.8995983935742972,0.0
5367,1341:3,1347,0.22519027393750482,-0.9738820531252769,0.029035962605822554,0.5,0.8995983935742972,0.0
5368,1342:0,1342,0.11894446707880402,-0.4874473551662636,-0.8650128841195107,0.6666666666666666,0.8955823293172691,0.0
5369,1342:1,1343,-0.10371327415955309,0.4874473551662625,-0.8669709526302026,0.8333333333333334,0.8955823293172691,0.0
5370,1342:2,1349,-0.001846919750979073,0.48694102656263777,-0.8734328969861153,0.8333333333333334,0.8995983935742972,0.0
5371,1342:3,1348,0.22334335418652565,-0.4869410265626389,-0.8443969343802923,0.6666666666666666,0.8995983935742972,0.0
5372,1343:0,1343,-0.10371327415955309,0.4874473551662625,-0.8669709526302026,0.8333333333333334,0.8955823293172691,0.0
5373,1343:1,1338,-0.22265774123835716,0.9748947103325263,-0.0019580685106913576,1.0,0.8955823293172691,0.0
5374,1343:2,1344,-0.22519027393750485,0.9738820531252769,-0.029035962605822432,1.0,0.8995983935742972,0.0
5375,1343:3,1349,-0.001846919750979073,0.48694102656263777,-0.8734328969861153,0.8333333333333334,0.8995983935742972,0.0
5376,1344:0,1344,-0.22519027393750485,0.9738820531252769,-0.029035962605822432,0.0,0.8995983935742972,0.0
5377,1344:1,1345,-0.2233433541865256,0.48694102656263855,0.8443969343802924,0.16666666666666666,0.8995983935742972,0.0
5378,1344:2,1351,-0.3269924372401521,0.4864281833208473,0.8102243938927819,0.16666666666666666,0.9036144578313253,0.0
5379,1344:3,1350,-0.22417149439282016,0.9728563666416944,-0.05742500314680937,0.0,0.9036144578313253,0.0
5380,1345:0,1345,-0.2233433541865256,0.48694102656263855,0.8443969343802924,0.16666666666666666,0.8995983935742972,0.0
5381,1345:1,1346,0.0018469197509792118,-0.4869410265626382,0.8734328969861149,0.3333333333333333,0.8995983935742972,0.0
5382,1345:2,1352,-0.102820942847332,-0.486428183320847,0.8676493970395913,0.3333333333333333,0.9036144578313253,0.0
5383,1345:3,1351,-0.3269924372401521,0.4864281833208473,0.8102243938927819,0.16666666666666666,0.9036144578313253,0.0
5384,1346:0,1346,0.0018469197509792118,-0.4869410265626382,0.8734328969861149,0.3333333333333333,0.8995983935742972,0.0
5385,1346:1,1347,0.22519027393750482,-0.9738820531252769,0.029035962605822554,0.5,0.8995983935742972,0.0
5386,1346:2,1353,0.22417149439282014,-0.9728563666416944,0.05742500314680949,0.5,0.9036144578313253,0.0
5387,1346:3,1352,-0.102820942847332,-0.486428183320847,0.8676493970395913,0.3333333333333333,0.9036144578313253,0.0
5388,1347:0,1347,0.22519027393750482,-0.9738820531252769,0.029035962605822554,0.5,0.8995983935742972,0.0
5389,1347:1,1348,0.22334335418652565,-0.4869410265626389,-0.8443969343802923,0.6666666666666666,0.8995983935742972,0.0
5390,1347:2,1354,0.32699243724015215,-0.48642818332084764,-0.8102243938927818,0.6666666666666666,0.9036144578313253,0.0
5391,1347:3,1353,0.22417149439282014,-0.9728563666416944,0.05742500314680949,0.5,0.9036144578313253,0.0
5392,1348:0,1348,0.22334335418652565,-0.4869410265626389,-0.8443969343802923,0.6666666666666666,0.8995983935742972,0.0
5393,1348:1,1349,-0.001846919750979073,0.48694102656263777,-0.8734328969861153,0.8333333333333334,0.8995983935742972,0.0
5394,1348:2,1355,0.10282094284733218,0.48642818332084653,-0.8676493970395917,0.8333333333333334,0.9036144578313253,0.0
5395,1348:3,1354,0.32699243724015215,-0.48642818332084764,-0.8102243938927818,0.6666666666666666,0.9036144578313253,0.0
5396,1349:0,1349,-0.001846919750979073,0.48694102656263777,-0.8734328969861153,0.8333333333333334,0.8995983935742972,0.0
5397,1349:1,1344,-0.22519027393750485,0.9738820531252769,-0.029035962605822432,1.0,0.8995983935742972,0.0
5398,1349:2,1350,-0.22417149439282016,0.9728563666416944,-0.05742500314680937,1.0,0.9036144578313253,0.0
5399,1349:3,1355,0.10282094284733218,0.48642818332084653,-0.8676493970395917,0.8333333333333334,0.9036144578313253,0.0
5400,1350:0,1350,-0.22417149439282016,0.9728563666416944,-0.05742500314680937,0.0,0.9036144578313253,0.0
5401,1350:1,1351,-0.3269924372401521,0.4864281833208473,0.8102243938927819,0.16666666666666666,0.9036144578313253,0.0
5402,1350:2,1357,-0.42756125017414903,0.4858153391982261,0.7623482364046181,0.16666666666666666,0.9076305220883534,0.0
5403,1350:3,1356,-0.22003110785490232,0.971630678396452,-0.08671871986483064,0.0,0.9076305220883534,0.0
5404,1351:0,1351,-0.3269924372401521,0.4864281833208473,0.8102243938927819,0.16666666666666666,0.9036144578313253,0.0
5405,1351:1,1352,-0.102820942847332,-0.486428183320847,0.8676493970395913,0.3333333333333333,0.9036144578313253,0.0
5406,1351:2,1358,-0.20753014231924682,-0.4858153391982258,0.8490669562694488,0.3333333333333333,0.9076305220883534,0.0
5407,1351:3,1357,-0.42756125017414903,0.4858153391982261,0.7623482364046181,0.16666666666666666,0.9076305220883534,0.0
5408,1352:0,1352,-0.102820942847332,-0.486428183320847,0.8676493970395913,0.3333333333333333,0.9036144578313253,0.0
5409,1352:1,1353,0.22417149439282014,-0.9728563666416944,0.05742500314680949,0.5,0.9036144578313253,0.0
5410,1352:2,1359,0.22003110785490226,-0.971630678396452,0.08671871986483075,0.5,0.9076305220883534,0.0
5411,1352:3,1358,-0.20753014231924682,-0.4858153391982258,0.8490669562694488,0.3333333333333333,0.9076305220883534,0.0
5412,1353:0,1353,0.22417149439282014,-0.9728563666416944,0.05742500314680949,0.5,0.9036144578313253,0.0
5413,1353:1,1354,0.32699243724015215,-0.48642818332084764,-0.8102243938927818,0.6666666666666666,0.9036144578313253,0.0
5414,1353:2,1360,0.42756125017414914,-0.48581533919822645,-0.762348236404618,0.6666666666666666,0.9076305220883534,0.0
5415,1353:3,1359,0.22003110785490226,-0.971630678396452,0.08671871986483075,0.5,0.9076305220883534,0.0
5416,1354:0,1354,0.32699243724015215,-0.48642818332084764,-0.8102243938927818,0.6666666666666666,0.9036144578313253,0.0
5417,1354:1,1355,0.10282094284733218,0.48642818332084653,-0.8676493970395917,0.8333333333333334,0.9036144578313253,0.0
5418,1354:2,1361,0.20753014231924705,0.48581533919822534,-0.8490669562694491,0.8333333333333334,0.9076305220883534,0.0
5419,1354:3,1360,0.42756125017414914,-0.48581533919822645,-0.762348236404618,0.6666666666666666,0.9076305220883534,0.0
5420,1355:0,1355,0.10282094284733218,0.48642818332084653,-0.8676493970395917,0.8333333333333334,0.9036144578313253,0.0
5421,1355:1,1350,-0.22417149439282016,0.9728563666416944,-0.05742500314680937,1.0,0.9036144578313253,0.0
5422,1355:2,1356,-0.22003110785490232,0.971630678396452,-0.08671871986483064,1.0,0.9076305220883534,0.0
5423,1355:3,1361,0.20753014231924705,0.48581533919822534,-0.8490669562694491,0.8333333333333334,0.9076305220883534,0.0
5424,1356:0,1356,-0.22003110785490232,0.971630678396452,-0.08671871986483064,0.0,0.9076305220883534,0.0
5425,1356:1,1357,-0.42756125017414903,0.4858153391982261,0.7623482364046181,0.16666666666666666,0.9076305220883534,0.0
5426,1356:2,1363,-0.5237082149533918,0.4852050018262586,0.7002184029237681,0.16666666666666666,0.9116465863453815,0.0
5427,1356:3,1362,-0.21147946290404446,0.970410003652517,-0.11653695371399993,0.0,0.9116465863453815,0.0
5428,1357:0,1357,-0.42756125017414903,0.4858153391982261,0.7623482364046181,0.16666666666666666,0.9076305220883534,0.0
5429,1357:1,1358,-0.20753014231924682,-0.4858153391982258,0.8490669562694488,0.3333333333333333,0.9076305220883534,0.0
5430,1357:2,1364,-0.3122287520493474,-0.48520500182625825,0.8167553566377682,0.3333333333333333,0.9116465863453815,0.0
5431,1357:3,1363,-0.5237082149533918,0.4852050018262586,0.7002184029237681,0.16666666666666666,0.9116465863453815,0.0
5432,1358:0,1358,-0.20753014231924682,-0.4858153391982258,0.8490669562694488,0.3333333333333333,0.9076305220883534,0.0
5433,1358:1,1359,0.22003110785490226,-0.971630678396452,0.08671871986483075,0.5,0.9076305220883534,0.0
5434,1358:2,1365,0.2114794629040444,-0.970410003652517,0.11653695371400004,0.5,0.9116465863453815,0.0
5435,1358:3,1364,-0.3122287520493474,-0.48520500182625825,0.8167553566377682,0.3333333333333333,0.9116465863453815,0.0
5436,1359:0,1359,0.22003110785490226,-0.971630678396452,0.08671871986483075,0.5,0.9076305220883534,0.0
5437,1359:1,1360,0.42756125017414914,-0.48581533919822645,-0.762348236404618,0.6666666666666666,0.9076305220883534,0.0
5438,1359:2,1366,0.5237082149533918,-0.4852050018262589,-0.700218402923768,0.6666666666666666,0.9116465863453815,0.0
5439,1359:3,1365,0.2114794629040444,-0.970410003652517,0.11653695371400004,0.5,0.9116465863453815,0.0
5440,1360:0,1360,0.42756125017414914,-0.48581533919822645,-0.762348236404618,0.6666666666666666,0.9076305220883534,0.0
5441,1360:1,1361,0.20753014231924705,0.48581533919822534,-0.8490669562694491,0.8333333333333334,0.9076305220883534,0.0
5442,1360:2,1367,0.3122287520493477,0.4852050018262578,-0.8167553566377683,0.8333333333333334,0.9116465863453815,0.0
5443,1360:3,1366,0.5237082149533918,-0.4852050018262589,-0.700218402923768,0.6666666666666666,0.9116465863453815,0.0
5444,1361:0,1361,0.20753014231924705,0.48581533919822534,-0.8490669562694491,0.8333333333333334,0.9076305220883534,0.0
5445,1361:1,1356,-0.22003110785490232,0.971630678396452,-0.08671871986483064,1.0,0.9076305220883534,0.0
5446,1361:2,1362,-0.21147946290404446,0.970410003652517,-0.11653695371399993,1.0,0.9116465863453815,0.0
5447,1361:3,1367,0.3122287520493477,0.4852050018262578,-0.8167553566377683,0.8333333333333334,0.9116465863453815,0.0
5448,1362:0,1362,-0.21147946290404446,0.970410003652517,-0.11653695371399993,0.0,0.9116465863453815,0.0
5449,1362:1,1363,-0.5237082149533918,0.4852050018262586,0.7002184029237681,0.16666666666666666,0.9116465863453815,0.0
5450,1362:2,1369,-0.6130864195705121,0.48448504628407885,0.6240186552222009,0.16666666666666666,0.9156626506024096,0.0
5451,1362:3,1368,-0.19902381895931445,0.9689700925681575,-0.14658267017388604,0.0,0.9156626506024096,0.0
5452,1363:0,1363,-0.5237082149533918,0.4852050018262586,0.7002184029237681,0.16666666666666666,0.9116465863453815,0.0
5453,1363:1,1364,-0.3122287520493474,-0.48520500182625825,0.8167553566377682,0.3333333333333333,0.9116465863453815,0.0
5454,1363:2,1370,-0.4140626006111978,-0.4844850462840785,0.7706013253960871,0.3333333333333333,0.9156626506024096,0.0
5455,1363:3,1369,-0.6130864195705121,0.48448504628407885,0.6240186552222009,0.16666666666666666,0.9156626506024096,0.0
5456,1364:0,1364,-0.3122287520493474,-0.48520500182625825,0.8167553566377682,0.3333333333333333,0.9116465863453815,0.0
5457,1364:1,1365,0.2114794629040444,-0.970410003652517,0.11653695371400004,0.5,0.9116465863453815,0.0
5458,1364:2,1371,0.19902381895931437,-0.9689700925681575,0.14658267017388615,0.5,0.9156626506024096,0.0
5459,1364:3,1370,-0.4140626006111978,-0.4844850462840785,0.7706013253960871,0.3333333333333333,0.9156626506024096,0.0
5460,1365:0,1365,0.2114794629040444,-0.970410003652517,0.11653695371400004,0.5,0.9116465863453815,0.0
5461,1365:1,1366,0.5237082149533918,-0.4852050018262589,-0.700218402923768,0.6666666666666666,0.9116465863453815,0.0
5462,1365:2,1372,0.613086419570512,-0.4844850462840792,-0.6240186552222008,0.6666666666666666,0.9156626506024096,0.0
5463,1365:3,1371,0.19902381895931437,-0.9689700925681575,0.14658267017388615,0.5,0.9156626506024096,0.0
5464,1366:0,1366,0.5237082149533918,-0.4852050018262589,-0.700218402923768,0.6666666666666666,0.9116465863453815,0.0
5465,1366:1,1367,0.3122287520493477,0.4852050018262578,-0.8167553566377683,0.8333333333333334,0.9116465863453815,0.0
5466,1366:2,1373,0.414062600611198,0.48448504628407807,-0.7706013253960873,0.8333333333333334,0.9156626506024096,0.0
5467,1366:3,1372,0.613086419570512,-0.4844850462840792,-0.6240186552222008,0.6666666666666666,0.9156626506024096,0.0
5468,1367:0,1367,0.3122287520493477,0.4852050018262578,-0.8167553566377683,0.8333333333333334,0.9116465863453815,0.0
5469,1367:1,1362,-0.21147946290404446,0.970410003652517,-0.11653695371399993,1.0,0.9116465863453815,0.0
5470,1367:2,1368,-0.19902381895931445,0.9689700925681575,-0.14658267017388604,1.0,0.9156626506024096,0.0
5471,1367:3,1373,0.414062600611198,0.48448504628407807,-0.7706013253960873,0.8333333333333334,0.9156626506024096,0.0
5472,1368:0,1368,-0.19902381895931445,0.9689700925681575,-0.14658267017388604,0.0,0.9156626506024096,0.0
5473,1368:1,1369,-0.6130864195705121,0.48448504628407885,0.6240186552222009,0.16666666666666666,0.9156626506024096,0.0
5474,1368:2,1375,-0.6933203586201278,0.48369723725572383,0.5341758727180004,0.16666666666666666,0.9196787148594378,0.0
5475,1368:3,1374,-0.1819817884251332,0.9673944745114474,-0.17615493000853108,0.0,0.9196787148594378,0.0
5476,1369:0,1369,-0.6130864195705121,0.48448504628407885,0.6240186552222009,0.16666666666666666,0.9156626506024096,0.0
5477,1369:1,1370,-0.4140626006111978,-0.4844850462840785,0.7706013253960871,0.3333333333333333,0.9156626506024096,0.0
5478,1369:2,1376,-0.5113385701949946,-0.4836972372557235,0.7103308027265315,0.3333333333333333,0.9196787148594378,0.0
5479,1369:3,1375,-0.6933203586201278,0.48369723725572383,0.5341758727180004,0.16666666666666666,0.9196787148594378,0.0
5480,1370:0,1370,-0.4140626006111978,-0.4844850462840785,0.7706013253960871,0.3333333333333333,0.9156626506024096,0.0
5481,1370:1,1371,0.19902381895931437,-0.9689700925681575,0.14658267017388615,0.5,0.9156626506024096,0.0
5482,1370:2,1377,0.18198178842513313,-0.9673944745114474,0.17615493000853116,0.5,0.9196787148594378,0.0
5483,1370:3,1376,-0.5113385701949946,-0.4836972372557235,0.7103308027265315,0.3333333333333333,0.9196787148594378,0.0
5484,1371:0,1371,0.19902381895931437,-0.9689700925681575,0.14658267017388615,0.5,0.9156626506024096,0.0
5485,1371:1,1372,0.613086419570512,-0.4844850462840792,-0.6240186552222008,0.6666666666666666,0.9156626506024096,0.0
5486,1371:2,1378,0.6933203586201278,-0.48369723725572417,-0.5341758727180003,0.6666666666666666,0.9196787148594378,0.0
5487,1371:3,1377,0.18198178842513313,-0.9673944745114474,0.17615493000853116,0.5,0.9196787148594378,0.0
5488,1372:0,1372,0.613086419570512,-0.4844850462840792,-0.6240186552222008,0.6666666666666666,0.9156626506024096,0.0
5489,1372:1,1373,0.414062600611198,0.48448504628407807,-0.7706013253960873,0.8333333333333334,0.9156626506024096,0.0
5490,1372:2,1379,0.5113385701949951,0.48369723725572306,-0.7103308027265316,0.8333333333333334,0.9196787148594378,0.0
5491,1372:3,1378,0.6933203586201278,-0.48369723725572417,-0.5341758727180003,0.6666666666666666,0.9196787148594378,0.0
5492,1373:0,1373,0.414062600611198,0.48448504628407807,-0.7706013253960873,0.8333333333333334,0.9156626506024096,0.0
5493,1373:1,1368,-0.19902381895931445,0.9689700925681575,-0.14658267017388604,1.0,0.9156626506024096,0.0
5494,1373:2,1374,-0.1819817884251332,0.9673944745114474,-0.17615493000853108,1.0,0.9196787148594378,0.0
5495,1373:3,1379,0.5113385701949951,0.48369723725572306,-0.7103308027265316,0.8333333333333334,0.9196787148594378,0.0
5496,1374:0,1374,-0.1819817884251332,0.9673944745114474,-0.17615493000853108,0.0,0.9196787148594378,0.0
5497,1374:1,1375,-0.6933203586201278,0.48369723725572383,0.5341758727180004,0.16666666666666666,0.9196787148594378,0.0
5498,1374:2,1381,-0.7625668665364936,0.48285368237080123,0.43051608039848055,0.16666666666666666,0.9236947791164659,0.0
5499,1374:3,1380,-0.1597479028370633,0.9657073647416022,-0.20467020599733127,0.0,0.9236947791164659,0.0
5500,1375:0,1375,-0.6933203586201278,0.48369723725572383,0.5341758727180004,0.16666666666666666,0.9196787148594378,0.0
5501,1375:1,1376,-0.5113385701949946,-0.4836972372557235,0.7103308027265315,0.3333333333333333,0.9196787148594378,0.0
5502,1375:2,1382,-0.6028189636994304,-0.4828536823708009,0.6351862863958119,0.3333333333333333,0.9236947791164659,0.0
5503,1375:3,1381,-0.7625668665364936,0.48285368237080123,0.43051608039848055,0.16666666666666666,0.9236947791164659,0.0
5504,1376:0,1376,-0.5113385701949946,-0.4836972372557235,0.7103308027265315,0.3333333333333333,0.9196787148594378,0.0
5505,1376:1,1377,0.18198178842513313,-0.9673944745114474,0.17615493000853116,0.5,0.9196787148594378,0.0
5506,1376:2,1383,0.15974790283706322,-0.9657073647416022,0.20467020599733135,0.5,0.9236947791164659,0.0
5507,1376:3,1382,-0.6028189636994304,-0.4828536823708009,0.6351862863958119,0.3333333333333333,0.9236947791164659,0.0
5508,1377:0,1377,0.18198178842513313,-0.9673944745114474,0.17615493000853116,0.5,0.9196787148594378,0.0
5509,1377:1,1378,0.6933203586201278,-0.48369723725572417,-0.5341758727180003,0.6666666666666666,0.9196787148594378,0.0
5510,1377:2,1384,0.7625668665364935,-0.48285368237080156,-0.4305160803984805,0.6666666666666666,0.9236947791164659,0.0
5511,1377:3,1383,0.15974790283706322,-0.9657073647416022,0.20467020599733135,0.5,0.9236947791164659,0.0
5512,1378:0,1378,0.6933203586201278,-0.48369723725572417,-0.5341758727180003,0.6666666666666666,0.9196787148594378,0.0
5513,1378:1,1379,0.5113385701949951,0.48369723725572306,-0.7103308027265316,0.8333333333333334,0.9196787148594378,0.0
5514,1378:2,1385,0.6028189636994308,0.48285368237080045,-0.635186286395812,0.8333333333333334,0.9236947791164659,0.0
5515,1378:3,1384,0.7625668665364935,-0.48285368237080156,-0.4305160803984805,0.6666666666666666,0.9236947791164659,0.0
5516,1379:0,1379,0.5113385701949951,0.48369723725572306,-0.7103308027265316,0.8333333333333334,0.9196787148594378,0.0
5517,1379:1,1374,-0.1819817884251332,0.9673944745114474,-0.17615493000853108,1.0,0.9196787148594378,0.0
5518,1379:2,1380,-0.1597479028370633,0.9657073647416022,-0.20467020599733127,1.0,0.9236947791164659,0.0
5519,1379:3,1385,0.6028189636994308,0.48285368237080045,-0.635186286395812,0.8333333333333334,0.9236947791164659,0.0
5520,1380:0,1380,-0.1597479028370633,0.9657073647416022,-0.20467020599733127,0.0,0.9236947791164659,0.0
5521,1380:1,1381,-0.7625668665364936,0.48285368237080123,0.43051608039848055,0.16666666666666666,0.9236947791164659,0.0
5522,1380:2,1387,-0.8176840982690199,0.4818182646502827,0.3150299593489006,0.16666666666666666,0.927710843373494,0.0
5523,1380:3,1386,-0.13296362033444795,0.9636365293005652,-0.2317872193739716,0.0,0.927710843373494,0.0
5524,1381:0,1381,-0.7625668665364936,0.48285368237080123,0.43051608039848055,0.16666666666666666,0.9236947791164659,0.0
5525,1381:1,1382,-0.6028189636994304,-0.4828536823708009,0.6351862863958119,0.3333333333333333,0.9236947791164659,0.0
5526,1381:2,1388,-0.684720477934572,-0.4818182646502824,0.5468171787228722,0.3333333333333333,0.927710843373494,0.0
5527,1381:3,1387,-0.8176840982690199,0.4818182646502827,0.3150299593489006,0.16666666666666666,0.927710843373494,0.0
5528,1382:0,1382,-0.6028189636994304,-0.4828536823708009,0.6351862863958119,0.3333333333333333,0.9236947791164659,0.0
5529,1382:1,1383,0.15974790283706322,-0.9657073647416022,0.20467020599733135,0.5,0.9236947791164659,0.0
5530,1382:2,1389,0.13296362033444784,-0.9636365293005652,0.23178721937397165,0.5,0.927710843373494,0.0
5531,1382:3,1388,-0.684720477934572,-0.4818182646502824,0.5468171787228722,0.3333333333333333,0.927710843373494,0.0
5532,1383:0,1383,0.15974790283706322,-0.9657073647416022,0.20467020599733135,0.5,0.9236947791164659,0.0
5533,1383:1,1384,0.7625668665364935,-0.48285368237080156,-0.4305160803984805,0.6666666666666666,0.9236947791164659,0.0
5534,1383:2,1390,0.8176840982690198,-0.48181826465028305,-0.31502995934890043,0.6666666666666666,0.927710843373494,0.0
5535,1383:3,1389,0.13296362033444784,-0.9636365293005652,0.23178721937397165,0.5,0.927710843373494,0.0
5536,1384:0,1384,0.7625668665364935,-0.48285368237080156,-0.4305160803984805,0.6666666666666666,0.9236947791164659,0.0
5537,1384:1,1385,0.6028189636994308,0.48285368237080045,-0.635186286395812,0.8333333333333334,0.9236947791164659,0.0
5538,1384:2,1391,0.6847204779345725,0.48181826465028194,-0.5468171787228723,0.8333333333333334,0.927710843373494,0.0
5539,1384:3,1390,0.8176840982690198,-0.48181826465028305,-0.31502995934890043,0.6666666666666666,0.927710843373494,0.0
5540,1385:0,1385,0.6028189636994308,0.48285368237080045,-0.635186286395812,0.8333333333333334,0.9236947791164659,0.0
5541,1385:1,1380,-0.1597479028370633,0.9657073647416022,-0.20467020599733127,1.0,0.9236947791164659,0.0
5542,1385:2,1386,-0.13296362033444795,0.9636365293005652,-0.2317872193739716,1.0,0.927710843373494,0.0
5543,1385:3,1391,0.6847204779345725,0.48181826465028194,-0.5468171787228723,0.8333333333333334,0.927710843373494,0.0
5544,1386:0,1386,-0.13296362033444795,0.9636365293005652,-0.2317872193739716,0.0,0.927710843373494,0.0
5545,1386:1,1387,-0.8176840982690199,0.4818182646502827,0.3150299593489006,0.16666666666666666,0.927710843373494,0.0
5546,1386:2,1393,-0.8564510109939992,0.4807682281525195,0.18802546786657243,0.16666666666666666,0.9317269076305221,0.0
5547,1386:3,1392,-0.10019438227082239,0.9615364563050388,-0.2557513029443184,0.0,0.9317269076305221,0.0
5548,1387:0,1387,-0.8176840982690199,0.4818182646502827,0.3150299593489006,0.16666666666666666,0.927710843373494,0.0
5549,1387:1,1388,-0.684720477934572,-0.4818182646502824,0.5468171787228722,0.3333333333333333,0.927710843373494,0.0
5550,1387:2,1394,-0.7562566287231769,-0.4807682281525192,0.44377677081089084,0.3333333333333333,0.9317269076305221,0.0
5551,1387:3,1393,-0.8564510109939992,0.4807682281525195,0.18802546786657243,0.16666666666666666,0.9317269076305221,0.0
5552,1388:0,1388,-0.684720477934572,-0.4818182646502824,0.5468171787228722,0.3333333333333333,0.927710843373494,0.0
5553,1388:1,1389,0.13296362033444784,-0.9636365293005652,0.23178721937397165,0.5,0.927710843373494,0.0
5554,1388:2,1395,0.10019438227082228,-0.9615364563050388,0.25575130294431847,0.5,0.9317269076305221,0.0
5555,1388:3,1394,-0.7562566287231769,-0.4807682281525192,0.44377677081089084,0.3333333333333333,0.9317269076305221,0.0
5556,1389:0,1389,0.13296362033444784,-0.9636365293005652,0.23178721937397165,0.5,0.927710843373494,0.0
5557,1389:1,1390,0.8176840982690198,-0.48181826465028305,-0.31502995934890043,0.6666666666666666,0.927710843373494,0.0
5558,1389:2,1396,0.8564510109939991,-0.48076822815251985,-0.1880254678665723,0.6666666666666666,0.9317269076305221,0.0
5559,1389:3,1395,0.10019438227082228,-0.9615364563050388,0.25575130294431847,0.5,0.9317269076305221,0.0
5560,1390:0,1390,0.8176840982690198,-0.48181826465028305,-0.31502995934890043,0.6666666666666666,0.927710843373494,0.0
5561,1390:1,1391,0.6847204779345725,0.48181826465028194,-0.5468171787228723,0.8333333333333334,0.927710843373494,0.0
5562,1390:2,1397,0.7562566287231773,0.48076822815251874,-0.44377677081089084,0.8333333333333334,0.9317269076305221,0.0
5563,1390:3,1396,0.8564510109939991,-0.48076822815251985,-0.1880254678665723,0.6666666666666666,0.9317269076305221,0.0
5564,1391:0,1391,0.6847204779345725,0.48181826465028194,-0.5468171787228723,0.8333333333333334,0.927710843373494,0.0
5565,1391:1,1386,-0.13296362033444795,0.9636365293005652,-0.2317872193739716,1.0,0.927710843373494,0.0
5566,1391:2,1392,-0.10019438227082239,0.9615364563050388,-0.2557513029443184,1.0,0.9317269076305221,0.0
5567,1391:3,1397,0.7562566287231773,0.48076822815251874,-0.44377677081089084,0.8333333333333334,0.9317269076305221,0.0
5568,1392:0,1392,-0.10019438227082239,0.9615364563050388,-0.2557513029443184,0.0,0.9317269076305221,0.0
5569,1392:1,1393,-0.8564510109939992,0.4807682281525195,0.18802546786657243,0.16666666666666666,0.9317269076305221,0.0
5570,1392:2,1399,-0.8760107822084382,0.4795381459259333,0.051461403561102625,0.16666666666666666,0.9357429718875502,0.0
5571,1392:3,1398,-0.0619901275508434,0.9590762918518664,-0.276278646467482,0.0,0.9357429718875502,0.0
5572,1393:0,1393,-0.8564510109939992,0.4807682281525195,0.18802546786657243,0.16666666666666666,0.9317269076305221,0.0
5573,1393:1,1394,-0.7562566287231769,-0.4807682281525192,0.44377677081089084,0.3333333333333333,0.9317269076305221,0.0
5574,1393:2,1400,-0.8140206546575949,-0.47953814592593297,0.32774005002858464,0.3333333333333333,0.9357429718875502,0.0
5575,1393:3,1399,-0.8760107822084382,0.4795381459259333,0.051461403561102625,0.16666666666666666,0.9357429718875502,0.0
5576,1394:0,1394,-0.7562566287231769,-0.4807682281525192,0.44377677081089084,0.3333333333333333,0.9317269076305221,0.0
5577,1394:1,1395,0.10019438227082228,-0.9615364563050388,0.25575130294431847,0.5,0.9317269076305221,0.0
5578,1394:2,1401,0.06199012755084328,-0.9590762918518664,0.276278646467482,0.5,0.9357429718875502,0.0
5579,1394:3,1400,-0.8140206546575949,-0.47953814592593297,0.32774005002858464,0.3333333333333333,0.9357429718875502,0.0
5580,1395:0,1395,0.10019438227082228,-0.9615364563050388,0.25575130294431847,0.5,0.9317269076305221,0.0
5581,1395:1,1396,0.8564510109939991,-0.48076822815251985,-0.1880254678665723,0.6666666666666666,0.9317269076305221,0.0
5582,1395:2,1402,0.8760107822084381,-0.47953814592593363,-0.05146140356110254,0.6666666666666666,0.9357429718875502,0.0
5583,1395:3,1401,0.06199012755084328,-0.9590762918518664,0.276278646467482,0.5,0.9357429718875502,0.0
5584,1396:0,1396,0.8564510109939991,-0.48076822815251985,-0.1880254678665723,0.6666666666666666,0.9317269076305221,0.0
5585,1396:1,1397,0.7562566287231773,0.48076822815251874,-0.44377677081089084,0.8333333333333334,0.9317269076305221,0.0
5586,1396:2,1403,0.8140206546575953,0.4795381459259325,-0.3277400500285846,0.8333333333333334,0.9357429718875502,0.0
5587,1396:3,1402,0.8760107822084381,-0.47953814592593363,-0.05146140356110254,0.6666666666666666,0.9357429718875502,0.0
5588,1397:0,1397,0.7562566287231773,0.48076822815251874,-0.44377677081089084,0.8333333333333334,0.9317269076305221,0.0
5589,1397:1,1392,-0.10019438227082239,0.9615364563050388,-0.2557513029443184,1.0,0.9317269076305221,0.0
5590,1397:2,1398,-0.0619901275508434,0.9590762918518664,-0.276278646467482,1.0,0.9357429718875502,0.0
5591,1397:3,1403,0.8140206546575953,0.4795381459259325,-0.3277400500285846,0.8333333333333334,0.9357429718875502,0.0
5592,1398:0,1398,-0.0619901275508434,0.9590762918518664,-0.276278646467482,0.0,0.9357429718875502,0.0
5593,1398:1,1399,-0.8760107822084382,0.4795381459259333,0.051461403561102625,0.16666666666666666,0.9357429718875502,0.0
5594,1398:2,1405,-0.8735924355937608,0.47803829250595775,-0.09119017146244138,0.16666666666666666,0.9397590361445783,0.0
5595,1398:3,1404,-0.01863969186193565,0.9560765850119153,-0.2925237178063447,0.0,0.9397590361445783,0.0
5596,1399:0,1399,-0.8760107822084382,0.4795381459259333,0.051461403561102625,0.16666666666666666,0.9357429718875502,0.0
5597,1399:1,1400,-0.8140206546575949,-0.47953814592593297,0.32774005002858464,0.3333333333333333,0.9357429718875502,0.0
5598,1399:2,1406,-0.8549527437318253,-0.4780382925059574,0.20133354634390327,0.3333333333333333,0.9397590361445783,0.0
5599,1399:3,1405,-0.8735924355937608,0.47803829250595775,-0.09119017146244138,0.16666666666666666,0.9397590361445783,0.0
5600,1400:0,1400,-0.8140206546575949,-0.47953814592593297,0.32774005002858464,0.3333333333333333,0.9357429718875502,0.0
5601,1400:1,1401,0.06199012755084328,-0.9590762918518664,0.276278646467482,0.5,0.9357429718875502,0.0
5602,1400:2,1407,0.01863969186193553,-0.9560765850119153,0.2925237178063447,0.5,0.9397590361445783,0.0
5603,1400:3,1406,-0.8549527437318253,-0.4780382925059574,0.20133354634390327,0.3333333333333333,0.9397590361445783,0.0
5604,1401:0,1401,0.06199012755084328,-0.9590762918518664,0.276278646467482,0.5,0.9357429718875502,0.0
5605,1401:1,1402,0.8760107822084381,-0.47953814592593363,-0.05146140356110254,0.6666666666666666,0.9357429718875502,0.0
5606,1401:2,1408,0.8735924355937607,-0.4780382925059581,0.09119017146244149,0.6666666666666666,0.9397590361445783,0.0
5607,1401:3,1407,0.01863969186193553,-0.9560765850119153,0.2925237178063447,0.5,0.9397590361445783,0.0
5608,1402:0,1402,0.8760107822084381,-0.47953814592593363,-0.05146140356110254,0.6666666666666666,0.9357429718875502,0.0
5609,1402:1,1403,0.8140206546575953,0.4795381459259325,-0.3277400500285846,0.8333333333333334,0.9357429718875502,0.0
5610,1402:2,1409,0.8549527437318256,0.47803829250595703,-0.20133354634390316,0.8333333333333334,0.9397590361445783,0.0
5611,1402:3,1408,0.8735924355937607,-0.4780382925059581,0.09119017146244149,0.6666666666666666,0.9397590361445783,0.0
5612,1403:0,1403,0.8140206546575953,0.4795381459259325,-0.3277400500285846,0.8333333333333334,0.9357429718875502,0.0
5613,1403:1,1398,-0.0619901275508434,0.9590762918518664,-0.276278646467482,1.0,0.9357429718875502,0.0
5614,1403:2,1404,-0.01863969186193565,0.9560765850119153,-0.2925237178063447,1.0,0.9397590361445783,0.0
5615,1403:3,1409,0.8549527437318256,0.47803829250595703,-0.20133354634390316,0.8333333333333334,0.9397590361445783,0.0
5616,1404:0,1404,-0.01863969186193565,0.9560765850119153,-0.2925237178063447,0.0,0.9397590361445783,0.0
5617,1404:1,1405,-0.8735924355937608,0.47803829250595775,-0.09119017146244138,0.16666666666666666,0.9397590361445783,0.0
5618,1404:2,1411,-0.8464226520646662,0.4764289464416917,-0.23787423791633477,0.16666666666666666,0.9437751004016064,0.0
5619,1404:3,1410,0.030457132413670557,0.9528578928833832,-0.301884413401844,0.0,0.9437751004016064,0.0
5620,1405:0,1405,-0.8735924355937608,0.47803829250595775,-0.09119017146244138,0.16666666666666666,0.9397590361445783,0.0
5621,1405:1,1406,-0.8549527437318253,-0.4780382925059574,0.20133354634390327,0.3333333333333333,0.9397590361445783,0.0
5622,1405:2,1412,-0.8768797844783369,-0.47642894644169137,0.06401017548550919,0.3333333333333333,0.9437751004016064,0.0
5623,1405:3,1411,-0.8464226520646662,0.4764289464416917,-0.23787423791633477,0.16666666666666666,0.9437751004016064,0.0
5624,1406:0,1406,-0.8549527437318253,-0.4780382925059574,0.20133354634390327,0.3333333333333333,0.9397590361445783,0.0
5625,1406:1,1407,0.01863969186193553,-0.9560765850119153,0.2925237178063447,0.5,0.9397590361445783,0.0
5626,1406:2,1413,-0.03045713241367068,-0.9528578928833832,0.301884413401844,0.5,0.9437751004016064,0.0
5627,1406:3,1412,-0.8768797844783369,-0.47642894644169137,0.06401017548550919,0.3333333333333333,0.9437751004016064,0.0
5628,1407:0,1407,0.01863969186193553,-0.9560765850119153,0.2925237178063447,0.5,0.9397590361445783,0.0
5629,1407:1,1408,0.8735924355937607,-0.4780382925059581,0.09119017146244149,0.6666666666666666,0.9397590361445783,0.0
5630,1407:2,1414,0.846422652064666,-0.47642894644169204,0.23787423791633489,0.6666666666666666,0.9437751004016064,0.0
5631,1407:3,1413,-0.03045713241367068,-0.9528578928833832,0.301884413401844,0.5,0.9437751004016064,0.0
5632,1408:0,1408,0.8735924355937607,-0.4780382925059581,0.09119017146244149,0.6666666666666666,0.9397590361445783,0.0
5633,1408:1,1409,0.8549527437318256,0.47803829250595703,-0.20133354634390316,0.8333333333333334,0.9397590361445783,0.0
5634,1408:2,1415,0.8768797844783371,0.476428946441691,-0.06401017548550902,0.8333333333333334,0.9437751004016064,0.0
5635,1408:3,1414,0.846422652064666,-0.47642894644169204,0.23787423791633489,0.6666666666666666,0.9437751004016064,0.0
5636,1409:0,1409,0.8549527437318256,0.47803829250595703,-0.20133354634390316,0.8333333333333334,0.9397590361445783,0.0
5637,1409:1,1404,-0.01863969186193565,0.9560765850119153,-0.2925237178063447,1.0,0.9397590361445783,0.0
5638,1409:2,1410,0.030457132413670557,0.9528578928833832,-0.301884413401844,1.0,0.9437751004016064,0.0
5639,1409:3,1415,0.8768797844783371,0.476428946441691,-0.06401017548550902,0.8333333333333334,0.9437751004016064,0.0
5640,1410:0,1410,0.030457132413670557,0.9528578928833832,-0.301884413401844,0.0,0.9437751004016064,0.0
5641,1410:1,1411,-0.8464226520646662,0.4764289464416917,-0.23787423791633477,0.16666666666666666,0.9437751004016064,0.0
5642,1410:2,1417,-0.7916275091865054,0.4745830088917563,-0.3848335411192958,0.16666666666666666,0.9477911646586346,0.0
5643,1410:3,1416,0.08478425215473248,0.9491660177835124,-0.3031427077657516,0.0,0.9477911646586346,0.0
5644,1411:0,1411,-0.8464226520646662,0.4764289464416917,-0.23787423791633477,0.16666666666666666,0.9437751004016064,0.0
5645,1411:1,1412,-0.8768797844783369,-0.47642894644169137,0.06401017548550919,0.3333333333333333,0.9437751004016064,0.0
5646,1411:2,1418,-0.8764117613412379,-0.474583008891756,-0.08169083335354427,0.3333333333333333,0.9477911646586346,0.0
5647,1411:3,1417,-0.7916275091865054,0.4745830088917563,-0.3848335411192958,0.16666666666666666,0.9477911646586346,0.0
5648,1412:0,1412,-0.8768797844783369,-0.47642894644169137,0.06401017548550919,0.3333333333333333,0.9437751004016064,0.0
5649,1412:1,1413,-0.03045713241367068,-0.9528578928833832,0.301884413401844,0.5,0.9437751004016064,0.0
5650,1412:2,1419,-0.08478425215473259,-0.9491660177835124,0.30314270776575153,0.5,0.9477911646586346,0.0
5651,1412:3,1418,-0.8764117613412379,-0.474583008891756,-0.08169083335354427,0.3333333333333333,0.9477911646586346,0.0
5652,1413:0,1413,-0.03045713241367068,-0.9528578928833832,0.301884413401844,0.5,0.9437751004016064,0.0
5653,1413:1,1414,0.846422652064666,-0.47642894644169204,0.23787423791633489,0.6666666666666666,0.9437751004016064,0.0
5654,1413:2,1420,0.7916275091865052,-0.47458300889175664,0.38483354111929585,0.6666666666666666,0.9477911646586346,0.0
5655,1413:3,1419,-0.08478425215473259,-0.9491660177835124,0.30314270776575153,0.5,0.9477911646586346,0.0
5656,1414:0,1414,0.846422652064666,-0.47642894644169204,0.23787423791633489,0.6666666666666666,0.9437751004016064,0.0
5657,1414:1,1415,0.8768797844783371,0.476428946441691,-0.06401017548550902,0.8333333333333334,0.9437751004016064,0.0
5658,1414:2,1421,0.8764117613412381,0.4745830088917556,0.08169083335354449,0.8333333333333334,0.9477911646586346,0.0
5659,1414:3,1420,0.7916275091865052,-0.47458300889175664,0.38483354111929585,0.6666666666666666,0.9477911646586346,0.0
5660,1415:0,1415,0.8768797844783371,0.476428946441691,-0.06401017548550902,0.8333333333333334,0.9437751004016064,0.0
5661,1415:1,1410,0.030457132413670557,0.9528578928833832,-0.301884413401844,1.0,0.9437751004016064,0.0
5662,1415:2,1416,0.08478425215473248,0.9491660177835124,-0.3031427077657516,1.0,0.9477911646586346,0.0
5663,1415:3,1421,0.8764117613412381,0.4745830088917556,0.08169083335354449,0.8333333333333334,0.9477911646586346,0.0
5664,1416:0,1416,0.08478425215473248,0.9491660177835124,-0.3031427077657516,0.0,0.9477911646586346,0.0
5665,1416:1,1417,-0.7916275091865054,0.4745830088917563,-0.3848335411192958,0.16666666666666666,0.9477911646586346,0.0
5666,1416:2,1423,-0.7072419431375556,0.47230122529422824,-0.526061200291929,0.16666666666666666,0.9518072289156626,0.0
5667,1416:3,1422,0.14343026491423055,0.9446024505884563,-0.2952185113588179,0.0,0.9518072289156626,0.0
5668,1417:0,1417,-0.7916275091865054,0.4745830088917563,-0.3848335411192958,0.16666666666666666,0.9477911646586346,0.0
5669,1417:1,1418,-0.8764117613412379,-0.474583008891756,-0.08169083335354427,0.3333333333333333,0.9477911646586346,0.0
5670,1417:2,1424,-0.8506722080517862,-0.4723012252942279,-0.23084268893311125,0.3333333333333333,0.9518072289156626,0.0
5671,1417:3,1423,-0.7072419431375556,0.47230122529422824,-0.526061200291929,0.16666666666666666,0.9518072289156626,0.0
5672,1418:0,1418,-0.8764117613412379,-0.474583008891756,-0.08169083335354427,0.3333333333333333,0.9477911646586346,0.0
5673,1418:1,1419,-0.08478425215473259,-0.9491660177835124,0.30314270776575153,0.5,0.9477911646586346,0.0
5674,1418:2,1425,-0.14343026491423067,-0.9446024505884563,0.2952185113588178,0.5,0.9518072289156626,0.0
5675,1418:3,1424,-0.8506722080517862,-0.4723012252942279,-0.23084268893311125,0.3333333333333333,0.9518072289156626,0.0
5676,1419:0,1419,-0.08478425215473259,-0.9491660177835124,0.30314270776575153,0.5,0.9477911646586346,0.0
5677,1419:1,1420,0.7916275091865052,-0.47458300889175664,0.38483354111929585,0.6666666666666666,0.9477911646586346,0.0
5678,1419:2,1426,0.7072419431375554,-0.4723012252942286,0.5260612002919292,0.6666666666666666,0.9518072289156626,0.0
5679,1419:3,1425,-0.14343026491423067,-0.9446024505884563,0.2952185113588178,0.5,0.9518072289156626,0.0
5680,1420:0,1420,0.7916275091865052,-0.47458300889175664,0.38483354111929585,0.6666666666666666,0.9477911646586346,0.0
5681,1420:1,1421,0.8764117613412381,0.4745830088917556,0.08169083335354449,0.8333333333333334,0.9477911646586346,0.0
5682,1420:2,1427,0.8506722080517864,0.4723012252942275,0.23084268893311155,0.8333333333333334,0.9518072289156626,0.0
5683,1420:3,1426,0.7072419431375554,-0.4723012252942286,0.5260612002919292,0.6666666666666666,0.9518072289156626,0.0
5684,1421:0,1421,0.8764117613412381,0.4745830088917556,0.08169083335354449,0.8333333333333334,0.9477911646586346,0.0
5685,1421:1,1416,0.08478425215473248,0.9491660177835124,-0.3031427077657516,1.0,0.9477911646586346,0.0
5686,1421:2,1422,0.14343026491423055,0.9446024505884563,-0.2952185113588179,1.0,0.9518072289156626,0.0
5687,1421:3,1427,0.8506722080517864,0.4723012252942275,0.23084268893311155,0.8333333333333334,0.9518072289156626,0.0
5688,1422:0,1422,0.14343026491423055,0.9446024505884563,-0.2952185113588179,0.0,0.9518072289156626,0.0
5689,1422:1,1423,-0.7072419431375556,0.47230122529422824,-0.526061200291929,0.16666666666666666,0.9518072289156626,0.0
5690,1422:2,1429,-0.5915594733100454,0.46956382129703994,-0.6554137679863486,0.16666666666666666,0.9558232931726908,0.0
5691,1422:3,1428,0.20538231249048164,0.9391276425940797,-0.2754221789031317,0.0,0.9558232931726908,0.0
5692,1423:0,1423,-0.7072419431375556,0.47230122529422824,-0.526061200291929,0.16666666666666666,0.9518072289156626,0.0
5693,1423:1,1424,-0.8506722080517862,-0.4723012252942279,-0.23084268893311125,0.3333333333333333,0.9518072289156626,0.0
5694,1423:2,1430,-0.796941785800527,-0.4695638212970396,-0.3799915890832171,0.3333333333333333,0.9558232931726908,0.0
5695,1423:3,1429,-0.5915594733100454,0.46956382129703994,-0.6554137679863486,0.16666666666666666,0.9558232931726908,0.0
5696,1424:0,1424,-0.8506722080517862,-0.4723012252942279,-0.23084268893311125,0.3333333333333333,0.9518072289156626,0.0
5697,1424:1,1425,-0.14343026491423067,-0.9446024505884563,0.2952185113588178,0.5,0.9518072289156626,0.0
5698,1424:2,1431,-0.20538231249048175,-0.9391276425940797,0.27542217890313164,0.5,0.9558232931726908,0.0
5699,1424:3,1430,-0.796941785800527,-0.4695638212970396,-0.3799915890832171,0.3333333333333333,0.9558232931726908,0.0
5700,1425:0,1425,-0.14343026491423067,-0.9446024505884563,0.2952185113588178,0.5,0.9518072289156626,0.0
5701,1425:1,1426,0.7072419431375554,-0.4723012252942286,0.5260612002919292,0.6666666666666666,0.9518072289156626,0.0
5702,1425:2,1432,0.5915594733100452,-0.4695638212970403,0.6554137679863486,0.6666666666666666,0.9558232931726908,0.0
5703,1425:3,1431,-0.20538231249048175,-0.9391276425940797,0.27542217890313164,0.5,0.9558232931726908,0.0
5704,1426:0,1426,0.7072419431375554,-0.4723012252942286,0.5260612002919292,0.6666666666666666,0.9518072289156626,0.0
5705,1426:1,1427,0.8506722080517864,0.4723012252942275,0.23084268893311155,0.8333333333333334,0.9518072289156626,0.0
5706,1426:2,1433,0.7969417858005273,0.4695638212970392,0.3799915890832174,0.8333333333333334,0.9558232931726908,0.0
5707,1426:3,1432,0.5915594733100452,-0.4695638212970403,0.6554137679863486,0.6666666666666666,0.9558232931726908,0.0
5708,1427:0,1427,0.8506722080517864,0.4723012252942275,0.23084268893311155,0.8333333333333334,0.9518072289156626,0.0
5709,1427:1,1422,0.14343026491423055,0.9446024505884563,-0.2952185113588179,1.0,0.9518072289156626,0.0
5710,1427:2,1428,0.20538231249048164,0.9391276425940797,-0.2754221789031317,1.0,0.9558232931726908,0.0
5711,1427:3,1433,0.7969417858005273,0.4695638212970392,0.3799915890832174,0.8333333333333334,0.9558232931726908,0.0
5712,1428:0,1428,0.20538231249048164,0.9391276425940797,-0.2754221789031317,0.0,0.9558232931726908,0.0
5713,1428:1,1429,-0.5915594733100454,0.46956382129703994,-0.6554137679863486,0.16666666666666666,0.9558232931726908,0.0
5714,1428:2,1435,-0.44313036073125917,0.46633447014436386,-0.7656158601762112,0.16666666666666666,0.9598393574297188,0.0
5715,1428:3,1434,0.26880653321559095,0.9326689402887275,-0.24056536642109894,0.0,0.9598393574297188,0.0
5716,1429:0,1429,-0.5915594733100454,0.46956382129703994,-0.6554137679863486,0.16666666666666666,0.9558232931726908,0.0
5717,1429:1,1430,-0.796941785800527,-0.4695638212970396,-0.3799915890832171,0.3333333333333333,0.9558232931726908,0.0
5718,1429:2,1436,-0.7119368939468501,-0.4663344701443635,-0.5250504937551124,0.3333333333333333,0.9598393574297188,0.0
5719,1429:3,1435,-0.44313036073125917,0.46633447014436386,-0.7656158601762112,0.16666666666666666,0.9598393574297188,0.0
5720,1430:0,1430,-0.796941785800527,-0.4695638212970396,-0.3799915890832171,0.3333333333333333,0.9558232931726908,0.0
5721,1430:1,1431,-0.20538231249048175,-0.9391276425940797,0.27542217890313164,0.5,0.9558232931726908,0.0
5722,1430:2,1437,-0.268806533215591,-0.9326689402887275,0.24056536642109885,0.5,0.9598393574297188,0.0
5723,1430:3,1436,-0.7119368939468501,-0.4663344701443635,-0.5250504937551124,0.3333333333333333,0.9598393574297188,0.0
5724,1431:0,1431,-0.20538231249048175,-0.9391276425940797,0.27542217890313164,0.5,0.9558232931726908,0.0
5725,1431:1,1432,0.5915594733100452,-0.4695638212970403,0.6554137679863486,0.6666666666666666,0.9558232931726908,0.0
5726,1431:2,1438,0.443130360731259,-0.46633447014436413,0.7656158601762113,0.6666666666666666,0.9598393574297188,0.0
5727,1431:3,1437,-0.268806533215591,-0.9326689402887275,0.24056536642109885,0.5,0.9598393574297188,0.0
5728,1432:0,1432,0.5915594733100452,-0.4695638212970403,0.6554137679863486,0.6666666666666666,0.9558232931726908,0.0
5729,1432:1,1433,0.7969417858005273,0.4695638212970392,0.3799915890832174,0.8333333333333334,0.9558232931726908,0.0
5730,1432:2,1439,0.7119368939468502,0.46633447014436313,0.5250504937551128,0.8333333333333334,0.9598393574297188,0.0
5731,1432:3,1438,0.443130360731259,-0.46633447014436413,0.7656158601762113,0.6666666666666666,0.9598393574297188,0.0
5732,1433:0,1433,0.7969417858005273,0.4695638212970392,0.3799915890832174,0.8333333333333334,0.9558232931726908,0.0
5733,1433:1,1428,0.20538231249048164,0.9391276425940797,-0.2754221789031317,1.0,0.9558232931726908,0.0
5734,1433:2,1434,0.26880653321559095,0.9326689402887275,-0.24056536642109894,1.0,0.9598393574297188,0.0
5735,1433:3,1439,0.7119368939468502,0.46633447014436313,0.5250504937551128,0.8333333333333334,0.9598393574297188,0.0
5736,1434:0,1434,0.26880653321559095,0.9326689402887275,-0.24056536642109894,0.0,0.9598393574297188,0.0
5737,1434:1,1435,-0.44313036073125917,0.46633447014436386,-0.7656158601762112,0.16666666666666666,0.9598393574297188,0.0
5738,1434:2,1441,-0.26224694209065935,0.4623904667953767,-0.8470074365558145,0.16666666666666666,0.963855421686747,0.0
5739,1434:3,1440,0.33086450598781836,0.9247809335907532,-0.1879066351794204,0.0,0.963855421686747,0.0
5740,1435:0,1435,-0.44313036073125917,0.46633447014436386,-0.7656158601762112,0.16666666666666666,0.9598393574297188,0.0
5741,1435:1,1436,-0.7119368939468501,-0.4663344701443635,-0.5250504937551124,0.3333333333333333,0.9598393574297188,0.0
5742,1435:2,1442,-0.5931114480784777,-0.4623904667953764,-0.6591008013763942,0.3333333333333333,0.963855421686747,0.0
5743,1435:3,1441,-0.26224694209065935,0.4623904667953767,-0.8470074365558145,0.16666666666666666,0.963855421686747,0.0
5744,1436:0,1436,-0.7119368939468501,-0.4663344701443635,-0.5250504937551124,0.3333333333333333,0.9598393574297188,0.0
5745,1436:1,1437,-0.268806533215591,-0.9326689402887275,0.24056536642109885,0.5,0.9598393574297188,0.0
5746,1436:2,1443,-0.3308645059878184,-0.9247809335907532,0.1879066351794203,0.5,0.963855421686747,0.0
5747,1436:3,1442,-0.5931114480784777,-0.4623904667953764,-0.6591008013763942,0.3333333333333333,0.963855421686747,0.0
5748,1437:0,1437,-0.268806533215591,-0.9326689402887275,0.24056536642109885,0.5,0.9598393574297188,0.0
5749,1437:1,1438,0.443130360731259,-0.46633447014436413,0.7656158601762113,0.6666666666666666,0.9598393574297188,0.0
5750,1437:2,1444,0.26224694209065924,-0.462390466795377,0.8470074365558143,0.6666666666666666,0.963855421686747,0.0
5751,1437:3,1443,-0.3308645059878184,-0.9247809335907532,0.1879066351794203,0.5,0.963855421686747,0.0
5752,1438:0,1438,0.443130360731259,-0.46633447014436413,0.7656158601762113,0.6666666666666666,0.9598393574297188,0.0
5753,1438:1,1439,0.7119368939468502,0.46633447014436313,0.5250504937551128,0.8333333333333334,0.9598393574297188,0.0
5754,1438:2,1445,0.5931114480784778,0.462390466795376,0.6591008013763946,0.8333333333333334,0.963855421686747,0.0
5755,1438:3,1444,0.26224694209065924,-0.462390466795377,0.8470074365558143,0.6666666666666666,0.963855421686747,0.0
5756,1439:0,1439,0.7119368939468502,0.46633447014436313,0.5250504937551128,0.8333333333333334,0.9598393574297188,0.0
5757,1439:1,1434,0.26880653321559095,0.9326689402887275,-0.24056536642109894,1.0,0.9598393574297188,0.0
5758,1439:2,1440,0.33086450598781836,0.9247809335907532,-0.1879066351794204,1.0,0.963855421686747,0.0
5759,1439:3,1445,0.5931114480784778,0.462390466795376,0.6591008013763946,0.8333333333333334,0.963855421686747,0.0
5760,1440:0,1440,0.33086450598781836,0.9247809335907532,-0.1879066351794204,0.0,0.963855421686747,0.0
5761,1440:1,1441,-0.26224694209065935,0.4623904667953767,-0.8470074365558145,0.16666666666666666,0.963855421686747,0.0
5762,1440:2,1447,-0.051516148771748566,0.45744776841032314,-0.8877429952368775,0.16666666666666666,0.9678714859437751,0.0
5763,1440:3,1446,0.38718456164700604,0.9148955368206461,-0.11425529277839912,0.0,0.9678714859437751,0.0
5764,1441:0,1441,-0.26224694209065935,0.4623904667953767,-0.8470074365558145,0.16666666666666666,0.963855421686747,0.0
5765,1441:1,1442,-0.5931114480784777,-0.4623904667953764,-0.6591008013763942,0.3333333333333333,0.963855421686747,0.0
5766,1441:2,1448,-0.43870071041875464,-0.4574477684103228,-0.7734877024584785,0.3333333333333333,0.9678714859437751,0.0
5767,1441:3,1447,-0.051516148771748566,0.45744776841032314,-0.8877429952368775,0.16666666666666666,0.9678714859437751,0.0
5768,1442:0,1442,-0.5931114480784777,-0.4623904667953764,-0.6591008013763942,0.3333333333333333,0.963855421686747,0.0
5769,1442:1,1443,-0.3308645059878184,-0.9247809335907532,0.1879066351794203,0.5,0.963855421686747,0.0
5770,1442:2,1449,-0.3871845616470061,-0.9148955368206461,0.114255292778399,0.5,0.9678714859437751,0.0
5771,1442:3,1448,-0.43870071041875464,-0.4574477684103228,-0.7734877024584785,0.3333333333333333,0.9678714859437751,0.0
5772,1443:0,1443,-0.3308645059878184,-0.9247809335907532,0.1879066351794203,0.5,0.963855421686747,0.0
5773,1443:1,1444,0.26224694209065924,-0.462390466795377,0.8470074365558143,0.6666666666666666,0.963855421686747,0.0
5774,1443:2,1450,0.05151614877174843,-0.4574477684103234,0.8877429952368775,0.6666666666666666,0.9678714859437751,0.0
5775,1443:3,1449,-0.3871845616470061,-0.9148955368206461,0.114255292778399,0.5,0.9678714859437751,0.0
5776,1444:0,1444,0.26224694209065924,-0.462390466795377,0.8470074365558143,0.6666666666666666,0.963855421686747,0.0
5777,1444:1,1445,0.5931114480784778,0.462390466795376,0.6591008013763946,0.8333333333333334,0.963855421686747,0.0
5778,1444:2,1451,0.4387007104187546,0.4574477684103224,0.7734877024584788,0.8333333333333334,0.9678714859437751,0.0
5779,1444:3,1450,0.05151614877174843,-0.4574477684103234,0.8877429952368775,0.6666666666666666,0.9678714859437751,0.0
5780,1445:0,1445,0.5931114480784778,0.462390466795376,0.6591008013763946,0.8333333333333334,0.963855421686747,0.0
5781,1445:1,1440,0.33086450598781836,0.9247809335907532,-0.1879066351794204,1.0,0.963855421686747,0.0
5782,1445:2,1446,0.38718456164700604,0.9148955368206461,-0.11425529277839912,1.0,0.9678714859437751,0.0
5783,1445:3,1451,0.4387007104187546,0.4574477684103224,0.7734877024584788,0.8333333333333334,0.9678714859437751,0.0
5784,1446:0,1446,0.38718456164700604,0.9148955368206461,-0.11425529277839912,0.0,0.9678714859437751,0.0
5785,1446:1,1447,-0.051516148771748566,0.45744776841032314,-0.8877429952368775,0.16666666666666666,0.9678714859437751,0.0
5786,1446:2,1453,0.18289546486911917,0.45112356018335714,-0.8735197664493929,0.16666666666666666,0.9718875502008032,0.0
5787,1446:3,1452,0.4309144437318467,0.9022471203667141,-0.01621345038063618,0.0,0.9718875502008032,0.0
5788,1447:0,1447,-0.051516148771748566,0.45744776841032314,-0.8877429952368775,0.16666666666666666,0.9678714859437751,0.0
5789,1447:1,1448,-0.43870071041875464,-0.4574477684103228,-0.7734877024584785,0.3333333333333333,0.9678714859437751,0.0
5790,1447:2,1454,-0.2480189788627275,-0.4511235601833568,-0.8573063160687568,0.3333333333333333,0.9718875502008032,0.0
5791,1447:3,1453,0.18289546486911917,0.45112356018335714,-0.8735197664493929,0.16666666666666666,0.9718875502008032,0.0
5792,1448:0,1448,-0.43870071041875464,-0.4574477684103228,-0.7734877024584785,0.3333333333333333,0.9678714859437751,0.0
5793,1448:1,1449,-0.3871845616470061,-0.9148955368206461,0.114255292778399,0.5,0.9678714859437751,0.0
5794,1448:2,1455,-0.4309144437318467,-0.9022471203667141,0.016213450380636058,0.5,0.9718875502008032,0.0
5795,1448:3,1454,-0.2480189788627275,-0.4511235601833568,-0.8573063160687568,0.3333333333333333,0.9718875502008032,0.0
5796,1449:0,1449,-0.3871845616470061,-0.9148955368206461,0.114255292778399,0.5,0.9678714859437751,0.0
5797,1449:1,1450,0.05151614877174843,-0.4574477684103234,0.8877429952368775,0.6666666666666666,0.9678714859437751,0.0
5798,1449:2,1456,-0.1828954648691193,-0.4511235601833574,0.8735197664493928,0.6666666666666666,0.9718875502008032,0.0
5799,1449:3,1455,-0.4309144437318467,-0.9022471203667141,0.016213450380636058,0.5,0.9718875502008032,0.0
5800,1450:0,1450,0.05151614877174843,-0.4574477684103234,0.8877429952368775,0.6666666666666666,0.9678714859437751,0.0
5801,1450:1,1451,0.4387007104187546,0.4574477684103224,0.7734877024584788,0.8333333333333334,0.9678714859437751,0.0
5802,1450:2,1457,0.2480189788627273,0.4511235601833564,0.8573063160687572,0.8333333333333334,0.9718875502008032,0.0
5803,1450:3,1456,-0.1828954648691193,-0.4511235601833574,0.8735197664493928,0.6666666666666666,0.9718875502008032,0.0
5804,1451:0,1451,0.4387007104187546,0.4574477684103224,0.7734877024584788,0.8333333333333334,0.9678714859437751,0.0
5805,1451:1,1446,0.38718456164700604,0.9148955368206461,-0.11425529277839912,1.0,0.9678714859437751,0.0
5806,1451:2,1452,0.4309144437318467,0.9022471203667141,-0.01621345038063618,1.0,0.9718875502008032,0.0
5807,1451:3,1457,0.2480189788627273,0.4511235601833564,0.8573063160687572,0.8333333333333334,0.9718875502008032,0.0
5808,1452:0,1452,0.4309144437318467,0.9022471203667141,-0.01621345038063618,0.0,0.9718875502008032,0.0
5809,1452:1,1453,0.18289546486911917,0.45112356018335714,-0.8735197664493929,0.16666666666666666,0.9718875502008032,0.0
5810,1452:2,1459,0.42888554488349717,0.44286817704518233,-0.7873531400525834,0.16666666666666666,0.9759036144578314,0.0
5811,1452:3,1458,0.4512203895402495,0.8857363540903644,0.10895536290543047,0.0,0.9759036144578314,0.0
5812,1453:0,1453,0.18289546486911917,0.45112356018335714,-0.8735197664493929,0.16666666666666666,0.9718875502008032,0.0
5813,1453:1,1454,-0.2480189788627275,-0.4511235601833568,-0.8573063160687568,0.3333333333333333,0.9718875502008032,0.0
5814,1453:2,1460,-0.022334844656752256,-0.442868177045182,-0.896308502958014,0.3333333333333333,0.9759036144578314,0.0
5815,1453:3,1459,0.42888554488349717,0.44286817704518233,-0.7873531400525834,0.16666666666666666,0.9759036144578314,0.0
5816,1454:0,1454,-0.2480189788627275,-0.4511235601833568,-0.8573063160687568,0.3333333333333333,0.9718875502008032,0.0
5817,1454:1,1455,-0.4309144437318467,-0.9022471203667141,0.016213450380636058,0.5,0.9718875502008032,0.0
5818,1454:2,1461,-0.45122038954024946,-0.8857363540903644,-0.10895536290543059,0.5,0.9759036144578314,0.0
5819,1454:3,1460,-0.022334844656752256,-0.442868177045182,-0.896308502958014,0.3333333333333333,0.9759036144578314,0.0
5820,1455:0,1455,-0.4309144437318467,-0.9022471203667141,0.016213450380636058,0.5,0.9718875502008032,0.0
5821,1455:1,1456,-0.1828954648691193,-0.4511235601833574,0.8735197664493928,0.6666666666666666,0.9718875502008032,0.0
5822,1455:2,1462,-0.4288855448834973,-0.4428681770451826,0.7873531400525833,0.6666666666666666,0.9759036144578314,0.0
5823,1455:3,1461,-0.45122038954024946,-0.8857363540903644,-0.10895536290543059,0.5,0.9759036144578314,0.0
5824,1456:0,1456,-0.1828954648691193,-0.4511235601833574,0.8735197664493928,0.6666666666666666,0.9718875502008032,0.0
5825,1456:1,1457,0.2480189788627273,0.4511235601833564,0.8573063160687572,0.8333333333333334,0.9718875502008032,0.0
5826,1456:2,1463,0.02233484465675198,0.4428681770451816,0.8963085029580142,0.8333333333333334,0.9759036144578314,0.0
5827,1456:3,1462,-0.4288855448834973,-0.4428681770451826,0.7873531400525833,0.6666666666666666,0.9759036144578314,0.0
5828,1457:0,1457,0.2480189788627273,0.4511235601833564,0.8573063160687572,0.8333333333333334,0.9718875502008032,0.0
5829,1457:1,1452,0.4309144437318467,0.9022471203667141,-0.01621345038063618,1.0,0.9718875502008032,0.0
5830,1457:2,1458,0.4512203895402495,0.8857363540903644,0.10895536290543047,1.0,0.9759036144578314,0.0
5831,1457:3,1463,0.02233484465675198,0.4428681770451816,0.8963085029580142,0.8333333333333334,0.9759036144578314,0.0
5832,1458:0,1458,0.4512203895402495,0.8857363540903644,0.10895536290543047,0.0,0.9759036144578314,0.0
5833,1458:1,1459,0.42888554488349717,0.44286817704518233,-0.7873531400525834,0.16666666666666666,0.9759036144578314,0.0
5834,1458:2,1465,0.66403742942291,0.43183360709752183,-0.6103884239617895,0.16666666666666666,0.9799196787148594,0.0
5835,1458:3,1464,0.4312278402870782,0.8636672141950434,0.26100094422418313,0.0,0.9799196787148594,0.0
5836,1459:0,1459,0.42888554488349717,0.44286817704518233,-0.7873531400525834,0.16666666666666666,0.9759036144578314,0.0
5837,1459:1,1460,-0.022334844656752256,-0.442868177045182,-0.896308502958014,0.3333333333333333,0.9759036144578314,0.0
5838,1459:2,1466,0.23280958913583188,-0.43183360709752155,-0.8713893681859727,0.3333333333333333,0.9799196787148594,0.0
5839,1459:3,1465,0.66403742942291,0.43183360709752183,-0.6103884239617895,0.16666666666666666,0.9799196787148594,0.0
5840,1460:0,1460,-0.022334844656752256,-0.442868177045182,-0.896308502958014,0.3333333333333333,0.9759036144578314,0.0
5841,1460:1,1461,-0.45122038954024946,-0.8857363540903644,-0.10895536290543059,0.5,0.9759036144578314,0.0
5842,1460:2,1467,-0.43122784028707817,-0.8636672141950434,-0.26100094422418324,0.5,0.9799196787148594,0.0
5843,1460:3,1466,0.23280958913583188,-0.43183360709752155,-0.8713893681859727,0.3333333333333333,0.9799196787148594,0.0
5844,1461:0,1461,-0.45122038954024946,-0.8857363540903644,-0.10895536290543059,0.5,0.9759036144578314,0.0
5845,1461:1,1462,-0.4288855448834973,-0.4428681770451826,0.7873531400525833,0.6666666666666666,0.9759036144578314,0.0
5846,1461:2,1468,-0.6640374294229101,-0.4318336070975221,0.6103884239617893,0.6666666666666666,0.9799196787148594,0.0
5847,1461:3,1467,-0.43122784028707817,-0.8636672141950434,-0.26100094422418324,0.5,0.9799196787148594,0.0
5848,1462:0,1462,-0.4288855448834973,-0.4428681770451826,0.7873531400525833,0.6666666666666666,0.9759036144578314,0.0
5849,1462:1,1463,0.02233484465675198,0.4428681770451816,0.8963085029580142,0.8333333333333334,0.9759036144578314,0.0
5850,1462:2,1469,-0.23280958913583225,0.43183360709752117,0.8713893681859728,0.8333333333333334,0.9799196787148594,0.0
5851,1462:3,1468,-0.6640374294229101,-0.4318336070975221,0.6103884239617893,0.6666666666666666,0.9799196787148594,0.0
5852,1463:0,1463,0.02233484465675198,0.4428681770451816,0.8963085029580142,0.8333333333333334,0.9759036144578314,0.0
5853,1463:1,1458,0.4512203895402495,0.8857363540903644,0.10895536290543047,1.0,0.9759036144578314,0.0
5854,1463:2,1464,0.4312278402870782,0.8636672141950434,0.26100094422418313,1.0,0.9799196787148594,0.0
5855,1463:3,1469,-0.23280958913583225,0.43183360709752117,0.8713893681859728,0.8333333333333334,0.9799196787148594,0.0
5856,1464:0,1464,0.4312278402870782,0.8636672141950434,0.26100094422418313,0.0,0.9799196787148594,0.0
5857,1464:1,1465,0.66403742942291,0.43183360709752183,-0.6103884239617895,0.16666666666666666,0.9799196787148594,0.0
5858,1464:2,1471,0.8486894206183833,0.41659935160749917,-0.3258392971552763,0.16666666666666666,0.9839357429718876,0.0
5859,1464:3,1470,0.3458149599999352,0.8331987032149981,0.4314996343000639,0.0,0.9839357429718876,0.0
5860,1465:0,1465,0.66403742942291,0.43183360709752183,-0.6103884239617895,0.16666666666666666,0.9799196787148594,0.0
5861,1465:1,1466,0.23280958913583188,-0.43183360709752155,-0.8713893681859727,0.3333333333333333,0.9799196787148594,0.0
5862,1465:2,1472,0.5028744606184481,-0.4165993516074989,-0.7573389314553401,0.3333333333333333,0.9839357429718876,0.0
5863,1465:3,1471,0.8486894206183833,0.41659935160749917,-0.3258392971552763,0.16666666666666666,0.9839357429718876,0.0
5864,1466:0,1466,0.23280958913583188,-0.43183360709752155,-0.8713893681859727,0.3333333333333333,0.9799196787148594,0.0
5865,1466:1,1467,-0.43122784028707817,-0.8636672141950434,-0.26100094422418324,0.5,0.9799196787148594,0.0
5866,1466:2,1473,-0.3458149599999351,-0.8331987032149981,-0.43149963430006394,0.5,0.9839357429718876,0.0
5867,1466:3,1472,0.5028744606184481,-0.4165993516074989,-0.7573389314553401,0.3333333333333333,0.9839357429718876,0.0
5868,1467:0,1467,-0.43122784028707817,-0.8636672141950434,-0.26100094422418324,0.5,0.9799196787148594,0.0
5869,1467:1,1468,-0.6640374294229101,-0.4318336070975221,0.6103884239617893,0.6666666666666666,0.9799196787148594,0.0
5870,1467:2,1474,-0.8486894206183834,-0.41659935160749945,0.32583929715527604,0.6666666666666666,0.9839357429718876,0.0
5871,1467:3,1473,-0.3458149599999351,-0.8331987032149981,-0.43149963430006394,0.5,0.9839357429718876,0.0
5872,1468:0,1468,-0.6640374294229101,-0.4318336070975221,0.6103884239617893,0.6666666666666666,0.9799196787148594,0.0
5873,1468:1,1469,-0.23280958913583225,0.43183360709752117,0.8713893681859728,0.8333333333333334,0.9799196787148594,0.0
5874,1468:2,1475,-0.5028744606184486,0.4165993516074985,0.7573389314553403,0.8333333333333334,0.9839357429718876,0.0
5875,1468:3,1474,-0.8486894206183834,-0.41659935160749945,0.32583929715527604,0.6666666666666666,0.9839357429718876,0.0
5876,1469:0,1469,-0.23280958913583225,0.43183360709752117,0.8713893681859728,0.8333333333333334,0.9799196787148594,0.0
5877,1469:1,1464,0.4312278402870782,0.8636672141950434,0.26100094422418313,1.0,0.9799196787148594,0.0
5878,1469:2,1470,0.3458149599999352,0.8331987032149981,0.4314996343000639,1.0,0.9839357429718876,0.0
5879,1469:3,1475,-0.5028744606184486,0.4165993516074985,0.7573389314553403,0.8333333333333334,0.9839357429718876,0.0
5880,1470:0,1470,0.3458149599999352,0.8331987032149981,0.4314996343000639,0.0,0.9839357429718876,0.0
5881,1470:1,1471,0.8486894206183833,0.41659935160749917,-0.3258392971552763,0.16666666666666666,0.9839357429718876,0.0
5882,1470:2,1477,0.9155035976422576,0.3959598000395168,0.07119690623018052,0.16666666666666666,0.9879518072289156,0.0
5883,1470:3,1476,0.15776355416742885,0.7919196000790334,0.589893217444585,0.0,0.9879518072289156,0.0
5884,1471:0,1471,0.8486894206183833,0.41659935160749917,-0.3258392971552763,0.16666666666666666,0.9839357429718876,0.0
5885,1471:1,1472,0.5028744606184481,-0.4165993516074989,-0.7573389314553401,0.3333333333333333,0.9839357429718876,0.0
5886,1471:2,1478,0.7577400434748289,-0.39595980003951653,-0.5186963112144045,0.3333333333333333,0.9879518072289156,0.0
5887,1471:3,1477,0.9155035976422576,0.3959598000395168,0.07119690623018052,0.16666666666666666,0.9879518072289156,0.0
5888,1472:0,1472,0.5028744606184481,-0.4165993516074989,-0.7573389314553401,0.3333333333333333,0.9839357429718876,0.0
5889,1472:1,1473,-0.3458149599999351,-0.8331987032149981,-0.43149963430006394,0.5,0.9839357429718876,0.0
5890,1472:2,1479,-0.15776355416742874,-0.7919196000790334,-0.589893217444585,0.5,0.9879518072289156,0.0
5891,1472:3,1478,0.7577400434748289,-0.39595980003951653,-0.5186963112144045,0.3333333333333333,0.9879518072289156,0.0
5892,1473:0,1473,-0.3458149599999351,-0.8331987032149981,-0.43149963430006394,0.5,0.9839357429718876,0.0
5893,1473:1,1474,-0.8486894206183834,-0.41659935160749945,0.32583929715527604,0.6666666666666666,0.9839357429718876,0.0
5894,1473:2,1480,-0.9155035976422575,-0.39595980003951703,-0.07119690623018077,0.6666666666666666,0.9879518072289156,0.0
5895,1473:3,1479,-0.15776355416742874,-0.7919196000790334,-0.589893217444585,0.5,0.9879518072289156,0.0
5896,1474:0,1474,-0.8486894206183834,-0.41659935160749945,0.32583929715527604,0.6666666666666666,0.9839357429718876,0.0
5897,1474:1,1475,-0.5028744606184486,0.4165993516074985,0.7573389314553403,0.8333333333333334,0.9839357429718876,0.0
5898,1474:2,1481,-0.7577400434748293,0.39595980003951614,0.5186963112144043,0.8333333333333334,0.9879518072289156,0.0
5899,1474:3,1480,-0.9155035976422575,-0.39595980003951703,-0.07119690623018077,0.6666666666666666,0.9879518072289156,0.0
5900,1475:0,1475,-0.5028744606184486,0.4165993516074985,0.7573389314553403,0.8333333333333334,0.9839357429718876,0.0
5901,1475:1,1470,0.3458149599999352,0.8331987032149981,0.4314996343000639,1.0,0.9839357429718876,0.0
5902,1475:2,1476,0.15776355416742885,0.7919196000790334,0.589893217444585,1.0,0.9879518072289156,0.0
5903,1475:3,1481,-0.7577400434748293,0.39595980003951614,0.5186963112144043,0.8333333333333334,0.9879518072289156,0.0
5904,1476:0,1476,0.15776355416742885,0.7919196000790334,0.589893217444585,0.0,0.9879518072289156,0.0
5905,1476:1,1477,0.9155035976422576,0.3959598000395168,0.07119690623018052,0.16666666666666666,0.9879518072289156,0.0
5906,1476:2,1483,0.7610629224222466,0.3696101321725533,0.5330774599525828,0.16666666666666666,0.9919678714859438,0.0
5907,1476:3,1482,-0.16020485022450529,0.7392202643451065,0.6541313375355862,0.0,0.9919678714859438,0.0
5908,1477:0,1477,0.9155035976422576,0.3959598000395168,0.07119690623018052,0.16666666666666666,0.9879518072289156,0.0
5909,1477:1,1478,0.7577400434748289,-0.39595980003951653,-0.5186963112144045,0.3333333333333333,0.9879518072289156,0.0
5910,1477:2,1484,0.921267772646752,-0.36961013217255306,-0.12105387758300318,0.3333333333333333,0.9919678714859438,0.0
5911,1477:3,1483,0.7610629224222466,0.3696101321725533,0.5330774599525828,0.16666666666666666,0.9919678714859438,0.0
5912,1478:0,1478,0.7577400434748289,-0.39595980003951653,-0.5186963112144045,0.3333333333333333,0.9879518072289156,0.0
5913,1478:1,1479,-0.15776355416742874,-0.7919196000790334,-0.589893217444585,0.5,0.9879518072289156,0.0
5914,1478:2,1485,0.1602048502245054,-0.7392202643451065,-0.6541313375355862,0.5,0.9919678714859438,0.0
5915,1478:3,1484,0.921267772646752,-0.36961013217255306,-0.12105387758300318,0.3333333333333333,0.9919678714859438,0.0
5916,1479:0,1479,-0.15776355416742874,-0.7919196000790334,-0.589893217444585,0.5,0.9879518072289156,0.0
5917,1479:1,1480,-0.9155035976422575,-0.39595980003951703,-0.07119690623018077,0.6666666666666666,0.9879518072289156,0.0
5918,1479:2,1486,-0.7610629224222464,-0.36961013217255356,-0.533077459952583,0.6666666666666666,0.9919678714859438,0.0
5919,1479:3,1485,0.1602048502245054,-0.7392202643451065,-0.6541313375355862,0.5,0.9919678714859438,0.0
5920,1480:0,1480,-0.9155035976422575,-0.39595980003951703,-0.07119690623018077,0.6666666666666666,0.9879518072289156,0.0
5921,1480:1,1481,-0.7577400434748293,0.39595980003951614,0.5186963112144043,0.8333333333333334,0.9879518072289156,0.0
5922,1480:2,1487,-0.9212677726467522,0.36961013217255273,0.12105387758300282,0.8333333333333334,0.9919678714859438,0.0
5923,1480:3,1486,-0.7610629224222464,-0.36961013217255356,-0.533077459952583,0.6666666666666666,0.9919678714859438,0.0
5924,1481:0,1481,-0.7577400434748293,0.39595980003951614,0.5186963112144043,0.8333333333333334,0.9879518072289156,0.0
5925,1481:1,1476,0.15776355416742885,0.7919196000790334,0.589893217444585,1.0,0.9879518072289156,0.0
5926,1481:2,1482,-0.16020485022450529,0.7392202643451065,0.6541313375355862,1.0,0.9919678714859438,0.0
5927,1481:3,1487,-0.9212677726467522,0.36961013217255273,0.12105387758300282,0.8333333333333334,0.9919678714859438,0.0
5928,1482:0,1482,-0.16020485022450529,0.7392202643451065,0.6541313375355862,0.0,0.9919678714859438,0.0
5929,1482:1,1483,0.7610629224222466,0.3696101321725533,0.5330774599525828,0.16666666666666666,0.9919678714859438,0.0
5930,1482:2,1489,0.29299694865366116,0.34261747860443714,0.89261752807929,0.16666666666666666,0.9959839357429718,0.0
5931,1482:3,1488,-0.5498488165293156,0.6852349572088742,0.47761839619120955,0.0,0.9959839357429718,0.0
5932,1483:0,1483,0.7610629224222466,0.3696101321725533,0.5330774599525828,0.16666666666666666,0.9919678714859438,0.0
5933,1483:1,1484,0.921267772646752,-0.36961013217255306,-0.12105387758300318,0.3333333333333333,0.9919678714859438,0.0
5934,1483:2,1490,0.8428457651829767,-0.3426174786044369,0.4149991318880806,0.3333333333333333,0.9959839357429718,0.0
5935,1483:3,1489,0.29299694865366116,0.34261747860443714,0.89261752807929,0.16666666666666666,0.9959839357429718,0.0
5936,1484:0,1484,0.921267772646752,-0.36961013217255306,-0.12105387758300318,0.3333333333333333,0.9919678714859438,0.0
5937,1484:1,1485,0.1602048502245054,-0.7392202643451065,-0.6541313375355862,0.5,0.9919678714859438,0.0
5938,1484:2,1491,0.5498488165293157,-0.6852349572088742,-0.47761839619120944,0.5,0.9959839357429718,0.0
5939,1484:3,1490,0.8428457651829767,-0.3426174786044369,0.4149991318880806,0.3333333333333333,0.9959839357429718,0.0
5940,1485:0,1485,0.1602048502245054,-0.7392202643451065,-0.6541313375355862,0.5,0.9919678714859438,0.0
5941,1485:1,1486,-0.7610629224222464,-0.36961013217255356,-0.533077459952583,0.6666666666666666,0.9919678714859438,0.0
5942,1485:2,1492,-0.2929969486536609,-0.34261747860443736,-0.89261752807929,0.6666666666666666,0.9959839357429718,0.0
5943,1485:3,1491,0.5498488165293157,-0.6852349572088742,-0.47761839619120944,0.5,0.9959839357429718,0.0
5944,1486:0,1486,-0.7610629224222464,-0.36961013217255356,-0.533077459952583,0.6666666666666666,0.9919678714859438,0.0
5945,1486:1,1487,-0.9212677726467522,0.36961013217255273,0.12105387758300282,0.8333333333333334,0.9919678714859438,0.0
5946,1486:2,1493,-0.8428457651829766,0.34261747860443664,-0.41499913188808096,0.8333333333333334,0.9959839357429718,0.0
5947,1486:3,1492,-0.2929969486536609,-0.34261747860443736,-0.89261752807929,0.6666666666666666,0.9959839357429718,0.0
5948,1487:0,1487,-0.9212677726467522,0.36961013217255273,0.12105387758300282,0.8333333333333334,0.9919678714859438,0.0
5949,1487:1,1482,-0.16020485022450529,0.7392202643451065,0.6541313375355862,1.0,0.9919678714859438,0.0
5950,1487:2,1488,-0.5498488165293156,0.6852349572088742,0.47761839619120955,1.0,0.9959839357429718,0.0
5951,1487:3,1493,-0.8428457651829766,0.34261747860443664,-0.41499913188808096,0.8333333333333334,0.9959839357429718,0.0
5952,1488:0,1488,-0.5498488165293156,0.6852349572088742,0.47761839619120955,0.0,0.9959839357429718,0.0
5953,1488:1,1489,0.29299694865366116,0.34261747860443714,0.89261752807929,0.16666666666666666,0.9959839357429718,0.0
5954,1488:2,1495,-0.028025178838677,0.34308029796988115,0.9388879051814213,0.16666666666666666,1.0,0.0
5955,1488:3,1494,-0.6788034061151836,0.6861605959397622,0.261552236515032,0.0,1.0,0.0
5956,1489:0,1489,0.29299694865366116,0.34261747860443714,0.89261752807929,0.16666666666666666,0.9959839357429718,0.0
5957,1489:1,1490,0.8428457651829767,-0.3426174786044369,0.4149991318880806,0.3333333333333333,0.9959839357429718,0.0
5958,1489:2,1496,0.6507782272765066,-0.34308029796988093,0.6773356686663894,0.3333333333333333,1.0,0.0
5959,1489:3,1495,-0.028025178838677,0.34308029796988115,0.9388879051814213,0.16666666666666666,1.0,0.0
5960,1490:0,1490,0.8428457651829767,-0.3426174786044369,0.4149991318880806,0.3333333333333333,0.9959839357429718,0.0
5961,1490:1,1491,0.5498488165293157,-0.6852349572088742,-0.47761839619120944,0.5,0.9959839357429718,0.0
5962,1490:2,1497,0.6788034061151836,-0.6861605959397622,-0.2615522365150319,0.5,1.0,0.0
5963,1490:3,1496,0.6507782272765066,-0.34308029796988093,0.6773356686663894,0.3333333333333333,1.0,0.0
5964,1491:0,1491,0.5498488165293157,-0.6852349572088742,-0.47761839619120944,0.5,0.9959839357429718,0.0
5965,1491:1,1492,-0.2929969486536609,-0.34261747860443736,-0.89261752807929,0.6666666666666666,0.9959839357429718,0.0
5966,1491:2,1498,0.028025178838677223,-0.3430802979698814,-0.9388879051814213,0.6666666666666666,1.0,0.0
5967,1491:3,1497,0.6788034061151836,-0.6861605959397622,-0.2615522365150319,0.5,1.0,0.0
5968,1492:0,1492,-0.2929969486536609,-0.34261747860443736,-0.89261752807929,0.6666666666666666,0.9959839357429718,0.0
5969,1492:1,1493,-0.8428457651829766,0.34261747860443664,-0.41499913188808096,0.8333333333333334,0.9959839357429718,0.0
5970,1492:2,1499,-0.6507782272765064,0.34308029796988065,-0.6773356686663898,0.8333333333333334,1.0,0.0
5971,1492:3,1498,0.028025178838677223,-0.3430802979698814,-0.9388879051814213,0.6666666666666666,1.0,0.0
5972,1493:0,1493,-0.8428457651829766,0.34261747860443664,-0.41499913188808096,0.8333333333333334,0.9959839357429718,0.0
5973,1493:1,1488,-0.5498488165293156,0.6852349572088742,0.47761839619120955,1.0,0.9959839357429718,0.0
5974,1493:2,1494,-0.6788034061151836,0.6861605959397622,0.261552236515032,1.0,1.0,0.0
5975,1493:3,1499,-0.6507782272765064,0.34308029796988065,-0.6773356686663898,0.8333333333333334,1.0,0.0
