index,type,vertices
0,quad,0 1 17 16
1,quad,1 2 18 17
2,quad,2 3 19 18
3,quad,3 4 20 19
4,quad,4 5 21 20
5,quad,5 6 22 21
6,quad,6 7 23 22
7,quad,7 8 24 23
8,quad,8 9 25 24
9,quad,9 10 26 25
10,quad,10 11 27 26
11,quad,11 12 28 27
12,quad,12 13 29 28
13,quad,13 14 30 29
14,quad,14 15 31 30
15,quad,15 0 16 31
16,quad,16 17 33 32
17,quad,17 18 34 33
18,quad,18 19 35 34
19,quad,19 20 36 35
20,quad,20 21 37 36
21,quad,21 22 38 37
22,quad,22 23 39 38
23,quad,23 24 40 39
24,quad,24 25 41 40
25,quad,25 26 42 41
26,quad,26 27 43 42
27,quad,27 28 44 43
28,quad,28 29 45 44
29,quad,29 30 46 45
30,quad,30 31 47 46
31,quad,31 16 32 47
32,quad,32 33 49 48
33,quad,33 34 50 49
34,quad,34 35 51 50
35,quad,35 36 52 51
36,quad,36 37 53 52
37,quad,37 38 54 53
38,quad,38 39 55 54
39,quad,39 40 56 55
40,quad,40 41 57 56
41,quad,41 42 58 57
42,quad,42 43 59 58
43,quad,43 44 60 59
44,quad,44 45 61 60
45,quad,45 46 62 61
46,quad,46 47 63 62
47,quad,47 32 48 63
48,quad,48 49 65 64
49,quad,49 50 66 65
50,quad,50 51 67 66
51,quad,51 52 68 67
52,quad,52 53 69 68
53,quad,53 54 70 69
54,quad,54 55 71 70
55,quad,55 56 72 71
56,quad,56 57 73 72
57,quad,57 58 74 73
58,quad,58 59 75 74
59,quad,59 60 76 75
60,quad,60 61 77 76
61,quad,61 62 78 77
62,quad,62 63 79 78
63,quad,63 48 64 79
64,quad,64 65 81 80
65,quad,65 66 82 81
66,quad,66 67 83 82
67,quad,67 68 84 83
68,quad,68 69 85 84
69,quad,69 70 86 85
70,quad,70 71 87 86
71,quad,71 72 88 87
72,quad,72 73 89 88
73,quad,73 74 90 89
74,quad,74 75 91 90
75,quad,75 76 92 91
76,quad,76 77 93 92
77,quad,77 78 94 93
78,quad,78 79 95 94
79,quad,79 64 80 95
80,quad,80 81 97 96
81,quad,81 82 98 97
82,quad,82 83 99 98
83,quad,83 84 100 99
84,quad,84 85 101 100
85,quad,85 86 102 101
86,quad,86 87 103 102
87,quad,87 88 104 103
88,quad,88 89 105 104
89,quad,89 90 106 105
90,quad,90 91 107 106
91,quad,91 92 108 107
92,quad,92 93 109 108
93,quad,93 94 110 109
94,quad,94 95 111 110
95,quad,95 80 96 111
96,quad,96 97 113 112
97,quad,97 98 114 113
98,quad,98 99 115 114
99,quad,99 100 116 115
100,quad,100 101 117 116
101,quad,101 102 118 117
102,quad,102 103 119 118
103,quad,103 104 120 119
104,quad,104 105 121 120
105,quad,105 106 122 121
106,quad,106 107 123 122
107,quad,107 108 124 123
108,quad,108 109 125 124
109,quad,109 110 126 125
110,quad,110 111 127 126
111,quad,111 96 112 127
112,quad,112 113 129 128
113,quad,113 114 130 129
114,quad,114 115 131 130
115,quad,115 116 132 131
116,quad,116 117 133 132
117,quad,117 118 134 133
118,quad,118 119 135 134
119,quad,119 120 136 135
120,quad,120 121 137 136
121,quad,121 122 138 137
122,quad,122 123 139 138
123,quad,123 124 140 139
124,quad,124 125 141 140
125,quad,125 126 142 141
126,quad,126 127 143 142
127,quad,127 112 128 143
128,quad,128 129 145 144
129,quad,129 130 146 145
130,quad,130 131 147 146
131,quad,131 132 148 147
132,quad,132 133 149 148
133,quad,133 134 150 149
134,quad,134 135 151 150
135,quad,135 136 152 151
136,quad,136 137 153 152
137,quad,137 138 154 153
138,quad,138 139 155 154
139,quad,139 140 156 155
140,quad,140 141 157 156
141,quad,141 142 158 157
142,quad,142 143 159 158
143,quad,143 128 144 159
144,quad,144 145 161 160
145,quad,145 146 162 161
146,quad,146 147 163 162
147,quad,147 148 164 163
148,quad,148 149 165 164
149,quad,149 150 166 165
150,quad,150 151 167 166
151,quad,151 152 168 167
152,quad,152 153 169 168
153,quad,153 154 170 169
154,quad,154 155 171 170
155,quad,155 156 172 171
156,quad,156 157 173 172
157,quad,157 158 174 173
158,quad,158 159 175 174
159,quad,159 144 160 175
160,quad,160 161 177 176
161,quad,161 162 178 177
162,quad,162 163 179 178
163,quad,163 164 180 179
164,quad,164 165 181 180
165,quad,165 166 182 181
166,quad,166 167 183 182
167,quad,167 168 184 183
168,quad,168 169 185 184
169,quad,169 170 186 185
170,quad,170 171 187 186
171,quad,171 172 188 187
172,quad,172 173 189 188
173,quad,173 174 190 189
174,quad,174 175 191 190
175,quad,175 160 176 191
176,quad,176 177 193 192
177,quad,177 178 194 193
178,quad,178 179 195 194
179,quad,179 180 196 195
180,quad,180 181 197 196
181,quad,181 182 198 197
182,quad,182 183 199 198
183,quad,183 184 200 199
184,quad,184 185 201 200
185,quad,185 186 202 201
186,quad,186 187 203 202
187,quad,187 188 204 203
188,quad,188 189 205 204
189,quad,189 190 206 205
190,quad,190 191 207 206
191,quad,191 176 192 207
192,quad,192 193 209 208
193,quad,193 194 210 209
194,quad,194 195 211 210
195,quad,195 196 212 211
196,quad,196 197 213 212
197,quad,197 198 214 213
198,quad,198 199 215 214
199,quad,199 200 216 215
200,quad,200 201 217 216
201,quad,201 202 218 217
202,quad,202 203 219 218
203,quad,203 204 220 219
204,quad,204 205 221 220
205,quad,205 206 222 221
206,quad,206 207 223 222
207,quad,207 192 208 223
208,quad,208 209 225 224
209,quad,209 210 226 225
210,quad,210 211 227 226
211,quad,211 212 228 227
212,quad,212 213 229 228
213,quad,213 214 230 229
214,quad,214 215 231 230
215,quad,215 216 232 231
216,quad,216 217 233 232
217,quad,217 218 234 233
218,quad,218 219 235 234
219,quad,219 220 236 235
220,quad,220 221 237 236
221,quad,221 222 238 237
222,quad,222 223 239 238
223,quad,223 208 224 239
224,quad,224 225 241 240
225,quad,225 226 242 241
226,quad,226 227 243 242
227,quad,227 228 244 243
228,quad,228 229 245 244
229,quad,229 230 246 245
230,quad,230 231 247 246
231,quad,231 232 248 247
232,quad,232 233 249 248
233,quad,233 234 250 249
234,quad,234 235 251 250
235,quad,235 236 252 251
236,quad,236 237 253 252
237,quad,237 238 254 253
238,quad,238 239 255 254
239,quad,239 224 240 255
240,quad,240 241 257 256
241,quad,241 242 258 257
242,quad,242 243 259 258
243,quad,243 244 260 259
244,quad,244 245 261 260
245,quad,245 246 262 261
246,quad,246 247 263 262
247,quad,247 248 264 263
248,quad,248 249 265 264
249,quad,249 250 266 265
250,quad,250 251 267 266
251,quad,251 252 268 267
252,quad,252 253 269 268
253,quad,253 254 270 269
254,quad,254 255 271 270
255,quad,255 240 256 271
256,quad,256 257 273 272
257,quad,257 258 274 273
258,quad,258 259 275 274
259,quad,259 260 276 275
260,quad,260 261 277 276
261,quad,261 262 278 277
262,quad,262 263 279 278
263,quad,263 264 280 279
264,quad,264 265 281 280
265,quad,265 266 282 281
266,quad,266 267 283 282
267,quad,267 268 284 283
268,quad,268 269 285 284
269,quad,269 270 286 285
270,quad,270 271 287 286
271,quad,271 256 272 287
272,quad,272 273 289 288
273,quad,273 274 290 289
274,quad,274 275 291 290
275,quad,275 276 292 291
276,quad,276 277 293 292
277,quad,277 278 294 293
278,quad,278 279 295 294
279,quad,279 280 296 295
280,quad,280 281 297 296
281,quad,281 282 298 297
282,quad,282 283 299 298
283,quad,283 284 300 299
284,quad,284 285 301 300
285,quad,285 286 302 301
286,quad,286 287 303 302
287,quad,287 272 288 303
288,quad,288 289 305 304
289,quad,289 290 306 305
290,quad,290 291 307 306
291,quad,291 292 308 307
292,quad,292 293 309 308
293,quad,293 294 310 309
294,quad,294 295 311 310
295,quad,295 296 312 311
296,quad,296 297 313 312
297,quad,297 298 314 313
298,quad,298 299 315 314
299,quad,299 300 316 315
300,quad,300 301 317 316
301,quad,301 302 318 317
302,quad,302 303 319 318
303,quad,303 288 304 319
304,quad,304 305 321 320
305,quad,305 306 322 321
306,quad,306 307 323 322
307,quad,307 308 324 323
308,quad,308 309 325 324
309,quad,309 310 326 325
310,quad,310 311 327 326
311,quad,311 312 328 327
312,quad,312 313 329 328
313,quad,313 314 330 329
314,quad,314 315 331 330
315,quad,315 316 332 331
316,quad,316 317 333 332
317,quad,317 318 334 333
318,quad,318 319 335 334
319,quad,319 304 320 335
320,quad,320 321 337 336
321,quad,321 322 338 337
322,quad,322 323 339 338
323,quad,323 324 340 339
324,quad,324 325 341 340
325,quad,325 326 342 341
326,quad,326 327 343 342
327,quad,327 328 344 343
328,quad,328 329 345 344
329,quad,329 330 346 345
330,quad,330 331 347 346
331,quad,331 332 348 347
332,quad,332 333 349 348
333,quad,333 334 350 349
334,quad,334 335 351 350
335,quad,335 320 336 351
336,quad,336 337 353 352
337,quad,337 338 354 353
338,quad,338 339 355 354
339,quad,339 340 356 355
340,quad,340 341 357 356
341,quad,341 342 358 357
342,quad,342 343 359 358
343,quad,343 344 360 359
344,quad,344 345 361 360
345,quad,345 346 362 361
346,quad,346 347 363 362
347,quad,347 348 364 363
348,quad,348 349 365 364
349,quad,349 350 366 365
350,quad,350 351 367 366
351,quad,351 336 352 367
352,quad,352 353 369 368
353,quad,353 354 370 369
354,quad,354 355 371 370
355,quad,355 356 372 371
356,quad,356 357 373 372
357,quad,357 358 374 373
358,quad,358 359 375 374
359,quad,359 360 376 375
360,quad,360 361 377 376
361,quad,361 362 378 377
362,quad,362 363 379 378
363,quad,363 364 380 379
364,quad,364 365 381 380
365,quad,365 366 382 381
366,quad,366 367 383 382
367,quad,367 352 368 383
368,quad,368 369 385 384
369,quad,369 370 386 385
370,quad,370 371 387 386
371,quad,371 372 388 387
372,quad,372 373 389 388
373,quad,373 374 390 389
374,quad,374 375 391 390
375,quad,375 376 392 391
376,quad,376 377 393 392
377,quad,377 378 394 393
378,quad,378 379 395 394
379,quad,379 380 396 395
380,quad,380 381 397 396
381,quad,381 382 398 397
382,quad,382 383 399 398
383,quad,383 368 384 399
384,quad,384 385 401 400
385,quad,385 386 402 401
386,quad,386 387 403 402
387,quad,387 388 404 403
388,quad,388 389 405 404
389,quad,389 390 406 405
390,quad,390 391 407 406
391,quad,391 392 408 407
392,quad,392 393 409 408
393,quad,393 394 410 409
394,quad,394 395 411 410
395,quad,395 396 412 411
396,quad,396 397 413 412
397,quad,397 398 414 413
398,quad,398 399 415 414
399,quad,399 384 400 415
400,quad,400 401 417 416
401,quad,401 402 418 417
402,quad,402 403 419 418
403,quad,403 404 420 419
404,quad,404 405 421 420
405,quad,405 406 422 421
406,quad,406 407 423 422
407,quad,407 408 424 423
408,quad,408 409 425 424
409,quad,409 410 426 425
410,quad,410 411 427 426
411,quad,411 412 428 427
412,quad,412 413 429 428
413,quad,413 414 430 429
414,quad,414 415 431 430
415,quad,415 400 416 431
416,quad,416 417 433 432
417,quad,417 418 434 433
418,quad,418 419 435 434
419,quad,419 420 436 435
420,quad,420 421 437 436
421,quad,421 422 438 437
422,quad,422 423 439 438
423,quad,423 424 440 439
424,quad,424 425 441 440
425,quad,425 426 442 441
426,quad,426 427 443 442
427,quad,427 428 444 443
428,quad,428 429 445 444
429,quad,429 430 446 445
430,quad,430 431 447 446
431,quad,431 416 432 447
432,quad,432 433 449 448
433,quad,433 434 450 449
434,quad,434 435 451 450
435,quad,435 436 452 451
436,quad,436 437 453 452
437,quad,437 438 454 453
438,quad,438 439 455 454
439,quad,439 440 456 455
440,quad,440 441 457 456
441,quad,441 442 458 457
442,quad,442 443 459 458
443,quad,443 444 460 459
444,quad,444 445 461 460
445,quad,445 446 462 461
446,quad,446 447 463 462
447,quad,447 432 448 463
448,quad,448 449 465 464
449,quad,449 450 466 465
450,quad,450 451 467 466
451,quad,451 452 468 467
452,quad,452 453 469 468
453,quad,453 454 470 469
454,quad,454 455 471 470
455,quad,455 456 472 471
456,quad,456 457 473 472
457,quad,457 458 474 473
458,quad,458 459 475 474
459,quad,459 460 476 475
460,quad,460 461 477 476
461,quad,461 462 478 477
462,quad,462 463 479 478
463,quad,463 448 464 479
464,quad,464 465 481 480
465,quad,465 466 482 481
466,quad,466 467 483 482
467,quad,467 468 484 483
468,quad,468 469 485 484
469,quad,469 470 486 485
470,quad,470 471 487 486
471,quad,471 472 488 487
472,quad,472 473 489 488
473,quad,473 474 490 489
474,quad,474 475 491 490
475,quad,475 476 492 491
476,quad,476 477 493 492
477,quad,477 478 494 493
478,quad,478 479 495 494
479,quad,479 464 480 495
480,quad,480 481 497 496
481,quad,481 482 498 497
482,quad,482 483 499 498
483,quad,483 484 500 499
484,quad,484 485 501 500
485,quad,485 486 502 501
486,quad,486 487 503 502
487,quad,487 488 504 503
488,quad,488 489 505 504
489,quad,489 490 506 505
490,quad,490 491 507 506
491,quad,491 492 508 507
492,quad,492 493 509 508
493,quad,493 494 510 509
494,quad,494 495 511 510
495,quad,495 480 496 511
496,quad,496 497 513 512
497,quad,497 498 514 513
498,quad,498 499 515 514
499,quad,499 500 516 515
500,quad,500 501 517 516
501,quad,501 502 518 517
502,quad,502 503 519 518
503,quad,503 504 520 519
504,quad,504 505 521 520
505,quad,505 506 522 521
506,quad,506 507 523 522
507,quad,507 508 524 523
508,quad,508 509 525 524
509,quad,509 510 526 525
510,quad,510 511 527 526
511,quad,511 496 512 527
512,quad,512 513 529 528
513,quad,513 514 530 529
514,quad,514 515 531 530
515,quad,515 516 532 531
516,quad,516 517 533 532
517,quad,517 518 534 533
518,quad,518 519 535 534
519,quad,519 520 536 535
520,quad,520 521 537 536
521,quad,521 522 538 537
522,quad,522 523 539 538
523,quad,523 524 540 539
524,quad,524 525 541 540
525,quad,525 526 542 541
526,quad,526 527 543 542
527,quad,527 512 528 543
528,quad,528 529 545 544
529,quad,529 530 546 545
530,quad,530 531 547 546
531,quad,531 532 548 547
532,quad,532 533 549 548
533,quad,533 534 550 549
534,quad,534 535 551 550
535,quad,535 536 552 551
536,quad,536 537 553 552
537,quad,537 538 554 553
538,quad,538 539 555 554
539,quad,539 540 556 555
540,quad,540 541 557 556
541,quad,541 542 558 557
542,quad,542 543 559 558
543,quad,543 528 544 559
544,quad,544 545 561 560
545,quad,545 546 562 561
546,quad,546 547 563 562
547,quad,547 548 564 563
548,quad,548 549 565 564
549,quad,549 550 566 565
550,quad,550 551 567 566
551,quad,551 552 568 567
552,quad,552 553 569 568
553,quad,553 554 570 569
554,quad,554 555 571 570
555,quad,555 556 572 571
556,quad,556 557 573 572
557,quad,557 558 574 573
558,quad,558 559 575 574
559,quad,559 544 560 575
560,quad,560 561 577 576
561,quad,561 562 578 577
562,quad,562 563 579 578
563,quad,563 564 580 579
564,quad,564 565 581 580
565,quad,565 566 582 581
566,quad,566 567 583 582
567,quad,567 568 584 583
568,quad,568 569 585 584
569,quad,569 570 586 585
570,quad,570 571 587 586
571,quad,571 572 588 587
572,quad,572 573 589 588
573,quad,573 574 590 589
574,quad,574 575 591 590
575,quad,575 560 576 591
576,quad,576 577 593 592
577,quad,577 578 594 593
578,quad,578 579 595 594
579,quad,579 580 596 595
580,quad,580 581 597 596
581,quad,581 582 598 597
582,quad,582 583 599 598
583,quad,583 584 600 599
584,quad,584 585 601 600
585,quad,585 586 602 601
586,quad,586 587 603 602
587,quad,587 588 604 603
588,quad,588 589 605 604
589,quad,589 590 606 605
590,quad,590 591 607 606
591,quad,591 576 592 607
592,quad,592 593 609 608
593,quad,593 594 610 609
594,quad,594 595 611 610
595,quad,595 596 612 611
596,quad,596 597 613 612
597,quad,597 598 614 613
598,quad,598 599 615 614
599,quad,599 600 616 615
600,quad,600 601 617 616
601,quad,601 602 618 617
602,quad,602 603 619 618
603,quad,603 604 620 619
604,quad,604 605 621 620
605,quad,605 606 622 621
606,quad,606 607 623 622
607,quad,607 592 608 623
608,quad,608 609 625 624
609,quad,609 610 626 625
610,quad,610 611 627 626
611,quad,611 612 628 627
612,quad,612 613 629 628
613,quad,613 614 630 629
614,quad,614 615 631 630
615,quad,615 616 632 631
616,quad,616 617 633 632
617,quad,617 618 634 633
618,quad,618 619 635 634
619,quad,619 620 636 635
620,quad,620 621 637 636
621,quad,621 622 638 637
622,quad,622 623 639 638
623,quad,623 608 624 639
624,quad,624 625 641 640
625,quad,625 626 642 641
626,quad,626 627 643 642
627,quad,627 628 644 643
628,quad,628 629 645 644
629,quad,629 630 646 645
630,quad,630 631 647 646
631,quad,631 632 648 647
632,quad,632 633 649 648
633,quad,633 634 650 649
634,quad,634 635 651 650
635,quad,635 636 652 651
636,quad,636 637 653 652
637,quad,637 638 654 653
638,quad,638 639 655 654
639,quad,639 624 640 655
640,quad,640 641 657 656
641,quad,641 642 658 657
642,quad,642 643 659 658
643,quad,643 644 660 659
644,quad,644 645 661 660
645,quad,645 646 662 661
646,quad,646 647 663 662
647,quad,647 648 664 663
648,quad,648 649 665 664
649,quad,649 650 666 665
650,quad,650 651 667 666
651,quad,651 652 668 667
652,quad,652 653 669 668
653,quad,653 654 670 669
654,quad,654 655 671 670
655,quad,655 640 656 671
656,quad,656 657 673 672
657,quad,657 658 674 673
658,quad,658 659 675 674
659,quad,659 660 676 675
660,quad,660 661 677 676
661,quad,661 662 678 677
662,quad,662 663 679 678
663,quad,663 664 680 679
664,quad,664 665 681 680
665,quad,665 666 682 681
666,quad,666 667 683 682
667,quad,667 668 684 683
668,quad,668 669 685 684
669,quad,669 670 686 685
670,quad,670 671 687 686
671,quad,671 656 672 687
672,quad,672 673 689 688
673,quad,673 674 690 689
674,quad,674 675 691 690
675,quad,675 676 692 691
676,quad,676 677 693 692
677,quad,677 678 694 693
678,quad,678 679 695 694
679,quad,679 680 696 695
680,quad,680 681 697 696
681,quad,681 682 698 697
682,quad,682 683 699 698
683,quad,683 684 700 699
684,quad,684 685 701 700
685,quad,685 686 702 701
686,quad,686 687 703 702
687,quad,687 672 688 703
688,quad,688 689 705 704
689,quad,689 690 706 705
690,quad,690 691 707 706
691,quad,691 692 708 707
692,quad,692 693 709 708
693,quad,693 694 710 709
694,quad,694 695 711 710
695,quad,695 696 712 711
696,quad,696 697 713 712
697,quad,697 698 714 713
698,quad,698 699 715 714
699,quad,699 700 716 715
700,quad,700 701 717 716
701,quad,701 702 718 717
702,quad,702 703 719 718
703,quad,703 688 704 719
704,quad,704 705 721 720
705,quad,705 706 722 721
706,quad,706 707 723 722
707,quad,707 708 724 723
708,quad,708 709 725 724
709,quad,709 710 726 725
710,quad,710 711 727 726
711,quad,711 712 728 727
712,quad,712 713 729 728
713,quad,713 714 730 729
714,quad,714 715 731 730
715,quad,715 716 732 731
716,quad,716 717 733 732
717,quad,717 718 734 733
718,quad,718 719 735 734
719,quad,719 704 720 735
720,quad,720 721 737 736
721,quad,721 722 738 737
722,quad,722 723 739 738
723,quad,723 724 740 739
724,quad,724 725 741 740
725,quad,725 726 742 741
726,quad,726 727 743 742
727,quad,727 728 744 743
728,quad,728 729 745 744
729,quad,729 730 746 745
730,quad,730 731 747 746
731,quad,731 732 748 747
732,quad,732 733 749 748
733,quad,733 734 750 749
734,quad,734 735 751 750
735,quad,735 720 736 751
736,quad,736 737 753 752
737,quad,737 738 754 753
738,quad,738 739 755 754
739,quad,739 740 756 755
740,quad,740 741 757 756
741,quad,741 742 758 757
742,quad,742 743 759 758
743,quad,743 744 760 759
744,quad,744 745 761 760
745,quad,745 746 762 761
746,quad,746 747 763 762
747,quad,747 748 764 763
748,quad,748 749 765 764
749,quad,749 750 766 765
750,quad,750 751 767 766
751,quad,751 736 752 767
752,quad,752 753 769 768
753,quad,753 754 770 769
754,quad,754 755 771 770
755,quad,755 756 772 771
756,quad,756 757 773 772
757,quad,757 758 774 773
758,quad,758 759 775 774
759,quad,759 760 776 775
760,quad,760 761 777 776
761,quad,761 762 778 777
762,quad,762 763 779 778
763,quad,763 764 780 779
764,quad,764 765 781 780
765,quad,765 766 782 781
766,quad,766 767 783 782
767,quad,767 752 768 783
768,quad,768 769 785 784
769,quad,769 770 786 785
770,quad,770 771 787 786
771,quad,771 772 788 787
772,quad,772 773 789 788
773,quad,773 774 790 789
774,quad,774 775 791 790
775,quad,775 776 792 791
776,quad,776 777 793 792
777,quad,777 778 794 793
778,quad,778 779 795 794
779,quad,779 780 796 795
780,quad,780 781 797 796
781,quad,781 782 798 797
782,quad,782 783 799 798
783,quad,783 768 784 799
784,quad,784 785 801 800
785,quad,785 786 802 801
786,quad,786 787 803 802
787,quad,787 788 804 803
788,quad,788 789 805 804
789,quad,789 790 806 805
790,quad,790 791 807 806
791,quad,791 792 808 807
792,quad,792 793 809 808
793,quad,793 794 810 809
794,quad,794 795 811 810
795,quad,795 796 812 811
796,quad,796 797 813 812
797,quad,797 798 814 813
798,quad,798 799 815 814
799,quad,799 784 800 815
800,quad,800 801 817 816
801,quad,801 802 818 817
802,quad,802 803 819 818
803,quad,803 804 820 819
804,quad,804 805 821 820
805,quad,805 806 822 821
806,quad,806 807 823 822
807,quad,807 808 824 823
808,quad,808 809 825 824
809,quad,809 810 826 825
810,quad,810 811 827 826
811,quad,811 812 828 827
812,quad,812 813 829 828
813,quad,813 814 830 829
814,quad,814 815 831 830
815,quad,815 800 816 831
816,quad,816 817 833 832
817,quad,817 818 834 833
818,quad,818 819 835 834
819,quad,819 820 836 835
820,quad,820 821 837 836
821,quad,821 822 838 837
822,quad,822 823 839 838
823,quad,823 824 840 839
824,quad,824 825 841 840
825,quad,825 826 842 841
826,quad,826 827 843 842
827,quad,827 828 844 843
828,quad,828 829 845 844
829,quad,829 830 846 845
830,quad,830 831 847 846
831,quad,831 816 832 847
832,quad,832 833 849 848
833,quad,833 834 850 849
834,quad,834 835 851 850
835,quad,835 836 852 851
836,quad,836 837 853 852
837,quad,837 838 854 853
838,quad,838 839 855 854
839,quad,839 840 856 855
840,quad,840 841 857 856
841,quad,841 842 858 857
842,quad,842 843 859 858
843,quad,843 844 860 859
844,quad,844 845 861 860
845,quad,845 846 862 861
846,quad,846 847 863 862
847,quad,847 832 848 863
848,quad,848 849 865 864
849,quad,849 850 866 865
850,quad,850 851 867 866
851,quad,851 852 868 867
852,quad,852 853 869 868
853,quad,853 854 870 869
854,quad,854 855 871 870
855,quad,855 856 872 871
856,quad,856 857 873 872
857,quad,857 858 874 873
858,quad,858 859 875 874
859,quad,859 860 876 875
860,quad,860 861 877 876
861,quad,861 862 878 877
862,quad,862 863 879 878
863,quad,863 848 864 879
864,quad,864 865 881 880
865,quad,865 866 882 881
866,quad,866 867 883 882
867,quad,867 868 884 883
868,quad,868 869 885 884
869,quad,869 870 886 885
870,quad,870 871 887 886
871,quad,871 872 888 887
872,quad,872 873 889 888
873,quad,873 874 890 889
874,quad,874 875 891 890
875,quad,875 876 892 891
876,quad,876 877 893 892
877,quad,877 878 894 893
878,quad,878 879 895 894
879,quad,879 864 880 895
880,quad,880 881 897 896
881,quad,881 882 898 897
882,quad,882 883 899 898
883,quad,883 884 900 899
884,quad,884 885 901 900
885,quad,885 886 902 901
886,quad,886 887 903 902
887,quad,887 888 904 903
888,quad,888 889 905 904
889,quad,889 890 906 905
890,quad,890 891 907 906
891,quad,891 892 908 907
892,quad,892 893 909 908
893,quad,893 894 910 909
894,quad,894 895 911 910
895,quad,895 880 896 911
896,quad,896 897 913 912
897,quad,897 898 914 913
898,quad,898 899 915 914
899,quad,899 900 916 915
900,quad,900 901 917 916
901,quad,901 902 918 917
902,quad,902 903 919 918
903,quad,903 904 920 919
904,quad,904 905 921 920
905,quad,905 906 922 921
906,quad,906 907 923 922
907,quad,907 908 924 923
908,quad,908 909 925 924
909,quad,909 910 926 925
910,quad,910 911 927 926
911,quad,911 896 912 927
912,quad,912 913 929 928
913,quad,913 914 930 929
914,quad,914 915 931 930
915,quad,915 916 932 931
916,quad,916 917 933 932
917,quad,917 918 934 933
918,quad,918 919 935 934
919,quad,919 920 936 935
920,quad,920 921 937 936
921,quad,921 922 938 937
922,quad,922 923 939 938
923,quad,923 924 940 939
924,quad,924 925 941 940
925,quad,925 926 942 941
926,quad,926 927 943 942
927,quad,927 912 928 943
928,quad,928 929 945 944
929,quad,929 930 946 945
930,quad,930 931 947 946
931,quad,931 932 948 947
932,quad,932 933 949 948
933,quad,933 934 950 949
934,quad,934 935 951 950
935,quad,935 936 952 951
936,quad,936 937 953 952
937,quad,937 938 954 953
938,quad,938 939 955 954
939,quad,939 940 956 955
940,quad,940 941 957 956
941,quad,941 942 958 957
942,quad,942 943 959 958
943,quad,943 928 944 959
944,quad,944 945 961 960
945,quad,945 946 962 961
946,quad,946 947 963 962
947,quad,947 948 964 963
948,quad,948 949 965 964
949,quad,949 950 966 965
950,quad,950 951 967 966
951,quad,951 952 968 967
952,quad,952 953 969 968
953,quad,953 954 970 969
954,quad,954 955 971 970
955,quad,955 956 972 971
956,quad,956 957 973 972
957,quad,957 958 974 973
958,quad,958 959 975 974
959,quad,959 944 960 975
960,quad,960 961 977 976
961,quad,961 962 978 977
962,quad,962 963 979 978
963,quad,963 964 980 979
964,quad,964 965 981 980
965,quad,965 966 982 981
966,quad,966 967 983 982
967,quad,967 968 984 983
968,quad,968 969 985 984
969,quad,969 970 986 985
970,quad,970 971 987 986
971,quad,971 972 988 987
972,quad,972 973 989 988
973,quad,973 974 990 989
974,quad,974 975 991 990
975,quad,975 960 976 991
976,quad,976 977 993 992
977,quad,977 978 994 993
978,quad,978 979 995 994
979,quad,979 980 996 995
980,quad,980 981 997 996
981,quad,981 982 998 997
982,quad,982 983 999 998
983,quad,983 984 1000 999
984,quad,984 985 1001 1000
985,quad,985 986 1002 1001
986,quad,986 987 1003 1002
987,quad,987 988 1004 1003
988,quad,988 989 1005 1004
989,quad,989 990 1006 1005
990,quad,990 991 1007 1006
991,quad,991 976 992 1007
992,quad,992 993 1009 1008
993,quad,993 994 1010 1009
994,quad,994 995 1011 1010
995,quad,995 996 1012 1011
996,quad,996 997 1013 1012
997,quad,997 998 1014 1013
998,quad,998 999 1015 1014
999,quad,999 1000 1016 1015
1000,quad,1000 1001 1017 1016
1001,quad,1001 1002 1018 1017
1002,quad,1002 1003 1019 1018
1003,quad,1003 1004 1020 1019
1004,quad,1004 1005 1021 1020
1005,quad,1005 1006 1022 1021
1006,quad,1006 1007 1023 1022
1007,quad,1007 992 1008 1023
1008,quad,1008 1009 1025 1024
1009,quad,1009 1010 1026 1025
1010,quad,1010 1011 1027 1026
1011,quad,1011 1012 1028 1027
1012,quad,1012 1013 1029 1028
1013,quad,1013 1014 1030 1029
1014,quad,1014 1015 1031 1030
1015,quad,1015 1016 1032 1031
1016,quad,1016 1017 1033 1032
1017,quad,1017 1018 1034 1033
1018,quad,1018 1019 1035 1034
1019,quad,1019 1020 1036 1035
1020,quad,1020 1021 1037 1036
1021,quad,1021 1022 1038 1037
1022,quad,1022 1023 1039 1038
1023,quad,1023 1008 1024 1039
1024,quad,1024 1025 1041 1040
1025,quad,1025 1026 1042 1041
1026,quad,1026 1027 1043 1042
1027,quad,1027 1028 1044 1043
1028,quad,1028 1029 1045 1044
1029,quad,1029 1030 1046 1045
1030,quad,1030 1031 1047 1046
1031,quad,1031 1032 1048 1047
1032,quad,1032 1033 1049 1048
1033,quad,1033 1034 1050 1049
1034,quad,1034 1035 1051 1050
1035,quad,1035 1036 1052 1051
1036,quad,1036 1037 1053 1052
1037,quad,1037 1038 1054 1053
1038,quad,1038 1039 1055 1054
1039,quad,1039 1024 1040 1055
1040,quad,1040 1041 1057 1056
1041,quad,1041 1042 1058 1057
1042,quad,1042 1043 1059 1058
1043,quad,1043 1044 1060 1059
1044,quad,1044 1045 1061 1060
1045,quad,1045 1046 1062 1061
1046,quad,1046 1047 1063 1062
1047,quad,1047 1048 1064 1063
1048,quad,1048 1049 1065 1064
1049,quad,1049 1050 1066 1065
1050,quad,1050 1051 1067 1066
1051,quad,1051 1052 1068 1067
1052,quad,1052 1053 1069 1068
1053,quad,1053 1054 1070 1069
1054,quad,1054 1055 1071 1070
1055,quad,1055 1040 1056 1071
1056,quad,1056 1057 1073 1072
1057,quad,1057 1058 1074 1073
1058,quad,1058 1059 1075 1074
1059,quad,1059 1060 1076 1075
1060,quad,1060 1061 1077 1076
1061,quad,1061 1062 1078 1077
1062,quad,1062 1063 1079 1078
1063,quad,1063 1064 1080 1079
1064,quad,1064 1065 1081 1080
1065,quad,1065 1066 1082 1081
1066,quad,1066 1067 1083 1082
1067,quad,1067 1068 1084 1083
1068,quad,1068 1069 1085 1084
1069,quad,1069 1070 1086 1085
1070,quad,1070 1071 1087 1086
1071,quad,1071 1056 1072 1087
1072,quad,1072 1073 1089 1088
1073,quad,1073 1074 1090 1089
1074,quad,1074 1075 1091 1090
1075,quad,1075 1076 1092 1091
1076,quad,1076 1077 1093 1092
1077,quad,1077 1078 1094 1093
1078,quad,1078 1079 1095 1094
1079,quad,1079 1080 1096 1095
1080,quad,1080 1081 1097 1096
1081,quad,1081 1082 1098 1097
1082,quad,1082 1083 1099 1098
1083,quad,1083 1084 1100 1099
1084,quad,1084 1085 1101 1100
1085,quad,1085 1086 1102 1101
1086,quad,1086 1087 1103 1102
1087,quad,1087 1072 1088 1103
1088,quad,1088 1089 1105 1104
1089,quad,1089 1090 1106 1105
1090,quad,1090 1091 1107 1106
1091,quad,1091 1092 1108 1107
1092,quad,1092 1093 1109 1108
1093,quad,1093 1094 1110 1109
1094,quad,1094 1095 1111 1110
1095,quad,1095 1096 1112 1111
1096,quad,1096 1097 1113 1112
1097,quad,1097 1098 1114 1113
1098,quad,1098 1099 1115 1114
1099,quad,1099 1100 1116 1115
1100,quad,1100 1101 1117 1116
1101,quad,1101 1102 1118 1117
1102,quad,1102 1103 1119 1118
1103,quad,1103 1088 1104 1119
1104,quad,1104 1105 1121 1120
1105,quad,1105 1106 1122 1121
1106,quad,1106 1107 1123 1122
1107,quad,1107 1108 1124 1123
1108,quad,1108 1109 1125 1124
1109,quad,1109 1110 1126 1125
1110,quad,1110 1111 1127 1126
1111,quad,1111 1112 1128 1127
1112,quad,1112 1113 1129 1128
1113,quad,1113 1114 1130 1129
1114,quad,1114 1115 1131 1130
1115,quad,1115 1116 1132 1131
1116,quad,1116 1117 1133 1132
1117,quad,1117 1118 1134 1133
1118,quad,1118 1119 1135 1134
1119,quad,1119 1104 1120 1135
1120,quad,1120 1121 1137 1136
1121,quad,1121 1122 1138 1137
1122,quad,1122 1123 1139 1138
1123,quad,1123 1124 1140 1139
1124,quad,1124 1125 1141 1140
1125,quad,1125 1126 1142 1141
1126,quad,1126 1127 1143 1142
1127,quad,1127 1128 1144 1143
1128,quad,1128 1129 1145 1144
1129,quad,1129 1130 1146 1145
1130,quad,1130 1131 1147 1146
1131,quad,1131 1132 1148 1147
1132,quad,1132 1133 1149 1148
1133,quad,1133 1134 1150 1149
1134,quad,1134 1135 1151 1150
1135,quad,1135 1120 1136 1151
1136,quad,1136 1137 1153 1152
1137,quad,1137 1138 1154 1153
1138,quad,1138 1139 1155 1154
1139,quad,1139 1140 1156 1155
1140,quad,1140 1141 1157 1156
1141,quad,1141 1142 1158 1157
1142,quad,1142 1143 1159 1158
1143,quad,1143 1144 1160 1159
1144,quad,1144 1145 1161 1160
1145,quad,1145 1146 1162 1161
1146,quad,1146 1147 1163 1162
1147,quad,1147 1148 1164 1163
1148,quad,1148 1149 1165 1164
1149,quad,1149 1150 1166 1165
1150,quad,1150 1151 1167 1166
1151,quad,1151 1136 1152 1167
1152,quad,1152 1153 1169 1168
1153,quad,1153 1154 1170 1169
1154,quad,1154 1155 1171 1170
1155,quad,1155 1156 1172 1171
1156,quad,1156 1157 1173 1172
1157,quad,1157 1158 1174 1173
1158,quad,1158 1159 1175 1174
1159,quad,1159 1160 1176 1175
1160,quad,1160 1161 1177 1176
1161,quad,1161 1162 1178 1177
1162,quad,1162 1163 1179 1178
1163,quad,1163 1164 1180 1179
1164,quad,1164 1165 1181 1180
1165,quad,1165 1166 1182 1181
1166,quad,1166 1167 1183 1182
1167,quad,1167 1152 1168 1183
1168,quad,1168 1169 1185 1184
1169,quad,1169 1170 1186 1185
1170,quad,1170 1171 1187 1186
1171,quad,1171 1172 1188 1187
1172,quad,1172 1173 1189 1188
1173,quad,1173 1174 1190 1189
1174,quad,1174 1175 1191 1190
1175,quad,1175 1176 1192 1191
1176,quad,1176 1177 1193 1192
1177,quad,1177 1178 1194 1193
1178,quad,1178 1179 1195 1194
1179,quad,1179 1180 1196 1195
1180,quad,1180 1181 1197 1196
1181,quad,1181 1182 1198 1197
1182,quad,1182 1183 1199 1198
1183,quad,1183 1168 1184 1199
1184,quad,1184 1185 1201 1200
1185,quad,1185 1186 1202 1201
1186,quad,1186 1187 1203 1202
1187,quad,1187 1188 1204 1203
1188,quad,1188 1189 1205 1204
1189,quad,1189 1190 1206 1205
1190,quad,1190 1191 1207 1206
1191,quad,1191 1192 1208 1207
1192,quad,1192 1193 1209 1208
1193,quad,1193 1194 1210 1209
1194,quad,1194 1195 1211 1210
1195,quad,1195 1196 1212 1211
1196,quad,1196 1197 1213 1212
1197,quad,1197 1198 1214 1213
1198,quad,1198 1199 1215 1214
1199,quad,1199 1184 1200 1215
1200,quad,1200 1201 1217 1216
1201,quad,1201 1202 1218 1217
1202,quad,1202 1203 1219 1218
1203,quad,1203 1204 1220 1219
1204,quad,1204 1205 1221 1220
1205,quad,1205 1206 1222 1221
1206,quad,1206 1207 1223 1222
1207,quad,1207 1208 1224 1223
1208,quad,1208 1209 1225 1224
1209,quad,1209 1210 1226 1225
1210,quad,1210 1211 1227 1226
1211,quad,1211 1212 1228 1227
1212,quad,1212 1213 1229 1228
1213,quad,1213 1214 1230 1229
1214,quad,1214 1215 1231 1230
1215,quad,1215 1200 1216 1231
1216,quad,1216 1217 1233 1232
1217,quad,1217 1218 1234 1233
1218,quad,1218 1219 1235 1234
1219,quad,1219 1220 1236 1235
1220,quad,1220 1221 1237 1236
1221,quad,1221 1222 1238 1237
1222,quad,1222 1223 1239 1238
1223,quad,1223 1224 1240 1239
1224,quad,1224 1225 1241 1240
1225,quad,1225 1226 1242 1241
1226,quad,1226 1227 1243 1242
1227,quad,1227 1228 1244 1243
1228,quad,1228 1229 1245 1244
1229,quad,1229 1230 1246 1245
1230,quad,1230 1231 1247 1246
1231,quad,1231 1216 1232 1247
1232,quad,1232 1233 1249 1248
1233,quad,1233 1234 1250 1249
1234,quad,1234 1235 1251 1250
1235,quad,1235 1236 1252 1251
1236,quad,1236 1237 1253 1252
1237,quad,1237 1238 1254 1253
1238,quad,1238 1239 1255 1254
1239,quad,1239 1240 1256 1255
1240,quad,1240 1241 1257 1256
1241,quad,1241 1242 1258 1257
1242,quad,1242 1243 1259 1258
1243,quad,1243 1244 1260 1259
1244,quad,1244 1245 1261 1260
1245,quad,1245 1246 1262 1261
1246,quad,1246 1247 1263 1262
1247,quad,1247 1232 1248 1263
1248,quad,1248 1249 1265 1264
1249,quad,1249 1250 1266 1265
1250,quad,1250 1251 1267 1266
1251,quad,1251 1252 1268 1267
1252,quad,1252 1253 1269 1268
1253,quad,1253 1254 1270 1269
1254,quad,1254 1255 1271 1270
1255,quad,1255 1256 1272 1271
1256,quad,1256 1257 1273 1272
1257,quad,1257 1258 1274 1273
1258,quad,1258 1259 1275 1274
1259,quad,1259 1260 1276 1275
1260,quad,1260 1261 1277 1276
1261,quad,1261 1262 1278 1277
1262,quad,1262 1263 1279 1278
1263,quad,1263 1248 1264 1279
1264,quad,1264 1265 1281 1280
1265,quad,1265 1266 1282 1281
1266,quad,1266 1267 1283 1282
1267,quad,1267 1268 1284 1283
1268,quad,1268 1269 1285 1284
1269,quad,1269 1270 1286 1285
1270,quad,1270 1271 1287 1286
1271,quad,1271 1272 1288 1287
1272,quad,1272 1273 1289 1288
1273,quad,1273 1274 1290 1289
1274,quad,1274 1275 1291 1290
1275,quad,1275 1276 1292 1291
1276,quad,1276 1277 1293 1292
1277,quad,1277 1278 1294 1293
1278,quad,1278 1279 1295 1294
1279,quad,1279 1264 1280 1295
1280,quad,1280 1281 1297 1296
1281,quad,1281 1282 1298 1297
1282,quad,1282 1283 1299 1298
1283,quad,1283 1284 1300 1299
1284,quad,1284 1285 1301 1300
1285,quad,1285 1286 1302 1301
1286,quad,1286 1287 1303 1302
1287,quad,1287 1288 1304 1303
1288,quad,1288 1289 1305 1304
1289,quad,1289 1290 1306 1305
1290,quad,1290 1291 1307 1306
1291,quad,1291 1292 1308 1307
1292,quad,1292 1293 1309 1308
1293,quad,1293 1294 1310 1309
1294,quad,1294 1295 1311 1310
1295,quad,1295 1280 1296 1311
1296,quad,1296 1297 1313 1312
1297,quad,1297 1298 1314 1313
1298,quad,1298 1299 1315 1314
1299,quad,1299 1300 1316 1315
1300,quad,1300 1301 1317 1316
1301,quad,1301 1302 1318 1317
1302,quad,1302 1303 1319 1318
1303,quad,1303 1304 1320 1319
1304,quad,1304 1305 1321 1320
1305,quad,1305 1306 1322 1321
1306,quad,1306 1307 1323 1322
1307,quad,1307 1308 1324 1323
1308,quad,1308 1309 1325 1324
1309,quad,1309 1310 1326 1325
1310,quad,1310 1311 1327 1326
1311,quad,1311 1296 1312 1327
1312,quad,1312 1313 1329 1328
1313,quad,1313 1314 1330 1329
1314,quad,1314 1315 1331 1330
1315,quad,1315 1316 1332 1331
1316,quad,1316 1317 1333 1332
1317,quad,1317 1318 1334 1333
1318,quad,1318 1319 1335 1334
1319,quad,1319 1320 1336 1335
1320,quad,1320 1321 1337 1336
1321,quad,1321 1322 1338 1337
1322,quad,1322 1323 1339 1338
1323,quad,1323 1324 1340 1339
1324,quad,1324 1325 1341 1340
1325,quad,1325 1326 1342 1341
1326,quad,1326 1327 1343 1342
1327,quad,1327 1312 1328 1343
1328,quad,1328 1329 1345 1344
1329,quad,1329 1330 1346 1345
1330,quad,1330 1331 1347 1346
1331,quad,1331 1332 1348 1347
1332,quad,1332 1333 1349 1348
1333,quad,1333 1334 1350 1349
1334,quad,1334 1335 1351 1350
1335,quad,1335 1336 1352 1351
1336,quad,1336 1337 1353 1352
1337,quad,1337 1338 1354 1353
1338,quad,1338 1339 1355 1354
1339,quad,1339 1340 1356 1355
1340,quad,1340 1341 1357 1356
1341,quad,1341 1342 1358 1357
1342,quad,1342 1343 1359 1358
1343,quad,1343 1328 1344 1359
1344,quad,1344 1345 1361 1360
1345,quad,1345 1346 1362 1361
1346,quad,1346 1347 1363 1362
1347,quad,1347 1348 1364 1363
1348,quad,1348 1349 1365 1364
1349,quad,1349 1350 1366 1365
1350,quad,1350 1351 1367 1366
1351,quad,1351 1352 1368 1367
1352,quad,1352 1353 1369 1368
1353,quad,1353 1354 1370 1369
1354,quad,1354 1355 1371 1370
1355,quad,1355 1356 1372 1371
1356,quad,1356 1357 1373 1372
1357,quad,1357 1358 1374 1373
1358,quad,1358 1359 1375 1374
1359,quad,1359 1344 1360 1375
1360,quad,1360 1361 1377 1376
1361,quad,1361 1362 1378 1377
1362,quad,1362 1363 1379 1378
1363,quad,1363 1364 1380 1379
1364,quad,1364 1365 1381 1380
1365,quad,1365 1366 1382 1381
1366,quad,1366 1367 1383 1382
1367,quad,1367 1368 1384 1383
1368,quad,1368 1369 1385 1384
1369,quad,1369 1370 1386 1385
1370,quad,1370 1371 1387 1386
1371,quad,1371 1372 1388 1387
1372,quad,1372 1373 1389 1388
1373,quad,1373 1374 1390 1389
1374,quad,1374 1375 1391 1390
1375,quad,1375 1360 1376 1391
1376,quad,1376 1377 1393 1392
1377,quad,1377 1378 1394 1393
1378,quad,1378 1379 1395 1394
1379,quad,1379 1380 1396 1395
1380,quad,1380 1381 1397 1396
1381,quad,1381 1382 1398 1397
1382,quad,1382 1383 1399 1398
1383,quad,1383 1384 1400 1399
1384,quad,1384 1385 1401 1400
1385,quad,1385 1386 1402 1401
1386,quad,1386 1387 1403 1402
1387,quad,1387 1388 1404 1403
1388,quad,1388 1389 1405 1404
1389,quad,1389 1390 1406 1405
1390,quad,1390 1391 1407 1406
1391,quad,1391 1376 1392 1407
1392,quad,1392 1393 1409 1408
1393,quad,1393 1394 1410 1409
1394,quad,1394 1395 1411 1410
1395,quad,1395 1396 1412 1411
1396,quad,1396 1397 1413 1412
1397,quad,1397 1398 1414 1413
1398,quad,1398 1399 1415 1414
1399,quad,1399 1400 1416 1415
1400,quad,1400 1401 1417 1416
1401,quad,1401 1402 1418 1417
1402,quad,1402 1403 1419 1418
1403,quad,1403 1404 1420 1419
1404,quad,1404 1405 1421 1420
1405,quad,1405 1406 1422 1421
1406,quad,1406 1407 1423 1422
1407,quad,1407 1392 1408 1423
1408,quad,1408 1409 1425 1424
1409,quad,1409 1410 1426 1425
1410,quad,1410 1411 1427 1426
1411,quad,1411 1412 1428 1427
1412,quad,1412 1413 1429 1428
1413,quad,1413 1414 1430 1429
1414,quad,1414 1415 1431 1430
1415,quad,1415 1416 1432 1431
1416,quad,1416 1417 1433 1432
1417,quad,1417 1418 1434 1433
1418,quad,1418 1419 1435 1434
1419,quad,1419 1420 1436 1435
1420,quad,1420 1421 1437 1436
1421,quad,1421 1422 1438 1437
1422,quad,1422 1423 1439 1438
1423,quad,1423 1408 1424 1439
1424,quad,1424 1425 1441 1440
1425,quad,1425 1426 1442 1441
1426,quad,1426 1427 1443 1442
1427,quad,1427 1428 1444 1443
1428,quad,1428 1429 1445 1444
1429,quad,1429 1430 1446 1445
1430,quad,1430 1431 1447 1446
1431,quad,1431 1432 1448 1447
1432,quad,1432 1433 1449 1448
1433,quad,1433 1434 1450 1449
1434,quad,1434 1435 1451 1450
1435,quad,1435 1436 1452 1451
1436,quad,1436 1437 1453 1452
1437,quad,1437 1438 1454 1453
1438,quad,1438 1439 1455 1454
1439,quad,1439 1424 1440 1455
1440,quad,1440 1441 1457 1456
1441,quad,1441 1442 1458 1457
1442,quad,1442 1443 1459 1458
1443,quad,1443 1444 1460 1459
1444,quad,1444 1445 1461 1460
1445,quad,1445 1446 1462 1461
1446,quad,1446 1447 1463 1462
1447,quad,1447 1448 1464 1463
1448,quad,1448 1449 1465 1464
1449,quad,1449 1450 1466 1465
1450,quad,1450 1451 1467 1466
1451,quad,1451 1452 1468 1467
1452,quad,1452 1453 1469 1468
1453,quad,1453 1454 1470 1469
1454,quad,1454 1455 1471 1470
1455,quad,1455 1440 1456 1471
1456,quad,1456 1457 1473 1472
1457,quad,1457 1458 1474 1473
1458,quad,1458 1459 1475 1474
1459,quad,1459 1460 1476 1475
1460,quad,1460 1461 1477 1476
1461,quad,1461 1462 1478 1477
1462,quad,1462 1463 1479 1478
1463,quad,1463 1464 1480 1479
1464,quad,1464 1465 1481 1480
1465,quad,1465 1466 1482 1481
1466,quad,1466 1467 1483 1482
1467,quad,1467 1468 1484 1483
1468,quad,1468 1469 1485 1484
1469,quad,1469 1470 1486 1485
1470,quad,1470 1471 1487 1486
1471,quad,1471 1456 1472 1487
1472,quad,1472 1473 1489 1488
1473,quad,1473 1474 1490 1489
1474,quad,1474 1475 1491 1490
1475,quad,1475 1476 1492 1491
1476,quad,1476 1477 1493 1492
1477,quad,1477 1478 1494 1493
1478,quad,1478 1479 1495 1494
1479,quad,1479 1480 1496 1495
1480,quad,1480 1481 1497 1496
1481,quad,1481 1482 1498 1497
1482,quad,1482 1483 1499 1498
1483,quad,1483 1484 1500 1499
1484,quad,1484 1485 1501 1500
1485,quad,1485 1486 1502 1501
1486,quad,1486 1487 1503 1502
1487,quad,1487 1472 1488 1503
1488,quad,1488 1489 1505 1504
1489,quad,1489 1490 1506 1505
1490,quad,1490 1491 1507 1506
1491,quad,1491 1492 1508 1507
1492,quad,1492 1493 1509 1508
1493,quad,1493 1494 1510 1509
1494,quad,1494 1495 1511 1510
1495,quad,1495 1496 1512 1511
1496,quad,1496 1497 1513 1512
1497,quad,1497 1498 1514 1513
1498,quad,1498 1499 1515 1514
1499,quad,1499 1500 1516 1515
1500,quad,1500 1501 1517 1516
1501,quad,1501 1502 1518 1517
1502,quad,1502 1503 1519 1518
1503,quad,1503 1488 1504 1519
1504,quad,1504 1505 1521 1520
1505,quad,1505 1506 1522 1521
1506,quad,1506 1507 1523 1522
1507,quad,1507 1508 1524 1523
1508,quad,1508 1509 1525 1524
1509,quad,1509 1510 1526 1525
1510,quad,1510 1511 1527 1526
1511,quad,1511 1512 1528 1527
1512,quad,1512 1513 1529 1528
1513,quad,1513 1514 1530 1529
1514,quad,1514 1515 1531 1530
1515,quad,1515 1516 1532 1531
1516,quad,1516 1517 1533 1532
1517,quad,1517 1518 1534 1533
1518,quad,1518 1519 1535 1534
1519,quad,1519 1504 1520 1535
1520,quad,1520 1521 1537 1536
1521,quad,1521 1522 1538 1537
1522,quad,1522 1523 1539 1538
1523,quad,1523 1524 1540 1539
1524,quad,1524 1525 1541 1540
1525,quad,1525 1526 1542 1541
1526,quad,1526 1527 1543 1542
1527,quad,1527 1528 1544 1543
1528,quad,1528 1529 1545 1544
1529,quad,1529 1530 1546 1545
1530,quad,1530 1531 1547 1546
1531,quad,1531 1532 1548 1547
1532,quad,1532 1533 1549 1548
1533,quad,1533 1534 1550 1549
1534,quad,1534 1535 1551 1550
1535,quad,1535 1520 1536 1551
1536,quad,1536 1537 1553 1552
1537,quad,1537 1538 1554 1553
1538,quad,1538 1539 1555 1554
1539,quad,1539 1540 1556 1555
1540,quad,1540 1541 1557 1556
1541,quad,1541 1542 1558 1557
1542,quad,1542 1543 1559 1558
1543,quad,1543 1544 1560 1559
1544,quad,1544 1545 1561 1560
1545,quad,1545 1546 1562 1561
1546,quad,1546 1547 1563 1562
1547,quad,1547 1548 1564 1563
1548,quad,1548 1549 1565 1564
1549,quad,1549 1550 1566 1565
1550,quad,1550 1551 1567 1566
1551,quad,1551 1536 1552 1567
1552,quad,1552 1553 1569 1568
1553,quad,1553 1554 1570 1569
1554,quad,1554 1555 1571 1570
1555,quad,1555 1556 1572 1571
1556,quad,1556 1557 1573 1572
1557,quad,1557 1558 1574 1573
1558,quad,1558 1559 1575 1574
1559,quad,1559 1560 1576 1575
1560,quad,1560 1561 1577 1576
1561,quad,1561 1562 1578 1577
1562,quad,1562 1563 1579 1578
1563,quad,1563 1564 1580 1579
1564,quad,1564 1565 1581 1580
1565,quad,1565 1566 1582 1581
1566,quad,1566 1567 1583 1582
1567,quad,1567 1552 1568 1583
1568,quad,1568 1569 1585 1584
1569,quad,1569 1570 1586 1585
1570,quad,1570 1571 1587 1586
1571,quad,1571 1572 1588 1587
1572,quad,1572 1573 1589 1588
1573,quad,1573 1574 1590 1589
1574,quad,1574 1575 1591 1590
1575,quad,1575 1576 1592 1591
1576,quad,1576 1577 1593 1592
1577,quad,1577 1578 1594 1593
1578,quad,1578 1579 1595 1594
1579,quad,1579 1580 1596 1595
1580,quad,1580 1581 1597 1596
1581,quad,1581 1582 1598 1597
1582,quad,1582 1583 1599 1598
1583,quad,1583 1568 1584 1599
1584,quad,1584 1585 1601 1600
1585,quad,1585 1586 1602 1601
1586,quad,1586 1587 1603 1602
1587,quad,1587 1588 1604 1603
1588,quad,1588 1589 1605 1604
1589,quad,1589 1590 1606 1605
1590,quad,1590 1591 1607 1606
1591,quad,1591 1592 1608 1607
1592,quad,1592 1593 1609 1608
1593,quad,1593 1594 1610 1609
1594,quad,1594 1595 1611 1610
1595,quad,1595 1596 1612 1611
1596,quad,1596 1597 1613 1612
1597,quad,1597 1598 1614 1613
1598,quad,1598 1599 1615 1614
1599,quad,1599 1584 1600 1615
1600,quad,1600 1601 1617 1616
1601,quad,1601 1602 1618 1617
1602,quad,1602 1603 1619 1618
1603,quad,1603 1604 1620 1619
1604,quad,1604 1605 1621 1620
1605,quad,1605 1606 1622 1621
1606,quad,1606 1607 1623 1622
1607,quad,1607 1608 1624 1623
1608,quad,1608 1609 1625 1624
1609,quad,1609 1610 1626 1625
1610,quad,1610 1611 1627 1626
1611,quad,1611 1612 1628 1627
1612,quad,1612 1613 1629 1628
1613,quad,1613 1614 1630 1629
1614,quad,1614 1615 1631 1630
1615,quad,1615 1600 1616 1631
1616,quad,1616 1617 1633 1632
1617,quad,1617 1618 1634 1633
1618,quad,1618 1619 1635 1634
1619,quad,1619 1620 1636 1635
1620,quad,1620 1621 1637 1636
1621,quad,1621 1622 1638 1637
1622,quad,1622 1623 1639 1638
1623,quad,1623 1624 1640 1639
1624,quad,1624 1625 1641 1640
1625,quad,1625 1626 1642 1641
1626,quad,1626 1627 1643 1642
1627,quad,1627 1628 1644 1643
1628,quad,1628 1629 1645 1644
1629,quad,1629 1630 1646 1645
1630,quad,1630 1631 1647 1646
1631,quad,1631 1616 1632 1647
1632,quad,1632 1633 1649 1648
1633,quad,1633 1634 1650 1649
1634,quad,1634 1635 1651 1650
1635,quad,1635 1636 1652 1651
1636,quad,1636 1637 1653 1652
1637,quad,1637 1638 1654 1653
1638,quad,1638 1639 1655 1654
1639,quad,1639 1640 1656 1655
1640,quad,1640 1641 1657 1656
1641,quad,1641 1642 1658 1657
1642,quad,1642 1643 1659 1658
1643,quad,1643 1644 1660 1659
1644,quad,1644 1645 1661 1660
1645,quad,1645 1646 1662 1661
1646,quad,1646 1647 1663 1662
1647,quad,1647 1632 1648 1663
1648,quad,1648 1649 1665 1664
1649,quad,1649 1650 1666 1665
1650,quad,1650 1651 1667 1666
1651,quad,1651 1652 1668 1667
1652,quad,1652 1653 1669 1668
1653,quad,1653 1654 1670 1669
1654,quad,1654 1655 1671 1670
1655,quad,1655 1656 1672 1671
1656,quad,1656 1657 1673 1672
1657,quad,1657 1658 1674 1673
1658,quad,1658 1659 1675 1674
1659,quad,1659 1660 1676 1675
1660,quad,1660 1661 1677 1676
1661,quad,1661 1662 1678 1677
1662,quad,1662 1663 1679 1678
1663,quad,1663 1648 1664 1679
1664,quad,1664 1665 1681 1680
1665,quad,1665 1666 1682 1681
1666,quad,1666 1667 1683 1682
1667,quad,1667 1668 1684 1683
1668,quad,1668 1669 1685 1684
1669,quad,1669 1670 1686 1685
1670,quad,1670 1671 1687 1686
1671,quad,1671 1672 1688 1687
1672,quad,1672 1673 1689 1688
1673,quad,1673 1674 1690 1689
1674,quad,1674 1675 1691 1690
1675,quad,1675 1676 1692 1691
1676,quad,1676 1677 1693 1692
1677,quad,1677 1678 1694 1693
1678,quad,1678 1679 1695 1694
1679,quad,1679 1664 1680 1695
1680,quad,1680 1681 1697 1696
1681,quad,1681 1682 1698 1697
1682,quad,1682 1683 1699 1698
1683,quad,1683 1684 1700 1699
1684,quad,1684 1685 1701 1700
1685,quad,1685 1686 1702 1701
1686,quad,1686 1687 1703 1702
1687,quad,1687 1688 1704 1703
1688,quad,1688 1689 1705 1704
1689,quad,1689 1690 1706 1705
1690,quad,1690 1691 1707 1706
1691,quad,1691 1692 1708 1707
1692,quad,1692 1693 1709 1708
1693,quad,1693 1694 1710 1709
1694,quad,1694 1695 1711 1710
1695,quad,1695 1680 1696 1711
1696,quad,1696 1697 1713 1712
1697,quad,1697 1698 1714 1713
1698,quad,1698 1699 1715 1714
1699,quad,1699 1700 1716 1715
1700,quad,1700 1701 1717 1716
1701,quad,1701 1702 1718 1717
1702,quad,1702 1703 1719 1718
1703,quad,1703 1704 1720 1719
1704,quad,1704 1705 1721 1720
1705,quad,1705 1706 1722 1721
1706,quad,1706 1707 1723 1722
1707,quad,1707 1708 1724 1723
1708,quad,1708 1709 1725 1724
1709,quad,1709 1710 1726 1725
1710,quad,1710 1711 1727 1726
1711,quad,1711 1696 1712 1727
1712,quad,1712 1713 1729 1728
1713,quad,1713 1714 1730 1729
1714,quad,1714 1715 1731 1730
1715,quad,1715 1716 1732 1731
1716,quad,1716 1717 1733 1732
1717,quad,1717 1718 1734 1733
1718,quad,1718 1719 1735 1734
1719,quad,1719 1720 1736 1735
1720,quad,1720 1721 1737 1736
1721,quad,1721 1722 1738 1737
1722,quad,1722 1723 1739 1738
1723,quad,1723 1724 1740 1739
1724,quad,1724 1725 1741 1740
1725,quad,1725 1726 1742 1741
1726,quad,1726 1727 1743 1742
1727,quad,1727 1712 1728 1743
1728,quad,1728 1729 1745 1744
1729,quad,1729 1730 1746 1745
1730,quad,1730 1731 1747 1746
1731,quad,1731 1732 1748 1747
1732,quad,1732 1733 1749 1748
1733,quad,1733 1734 1750 1749
1734,quad,1734 1735 1751 1750
1735,quad,1735 1736 1752 1751
1736,quad,1736 1737 1753 1752
1737,quad,1737 1738 1754 1753
1738,quad,1738 1739 1755 1754
1739,quad,1739 1740 1756 1755
1740,quad,1740 1741 1757 1756
1741,quad,1741 1742 1758 1757
1742,quad,1742 1743 1759 1758
1743,quad,1743 1728 1744 1759
1744,quad,1744 1745 1761 1760
1745,quad,1745 1746 1762 1761
1746,quad,1746 1747 1763 1762
1747,quad,1747 1748 1764 1763
1748,quad,1748 1749 1765 1764
1749,quad,1749 1750 1766 1765
1750,quad,1750 1751 1767 1766
1751,quad,1751 1752 1768 1767
1752,quad,1752 1753 1769 1768
1753,quad,1753 1754 1770 1769
1754,quad,1754 1755 1771 1770
1755,quad,1755 1756 1772 1771
1756,quad,1756 1757 1773 1772
1757,quad,1757 1758 1774 1773
1758,quad,1758 1759 1775 1774
1759,quad,1759 1744 1760 1775
1760,quad,1760 1761 1777 1776
1761,quad,1761 1762 1778 1777
1762,quad,1762 1763 1779 1778
1763,quad,1763 1764 1780 1779
1764,quad,1764 1765 1781 1780
1765,quad,1765 1766 1782 1781
1766,quad,1766 1767 1783 1782
1767,quad,1767 1768 1784 1783
1768,quad,1768 1769 1785 1784
1769,quad,1769 1770 1786 1785
1770,quad,1770 1771 1787 1786
1771,quad,1771 1772 1788 1787
1772,quad,1772 1773 1789 1788
1773,quad,1773 1774 1790 1789
1774,quad,1774 1775 1791 1790
1775,quad,1775 1760 1776 1791
1776,quad,1776 1777 1793 1792
1777,quad,1777 1778 1794 1793
1778,quad,1778 1779 1795 1794
1779,quad,1779 1780 1796 1795
1780,quad,1780 1781 1797 1796
1781,quad,1781 1782 1798 1797
1782,quad,1782 1783 1799 1798
1783,quad,1783 1784 1800 1799
1784,quad,1784 1785 1801 1800
1785,quad,1785 1786 1802 1801
1786,quad,1786 1787 1803 1802
1787,quad,1787 1788 1804 1803
1788,quad,1788 1789 1805 1804
1789,quad,1789 1790 1806 1805
1790,quad,1790 1791 1807 1806
1791,quad,1791 1776 1792 1807
1792,quad,1792 1793 1809 1808
1793,quad,1793 1794 1810 1809
1794,quad,1794 1795 1811 1810
1795,quad,1795 1796 1812 1811
1796,quad,1796 1797 1813 1812
1797,quad,1797 1798 1814 1813
1798,quad,1798 1799 1815 1814
1799,quad,1799 1800 1816 1815
1800,quad,1800 1801 1817 1816
1801,quad,1801 1802 1818 1817
1802,quad,1802 1803 1819 1818
1803,quad,1803 1804 1820 1819
1804,quad,1804 1805 1821 1820
1805,quad,1805 1806 1822 1821
1806,quad,1806 1807 1823 1822
1807,quad,1807 1792 1808 1823
1808,quad,1808 1809 1825 1824
1809,quad,1809 1810 1826 1825
1810,quad,1810 1811 1827 1826
1811,quad,1811 1812 1828 1827
1812,quad,1812 1813 1829 1828
1813,quad,1813 1814 1830 1829
1814,quad,1814 1815 1831 1830
1815,quad,1815 1816 1832 1831
1816,quad,1816 1817 1833 1832
1817,quad,1817 1818 1834 1833
1818,quad,1818 1819 1835 1834
1819,quad,1819 1820 1836 1835
1820,quad,1820 1821 1837 1836
1821,quad,1821 1822 1838 1837
1822,quad,1822 1823 1839 1838
1823,quad,1823 1808 1824 1839
1824,quad,1824 1825 1841 1840
1825,quad,1825 1826 1842 1841
1826,quad,1826 1827 1843 1842
1827,quad,1827 1828 1844 1843
1828,quad,1828 1829 1845 1844
1829,quad,1829 1830 1846 1845
1830,quad,1830 1831 1847 1846
1831,quad,1831 1832 1848 1847
1832,quad,1832 1833 1849 1848
1833,quad,1833 1834 1850 1849
1834,quad,1834 1835 1851 1850
1835,quad,1835 1836 1852 1851
1836,quad,1836 1837 1853 1852
1837,quad,1837 1838 1854 1853
1838,quad,1838 1839 1855 1854
1839,quad,1839 1824 1840 1855
1840,quad,1840 1841 1857 1856
1841,quad,1841 1842 1858 1857
1842,quad,1842 1843 1859 1858
1843,quad,1843 1844 1860 1859
1844,quad,1844 1845 1861 1860
1845,quad,1845 1846 1862 1861
1846,quad,1846 1847 1863 1862
1847,quad,1847 1848 1864 1863
1848,quad,1848 1849 1865 1864
1849,quad,1849 1850 1866 1865
1850,quad,1850 1851 1867 1866
1851,quad,1851 1852 1868 1867
1852,quad,1852 1853 1869 1868
1853,quad,1853 1854 1870 1869
1854,quad,1854 1855 1871 1870
1855,quad,1855 1840 1856 1871
1856,quad,1856 1857 1873 1872
1857,quad,1857 1858 1874 1873
1858,quad,1858 1859 1875 1874
1859,quad,1859 1860 1876 1875
1860,quad,1860 1861 1877 1876
1861,quad,1861 1862 1878 1877
1862,quad,1862 1863 1879 1878
1863,quad,1863 1864 1880 1879
1864,quad,1864 1865 1881 1880
1865,quad,1865 1866 1882 1881
1866,quad,1866 1867 1883 1882
1867,quad,1867 1868 1884 1883
1868,quad,1868 1869 1885 1884
1869,quad,1869 1870 1886 1885
1870,quad,1870 1871 1887 1886
1871,quad,1871 1856 1872 1887
1872,quad,1872 1873 1889 1888
1873,quad,1873 1874 1890 1889
1874,quad,1874 1875 1891 1890
1875,quad,1875 1876 1892 1891
1876,quad,1876 1877 1893 1892
1877,quad,1877 1878 1894 1893
1878,quad,1878 1879 1895 1894
1879,quad,1879 1880 1896 1895
1880,quad,1880 1881 1897 1896
1881,quad,1881 1882 1898 1897
1882,quad,1882 1883 1899 1898
1883,quad,1883 1884 1900 1899
1884,quad,1884 1885 1901 1900
1885,quad,1885 1886 1902 1901
1886,quad,1886 1887 1903 1902
1887,quad,1887 1872 1888 1903
1888,quad,1888 1889 1905 1904
1889,quad,1889 1890 1906 1905
1890,quad,1890 1891 1907 1906
1891,quad,1891 1892 1908 1907
1892,quad,1892 1893 1909 1908
1893,quad,1893 1894 1910 1909
1894,quad,1894 1895 1911 1910
1895,quad,1895 1896 1912 1911
1896,quad,1896 1897 1913 1912
1897,quad,1897 1898 1914 1913
1898,quad,1898 1899 1915 1914
1899,quad,1899 1900 1916 1915
1900,quad,1900 1901 1917 1916
1901,quad,1901 1902 1918 1917
1902,quad,1902 1903 1919 1918
1903,quad,1903 1888 1904 1919
1904,quad,1904 1905 1921 1920
1905,quad,1905 1906 1922 1921
1906,quad,1906 1907 1923 1922
1907,quad,1907 1908 1924 1923
1908,quad,1908 1909 1925 1924
1909,quad,1909 1910 1926 1925
1910,quad,1910 1911 1927 1926
1911,quad,1911 1912 1928 1927
1912,quad,1912 1913 1929 1928
1913,quad,1913 1914 1930 1929
1914,quad,1914 1915 1931 1930
1915,quad,1915 1916 1932 1931
1916,quad,1916 1917 1933 1932
1917,quad,1917 1918 1934 1933
1918,quad,1918 1919 1935 1934
1919,quad,1919 1904 1920 1935
1920,quad,1920 1921 1937 1936
1921,quad,1921 1922 1938 1937
1922,quad,1922 1923 1939 1938
1923,quad,1923 1924 1940 1939
1924,quad,1924 1925 1941 1940
1925,quad,1925 1926 1942 1941
1926,quad,1926 1927 1943 1942
1927,quad,1927 1928 1944 1943
1928,quad,1928 1929 1945 1944
1929,quad,1929 1930 1946 1945
1930,quad,1930 1931 1947 1946
1931,quad,1931 1932 1948 1947
1932,quad,1932 1933 1949 1948
1933,quad,1933 1934 1950 1949
1934,quad,1934 1935 1951 1950
1935,quad,1935 1920 1936 1951
1936,quad,1936 1937 1953 1952
1937,quad,1937 1938 1954 1953
1938,quad,1938 1939 1955 1954
1939,quad,1939 1940 1956 1955
1940,quad,1940 1941 1957 1956
1941,quad,1941 1942 1958 1957
1942,quad,1942 1943 1959 1958
1943,quad,1943 1944 1960 1959
1944,quad,1944 1945 1961 1960
1945,quad,1945 1946 1962 1961
1946,quad,1946 1947 1963 1962
1947,quad,1947 1948 1964 1963
1948,quad,1948 1949 1965 1964
1949,quad,1949 1950 1966 1965
1950,quad,1950 1951 1967 1966
1951,quad,1951 1936 1952 1967
1952,quad,1952 1953 1969 1968
1953,quad,1953 1954 1970 1969
1954,quad,1954 1955 1971 1970
1955,quad,1955 1956 1972 1971
1956,quad,1956 1957 1973 1972
1957,quad,1957 1958 1974 1973
1958,quad,1958 1959 1975 1974
1959,quad,1959 1960 1976 1975
1960,quad,1960 1961 1977 1976
1961,quad,1961 1962 1978 1977
1962,quad,1962 1963 1979 1978
1963,quad,1963 1964 1980 1979
1964,quad,1964 1965 1981 1980
1965,quad,1965 1966 1982 1981
1966,quad,1966 1967 1983 1982
1967,quad,1967 1952 1968 1983
1968,quad,1968 1969 1985 1984
1969,quad,1969 1970 1986 1985
1970,quad,1970 1971 1987 1986
1971,quad,1971 1972 1988 1987
1972,quad,1972 1973 1989 1988
1973,quad,1973 1974 1990 1989
1974,quad,1974 1975 1991 1990
1975,quad,1975 1976 1992 1991
1976,quad,1976 1977 1993 1992
1977,quad,1977 1978 1994 1993
1978,quad,1978 1979 1995 1994
1979,quad,1979 1980 1996 1995
1980,quad,1980 1981 1997 1996
1981,quad,1981 1982 1998 1997
1982,quad,1982 1983 1999 1998
1983,quad,1983 1968 1984 1999
1984,quad,1984 1985 2001 2000
1985,quad,1985 1986 2002 2001
1986,quad,1986 1987 2003 2002
1987,quad,1987 1988 2004 2003
1988,quad,1988 1989 2005 2004
1989,quad,1989 1990 2006 2005
1990,quad,1990 1991 2007 2006
1991,quad,1991 1992 2008 2007
1992,quad,1992 1993 2009 2008
1993,quad,1993 1994 2010 2009
1994,quad,1994 1995 2011 2010
1995,quad,1995 1996 2012 2011
1996,quad,1996 1997 2013 2012
1997,quad,1997 1998 2014 2013
1998,quad,1998 1999 2015 2014
1999,quad,1999 1984 2000 2015
2000,quad,2000 2001 2017 2016
2001,quad,2001 2002 2018 2017
2002,quad,2002 2003 2019 2018
2003,quad,2003 2004 2020 2019
2004,quad,2004 2005 2021 2020
2005,quad,2005 2006 2022 2021
2006,quad,2006 2007 2023 2022
2007,quad,2007 2008 2024 2023
2008,quad,2008 2009 2025 2024
2009,quad,2009 2010 2026 2025
2010,quad,2010 2011 2027 2026
2011,quad,2011 2012 2028 2027
2012,quad,2012 2013 2029 2028
2013,quad,2013 2014 2030 2029
2014,quad,2014 2015 2031 2030
2015,quad,2015 2000 2016 2031
2016,quad,2016 2017 2033 2032
2017,quad,2017 2018 2034 2033
2018,quad,2018 2019 2035 2034
2019,quad,2019 2020 2036 2035
2020,quad,2020 2021 2037 2036
2021,quad,2021 2022 2038 2037
2022,quad,2022 2023 2039 2038
2023,quad,2023 2024 2040 2039
2024,quad,2024 2025 2041 2040
2025,quad,2025 2026 2042 2041
2026,quad,2026 2027 2043 2042
2027,quad,2027 2028 2044 2043
2028,quad,2028 2029 2045 2044
2029,quad,2029 2030 2046 2045
2030,quad,2030 2031 2047 2046
2031,quad,2031 2016 2032 2047
2032,quad,2032 2033 2049 2048
2033,quad,2033 2034 2050 2049
2034,quad,2034 2035 2051 2050
2035,quad,2035 2036 2052 2051
2036,quad,2036 2037 2053 2052
2037,quad,2037 2038 2054 2053
2038,quad,2038 2039 2055 2054
2039,quad,2039 2040 2056 2055
2040,quad,2040 2041 2057 2056
2041,quad,2041 2042 2058 2057
2042,quad,2042 2043 2059 2058
2043,quad,2043 2044 2060 2059
2044,quad,2044 2045 2061 2060
2045,quad,2045 2046 2062 2061
2046,quad,2046 2047 2063 2062
2047,quad,2047 2032 2048 2063
2048,quad,2048 2049 2065 2064
2049,quad,2049 2050 2066 2065
2050,quad,2050 2051 2067 2066
2051,quad,2051 2052 2068 2067
2052,quad,2052 2053 2069 2068
2053,quad,2053 2054 2070 2069
2054,quad,2054 2055 2071 2070
2055,quad,2055 2056 2072 2071
2056,quad,2056 2057 2073 2072
2057,quad,2057 2058 2074 2073
2058,quad,2058 2059 2075 2074
2059,quad,2059 2060 2076 2075
2060,quad,2060 2061 2077 2076
2061,quad,2061 2062 2078 2077
2062,quad,2062 2063 2079 2078
2063,quad,2063 2048 2064 2079
2064,quad,2064 2065 2081 2080
2065,quad,2065 2066 2082 2081
2066,quad,2066 2067 2083 2082
2067,quad,2067 2068 2084 2083
2068,quad,2068 2069 2085 2084
2069,quad,2069 2070 2086 2085
2070,quad,2070 2071 2087 2086
2071,quad,2071 2072 2088 2087
2072,quad,2072 2073 2089 2088
2073,quad,2073 2074 2090 2089
2074,quad,2074 2075 2091 2090
2075,quad,2075 2076 2092 2091
2076,quad,2076 2077 2093 2092
2077,quad,2077 2078 2094 2093
2078,quad,2078 2079 2095 2094
2079,quad,2079 2064 2080 2095
2080,quad,2080 2081 2097 2096
2081,quad,2081 2082 2098 2097
2082,quad,2082 2083 2099 2098
2083,quad,2083 2084 2100 2099
2084,quad,2084 2085 2101 2100
2085,quad,2085 2086 2102 2101
2086,quad,2086 2087 2103 2102
2087,quad,2087 2088 2104 2103
2088,quad,2088 2089 2105 2104
2089,quad,2089 2090 2106 2105
2090,quad,2090 2091 2107 2106
2091,quad,2091 2092 2108 2107
2092,quad,2092 2093 2109 2108
2093,quad,2093 2094 2110 2109
2094,quad,2094 2095 2111 2110
2095,quad,2095 2080 2096 2111
2096,quad,2096 2097 2113 2112
2097,quad,2097 2098 2114 2113
2098,quad,2098 2099 2115 2114
2099,quad,2099 2100 2116 2115
2100,quad,2100 2101 2117 2116
2101,quad,2101 2102 2118 2117
2102,quad,2102 2103 2119 2118
2103,quad,2103 2104 2120 2119
2104,quad,2104 2105 2121 2120
2105,quad,2105 2106 2122 2121
2106,quad,2106 2107 2123 2122
2107,quad,2107 2108 2124 2123
2108,quad,2108 2109 2125 2124
2109,quad,2109 2110 2126 2125
2110,quad,2110 2111 2127 2126
2111,quad,2111 2096 2112 2127
2112,quad,2112 2113 2129 2128
2113,quad,2113 2114 2130 2129
2114,quad,2114 2115 2131 2130
2115,quad,2115 2116 2132 2131
2116,quad,2116 2117 2133 2132
2117,quad,2117 2118 2134 2133
2118,quad,2118 2119 2135 2134
2119,quad,2119 2120 2136 2135
2120,quad,2120 2121 2137 2136
2121,quad,2121 2122 2138 2137
2122,quad,2122 2123 2139 2138
2123,quad,2123 2124 2140 2139
2124,quad,2124 2125 2141 2140
2125,quad,2125 2126 2142 2141
2126,quad,2126 2127 2143 2142
2127,quad,2127 2112 2128 2143
2128,quad,2128 2129 2145 2144
2129,quad,2129 2130 2146 2145
2130,quad,2130 2131 2147 2146
2131,quad,2131 2132 2148 2147
2132,quad,2132 2133 2149 2148
2133,quad,2133 2134 2150 2149
2134,quad,2134 2135 2151 2150
2135,quad,2135 2136 2152 2151
2136,quad,2136 2137 2153 2152
2137,quad,2137 2138 2154 2153
2138,quad,2138 2139 2155 2154
2139,quad,2139 2140 2156 2155
2140,quad,2140 2141 2157 2156
2141,quad,2141 2142 2158 2157
2142,quad,2142 2143 2159 2158
2143,quad,2143 2128 2144 2159
2144,quad,2144 2145 2161 2160
2145,quad,2145 2146 2162 2161
2146,quad,2146 2147 2163 2162
2147,quad,2147 2148 2164 2163
2148,quad,2148 2149 2165 2164
2149,quad,2149 2150 2166 2165
2150,quad,2150 2151 2167 2166
2151,quad,2151 2152 2168 2167
2152,quad,2152 2153 2169 2168
2153,quad,2153 2154 2170 2169
2154,quad,2154 2155 2171 2170
2155,quad,2155 2156 2172 2171
2156,quad,2156 2157 2173 2172
2157,quad,2157 2158 2174 2173
2158,quad,2158 2159 2175 2174
2159,quad,2159 2144 2160 2175
2160,quad,2160 2161 2177 2176
2161,quad,2161 2162 2178 2177
2162,quad,2162 2163 2179 2178
2163,quad,2163 2164 2180 2179
2164,quad,2164 2165 2181 2180
2165,quad,2165 2166 2182 2181
2166,quad,2166 2167 2183 2182
2167,quad,2167 2168 2184 2183
2168,quad,2168 2169 2185 2184
2169,quad,2169 2170 2186 2185
2170,quad,2170 2171 2187 2186
2171,quad,2171 2172 2188 2187
2172,quad,2172 2173 2189 2188
2173,quad,2173 2174 2190 2189
2174,quad,2174 2175 2191 2190
2175,quad,2175 2160 2176 2191
2176,quad,2176 2177 2193 2192
2177,quad,2177 2178 2194 2193
2178,quad,2178 2179 2195 2194
2179,quad,2179 2180 2196 2195
2180,quad,2180 2181 2197 2196
2181,quad,2181 2182 2198 2197
2182,quad,2182 2183 2199 2198
2183,quad,2183 2184 2200 2199
2184,quad,2184 2185 2201 2200
2185,quad,2185 2186 2202 2201
2186,quad,2186 2187 2203 2202
2187,quad,2187 2188 2204 2203
2188,quad,2188 2189 2205 2204
2189,quad,2189 2190 2206 2205
2190,quad,2190 2191 2207 2206
2191,quad,2191 2176 2192 2207
2192,quad,2192 2193 2209 2208
2193,quad,2193 2194 2210 2209
2194,quad,2194 2195 2211 2210
2195,quad,2195 2196 2212 2211
2196,quad,2196 2197 2213 2212
2197,quad,2197 2198 2214 2213
2198,quad,2198 2199 2215 2214
2199,quad,2199 2200 2216 2215
2200,quad,2200 2201 2217 2216
2201,quad,2201 2202 2218 2217
2202,quad,2202 2203 2219 2218
2203,quad,2203 2204 2220 2219
2204,quad,2204 2205 2221 2220
2205,quad,2205 2206 2222 2221
2206,quad,2206 2207 2223 2222
2207,quad,2207 2192 2208 2223
2208,quad,2208 2209 2225 2224
2209,quad,2209 2210 2226 2225
2210,quad,2210 2211 2227 2226
2211,quad,2211 2212 2228 2227
2212,quad,2212 2213 2229 2228
2213,quad,2213 2214 2230 2229
2214,quad,2214 2215 2231 2230
2215,quad,2215 2216 2232 2231
2216,quad,2216 2217 2233 2232
2217,quad,2217 2218 2234 2233
2218,quad,2218 2219 2235 2234
2219,quad,2219 2220 2236 2235
2220,quad,2220 2221 2237 2236
2221,quad,2221 2222 2238 2237
2222,quad,2222 2223 2239 2238
2223,quad,2223 2208 2224 2239
2224,quad,2224 2225 2241 2240
2225,quad,2225 2226 2242 2241
2226,quad,2226 2227 2243 2242
2227,quad,2227 2228 2244 2243
2228,quad,2228 2229 2245 2244
2229,quad,2229 2230 2246 2245
2230,quad,2230 2231 2247 2246
2231,quad,2231 2232 2248 2247
2232,quad,2232 2233 2249 2248
2233,quad,2233 2234 2250 2249
2234,quad,2234 2235 2251 2250
2235,quad,2235 2236 2252 2251
2236,quad,2236 2237 2253 2252
2237,quad,2237 2238 2254 2253
2238,quad,2238 2239 2255 2254
2239,quad,2239 2224 2240 2255
2240,quad,2240 2241 2257 2256
2241,quad,2241 2242 2258 2257
2242,quad,2242 2243 2259 2258
2243,quad,2243 2244 2260 2259
2244,quad,2244 2245 2261 2260
2245,quad,2245 2246 2262 2261
2246,quad,2246 2247 2263 2262
2247,quad,2247 2248 2264 2263
2248,quad,2248 2249 2265 2264
2249,quad,2249 2250 2266 2265
2250,quad,2250 2251 2267 2266
2251,quad,2251 2252 2268 2267
2252,quad,2252 2253 2269 2268
2253,quad,2253 2254 2270 2269
2254,quad,2254 2255 2271 2270
2255,quad,2255 2240 2256 2271
2256,quad,2256 2257 2273 2272
2257,quad,2257 2258 2274 2273
2258,quad,2258 2259 2275 2274
2259,quad,2259 2260 2276 2275
2260,quad,2260 2261 2277 2276
2261,quad,2261 2262 2278 2277
2262,quad,2262 2263 2279 2278
2263,quad,2263 2264 2280 2279
2264,quad,2264 2265 2281 2280
2265,quad,2265 2266 2282 2281
2266,quad,2266 2267 2283 2282
2267,quad,2267 2268 2284 2283
2268,quad,2268 2269 2285 2284
2269,quad,2269 2270 2286 2285
2270,quad,2270 2271 2287 2286
2271,quad,2271 2256 2272 2287
2272,quad,2272 2273 2289 2288
2273,quad,2273 2274 2290 2289
2274,quad,2274 2275 2291 2290
2275,quad,2275 2276 2292 2291
2276,quad,2276 2277 2293 2292
2277,quad,2277 2278 2294 2293
2278,quad,2278 2279 2295 2294
2279,quad,2279 2280 2296 2295
2280,quad,2280 2281 2297 2296
2281,quad,2281 2282 2298 2297
2282,quad,2282 2283 2299 2298
2283,quad,2283 2284 2300 2299
2284,quad,2284 2285 2301 2300
2285,quad,2285 2286 2302 2301
2286,quad,2286 2287 2303 2302
2287,quad,2287 2272 2288 2303
2288,quad,2288 2289 2305 2304
2289,quad,2289 2290 2306 2305
2290,quad,2290 2291 2307 2306
2291,quad,2291 2292 2308 2307
2292,quad,2292 2293 2309 2308
2293,quad,2293 2294 2310 2309
2294,quad,2294 2295 2311 2310
2295,quad,2295 2296 2312 2311
2296,quad,2296 2297 2313 2312
2297,quad,2297 2298 2314 2313
2298,quad,2298 2299 2315 2314
2299,quad,2299 2300 2316 2315
2300,quad,2300 2301 2317 2316
2301,quad,2301 2302 2318 2317
2302,quad,2302 2303 2319 2318
2303,quad,2303 2288 2304 2319
2304,quad,2304 2305 2321 2320
2305,quad,2305 2306 2322 2321
2306,quad,2306 2307 2323 2322
2307,quad,2307 2308 2324 2323
2308,quad,2308 2309 2325 2324
2309,quad,2309 2310 2326 2325
2310,quad,2310 2311 2327 2326
2311,quad,2311 2312 2328 2327
2312,quad,2312 2313 2329 2328
2313,quad,2313 2314 2330 2329
2314,quad,2314 2315 2331 2330
2315,quad,2315 2316 2332 2331
2316,quad,2316 2317 2333 2332
2317,quad,2317 2318 2334 2333
2318,quad,2318 2319 2335 2334
2319,quad,2319 2304 2320 2335
2320,quad,2320 2321 2337 2336
2321,quad,2321 2322 2338 2337
2322,quad,2322 2323 2339 2338
2323,quad,2323 2324 2340 2339
2324,quad,2324 2325 2341 2340
2325,quad,2325 2326 2342 2341
2326,quad,2326 2327 2343 2342
2327,quad,2327 2328 2344 2343
2328,quad,2328 2329 2345 2344
2329,quad,2329 2330 2346 2345
2330,quad,2330 2331 2347 2346
2331,quad,2331 2332 2348 2347
2332,quad,2332 2333 2349 2348
2333,quad,2333 2334 2350 2349
2334,quad,2334 2335 2351 2350
2335,quad,2335 2320 2336 2351
2336,quad,2336 2337 2353 2352
2337,quad,2337 2338 2354 2353
2338,quad,2338 2339 2355 2354
2339,quad,2339 2340 2356 2355
2340,quad,2340 2341 2357 2356
2341,quad,2341 2342 2358 2357
2342,quad,2342 2343 2359 2358
2343,quad,2343 2344 2360 2359
2344,quad,2344 2345 2361 2360
2345,quad,2345 2346 2362 2361
2346,quad,2346 2347 2363 2362
2347,quad,2347 2348 2364 2363
2348,quad,2348 2349 2365 2364
2349,quad,2349 2350 2366 2365
2350,quad,2350 2351 2367 2366
2351,quad,2351 2336 2352 2367
2352,quad,2352 2353 2369 2368
2353,quad,2353 2354 2370 2369
2354,quad,2354 2355 2371 2370
2355,quad,2355 2356 2372 2371
2356,quad,2356 2357 2373 2372
2357,quad,2357 2358 2374 2373
2358,quad,2358 2359 2375 2374
2359,quad,2359 2360 2376 2375
2360,quad,2360 2361 2377 2376
2361,quad,2361 2362 2378 2377
2362,quad,2362 2363 2379 2378
2363,quad,2363 2364 2380 2379
2364,quad,2364 2365 2381 2380
2365,quad,2365 2366 2382 2381
2366,quad,2366 2367 2383 2382
2367,quad,2367 2352 2368 2383
2368,quad,2368 2369 2385 2384
2369,quad,2369 2370 2386 2385
2370,quad,2370 2371 2387 2386
2371,quad,2371 2372 2388 2387
2372,quad,2372 2373 2389 2388
2373,quad,2373 2374 2390 2389
2374,quad,2374 2375 2391 2390
2375,quad,2375 2376 2392 2391
2376,quad,2376 2377 2393 2392
2377,quad,2377 2378 2394 2393
2378,quad,2378 2379 2395 2394
2379,quad,2379 2380 2396 2395
2380,quad,2380 2381 2397 2396
2381,quad,2381 2382 2398 2397
2382,quad,2382 2383 2399 2398
2383,quad,2383 2368 2384 2399
2384,quad,2384 2385 2401 2400
2385,quad,2385 2386 2402 2401
2386,quad,2386 2387 2403 2402
2387,quad,2387 2388 2404 2403
2388,quad,2388 2389 2405 2404
2389,quad,2389 2390 2406 2405
2390,quad,2390 2391 2407 2406
2391,quad,2391 2392 2408 2407
2392,quad,2392 2393 2409 2408
2393,quad,2393 2394 2410 2409
2394,quad,2394 2395 2411 2410
2395,quad,2395 2396 2412 2411
2396,quad,2396 2397 2413 2412
2397,quad,2397 2398 2414 2413
2398,quad,2398 2399 2415 2414
2399,quad,2399 2384 2400 2415
2400,quad,2400 2401 2417 2416
2401,quad,2401 2402 2418 2417
2402,quad,2402 2403 2419 2418
2403,quad,2403 2404 2420 2419
2404,quad,2404 2405 2421 2420
2405,quad,2405 2406 2422 2421
2406,quad,2406 2407 2423 2422
2407,quad,2407 2408 2424 2423
2408,quad,2408 2409 2425 2424
2409,quad,2409 2410 2426 2425
2410,quad,2410 2411 2427 2426
2411,quad,2411 2412 2428 2427
2412,quad,2412 2413 2429 2428
2413,quad,2413 2414 2430 2429
2414,quad,2414 2415 2431 2430
2415,quad,2415 2400 2416 2431
2416,quad,2416 2417 2433 2432
2417,quad,2417 2418 2434 2433
2418,quad,2418 2419 2435 2434
2419,quad,2419 2420 2436 2435
2420,quad,2420 2421 2437 2436
2421,quad,2421 2422 2438 2437
2422,quad,2422 2423 2439 2438
2423,quad,2423 2424 2440 2439
2424,quad,2424 2425 2441 2440
2425,quad,2425 2426 2442 2441
2426,quad,2426 2427 2443 2442
2427,quad,2427 2428 2444 2443
2428,quad,2428 2429 2445 2444
2429,quad,2429 2430 2446 2445
2430,quad,2430 2431 2447 2446
2431,quad,2431 2416 2432 2447
2432,quad,2432 2433 2449 2448
2433,quad,2433 2434 2450 2449
2434,quad,2434 2435 2451 2450
2435,quad,2435 2436 2452 2451
2436,quad,2436 2437 2453 2452
2437,quad,2437 2438 2454 2453
2438,quad,2438 2439 2455 2454
2439,quad,2439 2440 2456 2455
2440,quad,2440 2441 2457 2456
2441,quad,2441 2442 2458 2457
2442,quad,2442 2443 2459 2458
2443,quad,2443 2444 2460 2459
2444,quad,2444 2445 2461 2460
2445,quad,2445 2446 2462 2461
2446,quad,2446 2447 2463 2462
2447,quad,2447 2432 2448 2463
2448,quad,2448 2449 2465 2464
2449,quad,2449 2450 2466 2465
2450,quad,2450 2451 2467 2466
2451,quad,2451 2452 2468 2467
2452,quad,2452 2453 2469 2468
2453,quad,2453 2454 2470 2469
2454,quad,2454 2455 2471 2470
2455,quad,2455 2456 2472 2471
2456,quad,2456 2457 2473 2472
2457,quad,2457 2458 2474 2473
2458,quad,2458 2459 2475 2474
2459,quad,2459 2460 2476 2475
2460,quad,2460 2461 2477 2476
2461,quad,2461 2462 2478 2477
2462,quad,2462 2463 2479 2478
2463,quad,2463 2448 2464 2479
2464,quad,2464 2465 2481 2480
2465,quad,2465 2466 2482 2481
2466,quad,2466 2467 2483 2482
2467,quad,2467 2468 2484 2483
2468,quad,2468 2469 2485 2484
2469,quad,2469 2470 2486 2485
2470,quad,2470 2471 2487 2486
2471,quad,2471 2472 2488 2487
2472,quad,2472 2473 2489 2488
2473,quad,2473 2474 2490 2489
2474,quad,2474 2475 2491 2490
2475,quad,2475 2476 2492 2491
2476,quad,2476 2477 2493 2492
2477,quad,2477 2478 2494 2493
2478,quad,2478 2479 2495 2494
2479,quad,2479 2464 2480 2495
2480,quad,2480 2481 2497 2496
2481,quad,2481 2482 2498 2497
2482,quad,2482 2483 2499 2498
2483,quad,2483 2484 2500 2499
2484,quad,2484 2485 2501 2500
2485,quad,2485 2486 2502 2501
2486,quad,2486 2487 2503 2502
2487,quad,2487 2488 2504 2503
2488,quad,2488 2489 2505 2504
2489,quad,2489 2490 2506 2505
2490,quad,2490 2491 2507 2506
2491,quad,2491 2492 2508 2507
2492,quad,2492 2493 2509 2508
2493,quad,2493 2494 2510 2509
2494,quad,2494 2495 2511 2510
2495,quad,2495 2480 2496 2511
2496,quad,2496 2497 2513 2512
2497,quad,2497 2498 2514 2513
2498,quad,2498 2499 2515 2514
2499,quad,2499 2500 2516 2515
2500,quad,2500 2501 2517 2516
2501,quad,2501 2502 2518 2517
2502,quad,2502 2503 2519 2518
2503,quad,2503 2504 2520 2519
2504,quad,2504 2505 2521 2520
2505,quad,2505 2506 2522 2521
2506,quad,2506 2507 2523 2522
2507,quad,2507 2508 2524 2523
2508,quad,2508 2509 2525 2524
2509,quad,2509 2510 2526 2525
2510,quad,2510 2511 2527 2526
2511,quad,2511 2496 2512 2527
2512,quad,2512 2513 2529 2528
2513,quad,2513 2514 2530 2529
2514,quad,2514 2515 2531 2530
2515,quad,2515 2516 2532 2531
2516,quad,2516 2517 2533 2532
2517,quad,2517 2518 2534 2533
2518,quad,2518 2519 2535 2534
2519,quad,2519 2520 2536 2535
2520,quad,2520 2521 2537 2536
2521,quad,2521 2522 2538 2537
2522,quad,2522 2523 2539 2538
2523,quad,2523 2524 2540 2539
2524,quad,2524 2525 2541 2540
2525,quad,2525 2526 2542 2541
2526,quad,2526 2527 2543 2542
2527,quad,2527 2512 2528 2543
2528,quad,2528 2529 2545 2544
2529,quad,2529 2530 2546 2545
2530,quad,2530 2531 2547 2546
2531,quad,2531 2532 2548 2547
2532,quad,2532 2533 2549 2548
2533,quad,2533 2534 2550 2549
2534,quad,2534 2535 2551 2550
2535,quad,2535 2536 2552 2551
2536,quad,2536 2537 2553 2552
2537,quad,2537 2538 2554 2553
2538,quad,2538 2539 2555 2554
2539,quad,2539 2540 2556 2555
2540,quad,2540 2541 2557 2556
2541,quad,2541 2542 2558 2557
2542,quad,2542 2543 2559 2558
2543,quad,2543 2528 2544 2559
2544,quad,2544 2545 2561 2560
2545,quad,2545 2546 2562 2561
2546,quad,2546 2547 2563 2562
2547,quad,2547 2548 2564 2563
2548,quad,2548 2549 2565 2564
2549,quad,2549 2550 2566 2565
2550,quad,2550 2551 2567 2566
2551,quad,2551 2552 2568 2567
2552,quad,2552 2553 2569 2568
2553,quad,2553 2554 2570 2569
2554,quad,2554 2555 2571 2570
2555,quad,2555 2556 2572 2571
2556,quad,2556 2557 2573 2572
2557,quad,2557 2558 2574 2573
2558,quad,2558 2559 2575 2574
2559,quad,2559 2544 2560 2575
2560,quad,2560 2561 2577 2576
2561,quad,2561 2562 2578 2577
2562,quad,2562 2563 2579 2578
2563,quad,2563 2564 2580 2579
2564,quad,2564 2565 2581 2580
2565,quad,2565 2566 2582 2581
2566,quad,2566 2567 2583 2582
2567,quad,2567 2568 2584 2583
2568,quad,2568 2569 2585 2584
2569,quad,2569 2570 2586 2585
2570,quad,2570 2571 2587 2586
2571,quad,2571 2572 2588 2587
2572,quad,2572 2573 2589 2588
2573,quad,2573 2574 2590 2589
2574,quad,2574 2575 2591 2590
2575,quad,2575 2560 2576 2591
2576,quad,2576 2577 2593 2592
2577,quad,2577 2578 2594 2593
2578,quad,2578 2579 2595 2594
2579,quad,2579 2580 2596 2595
2580,quad,2580 2581 2597 2596
2581,quad,2581 2582 2598 2597
2582,quad,2582 2583 2599 2598
2583,quad,2583 2584 2600 2599
2584,quad,2584 2585 2601 2600
2585,quad,2585 2586 2602 2601
2586,quad,2586 2587 2603 2602
2587,quad,2587 2588 2604 2603
2588,quad,2588 2589 2605 2604
2589,quad,2589 2590 2606 2605
2590,quad,2590 2591 2607 2606
2591,quad,2591 2576 2592 2607
2592,quad,2592 2593 2609 2608
2593,quad,2593 2594 2610 2609
2594,quad,2594 2595 2611 2610
2595,quad,2595 2596 2612 2611
2596,quad,2596 2597 2613 2612
2597,quad,2597 2598 2614 2613
2598,quad,2598 2599 2615 2614
2599,quad,2599 2600 2616 2615
2600,quad,2600 2601 2617 2616
2601,quad,2601 2602 2618 2617
2602,quad,2602 2603 2619 2618
2603,quad,2603 2604 2620 2619
2604,quad,2604 2605 2621 2620
2605,quad,2605 2606 2622 2621
2606,quad,2606 2607 2623 2622
2607,quad,2607 2592 2608 2623
2608,quad,2608 2609 2625 2624
2609,quad,2609 2610 2626 2625
2610,quad,2610 2611 2627 2626
2611,quad,2611 2612 2628 2627
2612,quad,2612 2613 2629 2628
2613,quad,2613 2614 2630 2629
2614,quad,2614 2615 2631 2630
2615,quad,2615 2616 2632 2631
2616,quad,2616 2617 2633 2632
2617,quad,2617 2618 2634 2633
2618,quad,2618 2619 2635 2634
2619,quad,2619 2620 2636 2635
2620,quad,2620 2621 2637 2636
2621,quad,2621 2622 2638 2637
2622,quad,2622 2623 2639 2638
2623,quad,2623 2608 2624 2639
2624,quad,2624 2625 2641 2640
2625,quad,2625 2626 2642 2641
2626,quad,2626 2627 2643 2642
2627,quad,2627 2628 2644 2643
2628,quad,2628 2629 2645 2644
2629,quad,2629 2630 2646 2645
2630,quad,2630 2631 2647 2646
2631,quad,2631 2632 2648 2647
2632,quad,2632 2633 2649 2648
2633,quad,2633 2634 2650 2649
2634,quad,2634 2635 2651 2650
2635,quad,2635 2636 2652 2651
2636,quad,2636 2637 2653 2652
2637,quad,2637 2638 2654 2653
2638,quad,2638 2639 2655 2654
2639,quad,2639 2624 2640 2655
2640,quad,2640 2641 2657 2656
2641,quad,2641 2642 2658 2657
2642,quad,2642 2643 2659 2658
2643,quad,2643 2644 2660 2659
2644,quad,2644 2645 2661 2660
2645,quad,2645 2646 2662 2661
2646,quad,2646 2647 2663 2662
2647,quad,2647 2648 2664 2663
2648,quad,2648 2649 2665 2664
2649,quad,2649 2650 2666 2665
2650,quad,2650 2651 2667 2666
2651,quad,2651 2652 2668 2667
2652,quad,2652 2653 2669 2668
2653,quad,2653 2654 2670 2669
2654,quad,2654 2655 2671 2670
2655,quad,2655 2640 2656 2671
2656,quad,2656 2657 2673 2672
2657,quad,2657 2658 2674 2673
2658,quad,2658 2659 2675 2674
2659,quad,2659 2660 2676 2675
2660,quad,2660 2661 2677 2676
2661,quad,2661 2662 2678 2677
2662,quad,2662 2663 2679 2678
2663,quad,2663 2664 2680 2679
2664,quad,2664 2665 2681 2680
2665,quad,2665 2666 2682 2681
2666,quad,2666 2667 2683 2682
2667,quad,2667 2668 2684 2683
2668,quad,2668 2669 2685 2684
2669,quad,2669 2670 2686 2685
2670,quad,2670 2671 2687 2686
2671,quad,2671 2656 2672 2687
2672,quad,2672 2673 2689 2688
2673,quad,2673 2674 2690 2689
2674,quad,2674 2675 2691 2690
2675,quad,2675 2676 2692 2691
2676,quad,2676 2677 2693 2692
2677,quad,2677 2678 2694 2693
2678,quad,2678 2679 2695 2694
2679,quad,2679 2680 2696 2695
2680,quad,2680 2681 2697 2696
2681,quad,2681 2682 2698 2697
2682,quad,2682 2683 2699 2698
2683,quad,2683 2684 2700 2699
2684,quad,2684 2685 2701 2700
2685,quad,2685 2686 2702 2701
2686,quad,2686 2687 2703 2702
2687,quad,2687 2672 2688 2703
2688,quad,2688 2689 2705 2704
2689,quad,2689 2690 2706 2705
2690,quad,2690 2691 2707 2706
2691,quad,2691 2692 2708 2707
2692,quad,2692 2693 2709 2708
2693,quad,2693 2694 2710 2709
2694,quad,2694 2695 2711 2710
2695,quad,2695 2696 2712 2711
2696,quad,2696 2697 2713 2712
2697,quad,2697 2698 2714 2713
2698,quad,2698 2699 2715 2714
2699,quad,2699 2700 2716 2715
2700,quad,2700 2701 2717 2716
2701,quad,2701 2702 2718 2717
2702,quad,2702 2703 2719 2718
2703,quad,2703 2688 2704 2719
2704,quad,2704 2705 2721 2720
2705,quad,2705 2706 2722 2721
2706,quad,2706 2707 2723 2722
2707,quad,2707 2708 2724 2723
2708,quad,2708 2709 2725 2724
2709,quad,2709 2710 2726 2725
2710,quad,2710 2711 2727 2726
2711,quad,2711 2712 2728 2727
2712,quad,2712 2713 2729 2728
2713,quad,2713 2714 2730 2729
2714,quad,2714 2715 2731 2730
2715,quad,2715 2716 2732 2731
2716,quad,2716 2717 2733 2732
2717,quad,2717 2718 2734 2733
2718,quad,2718 2719 2735 2734
2719,quad,2719 2704 2720 2735
2720,quad,2720 2721 2737 2736
2721,quad,2721 2722 2738 2737
2722,quad,2722 2723 2739 2738
2723,quad,2723 2724 2740 2739
2724,quad,2724 2725 2741 2740
2725,quad,2725 2726 2742 2741
2726,quad,2726 2727 2743 2742
2727,quad,2727 2728 2744 2743
2728,quad,2728 2729 2745 2744
2729,quad,2729 2730 2746 2745
2730,quad,2730 2731 2747 2746
2731,quad,2731 2732 2748 2747
2732,quad,2732 2733 2749 2748
2733,quad,2733 2734 2750 2749
2734,quad,2734 2735 2751 2750
2735,quad,2735 2720 2736 2751
2736,quad,2736 2737 2753 2752
2737,quad,2737 2738 2754 2753
2738,quad,2738 2739 2755 2754
2739,quad,2739 2740 2756 2755
2740,quad,2740 2741 2757 2756
2741,quad,2741 2742 2758 2757
2742,quad,2742 2743 2759 2758
2743,quad,2743 2744 2760 2759
2744,quad,2744 2745 2761 2760
2745,quad,2745 2746 2762 2761
2746,quad,2746 2747 2763 2762
2747,quad,2747 2748 2764 2763
2748,quad,2748 2749 2765 2764
2749,quad,2749 2750 2766 2765
2750,quad,2750 2751 2767 2766
2751,quad,2751 2736 2752 2767
2752,quad,2752 2753 2769 2768
2753,quad,2753 2754 2770 2769
2754,quad,2754 2755 2771 2770
2755,quad,2755 2756 2772 2771
2756,quad,2756 2757 2773 2772
2757,quad,2757 2758 2774 2773
2758,quad,2758 2759 2775 2774
2759,quad,2759 2760 2776 2775
2760,quad,2760 2761 2777 2776
2761,quad,2761 2762 2778 2777
2762,quad,2762 2763 2779 2778
2763,quad,2763 2764 2780 2779
2764,quad,2764 2765 2781 2780
2765,quad,2765 2766 2782 2781
2766,quad,2766 2767 2783 2782
2767,quad,2767 2752 2768 2783
2768,quad,2768 2769 2785 2784
2769,quad,2769 2770 2786 2785
2770,quad,2770 2771 2787 2786
2771,quad,2771 2772 2788 2787
2772,quad,2772 2773 2789 2788
2773,quad,2773 2774 2790 2789
2774,quad,2774 2775 2791 2790
2775,quad,2775 2776 2792 2791
2776,quad,2776 2777 2793 2792
2777,quad,2777 2778 2794 2793
2778,quad,2778 2779 2795 2794
2779,quad,2779 2780 2796 2795
2780,quad,2780 2781 2797 2796
2781,quad,2781 2782 2798 2797
2782,quad,2782 2783 2799 2798
2783,quad,2783 2768 2784 2799
2784,quad,2784 2785 2801 2800
2785,quad,2785 2786 2802 2801
2786,quad,2786 2787 2803 2802
2787,quad,2787 2788 2804 2803
2788,quad,2788 2789 2805 2804
2789,quad,2789 2790 2806 2805
2790,quad,2790 2791 2807 2806
2791,quad,2791 2792 2808 2807
2792,quad,2792 2793 2809 2808
2793,quad,2793 2794 2810 2809
2794,quad,2794 2795 2811 2810
2795,quad,2795 2796 2812 2811
2796,quad,2796 2797 2813 2812
2797,quad,2797 2798 2814 2813
2798,quad,2798 2799 2815 2814
2799,quad,2799 2784 2800 2815
2800,quad,2800 2801 2817 2816
2801,quad,2801 2802 2818 2817
2802,quad,2802 2803 2819 2818
2803,quad,2803 2804 2820 2819
2804,quad,2804 2805 2821 2820
2805,quad,2805 2806 2822 2821
2806,quad,2806 2807 2823 2822
2807,quad,2807 2808 2824 2823
2808,quad,2808 2809 2825 2824
2809,quad,2809 2810 2826 2825
2810,quad,2810 2811 2827 2826
2811,quad,2811 2812 2828 2827
2812,quad,2812 2813 2829 2828
2813,quad,2813 2814 2830 2829
2814,quad,2814 2815 2831 2830
2815,quad,2815 2800 2816 2831
2816,quad,2816 2817 2833 2832
2817,quad,2817 2818 2834 2833
2818,quad,2818 2819 2835 2834
2819,quad,2819 2820 2836 2835
2820,quad,2820 2821 2837 2836
2821,quad,2821 2822 2838 2837
2822,quad,2822 2823 2839 2838
2823,quad,2823 2824 2840 2839
2824,quad,2824 2825 2841 2840
2825,quad,2825 2826 2842 2841
2826,quad,2826 2827 2843 2842
2827,quad,2827 2828 2844 2843
2828,quad,2828 2829 2845 2844
2829,quad,2829 2830 2846 2845
2830,quad,2830 2831 2847 2846
2831,quad,2831 2816 2832 2847
2832,quad,2832 2833 2849 2848
2833,quad,2833 2834 2850 2849
2834,quad,2834 2835 2851 2850
2835,quad,2835 2836 2852 2851
2836,quad,2836 2837 2853 2852
2837,quad,2837 2838 2854 2853
2838,quad,2838 2839 2855 2854
2839,quad,2839 2840 2856 2855
2840,quad,2840 2841 2857 2856
2841,quad,2841 2842 2858 2857
2842,quad,2842 2843 2859 2858
2843,quad,2843 2844 2860 2859
2844,quad,2844 2845 2861 2860
2845,quad,2845 2846 2862 2861
2846,quad,2846 2847 2863 2862
2847,quad,2847 2832 2848 2863
2848,quad,2848 2849 2865 2864
2849,quad,2849 2850 2866 2865
2850,quad,2850 2851 2867 2866
2851,quad,2851 2852 2868 2867
2852,quad,2852 2853 2869 2868
2853,quad,2853 2854 2870 2869
2854,quad,2854 2855 2871 2870
2855,quad,2855 2856 2872 2871
2856,quad,2856 2857 2873 2872
2857,quad,2857 2858 2874 2873
2858,quad,2858 2859 2875 2874
2859,quad,2859 2860 2876 2875
2860,quad,2860 2861 2877 2876
2861,quad,2861 2862 2878 2877
2862,quad,2862 2863 2879 2878
2863,quad,2863 2848 2864 2879
2864,quad,2864 2865 2881 2880
2865,quad,2865 2866 2882 2881
2866,quad,2866 2867 2883 2882
2867,quad,2867 2868 2884 2883
2868,quad,2868 2869 2885 2884
2869,quad,2869 2870 2886 2885
2870,quad,2870 2871 2887 2886
2871,quad,2871 2872 2888 2887
2872,quad,2872 2873 2889 2888
2873,quad,2873 2874 2890 2889
2874,quad,2874 2875 2891 2890
2875,quad,2875 2876 2892 2891
2876,quad,2876 2877 2893 2892
2877,quad,2877 2878 2894 2893
2878,quad,2878 2879 2895 2894
2879,quad,2879 2864 2880 2895
2880,quad,2880 2881 2897 2896
2881,quad,2881 2882 2898 2897
2882,quad,2882 2883 2899 2898
2883,quad,2883 2884 2900 2899
2884,quad,2884 2885 2901 2900
2885,quad,2885 2886 2902 2901
2886,quad,2886 2887 2903 2902
2887,quad,2887 2888 2904 2903
2888,quad,2888 2889 2905 2904
2889,quad,2889 2890 2906 2905
2890,quad,2890 2891 2907 2906
2891,quad,2891 2892 2908 2907
2892,quad,2892 2893 2909 2908
2893,quad,2893 2894 2910 2909
2894,quad,2894 2895 2911 2910
2895,quad,2895 2880 2896 2911
2896,quad,2896 2897 2913 2912
2897,quad,2897 2898 2914 2913
2898,quad,2898 2899 2915 2914
2899,quad,2899 2900 2916 2915
2900,quad,2900 2901 2917 2916
2901,quad,2901 2902 2918 2917
2902,quad,2902 2903 2919 2918
2903,quad,2903 2904 2920 2919
2904,quad,2904 2905 2921 2920
2905,quad,2905 2906 2922 2921
2906,quad,2906 2907 2923 2922
2907,quad,2907 2908 2924 2923
2908,quad,2908 2909 2925 2924
2909,quad,2909 2910 2926 2925
2910,quad,2910 2911 2927 2926
2911,quad,2911 2896 2912 2927
2912,quad,2912 2913 2929 2928
2913,quad,2913 2914 2930 2929
2914,quad,2914 2915 2931 2930
2915,quad,2915 2916 2932 2931
2916,quad,2916 2917 2933 2932
2917,quad,2917 2918 2934 2933
2918,quad,2918 2919 2935 2934
2919,quad,2919 2920 2936 2935
2920,quad,2920 2921 2937 2936
2921,quad,2921 2922 2938 2937
2922,quad,2922 2923 2939 2938
2923,quad,2923 2924 2940 2939
2924,quad,2924 2925 2941 2940
2925,quad,2925 2926 2942 2941
2926,quad,2926 2927 2943 2942
2927,quad,2927 2912 2928 2943
2928,quad,2928 2929 2945 2944
2929,quad,2929 2930 2946 2945
2930,quad,2930 2931 2947 2946
2931,quad,2931 2932 2948 2947
2932,quad,2932 2933 2949 2948
2933,quad,2933 2934 2950 2949
2934,quad,2934 2935 2951 2950
2935,quad,2935 2936 2952 2951
2936,quad,2936 2937 2953 2952
2937,quad,2937 2938 2954 2953
2938,quad,2938 2939 2955 2954
2939,quad,2939 2940 2956 2955
2940,quad,2940 2941 2957 2956
2941,quad,2941 2942 2958 2957
2942,quad,2942 2943 2959 2958
2943,quad,2943 2928 2944 2959
2944,quad,2944 2945 2961 2960
2945,quad,2945 2946 2962 2961
2946,quad,2946 2947 2963 2962
2947,quad,2947 2948 2964 2963
2948,quad,2948 2949 2965 2964
2949,quad,2949 2950 2966 2965
2950,quad,2950 2951 2967 2966
2951,quad,2951 2952 2968 2967
2952,quad,2952 2953 2969 2968
2953,quad,2953 2954 2970 2969
2954,quad,2954 2955 2971 2970
2955,quad,2955 2956 2972 2971
2956,quad,2956 2957 2973 2972
2957,quad,2957 2958 2974 2973
2958,quad,2958 2959 2975 2974
2959,quad,2959 2944 2960 2975
2960,quad,2960 2961 2977 2976
2961,quad,2961 2962 2978 2977
2962,quad,2962 2963 2979 2978
2963,quad,2963 2964 2980 2979
2964,quad,2964 2965 2981 2980
2965,quad,2965 2966 2982 2981
2966,quad,2966 2967 2983 2982
2967,quad,2967 2968 2984 2983
2968,quad,2968 2969 2985 2984
2969,quad,2969 2970 2986 2985
2970,quad,2970 2971 2987 2986
2971,quad,2971 2972 2988 2987
2972,quad,2972 2973 2989 2988
2973,quad,2973 2974 2990 2989
2974,quad,2974 2975 2991 2990
2975,quad,2975 2960 2976 2991
2976,quad,2976 2977 2993 2992
2977,quad,2977 2978 2994 2993
2978,quad,2978 2979 2995 2994
2979,quad,2979 2980 2996 2995
2980,quad,2980 2981 2997 2996
2981,quad,2981 2982 2998 2997
2982,quad,2982 2983 2999 2998
2983,quad,2983 2984 3000 2999
2984,quad,2984 2985 3001 3000
2985,quad,2985 2986 3002 3001
2986,quad,2986 2987 3003 3002
2987,quad,2987 2988 3004 3003
2988,quad,2988 2989 3005 3004
2989,quad,2989 2990 3006 3005
2990,quad,2990 2991 3007 3006
2991,quad,2991 2976 2992 3007
2992,quad,2992 2993 3009 3008
2993,quad,2993 2994 3010 3009
2994,quad,2994 2995 3011 3010
2995,quad,2995 2996 3012 3011
2996,quad,2996 2997 3013 3012
2997,quad,2997 2998 3014 3013
2998,quad,2998 2999 3015 3014
2999,quad,2999 3000 3016 3015
3000,quad,3000 3001 3017 3016
3001,quad,3001 3002 3018 3017
3002,quad,3002 3003 3019 3018
3003,quad,3003 3004 3020 3019
3004,quad,3004 3005 3021 3020
3005,quad,3005 3006 3022 3021
3006,quad,3006 3007 3023 3022
3007,quad,3007 2992 3008 3023
3008,quad,3008 3009 3025 3024
3009,quad,3009 3010 3026 3025
3010,quad,3010 3011 3027 3026
3011,quad,3011 3012 3028 3027
3012,quad,3012 3013 3029 3028
3013,quad,3013 3014 3030 3029
3014,quad,3014 3015 3031 3030
3015,quad,3015 3016 3032 3031
3016,quad,3016 3017 3033 3032
3017,quad,3017 3018 3034 3033
3018,quad,3018 3019 3035 3034
3019,quad,3019 3020 3036 3035
3020,quad,3020 3021 3037 3036
3021,quad,3021 3022 3038 3037
3022,quad,3022 3023 3039 3038
3023,quad,3023 3008 3024 3039
3024,quad,3024 3025 3041 3040
3025,quad,3025 3026 3042 3041
3026,quad,3026 3027 3043 3042
3027,quad,3027 3028 3044 3043
3028,quad,3028 3029 3045 3044
3029,quad,3029 3030 3046 3045
3030,quad,3030 3031 3047 3046
3031,quad,3031 3032 3048 3047
3032,quad,3032 3033 3049 3048
3033,quad,3033 3034 3050 3049
3034,quad,3034 3035 3051 3050
3035,quad,3035 3036 3052 3051
3036,quad,3036 3037 3053 3052
3037,quad,3037 3038 3054 3053
3038,quad,3038 3039 3055 3054
3039,quad,3039 3024 3040 3055
3040,quad,3040 3041 3057 3056
3041,quad,3041 3042 3058 3057
3042,quad,3042 3043 3059 3058
3043,quad,3043 3044 3060 3059
3044,quad,3044 3045 3061 3060
3045,quad,3045 3046 3062 3061
3046,quad,3046 3047 3063 3062
3047,quad,3047 3048 3064 3063
3048,quad,3048 3049 3065 3064
3049,quad,3049 3050 3066 3065
3050,quad,3050 3051 3067 3066
3051,quad,3051 3052 3068 3067
3052,quad,3052 3053 3069 3068
3053,quad,3053 3054 3070 3069
3054,quad,3054 3055 3071 3070
3055,quad,3055 3040 3056 3071
3056,quad,3056 3057 3073 3072
3057,quad,3057 3058 3074 3073
3058,quad,3058 3059 3075 3074
3059,quad,3059 3060 3076 3075
3060,quad,3060 3061 3077 3076
3061,quad,3061 3062 3078 3077
3062,quad,3062 3063 3079 3078
3063,quad,3063 3064 3080 3079
3064,quad,3064 3065 3081 3080
3065,quad,3065 3066 3082 3081
3066,quad,3066 3067 3083 3082
3067,quad,3067 3068 3084 3083
3068,quad,3068 3069 3085 3084
3069,quad,3069 3070 3086 3085
3070,quad,3070 3071 3087 3086
3071,quad,3071 3056 3072 3087
3072,quad,3072 3073 3089 3088
3073,quad,3073 3074 3090 3089
3074,quad,3074 3075 3091 3090
3075,quad,3075 3076 3092 3091
3076,quad,3076 3077 3093 3092
3077,quad,3077 3078 3094 3093
3078,quad,3078 3079 3095 3094
3079,quad,3079 3080 3096 3095
3080,quad,3080 3081 3097 3096
3081,quad,3081 3082 3098 3097
3082,quad,3082 3083 3099 3098
3083,quad,3083 3084 3100 3099
3084,quad,3084 3085 3101 3100
3085,quad,3085 3086 3102 3101
3086,quad,3086 3087 3103 3102
3087,quad,3087 3072 3088 3103
3088,quad,3088 3089 3105 3104
3089,quad,3089 3090 3106 3105
3090,quad,3090 3091 3107 3106
3091,quad,3091 3092 3108 3107
3092,quad,3092 3093 3109 3108
3093,quad,3093 3094 3110 3109
3094,quad,3094 3095 3111 3110
3095,quad,3095 3096 3112 3111
3096,quad,3096 3097 3113 3112
3097,quad,3097 3098 3114 3113
3098,quad,3098 3099 3115 3114
3099,quad,3099 3100 3116 3115
3100,quad,3100 3101 3117 3116
3101,quad,3101 3102 3118 3117
3102,quad,3102 3103 3119 3118
3103,quad,3103 3088 3104 3119
3104,quad,3104 3105 3121 3120
3105,quad,3105 3106 3122 3121
3106,quad,3106 3107 3123 3122
3107,quad,3107 3108 3124 3123
3108,quad,3108 3109 3125 3124
3109,quad,3109 3110 3126 3125
3110,quad,3110 3111 3127 3126
3111,quad,3111 3112 3128 3127
3112,quad,3112 3113 3129 3128
3113,quad,3113 3114 3130 3129
3114,quad,3114 3115 3131 3130
3115,quad,3115 3116 3132 3131
3116,quad,3116 3117 3133 3132
3117,quad,3117 3118 3134 3133
3118,quad,3118 3119 3135 3134
3119,quad,3119 3104 3120 3135
3120,quad,3120 3121 3137 3136
3121,quad,3121 3122 3138 3137
3122,quad,3122 3123 3139 3138
3123,quad,3123 3124 3140 3139
3124,quad,3124 3125 3141 3140
3125,quad,3125 3126 3142 3141
3126,quad,3126 3127 3143 3142
3127,quad,3127 3128 3144 3143
3128,quad,3128 3129 3145 3144
3129,quad,3129 3130 3146 3145
3130,quad,3130 3131 3147 3146
3131,quad,3131 3132 3148 3147
3132,quad,3132 3133 3149 3148
3133,quad,3133 3134 3150 3149
3134,quad,3134 3135 3151 3150
3135,quad,3135 3120 3136 3151
3136,quad,3136 3137 3153 3152
3137,quad,3137 3138 3154 3153
3138,quad,3138 3139 3155 3154
3139,quad,3139 3140 3156 3155
3140,quad,3140 3141 3157 3156
3141,quad,3141 3142 3158 3157
3142,quad,3142 3143 3159 3158
3143,quad,3143 3144 3160 3159
3144,quad,3144 3145 3161 3160
3145,quad,3145 3146 3162 3161
3146,quad,3146 3147 3163 3162
3147,quad,3147 3148 3164 3163
3148,quad,3148 3149 3165 3164
3149,quad,3149 3150 3166 3165
3150,quad,3150 3151 3167 3166
3151,quad,3151 3136 3152 3167
3152,quad,3152 3153 3169 3168
3153,quad,3153 3154 3170 3169
3154,quad,3154 3155 3171 3170
3155,quad,3155 3156 3172 3171
3156,quad,3156 3157 3173 3172
3157,quad,3157 3158 3174 3173
3158,quad,3158 3159 3175 3174
3159,quad,3159 3160 3176 3175
3160,quad,3160 3161 3177 3176
3161,quad,3161 3162 3178 3177
3162,quad,3162 3163 3179 3178
3163,quad,3163 3164 3180 3179
3164,quad,3164 3165 3181 3180
3165,quad,3165 3166 3182 3181
3166,quad,3166 3167 3183 3182
3167,quad,3167 3152 3168 3183
3168,quad,3168 3169 3185 3184
3169,quad,3169 3170 3186 3185
3170,quad,3170 3171 3187 3186
3171,quad,3171 3172 3188 3187
3172,quad,3172 3173 3189 3188
3173,quad,3173 3174 3190 3189
3174,quad,3174 3175 3191 3190
3175,quad,3175 3176 3192 3191
3176,quad,3176 3177 3193 3192
3177,quad,3177 3178 3194 3193
3178,quad,3178 3179 3195 3194
3179,quad,3179 3180 3196 3195
3180,quad,3180 3181 3197 3196
3181,quad,3181 3182 3198 3197
3182,quad,3182 3183 3199 3198
3183,quad,3183 3168 3184 3199
3184,quad,3184 3185 3201 3200
3185,quad,3185 3186 3202 3201
3186,quad,3186 3187 3203 3202
3187,quad,3187 3188 3204 3203
3188,quad,3188 3189 3205 3204
3189,quad,3189 3190 3206 3205
3190,quad,3190 3191 3207 3206
3191,quad,3191 3192 3208 3207
3192,quad,3192 3193 3209 3208
3193,quad,3193 3194 3210 3209
3194,quad,3194 3195 3211 3210
3195,quad,3195 3196 3212 3211
3196,quad,3196 3197 3213 3212
3197,quad,3197 3198 3214 3213
3198,quad,3198 3199 3215 3214
3199,quad,3199 3184 3200 3215
3200,quad,3200 3201 3217 3216
3201,quad,3201 3202 3218 3217
3202,quad,3202 3203 3219 3218
3203,quad,3203 3204 3220 3219
3204,quad,3204 3205 3221 3220
3205,quad,3205 3206 3222 3221
3206,quad,3206 3207 3223 3222
3207,quad,3207 3208 3224 3223
3208,quad,3208 3209 3225 3224
3209,quad,3209 3210 3226 3225
3210,quad,3210 3211 3227 3226
3211,quad,3211 3212 3228 3227
3212,quad,3212 3213 3229 3228
3213,quad,3213 3214 3230 3229
3214,quad,3214 3215 3231 3230
3215,quad,3215 3200 3216 3231
3216,quad,3216 3217 3233 3232
3217,quad,3217 3218 3234 3233
3218,quad,3218 3219 3235 3234
3219,quad,3219 3220 3236 3235
3220,quad,3220 3221 3237 3236
3221,quad,3221 3222 3238 3237
3222,quad,3222 3223 3239 3238
3223,quad,3223 3224 3240 3239
3224,quad,3224 3225 3241 3240
3225,quad,3225 3226 3242 3241
3226,quad,3226 3227 3243 3242
3227,quad,3227 3228 3244 3243
3228,quad,3228 3229 3245 3244
3229,quad,3229 3230 3246 3245
3230,quad,3230 3231 3247 3246
3231,quad,3231 3216 3232 3247
3232,quad,3232 3233 3249 3248
3233,quad,3233 3234 3250 3249
3234,quad,3234 3235 3251 3250
3235,quad,3235 3236 3252 3251
3236,quad,3236 3237 3253 3252
3237,quad,3237 3238 3254 3253
3238,quad,3238 3239 3255 3254
3239,quad,3239 3240 3256 3255
3240,quad,3240 3241 3257 3256
3241,quad,3241 3242 3258 3257
3242,quad,3242 3243 3259 3258
3243,quad,3243 3244 3260 3259
3244,quad,3244 3245 3261 3260
3245,quad,3245 3246 3262 3261
3246,quad,3246 3247 3263 3262
3247,quad,3247 3232 3248 3263
3248,quad,3248 3249 3265 3264
3249,quad,3249 3250 3266 3265
3250,quad,3250 3251 3267 3266
3251,quad,3251 3252 3268 3267
3252,quad,3252 3253 3269 3268
3253,quad,3253 3254 3270 3269
3254,quad,3254 3255 3271 3270
3255,quad,3255 3256 3272 3271
3256,quad,3256 3257 3273 3272
3257,quad,3257 3258 3274 3273
3258,quad,3258 3259 3275 3274
3259,quad,3259 3260 3276 3275
3260,quad,3260 3261 3277 3276
3261,quad,3261 3262 3278 3277
3262,quad,3262 3263 3279 3278
3263,quad,3263 3248 3264 3279
3264,quad,3264 3265 3281 3280
3265,quad,3265 3266 3282 3281
3266,quad,3266 3267 3283 3282
3267,quad,3267 3268 3284 3283
3268,quad,3268 3269 3285 3284
3269,quad,3269 3270 3286 3285
3270,quad,3270 3271 3287 3286
3271,quad,3271 3272 3288 3287
3272,quad,3272 3273 3289 3288
3273,quad,3273 3274 3290 3289
3274,quad,3274 3275 3291 3290
3275,quad,3275 3276 3292 3291
3276,quad,3276 3277 3293 3292
3277,quad,3277 3278 3294 3293
3278,quad,3278 3279 3295 3294
3279,quad,3279 3264 3280 3295
3280,quad,3280 3281 3297 3296
3281,quad,3281 3282 3298 3297
3282,quad,3282 3283 3299 3298
3283,quad,3283 3284 3300 3299
3284,quad,3284 3285 3301 3300
3285,quad,3285 3286 3302 3301
3286,quad,3286 3287 3303 3302
3287,quad,3287 3288 3304 3303
3288,quad,3288 3289 3305 3304
3289,quad,3289 3290 3306 3305
3290,quad,3290 3291 3307 3306
3291,quad,3291 3292 3308 3307
3292,quad,3292 3293 3309 3308
3293,quad,3293 3294 3310 3309
3294,quad,3294 3295 3311 3310
3295,quad,3295 3280 3296 3311
3296,quad,3296 3297 3313 3312
3297,quad,3297 3298 3314 3313
3298,quad,3298 3299 3315 3314
3299,quad,3299 3300 3316 3315
3300,quad,3300 3301 3317 3316
3301,quad,3301 3302 3318 3317
3302,quad,3302 3303 3319 3318
3303,quad,3303 3304 3320 3319
3304,quad,3304 3305 3321 3320
3305,quad,3305 3306 3322 3321
3306,quad,3306 3307 3323 3322
3307,quad,3307 3308 3324 3323
3308,quad,3308 3309 3325 3324
3309,quad,3309 3310 3326 3325
3310,quad,3310 3311 3327 3326
3311,quad,3311 3296 3312 3327
3312,quad,3312 3313 3329 3328
3313,quad,3313 3314 3330 3329
3314,quad,3314 3315 3331 3330
3315,quad,3315 3316 3332 3331
3316,quad,3316 3317 3333 3332
3317,quad,3317 3318 3334 3333
3318,quad,3318 3319 3335 3334
3319,quad,3319 3320 3336 3335
3320,quad,3320 3321 3337 3336
3321,quad,3321 3322 3338 3337
3322,quad,3322 3323 3339 3338
3323,quad,3323 3324 3340 3339
3324,quad,3324 3325 3341 3340
3325,quad,3325 3326 3342 3341
3326,quad,3326 3327 3343 3342
3327,quad,3327 3312 3328 3343
3328,quad,3328 3329 3345 3344
3329,quad,3329 3330 3346 3345
3330,quad,3330 3331 3347 3346
3331,quad,3331 3332 3348 3347
3332,quad,3332 3333 3349 3348
3333,quad,3333 3334 3350 3349
3334,quad,3334 3335 3351 3350
3335,quad,3335 3336 3352 3351
3336,quad,3336 3337 3353 3352
3337,quad,3337 3338 3354 3353
3338,quad,3338 3339 3355 3354
3339,quad,3339 3340 3356 3355
3340,quad,3340 3341 3357 3356
3341,quad,3341 3342 3358 3357
3342,quad,3342 3343 3359 3358
3343,quad,3343 3328 3344 3359
3344,quad,3344 3345 3361 3360
3345,quad,3345 3346 3362 3361
3346,quad,3346 3347 3363 3362
3347,quad,3347 3348 3364 3363
3348,quad,3348 3349 3365 3364
3349,quad,3349 3350 3366 3365
3350,quad,3350 3351 3367 3366
3351,quad,3351 3352 3368 3367
3352,quad,3352 3353 3369 3368
3353,quad,3353 3354 3370 3369
3354,quad,3354 3355 3371 3370
3355,quad,3355 3356 3372 3371
3356,quad,3356 3357 3373 3372
3357,quad,3357 3358 3374 3373
3358,quad,3358 3359 3375 3374
3359,quad,3359 3344 3360 3375
3360,quad,3360 3361 3377 3376
3361,quad,3361 3362 3378 3377
3362,quad,3362 3363 3379 3378
3363,quad,3363 3364 3380 3379
3364,quad,3364 3365 3381 3380
3365,quad,3365 3366 3382 3381
3366,quad,3366 3367 3383 3382
3367,quad,3367 3368 3384 3383
3368,quad,3368 3369 3385 3384
3369,quad,3369 3370 3386 3385
3370,quad,3370 3371 3387 3386
3371,quad,3371 3372 3388 3387
3372,quad,3372 3373 3389 3388
3373,quad,3373 3374 3390 3389
3374,quad,3374 3375 3391 3390
3375,quad,3375 3360 3376 3391
3376,quad,3376 3377 3393 3392
3377,quad,3377 3378 3394 3393
3378,quad,3378 3379 3395 3394
3379,quad,3379 3380 3396 3395
3380,quad,3380 3381 3397 3396
3381,quad,3381 3382 3398 3397
3382,quad,3382 3383 3399 3398
3383,quad,3383 3384 3400 3399
3384,quad,3384 3385 3401 3400
3385,quad,3385 3386 3402 3401
3386,quad,3386 3387 3403 3402
3387,quad,3387 3388 3404 3403
3388,quad,3388 3389 3405 3404
3389,quad,3389 3390 3406 3405
3390,quad,3390 3391 3407 3406
3391,quad,3391 3376 3392 3407
3392,quad,3392 3393 3409 3408
3393,quad,3393 3394 3410 3409
3394,quad,3394 3395 3411 3410
3395,quad,3395 3396 3412 3411
3396,quad,3396 3397 3413 3412
3397,quad,3397 3398 3414 3413
3398,quad,3398 3399 3415 3414
3399,quad,3399 3400 3416 3415
3400,quad,3400 3401 3417 3416
3401,quad,3401 3402 3418 3417
3402,quad,3402 3403 3419 3418
3403,quad,3403 3404 3420 3419
3404,quad,3404 3405 3421 3420
3405,quad,3405 3406 3422 3421
3406,quad,3406 3407 3423 3422
3407,quad,3407 3392 3408 3423
3408,quad,3408 3409 3425 3424
3409,quad,3409 3410 3426 3425
3410,quad,3410 3411 3427 3426
3411,quad,3411 3412 3428 3427
3412,quad,3412 3413 3429 3428
3413,quad,3413 3414 3430 3429
3414,quad,3414 3415 3431 3430
3415,quad,3415 3416 3432 3431
3416,quad,3416 3417 3433 3432
3417,quad,3417 3418 3434 3433
3418,quad,3418 3419 3435 3434
3419,quad,3419 3420 3436 3435
3420,quad,3420 3421 3437 3436
3421,quad,3421 3422 3438 3437
3422,quad,3422 3423 3439 3438
3423,quad,3423 3408 3424 3439
3424,quad,3424 3425 3441 3440
3425,quad,3425 3426 3442 3441
3426,quad,3426 3427 3443 3442
3427,quad,3427 3428 3444 3443
3428,quad,3428 3429 3445 3444
3429,quad,3429 3430 3446 3445
3430,quad,3430 3431 3447 3446
3431,quad,3431 3432 3448 3447
3432,quad,3432 3433 3449 3448
3433,quad,3433 3434 3450 3449
3434,quad,3434 3435 3451 3450
3435,quad,3435 3436 3452 3451
3436,quad,3436 3437 3453 3452
3437,quad,3437 3438 3454 3453
3438,quad,3438 3439 3455 3454
3439,quad,3439 3424 3440 3455
3440,quad,3440 3441 3457 3456
3441,quad,3441 3442 3458 3457
3442,quad,3442 3443 3459 3458
3443,quad,3443 3444 3460 3459
3444,quad,3444 3445 3461 3460
3445,quad,3445 3446 3462 3461
3446,quad,3446 3447 3463 3462
3447,quad,3447 3448 3464 3463
3448,quad,3448 3449 3465 3464
3449,quad,3449 3450 3466 3465
3450,quad,3450 3451 3467 3466
3451,quad,3451 3452 3468 3467
3452,quad,3452 3453 3469 3468
3453,quad,3453 3454 3470 3469
3454,quad,3454 3455 3471 3470
3455,quad,3455 3440 3456 3471
3456,quad,3456 3457 3473 3472
3457,quad,3457 3458 3474 3473
3458,quad,3458 3459 3475 3474
3459,quad,3459 3460 3476 3475
3460,quad,3460 3461 3477 3476
3461,quad,3461 3462 3478 3477
3462,quad,3462 3463 3479 3478
3463,quad,3463 3464 3480 3479
3464,quad,3464 3465 3481 3480
3465,quad,3465 3466 3482 3481
3466,quad,3466 3467 3483 3482
3467,quad,3467 3468 3484 3483
3468,quad,3468 3469 3485 3484
3469,quad,3469 3470 3486 3485
3470,quad,3470 3471 3487 3486
3471,quad,3471 3456 3472 3487
3472,quad,3472 3473 3489 3488
3473,quad,3473 3474 3490 3489
3474,quad,3474 3475 3491 3490
3475,quad,3475 3476 3492 3491
3476,quad,3476 3477 3493 3492
3477,quad,3477 3478 3494 3493
3478,quad,3478 3479 3495 3494
3479,quad,3479 3480 3496 3495
3480,quad,3480 3481 3497 3496
3481,quad,3481 3482 3498 3497
3482,quad,3482 3483 3499 3498
3483,quad,3483 3484 3500 3499
3484,quad,3484 3485 3501 3500
3485,quad,3485 3486 3502 3501
3486,quad,3486 3487 3503 3502
3487,quad,3487 3472 3488 3503
3488,quad,3488 3489 3505 3504
3489,quad,3489 3490 3506 3505
3490,quad,3490 3491 3507 3506
3491,quad,3491 3492 3508 3507
3492,quad,3492 3493 3509 3508
3493,quad,3493 3494 3510 3509
3494,quad,3494 3495 3511 3510
3495,quad,3495 3496 3512 3511
3496,quad,3496 3497 3513 3512
3497,quad,3497 3498 3514 3513
3498,quad,3498 3499 3515 3514
3499,quad,3499 3500 3516 3515
3500,quad,3500 3501 3517 3516
3501,quad,3501 3502 3518 3517
3502,quad,3502 3503 3519 3518
3503,quad,3503 3488 3504 3519
3504,quad,3504 3505 3521 3520
3505,quad,3505 3506 3522 3521
3506,quad,3506 3507 3523 3522
3507,quad,3507 3508 3524 3523
3508,quad,3508 3509 3525 3524
3509,quad,3509 3510 3526 3525
3510,quad,3510 3511 3527 3526
3511,quad,3511 3512 3528 3527
3512,quad,3512 3513 3529 3528
3513,quad,3513 3514 3530 3529
3514,quad,3514 3515 3531 3530
3515,quad,3515 3516 3532 3531
3516,quad,3516 3517 3533 3532
3517,quad,3517 3518 3534 3533
3518,quad,3518 3519 3535 3534
3519,quad,3519 3504 3520 3535
3520,quad,3520 3521 3537 3536
3521,quad,3521 3522 3538 3537
3522,quad,3522 3523 3539 3538
3523,quad,3523 3524 3540 3539
3524,quad,3524 3525 3541 3540
3525,quad,3525 3526 3542 3541
3526,quad,3526 3527 3543 3542
3527,quad,3527 3528 3544 3543
3528,quad,3528 3529 3545 3544
3529,quad,3529 3530 3546 3545
3530,quad,3530 3531 3547 3546
3531,quad,3531 3532 3548 3547
3532,quad,3532 3533 3549 3548
3533,quad,3533 3534 3550 3549
3534,quad,3534 3535 3551 3550
3535,quad,3535 3520 3536 3551
3536,quad,3536 3537 3553 3552
3537,quad,3537 3538 3554 3553
3538,quad,3538 3539 3555 3554
3539,quad,3539 3540 3556 3555
3540,quad,3540 3541 3557 3556
3541,quad,3541 3542 3558 3557
3542,quad,3542 3543 3559 3558
3543,quad,3543 3544 3560 3559
3544,quad,3544 3545 3561 3560
3545,quad,3545 3546 3562 3561
3546,quad,3546 3547 3563 3562
3547,quad,3547 3548 3564 3563
3548,quad,3548 3549 3565 3564
3549,quad,3549 3550 3566 3565
3550,quad,3550 3551 3567 3566
3551,quad,3551 3536 3552 3567
3552,quad,3552 3553 3569 3568
3553,quad,3553 3554 3570 3569
3554,quad,3554 3555 3571 3570
3555,quad,3555 3556 3572 3571
3556,quad,3556 3557 3573 3572
3557,quad,3557 3558 3574 3573
3558,quad,3558 3559 3575 3574
3559,quad,3559 3560 3576 3575
3560,quad,3560 3561 3577 3576
3561,quad,3561 3562 3578 3577
3562,quad,3562 3563 3579 3578
3563,quad,3563 3564 3580 3579
3564,quad,3564 3565 3581 3580
3565,quad,3565 3566 3582 3581
3566,quad,3566 3567 3583 3582
3567,quad,3567 3552 3568 3583
3568,quad,3568 3569 3585 3584
3569,quad,3569 3570 3586 3585
3570,quad,3570 3571 3587 3586
3571,quad,3571 3572 3588 3587
3572,quad,3572 3573 3589 3588
3573,quad,3573 3574 3590 3589
3574,quad,3574 3575 3591 3590
3575,quad,3575 3576 3592 3591
3576,quad,3576 3577 3593 3592
3577,quad,3577 3578 3594 3593
3578,quad,3578 3579 3595 3594
3579,quad,3579 3580 3596 3595
3580,quad,3580 3581 3597 3596
3581,quad,3581 3582 3598 3597
3582,quad,3582 3583 3599 3598
3583,quad,3583 3568 3584 3599
3584,quad,3584 3585 3601 3600
3585,quad,3585 3586 3602 3601
3586,quad,3586 3587 3603 3602
3587,quad,3587 3588 3604 3603
3588,quad,3588 3589 3605 3604
3589,quad,3589 3590 3606 3605
3590,quad,3590 3591 3607 3606
3591,quad,3591 3592 3608 3607
3592,quad,3592 3593 3609 3608
3593,quad,3593 3594 3610 3609
3594,quad,3594 3595 3611 3610
3595,quad,3595 3596 3612 3611
3596,quad,3596 3597 3613 3612
3597,quad,3597 3598 3614 3613
3598,quad,3598 3599 3615 3614
3599,quad,3599 3584 3600 3615
3600,quad,3600 3601 3617 3616
3601,quad,3601 3602 3618 3617
3602,quad,3602 3603 3619 3618
3603,quad,3603 3604 3620 3619
3604,quad,3604 3605 3621 3620
3605,quad,3605 3606 3622 3621
3606,quad,3606 3607 3623 3622
3607,quad,3607 3608 3624 3623
3608,quad,3608 3609 3625 3624
3609,quad,3609 3610 3626 3625
3610,quad,3610 3611 3627 3626
3611,quad,3611 3612 3628 3627
3612,quad,3612 3613 3629 3628
3613,quad,3613 3614 3630 3629
3614,quad,3614 3615 3631 3630
3615,quad,3615 3600 3616 3631
3616,quad,3616 3617 3633 3632
3617,quad,3617 3618 3634 3633
3618,quad,3618 3619 3635 3634
3619,quad,3619 3620 3636 3635
3620,quad,3620 3621 3637 3636
3621,quad,3621 3622 3638 3637
3622,quad,3622 3623 3639 3638
3623,quad,3623 3624 3640 3639
3624,quad,3624 3625 3641 3640
3625,quad,3625 3626 3642 3641
3626,quad,3626 3627 3643 3642
3627,quad,3627 3628 3644 3643
3628,quad,3628 3629 3645 3644
3629,quad,3629 3630 3646 3645
3630,quad,3630 3631 3647 3646
3631,quad,3631 3616 3632 3647
3632,quad,3632 3633 3649 3648
3633,quad,3633 3634 3650 3649
3634,quad,3634 3635 3651 3650
3635,quad,3635 3636 3652 3651
3636,quad,3636 3637 3653 3652
3637,quad,3637 3638 3654 3653
3638,quad,3638 3639 3655 3654
3639,quad,3639 3640 3656 3655
3640,quad,3640 3641 3657 3656
3641,quad,3641 3642 3658 3657
3642,quad,3642 3643 3659 3658
3643,quad,3643 3644 3660 3659
3644,quad,3644 3645 3661 3660
3645,quad,3645 3646 3662 3661
3646,quad,3646 3647 3663 3662
3647,quad,3647 3632 3648 3663
3648,quad,3648 3649 3665 3664
3649,quad,3649 3650 3666 3665
3650,quad,3650 3651 3667 3666
3651,quad,3651 3652 3668 3667
3652,quad,3652 3653 3669 3668
3653,quad,3653 3654 3670 3669
3654,quad,3654 3655 3671 3670
3655,quad,3655 3656 3672 3671
3656,quad,3656 3657 3673 3672
3657,quad,3657 3658 3674 3673
3658,quad,3658 3659 3675 3674
3659,quad,3659 3660 3676 3675
3660,quad,3660 3661 3677 3676
3661,quad,3661 3662 3678 3677
3662,quad,3662 3663 3679 3678
3663,quad,3663 3648 3664 3679
3664,quad,3664 3665 3681 3680
3665,quad,3665 3666 3682 3681
3666,quad,3666 3667 3683 3682
3667,quad,3667 3668 3684 3683
3668,quad,3668 3669 3685 3684
3669,quad,3669 3670 3686 3685
3670,quad,3670 3671 3687 3686
3671,quad,3671 3672 3688 3687
3672,quad,3672 3673 3689 3688
3673,quad,3673 3674 3690 3689
3674,quad,3674 3675 3691 3690
3675,quad,3675 3676 3692 3691
3676,quad,3676 3677 3693 3692
3677,quad,3677 3678 3694 3693
3678,quad,3678 3679 3695 3694
3679,quad,3679 3664 3680 3695
3680,quad,3680 3681 3697 3696
3681,quad,3681 3682 3698 3697
3682,quad,3682 3683 3699 3698
3683,quad,3683 3684 3700 3699
3684,quad,3684 3685 3701 3700
3685,quad,3685 3686 3702 3701
3686,quad,3686 3687 3703 3702
3687,quad,3687 3688 3704 3703
3688,quad,3688 3689 3705 3704
3689,quad,3689 3690 3706 3705
3690,quad,3690 3691 3707 3706
3691,quad,3691 3692 3708 3707
3692,quad,3692 3693 3709 3708
3693,quad,3693 3694 3710 3709
3694,quad,3694 3695 3711 3710
3695,quad,3695 3680 3696 3711
3696,quad,3696 3697 3713 3712
3697,quad,3697 3698 3714 3713
3698,quad,3698 3699 3715 3714
3699,quad,3699 3700 3716 3715
3700,quad,3700 3701 3717 3716
3701,quad,3701 3702 3718 3717
3702,quad,3702 3703 3719 3718
3703,quad,3703 3704 3720 3719
3704,quad,3704 3705 3721 3720
3705,quad,3705 3706 3722 3721
3706,quad,3706 3707 3723 3722
3707,quad,3707 3708 3724 3723
3708,quad,3708 3709 3725 3724
3709,quad,3709 3710 3726 3725
3710,quad,3710 3711 3727 3726
3711,quad,3711 3696 3712 3727
3712,quad,3712 3713 3729 3728
3713,quad,3713 3714 3730 3729
3714,quad,3714 3715 3731 3730
3715,quad,3715 3716 3732 3731
3716,quad,3716 3717 3733 3732
3717,quad,3717 3718 3734 3733
3718,quad,3718 3719 3735 3734
3719,quad,3719 3720 3736 3735
3720,quad,3720 3721 3737 3736
3721,quad,3721 3722 3738 3737
3722,quad,3722 3723 3739 3738
3723,quad,3723 3724 3740 3739
3724,quad,3724 3725 3741 3740
3725,quad,3725 3726 3742 3741
3726,quad,3726 3727 3743 3742
3727,quad,3727 3712 3728 3743
3728,quad,3728 3729 3745 3744
3729,quad,3729 3730 3746 3745
3730,quad,3730 3731 3747 3746
3731,quad,3731 3732 3748 3747
3732,quad,3732 3733 3749 3748
3733,quad,3733 3734 3750 3749
3734,quad,3734 3735 3751 3750
3735,quad,3735 3736 3752 3751
3736,quad,3736 3737 3753 3752
3737,quad,3737 3738 3754 3753
3738,quad,3738 3739 3755 3754
3739,quad,3739 3740 3756 3755
3740,quad,3740 3741 3757 3756
3741,quad,3741 3742 3758 3757
3742,quad,3742 3743 3759 3758
3743,quad,3743 3728 3744 3759
3744,quad,3744 3745 3761 3760
3745,quad,3745 3746 3762 3761
3746,quad,3746 3747 3763 3762
3747,quad,3747 3748 3764 3763
3748,quad,3748 3749 3765 3764
3749,quad,3749 3750 3766 3765
3750,quad,3750 3751 3767 3766
3751,quad,3751 3752 3768 3767
3752,quad,3752 3753 3769 3768
3753,quad,3753 3754 3770 3769
3754,quad,3754 3755 3771 3770
3755,quad,3755 3756 3772 3771
3756,quad,3756 3757 3773 3772
3757,quad,3757 3758 3774 3773
3758,quad,3758 3759 3775 3774
3759,quad,3759 3744 3760 3775
3760,quad,3760 3761 3777 3776
3761,quad,3761 3762 3778 3777
3762,quad,3762 3763 3779 3778
3763,quad,3763 3764 3780 3779
3764,quad,3764 3765 3781 3780
3765,quad,3765 3766 3782 3781
3766,quad,3766 3767 3783 3782
3767,quad,3767 3768 3784 3783
3768,quad,3768 3769 3785 3784
3769,quad,3769 3770 3786 3785
3770,quad,3770 3771 3787 3786
3771,quad,3771 3772 3788 3787
3772,quad,3772 3773 3789 3788
3773,quad,3773 3774 3790 3789
3774,quad,3774 3775 3791 3790
3775,quad,3775 3760 3776 3791
3776,quad,3776 3777 3793 3792
3777,quad,3777 3778 3794 3793
3778,quad,3778 3779 3795 3794
3779,quad,3779 3780 3796 3795
3780,quad,3780 3781 3797 3796
3781,quad,3781 3782 3798 3797
3782,quad,3782 3783 3799 3798
3783,quad,3783 3784 3800 3799
3784,quad,3784 3785 3801 3800
3785,quad,3785 3786 3802 3801
3786,quad,3786 3787 3803 3802
3787,quad,3787 3788 3804 3803
3788,quad,3788 3789 3805 3804
3789,quad,3789 3790 3806 3805
3790,quad,3790 3791 3807 3806
3791,quad,3791 3776 3792 3807
3792,quad,3792 3793 3809 3808
3793,quad,3793 3794 3810 3809
3794,quad,3794 3795 3811 3810
3795,quad,3795 3796 3812 3811
3796,quad,3796 3797 3813 3812
3797,quad,3797 3798 3814 3813
3798,quad,3798 3799 3815 3814
3799,quad,3799 3800 3816 3815
3800,quad,3800 3801 3817 3816
3801,quad,3801 3802 3818 3817
3802,quad,3802 3803 3819 3818
3803,quad,3803 3804 3820 3819
3804,quad,3804 3805 3821 3820
3805,quad,3805 3806 3822 3821
3806,quad,3806 3807 3823 3822
3807,quad,3807 3792 3808 3823
3808,quad,3808 3809 3825 3824
3809,quad,3809 3810 3826 3825
3810,quad,3810 3811 3827 3826
3811,quad,3811 3812 3828 3827
3812,quad,3812 3813 3829 3828
3813,quad,3813 3814 3830 3829
3814,quad,3814 3815 3831 3830
3815,quad,3815 3816 3832 3831
3816,quad,3816 3817 3833 3832
3817,quad,3817 3818 3834 3833
3818,quad,3818 3819 3835 3834
3819,quad,3819 3820 3836 3835
3820,quad,3820 3821 3837 3836
3821,quad,3821 3822 3838 3837
3822,quad,3822 3823 3839 3838
3823,quad,3823 3808 3824 3839
3824,quad,3824 3825 3841 3840
3825,quad,3825 3826 3842 3841
3826,quad,3826 3827 3843 3842
3827,quad,3827 3828 3844 3843
3828,quad,3828 3829 3845 3844
3829,quad,3829 3830 3846 3845
3830,quad,3830 3831 3847 3846
3831,quad,3831 3832 3848 3847
3832,quad,3832 3833 3849 3848
3833,quad,3833 3834 3850 3849
3834,quad,3834 3835 3851 3850
3835,quad,3835 3836 3852 3851
3836,quad,3836 3837 3853 3852
3837,quad,3837 3838 3854 3853
3838,quad,3838 3839 3855 3854
3839,quad,3839 3824 3840 3855
3840,quad,3840 3841 3857 3856
3841,quad,3841 3842 3858 3857
3842,quad,3842 3843 3859 3858
3843,quad,3843 3844 3860 3859
3844,quad,3844 3845 3861 3860
3845,quad,3845 3846 3862 3861
3846,quad,3846 3847 3863 3862
3847,quad,3847 3848 3864 3863
3848,quad,3848 3849 3865 3864
3849,quad,3849 3850 3866 3865
3850,quad,3850 3851 3867 3866
3851,quad,3851 3852 3868 3867
3852,quad,3852 3853 3869 3868
3853,quad,3853 3854 3870 3869
3854,quad,3854 3855 3871 3870
3855,quad,3855 3840 3856 3871
3856,quad,3856 3857 3873 3872
3857,quad,3857 3858 3874 3873
3858,quad,3858 3859 3875 3874
3859,quad,3859 3860 3876 3875
3860,quad,3860 3861 3877 3876
3861,quad,3861 3862 3878 3877
3862,quad,3862 3863 3879 3878
3863,quad,3863 3864 3880 3879
3864,quad,3864 3865 3881 3880
3865,quad,3865 3866 3882 3881
3866,quad,3866 3867 3883 3882
3867,quad,3867 3868 3884 3883
3868,quad,3868 3869 3885 3884
3869,quad,3869 3870 3886 3885
3870,quad,3870 3871 3887 3886
3871,quad,3871 3856 3872 3887
3872,quad,3872 3873 3889 3888
3873,quad,3873 3874 3890 3889
3874,quad,3874 3875 3891 3890
3875,quad,3875 3876 3892 3891
3876,quad,3876 3877 3893 3892
3877,quad,3877 3878 3894 3893
3878,quad,3878 3879 3895 3894
3879,quad,3879 3880 3896 3895
3880,quad,3880 3881 3897 3896
3881,quad,3881 3882 3898 3897
3882,quad,3882 3883 3899 3898
3883,quad,3883 3884 3900 3899
3884,quad,3884 3885 3901 3900
3885,quad,3885 3886 3902 3901
3886,quad,3886 3887 3903 3902
3887,quad,3887 3872 3888 3903
3888,quad,3888 3889 3905 3904
3889,quad,3889 3890 3906 3905
3890,quad,3890 3891 3907 3906
3891,quad,3891 3892 3908 3907
3892,quad,3892 3893 3909 3908
3893,quad,3893 3894 3910 3909
3894,quad,3894 3895 3911 3910
3895,quad,3895 3896 3912 3911
3896,quad,3896 3897 3913 3912
3897,quad,3897 3898 3914 3913
3898,quad,3898 3899 3915 3914
3899,quad,3899 3900 3916 3915
3900,quad,3900 3901 3917 3916
3901,quad,3901 3902 3918 3917
3902,quad,3902 3903 3919 3918
3903,quad,3903 3888 3904 3919
3904,quad,3904 3905 3921 3920
3905,quad,3905 3906 3922 3921
3906,quad,3906 3907 3923 3922
3907,quad,3907 3908 3924 3923
3908,quad,3908 3909 3925 3924
3909,quad,3909 3910 3926 3925
3910,quad,3910 3911 3927 3926
3911,quad,3911 3912 3928 3927
3912,quad,3912 3913 3929 3928
3913,quad,3913 3914 3930 3929
3914,quad,3914 3915 3931 3930
3915,quad,3915 3916 3932 3931
3916,quad,3916 3917 3933 3932
3917,quad,3917 3918 3934 3933
3918,quad,3918 3919 3935 3934
3919,quad,3919 3904 3920 3935
3920,quad,3920 3921 3937 3936
3921,quad,3921 3922 3938 3937
3922,quad,3922 3923 3939 3938
3923,quad,3923 3924 3940 3939
3924,quad,3924 3925 3941 3940
3925,quad,3925 3926 3942 3941
3926,quad,3926 3927 3943 3942
3927,quad,3927 3928 3944 3943
3928,quad,3928 3929 3945 3944
3929,quad,3929 3930 3946 3945
3930,quad,3930 3931 3947 3946
3931,quad,3931 3932 3948 3947
3932,quad,3932 3933 3949 3948
3933,quad,3933 3934 3950 3949
3934,quad,3934 3935 3951 3950
3935,quad,3935 3920 3936 3951
3936,quad,3936 3937 3953 3952
3937,quad,3937 3938 3954 3953
3938,quad,3938 3939 3955 3954
3939,quad,3939 3940 3956 3955
3940,quad,3940 3941 3957 3956
3941,quad,3941 3942 3958 3957
3942,quad,3942 3943 3959 3958
3943,quad,3943 3944 3960 3959
3944,quad,3944 3945 3961 3960
3945,quad,3945 3946 3962 3961
3946,quad,3946 3947 3963 3962
3947,quad,3947 3948 3964 3963
3948,quad,3948 3949 3965 3964
3949,quad,3949 3950 3966 3965
3950,quad,3950 3951 3967 3966
3951,quad,3951 3936 3952 3967
3952,quad,3952 3953 3969 3968
3953,quad,3953 3954 3970 3969
3954,quad,3954 3955 3971 3970
3955,quad,3955 3956 3972 3971
3956,quad,3956 3957 3973 3972
3957,quad,3957 3958 3974 3973
3958,quad,3958 3959 3975 3974
3959,quad,3959 3960 3976 3975
3960,quad,3960 3961 3977 3976
3961,quad,3961 3962 3978 3977
3962,quad,3962 3963 3979 3978
3963,quad,3963 3964 3980 3979
3964,quad,3964 3965 3981 3980
3965,quad,3965 3966 3982 3981
3966,quad,3966 3967 3983 3982
3967,quad,3967 3952 3968 3983
3968,quad,3968 3969 3985 3984
3969,quad,3969 3970 3986 3985
3970,quad,3970 3971 3987 3986
3971,quad,3971 3972 3988 3987
3972,quad,3972 3973 3989 3988
3973,quad,3973 3974 3990 3989
3974,quad,3974 3975 3991 3990
3975,quad,3975 3976 3992 3991
3976,quad,3976 3977 3993 3992
3977,quad,3977 3978 3994 3993
3978,quad,3978 3979 3995 3994
3979,quad,3979 3980 3996 3995
3980,quad,3980 3981 3997 3996
3981,quad,3981 3982 3998 3997
3982,quad,3982 3983 3999 3998
3983,quad,3983 3968 3984 3999
3984,quad,3984 3985 4001 4000
3985,quad,3985 3986 4002 4001
3986,quad,3986 3987 4003 4002
3987,quad,3987 3988 4004 4003
3988,quad,3988 3989 4005 4004
3989,quad,3989 3990 4006 4005
3990,quad,3990 3991 4007 4006
3991,quad,3991 3992 4008 4007
3992,quad,3992 3993 4009 4008
3993,quad,3993 3994 4010 4009
3994,quad,3994 3995 4011 4010
3995,quad,3995 3996 4012 4011
3996,quad,3996 3997 4013 4012
3997,quad,3997 3998 4014 4013
3998,quad,3998 3999 4015 4014
3999,quad,3999 3984 4000 4015
4000,quad,4000 4001 4017 4016
4001,quad,4001 4002 4018 4017
4002,quad,4002 4003 4019 4018
4003,quad,4003 4004 4020 4019
4004,quad,4004 4005 4021 4020
4005,quad,4005 4006 4022 4021
4006,quad,4006 4007 4023 4022
4007,quad,4007 4008 4024 4023
4008,quad,4008 4009 4025 4024
4009,quad,4009 4010 4026 4025
4010,quad,4010 4011 4027 4026
4011,quad,4011 4012 4028 4027
4012,quad,4012 4013 4029 4028
4013,quad,4013 4014 4030 4029
4014,quad,4014 4015 4031 4030
4015,quad,4015 4000 4016 4031
4016,quad,4016 4017 4033 4032
4017,quad,4017 4018 4034 4033
4018,quad,4018 4019 4035 4034
4019,quad,4019 4020 4036 4035
4020,quad,4020 4021 4037 4036
4021,quad,4021 4022 4038 4037
4022,quad,4022 4023 4039 4038
4023,quad,4023 4024 4040 4039
4024,quad,4024 4025 4041 4040
4025,quad,4025 4026 4042 4041
4026,quad,4026 4027 4043 4042
4027,quad,4027 4028 4044 4043
4028,quad,4028 4029 4045 4044
4029,quad,4029 4030 4046 4045
4030,quad,4030 4031 4047 4046
4031,quad,4031 4016 4032 4047
4032,quad,4032 4033 4049 4048
4033,quad,4033 4034 4050 4049
4034,quad,4034 4035 4051 4050
4035,quad,4035 4036 4052 4051
4036,quad,4036 4037 4053 4052
4037,quad,4037 4038 4054 4053
4038,quad,4038 4039 4055 4054
4039,quad,4039 4040 4056 4055
4040,quad,4040 4041 4057 4056
4041,quad,4041 4042 4058 4057
4042,quad,4042 4043 4059 4058
4043,quad,4043 4044 4060 4059
4044,quad,4044 4045 4061 4060
4045,quad,4045 4046 4062 4061
4046,quad,4046 4047 4063 4062
4047,quad,4047 4032 4048 4063
4048,quad,4048 4049 4065 4064
4049,quad,4049 4050 4066 4065
4050,quad,4050 4051 4067 4066
4051,quad,4051 4052 4068 4067
4052,quad,4052 4053 4069 4068
4053,quad,4053 4054 4070 4069
4054,quad,4054 4055 4071 4070
4055,quad,4055 4056 4072 4071
4056,quad,4056 4057 4073 4072
4057,quad,4057 4058 4074 4073
4058,quad,4058 4059 4075 4074
4059,quad,4059 4060 4076 4075
4060,quad,4060 4061 4077 4076
4061,quad,4061 4062 4078 4077
4062,quad,4062 4063 4079 4078
4063,quad,4063 4048 4064 4079
4064,quad,4064 4065 4081 4080
4065,quad,4065 4066 4082 4081
4066,quad,4066 4067 4083 4082
4067,quad,4067 4068 4084 4083
4068,quad,4068 4069 4085 4084
4069,quad,4069 4070 4086 4085
4070,quad,4070 4071 4087 4086
4071,quad,4071 4072 4088 4087
4072,quad,4072 4073 4089 4088
4073,quad,4073 4074 4090 4089
4074,quad,4074 4075 4091 4090
4075,quad,4075 4076 4092 4091
4076,quad,4076 4077 4093 4092
4077,quad,4077 4078 4094 4093
4078,quad,4078 4079 4095 4094
4079,quad,4079 4064 4080 4095
4080,quad,4080 4081 4097 4096
4081,quad,4081 4082 4098 4097
4082,quad,4082 4083 4099 4098
4083,quad,4083 4084 4100 4099
4084,quad,4084 4085 4101 4100
4085,quad,4085 4086 4102 4101
4086,quad,4086 4087 4103 4102
4087,quad,4087 4088 4104 4103
4088,quad,4088 4089 4105 4104
4089,quad,4089 4090 4106 4105
4090,quad,4090 4091 4107 4106
4091,quad,4091 4092 4108 4107
4092,quad,4092 4093 4109 4108
4093,quad,4093 4094 4110 4109
4094,quad,4094 4095 4111 4110
4095,quad,4095 4080 4096 4111
4096,quad,4096 4097 4113 4112
4097,quad,4097 4098 4114 4113
4098,quad,4098 4099 4115 4114
4099,quad,4099 4100 4116 4115
4100,quad,4100 4101 4117 4116
4101,quad,4101 4102 4118 4117
4102,quad,4102 4103 4119 4118
4103,quad,4103 4104 4120 4119
4104,quad,4104 4105 4121 4120
4105,quad,4105 4106 4122 4121
4106,quad,4106 4107 4123 4122
4107,quad,4107 4108 4124 4123
4108,quad,4108 4109 4125 4124
4109,quad,4109 4110 4126 4125
4110,quad,4110 4111 4127 4126
4111,quad,4111 4096 4112 4127
4112,quad,4112 4113 4129 4128
4113,quad,4113 4114 4130 4129
4114,quad,4114 4115 4131 4130
4115,quad,4115 4116 4132 4131
4116,quad,4116 4117 4133 4132
4117,quad,4117 4118 4134 4133
4118,quad,4118 4119 4135 4134
4119,quad,4119 4120 4136 4135
4120,quad,4120 4121 4137 4136
4121,quad,4121 4122 4138 4137
4122,quad,4122 4123 4139 4138
4123,quad,4123 4124 4140 4139
4124,quad,4124 4125 4141 4140
4125,quad,4125 4126 4142 4141
4126,quad,4126 4127 4143 4142
4127,quad,4127 4112 4128 4143
4128,quad,4128 4129 4145 4144
4129,quad,4129 4130 4146 4145
4130,quad,4130 4131 4147 4146
4131,quad,4131 4132 4148 4147
4132,quad,4132 4133 4149 4148
4133,quad,4133 4134 4150 4149
4134,quad,4134 4135 4151 4150
4135,quad,4135 4136 4152 4151
4136,quad,4136 4137 4153 4152
4137,quad,4137 4138 4154 4153
4138,quad,4138 4139 4155 4154
4139,quad,4139 4140 4156 4155
4140,quad,4140 4141 4157 4156
4141,quad,4141 4142 4158 4157
4142,quad,4142 4143 4159 4158
4143,quad,4143 4128 4144 4159
4144,quad,4144 4145 4161 4160
4145,quad,4145 4146 4162 4161
4146,quad,4146 4147 4163 4162
4147,quad,4147 4148 4164 4163
4148,quad,4148 4149 4165 4164
4149,quad,4149 4150 4166 4165
4150,quad,4150 4151 4167 4166
4151,quad,4151 4152 4168 4167
4152,quad,4152 4153 4169 4168
4153,quad,4153 4154 4170 4169
4154,quad,4154 4155 4171 4170
4155,quad,4155 4156 4172 4171
4156,quad,4156 4157 4173 4172
4157,quad,4157 4158 4174 4173
4158,quad,4158 4159 4175 4174
4159,quad,4159 4144 4160 4175
4160,quad,4160 4161 4177 4176
4161,quad,4161 4162 4178 4177
4162,quad,4162 4163 4179 4178
4163,quad,4163 4164 4180 4179
4164,quad,4164 4165 4181 4180
4165,quad,4165 4166 4182 4181
4166,quad,4166 4167 4183 4182
4167,quad,4167 4168 4184 4183
4168,quad,4168 4169 4185 4184
4169,quad,4169 4170 4186 4185
4170,quad,4170 4171 4187 4186
4171,quad,4171 4172 4188 4187
4172,quad,4172 4173 4189 4188
4173,quad,4173 4174 4190 4189
4174,quad,4174 4175 4191 4190
4175,quad,4175 4160 4176 4191
4176,quad,4176 4177 4193 4192
4177,quad,4177 4178 4194 4193
4178,quad,4178 4179 4195 4194
4179,quad,4179 4180 4196 4195
4180,quad,4180 4181 4197 4196
4181,quad,4181 4182 4198 4197
4182,quad,4182 4183 4199 4198
4183,quad,4183 4184 4200 4199
4184,quad,4184 4185 4201 4200
4185,quad,4185 4186 4202 4201
4186,quad,4186 4187 4203 4202
4187,quad,4187 4188 4204 4203
4188,quad,4188 4189 4205 4204
4189,quad,4189 4190 4206 4205
4190,quad,4190 4191 4207 4206
4191,quad,4191 4176 4192 4207
4192,quad,4192 4193 4209 4208
4193,quad,4193 4194 4210 4209
4194,quad,4194 4195 4211 4210
4195,quad,4195 4196 4212 4211
4196,quad,4196 4197 4213 4212
4197,quad,4197 4198 4214 4213
4198,quad,4198 4199 4215 4214
4199,quad,4199 4200 4216 4215
4200,quad,4200 4201 4217 4216
4201,quad,4201 4202 4218 4217
4202,quad,4202 4203 4219 4218
4203,quad,4203 4204 4220 4219
4204,quad,4204 4205 4221 4220
4205,quad,4205 4206 4222 4221
4206,quad,4206 4207 4223 4222
4207,quad,4207 4192 4208 4223
4208,quad,4208 4209 4225 4224
4209,quad,4209 4210 4226 4225
4210,quad,4210 4211 4227 4226
4211,quad,4211 4212 4228 4227
4212,quad,4212 4213 4229 4228
4213,quad,4213 4214 4230 4229
4214,quad,4214 4215 4231 4230
4215,quad,4215 4216 4232 4231
4216,quad,4216 4217 4233 4232
4217,quad,4217 4218 4234 4233
4218,quad,4218 4219 4235 4234
4219,quad,4219 4220 4236 4235
4220,quad,4220 4221 4237 4236
4221,quad,4221 4222 4238 4237
4222,quad,4222 4223 4239 4238
4223,quad,4223 4208 4224 4239
4224,quad,4224 4225 4241 4240
4225,quad,4225 4226 4242 4241
4226,quad,4226 4227 4243 4242
4227,quad,4227 4228 4244 4243
4228,quad,4228 4229 4245 4244
4229,quad,4229 4230 4246 4245
4230,quad,4230 4231 4247 4246
4231,quad,4231 4232 4248 4247
4232,quad,4232 4233 4249 4248
4233,quad,4233 4234 4250 4249
4234,quad,4234 4235 4251 4250
4235,quad,4235 4236 4252 4251
4236,quad,4236 4237 4253 4252
4237,quad,4237 4238 4254 4253
4238,quad,4238 4239 4255 4254
4239,quad,4239 4224 4240 4255
4240,quad,4240 4241 4257 4256
4241,quad,4241 4242 4258 4257
4242,quad,4242 4243 4259 4258
4243,quad,4243 4244 4260 4259
4244,quad,4244 4245 4261 4260
4245,quad,4245 4246 4262 4261
4246,quad,4246 4247 4263 4262
4247,quad,4247 4248 4264 4263
4248,quad,4248 4249 4265 4264
4249,quad,4249 4250 4266 4265
4250,quad,4250 4251 4267 4266
4251,quad,4251 4252 4268 4267
4252,quad,4252 4253 4269 4268
4253,quad,4253 4254 4270 4269
4254,quad,4254 4255 4271 4270
4255,quad,4255 4240 4256 4271
4256,quad,4256 4257 4273 4272
4257,quad,4257 4258 4274 4273
4258,quad,4258 4259 4275 4274
4259,quad,4259 4260 4276 4275
4260,quad,4260 4261 4277 4276
4261,quad,4261 4262 4278 4277
4262,quad,4262 4263 4279 4278
4263,quad,4263 4264 4280 4279
4264,quad,4264 4265 4281 4280
4265,quad,4265 4266 4282 4281
4266,quad,4266 4267 4283 4282
4267,quad,4267 4268 4284 4283
4268,quad,4268 4269 4285 4284
4269,quad,4269 4270 4286 4285
4270,quad,4270 4271 4287 4286
4271,quad,4271 4256 4272 4287
4272,quad,4272 4273 4289 4288
4273,quad,4273 4274 4290 4289
4274,quad,4274 4275 4291 4290
4275,quad,4275 4276 4292 4291
4276,quad,4276 4277 4293 4292
4277,quad,4277 4278 4294 4293
4278,quad,4278 4279 4295 4294
4279,quad,4279 4280 4296 4295
4280,quad,4280 4281 4297 4296
4281,quad,4281 4282 4298 4297
4282,quad,4282 4283 4299 4298
4283,quad,4283 4284 4300 4299
4284,quad,4284 4285 4301 4300
4285,quad,4285 4286 4302 4301
4286,quad,4286 4287 4303 4302
4287,quad,4287 4272 4288 4303
4288,quad,4288 4289 4305 4304
4289,quad,4289 4290 4306 4305
4290,quad,4290 4291 4307 4306
4291,quad,4291 4292 4308 4307
4292,quad,4292 4293 4309 4308
4293,quad,4293 4294 4310 4309
4294,quad,4294 4295 4311 4310
4295,quad,4295 4296 4312 4311
4296,quad,4296 4297 4313 4312
4297,quad,4297 4298 4314 4313
4298,quad,4298 4299 4315 4314
4299,quad,4299 4300 4316 4315
4300,quad,4300 4301 4317 4316
4301,quad,4301 4302 4318 4317
4302,quad,4302 4303 4319 4318
4303,quad,4303 4288 4304 4319
4304,quad,4304 4305 4321 4320
4305,quad,4305 4306 4322 4321
4306,quad,4306 4307 4323 4322
4307,quad,4307 4308 4324 4323
4308,quad,4308 4309 4325 4324
4309,quad,4309 4310 4326 4325
4310,quad,4310 4311 4327 4326
4311,quad,4311 4312 4328 4327
4312,quad,4312 4313 4329 4328
4313,quad,4313 4314 4330 4329
4314,quad,4314 4315 4331 4330
4315,quad,4315 4316 4332 4331
4316,quad,4316 4317 4333 4332
4317,quad,4317 4318 4334 4333
4318,quad,4318 4319 4335 4334
4319,quad,4319 4304 4320 4335
4320,quad,4320 4321 4337 4336
4321,quad,4321 4322 4338 4337
4322,quad,4322 4323 4339 4338
4323,quad,4323 4324 4340 4339
4324,quad,4324 4325 4341 4340
4325,quad,4325 4326 4342 4341
4326,quad,4326 4327 4343 4342
4327,quad,4327 4328 4344 4343
4328,quad,4328 4329 4345 4344
4329,quad,4329 4330 4346 4345
4330,quad,4330 4331 4347 4346
4331,quad,4331 4332 4348 4347
4332,quad,4332 4333 4349 4348
4333,quad,4333 4334 4350 4349
4334,quad,4334 4335 4351 4350
4335,quad,4335 4320 4336 4351
4336,quad,4336 4337 4353 4352
4337,quad,4337 4338 4354 4353
4338,quad,4338 4339 4355 4354
4339,quad,4339 4340 4356 4355
4340,quad,4340 4341 4357 4356
4341,quad,4341 4342 4358 4357
4342,quad,4342 4343 4359 4358
4343,quad,4343 4344 4360 4359
4344,quad,4344 4345 4361 4360
4345,quad,4345 4346 4362 4361
4346,quad,4346 4347 4363 4362
4347,quad,4347 4348 4364 4363
4348,quad,4348 4349 4365 4364
4349,quad,4349 4350 4366 4365
4350,quad,4350 4351 4367 4366
4351,quad,4351 4336 4352 4367
4352,quad,4352 4353 4369 4368
4353,quad,4353 4354 4370 4369
4354,quad,4354 4355 4371 4370
4355,quad,4355 4356 4372 4371
4356,quad,4356 4357 4373 4372
4357,quad,4357 4358 4374 4373
4358,quad,4358 4359 4375 4374
4359,quad,4359 4360 4376 4375
4360,quad,4360 4361 4377 4376
4361,quad,4361 4362 4378 4377
4362,quad,4362 4363 4379 4378
4363,quad,4363 4364 4380 4379
4364,quad,4364 4365 4381 4380
4365,quad,4365 4366 4382 4381
4366,quad,4366 4367 4383 4382
4367,quad,4367 4352 4368 4383
4368,quad,4368 4369 4385 4384
4369,quad,4369 4370 4386 4385
4370,quad,4370 4371 4387 4386
4371,quad,4371 4372 4388 4387
4372,quad,4372 4373 4389 4388
4373,quad,4373 4374 4390 4389
4374,quad,4374 4375 4391 4390
4375,quad,4375 4376 4392 4391
4376,quad,4376 4377 4393 4392
4377,quad,4377 4378 4394 4393
4378,quad,4378 4379 4395 4394
4379,quad,4379 4380 4396 4395
4380,quad,4380 4381 4397 4396
4381,quad,4381 4382 4398 4397
4382,quad,4382 4383 4399 4398
4383,quad,4383 4368 4384 4399
4384,quad,4384 4385 4401 4400
4385,quad,4385 4386 4402 4401
4386,quad,4386 4387 4403 4402
4387,quad,4387 4388 4404 4403
4388,quad,4388 4389 4405 4404
4389,quad,4389 4390 4406 4405
4390,quad,4390 4391 4407 4406
4391,quad,4391 4392 4408 4407
4392,quad,4392 4393 4409 4408
4393,quad,4393 4394 4410 4409
4394,quad,4394 4395 4411 4410
4395,quad,4395 4396 4412 4411
4396,quad,4396 4397 4413 4412
4397,quad,4397 4398 4414 4413
4398,quad,4398 4399 4415 4414
4399,quad,4399 4384 4400 4415
4400,quad,4400 4401 4417 4416
4401,quad,4401 4402 4418 4417
4402,quad,4402 4403 4419 4418
4403,quad,4403 4404 4420 4419
4404,quad,4404 4405 4421 4420
4405,quad,4405 4406 4422 4421
4406,quad,4406 4407 4423 4422
4407,quad,4407 4408 4424 4423
4408,quad,4408 4409 4425 4424
4409,quad,4409 4410 4426 4425
4410,quad,4410 4411 4427 4426
4411,quad,4411 4412 4428 4427
4412,quad,4412 4413 4429 4428
4413,quad,4413 4414 4430 4429
4414,quad,4414 4415 4431 4430
4415,quad,4415 4400 4416 4431
4416,quad,4416 4417 4433 4432
4417,quad,4417 4418 4434 4433
4418,quad,4418 4419 4435 4434
4419,quad,4419 4420 4436 4435
4420,quad,4420 4421 4437 4436
4421,quad,4421 4422 4438 4437
4422,quad,4422 4423 4439 4438
4423,quad,4423 4424 4440 4439
4424,quad,4424 4425 4441 4440
4425,quad,4425 4426 4442 4441
4426,quad,4426 4427 4443 4442
4427,quad,4427 4428 4444 4443
4428,quad,4428 4429 4445 4444
4429,quad,4429 4430 4446 4445
4430,quad,4430 4431 4447 4446
4431,quad,4431 4416 4432 4447
4432,quad,4432 4433 4449 4448
4433,quad,4433 4434 4450 4449
4434,quad,4434 4435 4451 4450
4435,quad,4435 4436 4452 4451
4436,quad,4436 4437 4453 4452
4437,quad,4437 4438 4454 4453
4438,quad,4438 4439 4455 4454
4439,quad,4439 4440 4456 4455
4440,quad,4440 4441 4457 4456
4441,quad,4441 4442 4458 4457
4442,quad,4442 4443 4459 4458
4443,quad,4443 4444 4460 4459
4444,quad,4444 4445 4461 4460
4445,quad,4445 4446 4462 4461
4446,quad,4446 4447 4463 4462
4447,quad,4447 4432 4448 4463
4448,quad,4448 4449 4465 4464
4449,quad,4449 4450 4466 4465
4450,quad,4450 4451 4467 4466
4451,quad,4451 4452 4468 4467
4452,quad,4452 4453 4469 4468
4453,quad,4453 4454 4470 4469
4454,quad,4454 4455 4471 4470
4455,quad,4455 4456 4472 4471
4456,quad,4456 4457 4473 4472
4457,quad,4457 4458 4474 4473
4458,quad,4458 4459 4475 4474
4459,quad,4459 4460 4476 4475
4460,quad,4460 4461 4477 4476
4461,quad,4461 4462 4478 4477
4462,quad,4462 4463 4479 4478
4463,quad,4463 4448 4464 4479
4464,quad,4464 4465 4481 4480
4465,quad,4465 4466 4482 4481
4466,quad,4466 4467 4483 4482
4467,quad,4467 4468 4484 4483
4468,quad,4468 4469 4485 4484
4469,quad,4469 4470 4486 4485
4470,quad,4470 4471 4487 4486
4471,quad,4471 4472 4488 4487
4472,quad,4472 4473 4489 4488
4473,quad,4473 4474 4490 4489
4474,quad,4474 4475 4491 4490
4475,quad,4475 4476 4492 4491
4476,quad,4476 4477 4493 4492
4477,quad,4477 4478 4494 4493
4478,quad,4478 4479 4495 4494
4479,quad,4479 4464 4480 4495
4480,quad,4480 4481 4497 4496
4481,quad,4481 4482 4498 4497
4482,quad,4482 4483 4499 4498
4483,quad,4483 4484 4500 4499
4484,quad,4484 4485 4501 4500
4485,quad,4485 4486 4502 4501
4486,quad,4486 4487 4503 4502
4487,quad,4487 4488 4504 4503
4488,quad,4488 4489 4505 4504
4489,quad,4489 4490 4506 4505
4490,quad,4490 4491 4507 4506
4491,quad,4491 4492 4508 4507
4492,quad,4492 4493 4509 4508
4493,quad,4493 4494 4510 4509
4494,quad,4494 4495 4511 4510
4495,quad,4495 4480 4496 4511
4496,quad,4496 4497 4513 4512
4497,quad,4497 4498 4514 4513
4498,quad,4498 4499 4515 4514
4499,quad,4499 4500 4516 4515
4500,quad,4500 4501 4517 4516
4501,quad,4501 4502 4518 4517
4502,quad,4502 4503 4519 4518
4503,quad,4503 4504 4520 4519
4504,quad,4504 4505 4521 4520
4505,quad,4505 4506 4522 4521
4506,quad,4506 4507 4523 4522
4507,quad,4507 4508 4524 4523
4508,quad,4508 4509 4525 4524
4509,quad,4509 4510 4526 4525
4510,quad,4510 4511 4527 4526
4511,quad,4511 4496 4512 4527
4512,quad,4512 4513 4529 4528
4513,quad,4513 4514 4530 4529
4514,quad,4514 4515 4531 4530
4515,quad,4515 4516 4532 4531
4516,quad,4516 4517 4533 4532
4517,quad,4517 4518 4534 4533
4518,quad,4518 4519 4535 4534
4519,quad,4519 4520 4536 4535
4520,quad,4520 4521 4537 4536
4521,quad,4521 4522 4538 4537
4522,quad,4522 4523 4539 4538
4523,quad,4523 4524 4540 4539
4524,quad,4524 4525 4541 4540
4525,quad,4525 4526 4542 4541
4526,quad,4526 4527 4543 4542
4527,quad,4527 4512 4528 4543
4528,quad,4528 4529 4545 4544
4529,quad,4529 4530 4546 4545
4530,quad,4530 4531 4547 4546
4531,quad,4531 4532 4548 4547
4532,quad,4532 4533 4549 4548
4533,quad,4533 4534 4550 4549
4534,quad,4534 4535 4551 4550
4535,quad,4535 4536 4552 4551
4536,quad,4536 4537 4553 4552
4537,quad,4537 4538 4554 4553
4538,quad,4538 4539 4555 4554
4539,quad,4539 4540 4556 4555
4540,quad,4540 4541 4557 4556
4541,quad,4541 4542 4558 4557
4542,quad,4542 4543 4559 4558
4543,quad,4543 4528 4544 4559
4544,quad,4544 4545 4561 4560
4545,quad,4545 4546 4562 4561
4546,quad,4546 4547 4563 4562
4547,quad,4547 4548 4564 4563
4548,quad,4548 4549 4565 4564
4549,quad,4549 4550 4566 4565
4550,quad,4550 4551 4567 4566
4551,quad,4551 4552 4568 4567
4552,quad,4552 4553 4569 4568
4553,quad,4553 4554 4570 4569
4554,quad,4554 4555 4571 4570
4555,quad,4555 4556 4572 4571
4556,quad,4556 4557 4573 4572
4557,quad,4557 4558 4574 4573
4558,quad,4558 4559 4575 4574
4559,quad,4559 4544 4560 4575
4560,quad,4560 4561 4577 4576
4561,quad,4561 4562 4578 4577
4562,quad,4562 4563 4579 4578
4563,quad,4563 4564 4580 4579
4564,quad,4564 4565 4581 4580
4565,quad,4565 4566 4582 4581
4566,quad,4566 4567 4583 4582
4567,quad,4567 4568 4584 4583
4568,quad,4568 4569 4585 4584
4569,quad,4569 4570 4586 4585
4570,quad,4570 4571 4587 4586
4571,quad,4571 4572 4588 4587
4572,quad,4572 4573 4589 4588
4573,quad,4573 4574 4590 4589
4574,quad,4574 4575 4591 4590
4575,quad,4575 4560 4576 4591
4576,quad,4576 4577 4593 4592
4577,quad,4577 4578 4594 4593
4578,quad,4578 4579 4595 4594
4579,quad,4579 4580 4596 4595
4580,quad,4580 4581 4597 4596
4581,quad,4581 4582 4598 4597
4582,quad,4582 4583 4599 4598
4583,quad,4583 4584 4600 4599
4584,quad,4584 4585 4601 4600
4585,quad,4585 4586 4602 4601
4586,quad,4586 4587 4603 4602
4587,quad,4587 4588 4604 4603
4588,quad,4588 4589 4605 4604
4589,quad,4589 4590 4606 4605
4590,quad,4590 4591 4607 4606
4591,quad,4591 4576 4592 4607
4592,quad,4592 4593 4609 4608
4593,quad,4593 4594 4610 4609
4594,quad,4594 4595 4611 4610
4595,quad,4595 4596 4612 4611
4596,quad,4596 4597 4613 4612
4597,quad,4597 4598 4614 4613
4598,quad,4598 4599 4615 4614
4599,quad,4599 4600 4616 4615
4600,quad,4600 4601 4617 4616
4601,quad,4601 4602 4618 4617
4602,quad,4602 4603 4619 4618
4603,quad,4603 4604 4620 4619
4604,quad,4604 4605 4621 4620
4605,quad,4605 4606 4622 4621
4606,quad,4606 4607 4623 4622
4607,quad,4607 4592 4608 4623
4608,quad,4608 4609 4625 4624
4609,quad,4609 4610 4626 4625
4610,quad,4610 4611 4627 4626
4611,quad,4611 4612 4628 4627
4612,quad,4612 4613 4629 4628
4613,quad,4613 4614 4630 4629
4614,quad,4614 4615 4631 4630
4615,quad,4615 4616 4632 4631
4616,quad,4616 4617 4633 4632
4617,quad,4617 4618 4634 4633
4618,quad,4618 4619 4635 4634
4619,quad,4619 4620 4636 4635
4620,quad,4620 4621 4637 4636
4621,quad,4621 4622 4638 4637
4622,quad,4622 4623 4639 4638
4623,quad,4623 4608 4624 4639
4624,quad,4624 4625 4641 4640
4625,quad,4625 4626 4642 4641
4626,quad,4626 4627 4643 4642
4627,quad,4627 4628 4644 4643
4628,quad,4628 4629 4645 4644
4629,quad,4629 4630 4646 4645
4630,quad,4630 4631 4647 4646
4631,quad,4631 4632 4648 4647
4632,quad,4632 4633 4649 4648
4633,quad,4633 4634 4650 4649
4634,quad,4634 4635 4651 4650
4635,quad,4635 4636 4652 4651
4636,quad,4636 4637 4653 4652
4637,quad,4637 4638 4654 4653
4638,quad,4638 4639 4655 4654
4639,quad,4639 4624 4640 4655
4640,quad,4640 4641 4657 4656
4641,quad,4641 4642 4658 4657
4642,quad,4642 4643 4659 4658
4643,quad,4643 4644 4660 4659
4644,quad,4644 4645 4661 4660
4645,quad,4645 4646 4662 4661
4646,quad,4646 4647 4663 4662
4647,quad,4647 4648 4664 4663
4648,quad,4648 4649 4665 4664
4649,quad,4649 4650 4666 4665
4650,quad,4650 4651 4667 4666
4651,quad,4651 4652 4668 4667
4652,quad,4652 4653 4669 4668
4653,quad,4653 4654 4670 4669
4654,quad,4654 4655 4671 4670
4655,quad,4655 4640 4656 4671
4656,quad,4656 4657 4673 4672
4657,quad,4657 4658 4674 4673
4658,quad,4658 4659 4675 4674
4659,quad,4659 4660 4676 4675
4660,quad,4660 4661 4677 4676
4661,quad,4661 4662 4678 4677
4662,quad,4662 4663 4679 4678
4663,quad,4663 4664 4680 4679
4664,quad,4664 4665 4681 4680
4665,quad,4665 4666 4682 4681
4666,quad,4666 4667 4683 4682
4667,quad,4667 4668 4684 4683
4668,quad,4668 4669 4685 4684
4669,quad,4669 4670 4686 4685
4670,quad,4670 4671 4687 4686
4671,quad,4671 4656 4672 4687
4672,quad,4672 4673 4689 4688
4673,quad,4673 4674 4690 4689
4674,quad,4674 4675 4691 4690
4675,quad,4675 4676 4692 4691
4676,quad,4676 4677 4693 4692
4677,quad,4677 4678 4694 4693
4678,quad,4678 4679 4695 4694
4679,quad,4679 4680 4696 4695
4680,quad,4680 4681 4697 4696
4681,quad,4681 4682 4698 4697
4682,quad,4682 4683 4699 4698
4683,quad,4683 4684 4700 4699
4684,quad,4684 4685 4701 4700
4685,quad,4685 4686 4702 4701
4686,quad,4686 4687 4703 4702
4687,quad,4687 4672 4688 4703
4688,quad,4688 4689 4705 4704
4689,quad,4689 4690 4706 4705
4690,quad,4690 4691 4707 4706
4691,quad,4691 4692 4708 4707
4692,quad,4692 4693 4709 4708
4693,quad,4693 4694 4710 4709
4694,quad,4694 4695 4711 4710
4695,quad,4695 4696 4712 4711
4696,quad,4696 4697 4713 4712
4697,quad,4697 4698 4714 4713
4698,quad,4698 4699 4715 4714
4699,quad,4699 4700 4716 4715
4700,quad,4700 4701 4717 4716
4701,quad,4701 4702 4718 4717
4702,quad,4702 4703 4719 4718
4703,quad,4703 4688 4704 4719
4704,quad,4704 4705 4721 4720
4705,quad,4705 4706 4722 4721
4706,quad,4706 4707 4723 4722
4707,quad,4707 4708 4724 4723
4708,quad,4708 4709 4725 4724
4709,quad,4709 4710 4726 4725
4710,quad,4710 4711 4727 4726
4711,quad,4711 4712 4728 4727
4712,quad,4712 4713 4729 4728
4713,quad,4713 4714 4730 4729
4714,quad,4714 4715 4731 4730
4715,quad,4715 4716 4732 4731
4716,quad,4716 4717 4733 4732
4717,quad,4717 4718 4734 4733
4718,quad,4718 4719 4735 4734
4719,quad,4719 4704 4720 4735
4720,quad,4720 4721 4737 4736
4721,quad,4721 4722 4738 4737
4722,quad,4722 4723 4739 4738
4723,quad,4723 4724 4740 4739
4724,quad,4724 4725 4741 4740
4725,quad,4725 4726 4742 4741
4726,quad,4726 4727 4743 4742
4727,quad,4727 4728 4744 4743
4728,quad,4728 4729 4745 4744
4729,quad,4729 4730 4746 4745
4730,quad,4730 4731 4747 4746
4731,quad,4731 4732 4748 4747
4732,quad,4732 4733 4749 4748
4733,quad,4733 4734 4750 4749
4734,quad,4734 4735 4751 4750
4735,quad,4735 4720 4736 4751
4736,quad,4736 4737 4753 4752
4737,quad,4737 4738 4754 4753
4738,quad,4738 4739 4755 4754
4739,quad,4739 4740 4756 4755
4740,quad,4740 4741 4757 4756
4741,quad,4741 4742 4758 4757
4742,quad,4742 4743 4759 4758
4743,quad,4743 4744 4760 4759
4744,quad,4744 4745 4761 4760
4745,quad,4745 4746 4762 4761
4746,quad,4746 4747 4763 4762
4747,quad,4747 4748 4764 4763
4748,quad,4748 4749 4765 4764
4749,quad,4749 4750 4766 4765
4750,quad,4750 4751 4767 4766
4751,quad,4751 4736 4752 4767
4752,quad,4752 4753 4769 4768
4753,quad,4753 4754 4770 4769
4754,quad,4754 4755 4771 4770
4755,quad,4755 4756 4772 4771
4756,quad,4756 4757 4773 4772
4757,quad,4757 4758 4774 4773
4758,quad,4758 4759 4775 4774
4759,quad,4759 4760 4776 4775
4760,quad,4760 4761 4777 4776
4761,quad,4761 4762 4778 4777
4762,quad,4762 4763 4779 4778
4763,quad,4763 4764 4780 4779
4764,quad,4764 4765 4781 4780
4765,quad,4765 4766 4782 4781
4766,quad,4766 4767 4783 4782
4767,quad,4767 4752 4768 4783
4768,quad,4768 4769 4785 4784
4769,quad,4769 4770 4786 4785
4770,quad,4770 4771 4787 4786
4771,quad,4771 4772 4788 4787
4772,quad,4772 4773 4789 4788
4773,quad,4773 4774 4790 4789
4774,quad,4774 4775 4791 4790
4775,quad,4775 4776 4792 4791
4776,quad,4776 4777 4793 4792
4777,quad,4777 4778 4794 4793
4778,quad,4778 4779 4795 4794
4779,quad,4779 4780 4796 4795
4780,quad,4780 4781 4797 4796
4781,quad,4781 4782 4798 4797
4782,quad,4782 4783 4799 4798
4783,quad,4783 4768 4784 4799
4784,quad,4784 4785 4801 4800
4785,quad,4785 4786 4802 4801
4786,quad,4786 4787 4803 4802
4787,quad,4787 4788 4804 4803
4788,quad,4788 4789 4805 4804
4789,quad,4789 4790 4806 4805
4790,quad,4790 4791 4807 4806
4791,quad,4791 4792 4808 4807
4792,quad,4792 4793 4809 4808
4793,quad,4793 4794 4810 4809
4794,quad,4794 4795 4811 4810
4795,quad,4795 4796 4812 4811
4796,quad,4796 4797 4813 4812
4797,quad,4797 4798 4814 4813
4798,quad,4798 4799 4815 4814
4799,quad,4799 4784 4800 4815
4800,quad,4800 4801 4817 4816
4801,quad,4801 4802 4818 4817
4802,quad,4802 4803 4819 4818
4803,quad,4803 4804 4820 4819
4804,quad,4804 4805 4821 4820
4805,quad,4805 4806 4822 4821
4806,quad,4806 4807 4823 4822
4807,quad,4807 4808 4824 4823
4808,quad,4808 4809 4825 4824
4809,quad,4809 4810 4826 4825
4810,quad,4810 4811 4827 4826
4811,quad,4811 4812 4828 4827
4812,quad,4812 4813 4829 4828
4813,quad,4813 4814 4830 4829
4814,quad,4814 4815 4831 4830
4815,quad,4815 4800 4816 4831
4816,quad,4816 4817 4833 4832
4817,quad,4817 4818 4834 4833
4818,quad,4818 4819 4835 4834
4819,quad,4819 4820 4836 4835
4820,quad,4820 4821 4837 4836
4821,quad,4821 4822 4838 4837
4822,quad,4822 4823 4839 4838
4823,quad,4823 4824 4840 4839
4824,quad,4824 4825 4841 4840
4825,quad,4825 4826 4842 4841
4826,quad,4826 4827 4843 4842
4827,quad,4827 4828 4844 4843
4828,quad,4828 4829 4845 4844
4829,quad,4829 4830 4846 4845
4830,quad,4830 4831 4847 4846
4831,quad,4831 4816 4832 4847
4832,quad,4832 4833 4849 4848
4833,quad,4833 4834 4850 4849
4834,quad,4834 4835 4851 4850
4835,quad,4835 4836 4852 4851
4836,quad,4836 4837 4853 4852
4837,quad,4837 4838 4854 4853
4838,quad,4838 4839 4855 4854
4839,quad,4839 4840 4856 4855
4840,quad,4840 4841 4857 4856
4841,quad,4841 4842 4858 4857
4842,quad,4842 4843 4859 4858
4843,quad,4843 4844 4860 4859
4844,quad,4844 4845 4861 4860
4845,quad,4845 4846 4862 4861
4846,quad,4846 4847 4863 4862
4847,quad,4847 4832 4848 4863
4848,quad,4848 4849 4865 4864
4849,quad,4849 4850 4866 4865
4850,quad,4850 4851 4867 4866
4851,quad,4851 4852 4868 4867
4852,quad,4852 4853 4869 4868
4853,quad,4853 4854 4870 4869
4854,quad,4854 4855 4871 4870
4855,quad,4855 4856 4872 4871
4856,quad,4856 4857 4873 4872
4857,quad,4857 4858 4874 4873
4858,quad,4858 4859 4875 4874
4859,quad,4859 4860 4876 4875
4860,quad,4860 4861 4877 4876
4861,quad,4861 4862 4878 4877
4862,quad,4862 4863 4879 4878
4863,quad,4863 4848 4864 4879
4864,quad,4864 4865 4881 4880
4865,quad,4865 4866 4882 4881
4866,quad,4866 4867 4883 4882
4867,quad,4867 4868 4884 4883
4868,quad,4868 4869 4885 4884
4869,quad,4869 4870 4886 4885
4870,quad,4870 4871 4887 4886
4871,quad,4871 4872 4888 4887
4872,quad,4872 4873 4889 4888
4873,quad,4873 4874 4890 4889
4874,quad,4874 4875 4891 4890
4875,quad,4875 4876 4892 4891
4876,quad,4876 4877 4893 4892
4877,quad,4877 4878 4894 4893
4878,quad,4878 4879 4895 4894
4879,quad,4879 4864 4880 4895
4880,quad,4880 4881 4897 4896
4881,quad,4881 4882 4898 4897
4882,quad,4882 4883 4899 4898
4883,quad,4883 4884 4900 4899
4884,quad,4884 4885 4901 4900
4885,quad,4885 4886 4902 4901
4886,quad,4886 4887 4903 4902
4887,quad,4887 4888 4904 4903
4888,quad,4888 4889 4905 4904
4889,quad,4889 4890 4906 4905
4890,quad,4890 4891 4907 4906
4891,quad,4891 4892 4908 4907
4892,quad,4892 4893 4909 4908
4893,quad,4893 4894 4910 4909
4894,quad,4894 4895 4911 4910
4895,quad,4895 4880 4896 4911
4896,quad,4896 4897 4913 4912
4897,quad,4897 4898 4914 4913
4898,quad,4898 4899 4915 4914
4899,quad,4899 4900 4916 4915
4900,quad,4900 4901 4917 4916
4901,quad,4901 4902 4918 4917
4902,quad,4902 4903 4919 4918
4903,quad,4903 4904 4920 4919
4904,quad,4904 4905 4921 4920
4905,quad,4905 4906 4922 4921
4906,quad,4906 4907 4923 4922
4907,quad,4907 4908 4924 4923
4908,quad,4908 4909 4925 4924
4909,quad,4909 4910 4926 4925
4910,quad,4910 4911 4927 4926
4911,quad,4911 4896 4912 4927
4912,quad,4912 4913 4929 4928
4913,quad,4913 4914 4930 4929
4914,quad,4914 4915 4931 4930
4915,quad,4915 4916 4932 4931
4916,quad,4916 4917 4933 4932
4917,quad,4917 4918 4934 4933
4918,quad,4918 4919 4935 4934
4919,quad,4919 4920 4936 4935
4920,quad,4920 4921 4937 4936
4921,quad,4921 4922 4938 4937
4922,quad,4922 4923 4939 4938
4923,quad,4923 4924 4940 4939
4924,quad,4924 4925 4941 4940
4925,quad,4925 4926 4942 4941
4926,quad,4926 4927 4943 4942
4927,quad,4927 4912 4928 4943
4928,quad,4928 4929 4945 4944
4929,quad,4929 4930 4946 4945
4930,quad,4930 4931 4947 4946
4931,quad,4931 4932 4948 4947
4932,quad,4932 4933 4949 4948
4933,quad,4933 4934 4950 4949
4934,quad,4934 4935 4951 4950
4935,quad,4935 4936 4952 4951
4936,quad,4936 4937 4953 4952
4937,quad,4937 4938 4954 4953
4938,quad,4938 4939 4955 4954
4939,quad,4939 4940 4956 4955
4940,quad,4940 4941 4957 4956
4941,quad,4941 4942 4958 4957
4942,quad,4942 4943 4959 4958
4943,quad,4943 4928 4944 4959
4944,quad,4944 4945 4961 4960
4945,quad,4945 4946 4962 4961
4946,quad,4946 4947 4963 4962
4947,quad,4947 4948 4964 4963
4948,quad,4948 4949 4965 4964
4949,quad,4949 4950 4966 4965
4950,quad,4950 4951 4967 4966
4951,quad,4951 4952 4968 4967
4952,quad,4952 4953 4969 4968
4953,quad,4953 4954 4970 4969
4954,quad,4954 4955 4971 4970
4955,quad,4955 4956 4972 4971
4956,quad,4956 4957 4973 4972
4957,quad,4957 4958 4974 4973
4958,quad,4958 4959 4975 4974
4959,quad,4959 4944 4960 4975
4960,quad,4960 4961 4977 4976
4961,quad,4961 4962 4978 4977
4962,quad,4962 4963 4979 4978
4963,quad,4963 4964 4980 4979
4964,quad,4964 4965 4981 4980
4965,quad,4965 4966 4982 4981
4966,quad,4966 4967 4983 4982
4967,quad,4967 4968 4984 4983
4968,quad,4968 4969 4985 4984
4969,quad,4969 4970 4986 4985
4970,quad,4970 4971 4987 4986
4971,quad,4971 4972 4988 4987
4972,quad,4972 4973 4989 4988
4973,quad,4973 4974 4990 4989
4974,quad,4974 4975 4991 4990
4975,quad,4975 4960 4976 4991
4976,quad,4976 4977 4993 4992
4977,quad,4977 4978 4994 4993
4978,quad,4978 4979 4995 4994
4979,quad,4979 4980 4996 4995
4980,quad,4980 4981 4997 4996
4981,quad,4981 4982 4998 4997
4982,quad,4982 4983 4999 4998
4983,quad,4983 4984 5000 4999
4984,quad,4984 4985 5001 5000
4985,quad,4985 4986 5002 5001
4986,quad,4986 4987 5003 5002
4987,quad,4987 4988 5004 5003
4988,quad,4988 4989 5005 5004
4989,quad,4989 4990 5006 5005
4990,quad,4990 4991 5007 5006
4991,quad,4991 4976 4992 5007
4992,quad,4992 4993 5009 5008
4993,quad,4993 4994 5010 5009
4994,quad,4994 4995 5011 5010
4995,quad,4995 4996 5012 5011
4996,quad,4996 4997 5013 5012
4997,quad,4997 4998 5014 5013
4998,quad,4998 4999 5015 5014
4999,quad,4999 5000 5016 5015
5000,quad,5000 5001 5017 5016
5001,quad,5001 5002 5018 5017
5002,quad,5002 5003 5019 5018
5003,quad,5003 5004 5020 5019
5004,quad,5004 5005 5021 5020
5005,quad,5005 5006 5022 5021
5006,quad,5006 5007 5023 5022
5007,quad,5007 4992 5008 5023
5008,quad,5008 5009 5025 5024
5009,quad,5009 5010 5026 5025
5010,quad,5010 5011 5027 5026
5011,quad,5011 5012 5028 5027
5012,quad,5012 5013 5029 5028
5013,quad,5013 5014 5030 5029
5014,quad,5014 5015 5031 5030
5015,quad,5015 5016 5032 5031
5016,quad,5016 5017 5033 5032
5017,quad,5017 5018 5034 5033
5018,quad,5018 5019 5035 5034
5019,quad,5019 5020 5036 5035
5020,quad,5020 5021 5037 5036
5021,quad,5021 5022 5038 5037
5022,quad,5022 5023 5039 5038
5023,quad,5023 5008 5024 5039
5024,quad,5024 5025 5041 5040
5025,quad,5025 5026 5042 5041
5026,quad,5026 5027 5043 5042
5027,quad,5027 5028 5044 5043
5028,quad,5028 5029 5045 5044
5029,quad,5029 5030 5046 5045
5030,quad,5030 5031 5047 5046
5031,quad,5031 5032 5048 5047
5032,quad,5032 5033 5049 5048
5033,quad,5033 5034 5050 5049
5034,quad,5034 5035 5051 5050
5035,quad,5035 5036 5052 5051
5036,quad,5036 5037 5053 5052
5037,quad,5037 5038 5054 5053
5038,quad,5038 5039 5055 5054
5039,quad,5039 5024 5040 5055
5040,quad,5040 5041 5057 5056
5041,quad,5041 5042 5058 5057
5042,quad,5042 5043 5059 5058
5043,quad,5043 5044 5060 5059
5044,quad,5044 5045 5061 5060
5045,quad,5045 5046 5062 5061
5046,quad,5046 5047 5063 5062
5047,quad,5047 5048 5064 5063
5048,quad,5048 5049 5065 5064
5049,quad,5049 5050 5066 5065
5050,quad,5050 5051 5067 5066
5051,quad,5051 5052 5068 5067
5052,quad,5052 5053 5069 5068
5053,quad,5053 5054 5070 5069
5054,quad,5054 5055 5071 5070
5055,quad,5055 5040 5056 5071
5056,quad,5056 5057 5073 5072
5057,quad,5057 5058 5074 5073
5058,quad,5058 5059 5075 5074
5059,quad,5059 5060 5076 5075
5060,quad,5060 5061 5077 5076
5061,quad,5061 5062 5078 5077
5062,quad,5062 5063 5079 5078
5063,quad,5063 5064 5080 5079
5064,quad,5064 5065 5081 5080
5065,quad,5065 5066 5082 5081
5066,quad,5066 5067 5083 5082
5067,quad,5067 5068 5084 5083
5068,quad,5068 5069 5085 5084
5069,quad,5069 5070 5086 5085
5070,quad,5070 5071 5087 5086
5071,quad,5071 5056 5072 5087
5072,quad,5072 5073 5089 5088
5073,quad,5073 5074 5090 5089
5074,quad,5074 5075 5091 5090
5075,quad,5075 5076 5092 5091
5076,quad,5076 5077 5093 5092
5077,quad,5077 5078 5094 5093
5078,quad,5078 5079 5095 5094
5079,quad,5079 5080 5096 5095
5080,quad,5080 5081 5097 5096
5081,quad,5081 5082 5098 5097
5082,quad,5082 5083 5099 5098
5083,quad,5083 5084 5100 5099
5084,quad,5084 5085 5101 5100
5085,quad,5085 5086 5102 5101
5086,quad,5086 5087 5103 5102
5087,quad,5087 5072 5088 5103
5088,quad,5088 5089 5105 5104
5089,quad,5089 5090 5106 5105
5090,quad,5090 5091 5107 5106
5091,quad,5091 5092 5108 5107
5092,quad,5092 5093 5109 5108
5093,quad,5093 5094 5110 5109
5094,quad,5094 5095 5111 5110
5095,quad,5095 5096 5112 5111
5096,quad,5096 5097 5113 5112
5097,quad,5097 5098 5114 5113
5098,quad,5098 5099 5115 5114
5099,quad,5099 5100 5116 5115
5100,quad,5100 5101 5117 5116
5101,quad,5101 5102 5118 5117
5102,quad,5102 5103 5119 5118
5103,quad,5103 5088 5104 5119
5104,quad,5104 5105 5121 5120
5105,quad,5105 5106 5122 5121
5106,quad,5106 5107 5123 5122
5107,quad,5107 5108 5124 5123
5108,quad,5108 5109 5125 5124
5109,quad,5109 5110 5126 5125
5110,quad,5110 5111 5127 5126
5111,quad,5111 5112 5128 5127
5112,quad,5112 5113 5129 5128
5113,quad,5113 5114 5130 5129
5114,quad,5114 5115 5131 5130
5115,quad,5115 5116 5132 5131
5116,quad,5116 5117 5133 5132
5117,quad,5117 5118 5134 5133
5118,quad,5118 5119 5135 5134
5119,quad,5119 5104 5120 5135
5120,quad,5120 5121 5137 5136
5121,quad,5121 5122 5138 5137
5122,quad,5122 5123 5139 5138
5123,quad,5123 5124 5140 5139
5124,quad,5124 5125 5141 5140
5125,quad,5125 5126 5142 5141
5126,quad,5126 5127 5143 5142
5127,quad,5127 5128 5144 5143
5128,quad,5128 5129 5145 5144
5129,quad,5129 5130 5146 5145
5130,quad,5130 5131 5147 5146
5131,quad,5131 5132 5148 5147
5132,quad,5132 5133 5149 5148
5133,quad,5133 5134 5150 5149
5134,quad,5134 5135 5151 5150
5135,quad,5135 5120 5136 5151
5136,quad,5136 5137 5153 5152
5137,quad,5137 5138 5154 5153
5138,quad,5138 5139 5155 5154
5139,quad,5139 5140 5156 5155
5140,quad,5140 5141 5157 5156
5141,quad,5141 5142 5158 5157
5142,quad,5142 5143 5159 5158
5143,quad,5143 5144 5160 5159
5144,quad,5144 5145 5161 5160
5145,quad,5145 5146 5162 5161
5146,quad,5146 5147 5163 5162
5147,quad,5147 5148 5164 5163
5148,quad,5148 5149 5165 5164
5149,quad,5149 5150 5166 5165
5150,quad,5150 5151 5167 5166
5151,quad,5151 5136 5152 5167
5152,quad,5152 5153 5169 5168
5153,quad,5153 5154 5170 5169
5154,quad,5154 5155 5171 5170
5155,quad,5155 5156 5172 5171
5156,quad,5156 5157 5173 5172
5157,quad,5157 5158 5174 5173
5158,quad,5158 5159 5175 5174
5159,quad,5159 5160 5176 5175
5160,quad,5160 5161 5177 5176
5161,quad,5161 5162 5178 5177
5162,quad,5162 5163 5179 5178
5163,quad,5163 5164 5180 5179
5164,quad,5164 5165 5181 5180
5165,quad,5165 5166 5182 5181
5166,quad,5166 5167 5183 5182
5167,quad,5167 5152 5168 5183
5168,quad,5168 5169 5185 5184
5169,quad,5169 5170 5186 5185
5170,quad,5170 5171 5187 5186
5171,quad,5171 5172 5188 5187
5172,quad,5172 5173 5189 5188
5173,quad,5173 5174 5190 5189
5174,quad,5174 5175 5191 5190
5175,quad,5175 5176 5192 5191
5176,quad,5176 5177 5193 5192
5177,quad,5177 5178 5194 5193
5178,quad,5178 5179 5195 5194
5179,quad,5179 5180 5196 5195
5180,quad,5180 5181 5197 5196
5181,quad,5181 5182 5198 5197
5182,quad,5182 5183 5199 5198
5183,quad,5183 5168 5184 5199
5184,quad,5184 5185 5201 5200
5185,quad,5185 5186 5202 5201
5186,quad,5186 5187 5203 5202
5187,quad,5187 5188 5204 5203
5188,quad,5188 5189 5205 5204
5189,quad,5189 5190 5206 5205
5190,quad,5190 5191 5207 5206
5191,quad,5191 5192 5208 5207
5192,quad,5192 5193 5209 5208
5193,quad,5193 5194 5210 5209
5194,quad,5194 5195 5211 5210
5195,quad,5195 5196 5212 5211
5196,quad,5196 5197 5213 5212
5197,quad,5197 5198 5214 5213
5198,quad,5198 5199 5215 5214
5199,quad,5199 5184 5200 5215
5200,quad,5200 5201 5217 5216
5201,quad,5201 5202 5218 5217
5202,quad,5202 5203 5219 5218
5203,quad,5203 5204 5220 5219
5204,quad,5204 5205 5221 5220
5205,quad,5205 5206 5222 5221
5206,quad,5206 5207 5223 5222
5207,quad,5207 5208 5224 5223
5208,quad,5208 5209 5225 5224
5209,quad,5209 5210 5226 5225
5210,quad,5210 5211 5227 5226
5211,quad,5211 5212 5228 5227
5212,quad,5212 5213 5229 5228
5213,quad,5213 5214 5230 5229
5214,quad,5214 5215 5231 5230
5215,quad,5215 5200 5216 5231
5216,quad,5216 5217 5233 5232
5217,quad,5217 5218 5234 5233
5218,quad,5218 5219 5235 5234
5219,quad,5219 5220 5236 5235
5220,quad,5220 5221 5237 5236
5221,quad,5221 5222 5238 5237
5222,quad,5222 5223 5239 5238
5223,quad,5223 5224 5240 5239
5224,quad,5224 5225 5241 5240
5225,quad,5225 5226 5242 5241
5226,quad,5226 5227 5243 5242
5227,quad,5227 5228 5244 5243
5228,quad,5228 5229 5245 5244
5229,quad,5229 5230 5246 5245
5230,quad,5230 5231 5247 5246
5231,quad,5231 5216 5232 5247
5232,quad,5232 5233 5249 5248
5233,quad,5233 5234 5250 5249
5234,quad,5234 5235 5251 5250
5235,quad,5235 5236 5252 5251
5236,quad,5236 5237 5253 5252
5237,quad,5237 5238 5254 5253
5238,quad,5238 5239 5255 5254
5239,quad,5239 5240 5256 5255
5240,quad,5240 5241 5257 5256
5241,quad,5241 5242 5258 5257
5242,quad,5242 5243 5259 5258
5243,quad,5243 5244 5260 5259
5244,quad,5244 5245 5261 5260
5245,quad,5245 5246 5262 5261
5246,quad,5246 5247 5263 5262
5247,quad,5247 5232 5248 5263
5248,quad,5248 5249 5265 5264
5249,quad,5249 5250 5266 5265
5250,quad,5250 5251 5267 5266
5251,quad,5251 5252 5268 5267
5252,quad,5252 5253 5269 5268
5253,quad,5253 5254 5270 5269
5254,quad,5254 5255 5271 5270
5255,quad,5255 5256 5272 5271
5256,quad,5256 5257 5273 5272
5257,quad,5257 5258 5274 5273
5258,quad,5258 5259 5275 5274
5259,quad,5259 5260 5276 5275
5260,quad,5260 5261 5277 5276
5261,quad,5261 5262 5278 5277
5262,quad,5262 5263 5279 5278
5263,quad,5263 5248 5264 5279
5264,quad,5264 5265 5281 5280
5265,quad,5265 5266 5282 5281
5266,quad,5266 5267 5283 5282
5267,quad,5267 5268 5284 5283
5268,quad,5268 5269 5285 5284
5269,quad,5269 5270 5286 5285
5270,quad,5270 5271 5287 5286
5271,quad,5271 5272 5288 5287
5272,quad,5272 5273 5289 5288
5273,quad,5273 5274 5290 5289
5274,quad,5274 5275 5291 5290
5275,quad,5275 5276 5292 5291
5276,quad,5276 5277 5293 5292
5277,quad,5277 5278 5294 5293
5278,quad,5278 5279 5295 5294
5279,quad,5279 5264 5280 5295
5280,quad,5280 5281 5297 5296
5281,quad,5281 5282 5298 5297
5282,quad,5282 5283 5299 5298
5283,quad,5283 5284 5300 5299
5284,quad,5284 5285 5301 5300
5285,quad,5285 5286 5302 5301
5286,quad,5286 5287 5303 5302
5287,quad,5287 5288 5304 5303
5288,quad,5288 5289 5305 5304
5289,quad,5289 5290 5306 5305
5290,quad,5290 5291 5307 5306
5291,quad,5291 5292 5308 5307
5292,quad,5292 5293 5309 5308
5293,quad,5293 5294 5310 5309
5294,quad,5294 5295 5311 5310
5295,quad,5295 5280 5296 5311
5296,quad,5296 5297 5313 5312
5297,quad,5297 5298 5314 5313
5298,quad,5298 5299 5315 5314
5299,quad,5299 5300 5316 5315
5300,quad,5300 5301 5317 5316
5301,quad,5301 5302 5318 5317
5302,quad,5302 5303 5319 5318
5303,quad,5303 5304 5320 5319
5304,quad,5304 5305 5321 5320
5305,quad,5305 5306 5322 5321
5306,quad,5306 5307 5323 5322
5307,quad,5307 5308 5324 5323
5308,quad,5308 5309 5325 5324
5309,quad,5309 5310 5326 5325
5310,quad,5310 5311 5327 5326
5311,quad,5311 5296 5312 5327
5312,quad,5312 5313 5329 5328
5313,quad,5313 5314 5330 5329
5314,quad,5314 5315 5331 5330
5315,quad,5315 5316 5332 5331
5316,quad,5316 5317 5333 5332
5317,quad,5317 5318 5334 5333
5318,quad,5318 5319 5335 5334
5319,quad,5319 5320 5336 5335
5320,quad,5320 5321 5337 5336
5321,quad,5321 5322 5338 5337
5322,quad,5322 5323 5339 5338
5323,quad,5323 5324 5340 5339
5324,quad,5324 5325 5341 5340
5325,quad,5325 5326 5342 5341
5326,quad,5326 5327 5343 5342
5327,quad,5327 5312 5328 5343
5328,quad,5328 5329 5345 5344
5329,quad,5329 5330 5346 5345
5330,quad,5330 5331 5347 5346
5331,quad,5331 5332 5348 5347
5332,quad,5332 5333 5349 5348
5333,quad,5333 5334 5350 5349
5334,quad,5334 5335 5351 5350
5335,quad,5335 5336 5352 5351
5336,quad,5336 5337 5353 5352
5337,quad,5337 5338 5354 5353
5338,quad,5338 5339 5355 5354
5339,quad,5339 5340 5356 5355
5340,quad,5340 5341 5357 5356
5341,quad,5341 5342 5358 5357
5342,quad,5342 5343 5359 5358
5343,quad,5343 5328 5344 5359
5344,quad,5344 5345 5361 5360
5345,quad,5345 5346 5362 5361
5346,quad,5346 5347 5363 5362
5347,quad,5347 5348 5364 5363
5348,quad,5348 5349 5365 5364
5349,quad,5349 5350 5366 5365
5350,quad,5350 5351 5367 5366
5351,quad,5351 5352 5368 5367
5352,quad,5352 5353 5369 5368
5353,quad,5353 5354 5370 5369
5354,quad,5354 5355 5371 5370
5355,quad,5355 5356 5372 5371
5356,quad,5356 5357 5373 5372
5357,quad,5357 5358 5374 5373
5358,quad,5358 5359 5375 5374
5359,quad,5359 5344 5360 5375
5360,quad,5360 5361 5377 5376
5361,quad,5361 5362 5378 5377
5362,quad,5362 5363 5379 5378
5363,quad,5363 5364 5380 5379
5364,quad,5364 5365 5381 5380
5365,quad,5365 5366 5382 5381
5366,quad,5366 5367 5383 5382
5367,quad,5367 5368 5384 5383
5368,quad,5368 5369 5385 5384
5369,quad,5369 5370 5386 5385
5370,quad,5370 5371 5387 5386
5371,quad,5371 5372 5388 5387
5372,quad,5372 5373 5389 5388
5373,quad,5373 5374 5390 5389
5374,quad,5374 5375 5391 5390
5375,quad,5375 5360 5376 5391
5376,quad,5376 5377 5393 5392
5377,quad,5377 5378 5394 5393
5378,quad,5378 5379 5395 5394
5379,quad,5379 5380 5396 5395
5380,quad,5380 5381 5397 5396
5381,quad,5381 5382 5398 5397
5382,quad,5382 5383 5399 5398
5383,quad,5383 5384 5400 5399
5384,quad,5384 5385 5401 5400
5385,quad,5385 5386 5402 5401
5386,quad,5386 5387 5403 5402
5387,quad,5387 5388 5404 5403
5388,quad,5388 5389 5405 5404
5389,quad,5389 5390 5406 5405
5390,quad,5390 5391 5407 5406
5391,quad,5391 5376 5392 5407
5392,quad,5392 5393 5409 5408
5393,quad,5393 5394 5410 5409
5394,quad,5394 5395 5411 5410
5395,quad,5395 5396 5412 5411
5396,quad,5396 5397 5413 5412
5397,quad,5397 5398 5414 5413
5398,quad,5398 5399 5415 5414
5399,quad,5399 5400 5416 5415
5400,quad,5400 5401 5417 5416
5401,quad,5401 5402 5418 5417
5402,quad,5402 5403 5419 5418
5403,quad,5403 5404 5420 5419
5404,quad,5404 5405 5421 5420
5405,quad,5405 5406 5422 5421
5406,quad,5406 5407 5423 5422
5407,quad,5407 5392 5408 5423
5408,quad,5408 5409 5425 5424
5409,quad,5409 5410 5426 5425
5410,quad,5410 5411 5427 5426
5411,quad,5411 5412 5428 5427
5412,quad,5412 5413 5429 5428
5413,quad,5413 5414 5430 5429
5414,quad,5414 5415 5431 5430
5415,quad,5415 5416 5432 5431
5416,quad,5416 5417 5433 5432
5417,quad,5417 5418 5434 5433
5418,quad,5418 5419 5435 5434
5419,quad,5419 5420 5436 5435
5420,quad,5420 5421 5437 5436
5421,quad,5421 5422 5438 5437
5422,quad,5422 5423 5439 5438
5423,quad,5423 5408 5424 5439
5424,quad,5424 5425 5441 5440
5425,quad,5425 5426 5442 5441
5426,quad,5426 5427 5443 5442
5427,quad,5427 5428 5444 5443
5428,quad,5428 5429 5445 5444
5429,quad,5429 5430 5446 5445
5430,quad,5430 5431 5447 5446
5431,quad,5431 5432 5448 5447
5432,quad,5432 5433 5449 5448
5433,quad,5433 5434 5450 5449
5434,quad,5434 5435 5451 5450
5435,quad,5435 5436 5452 5451
5436,quad,5436 5437 5453 5452
5437,quad,5437 5438 5454 5453
5438,quad,5438 5439 5455 5454
5439,quad,5439 5424 5440 5455
5440,quad,5440 5441 5457 5456
5441,quad,5441 5442 5458 5457
5442,quad,5442 5443 5459 5458
5443,quad,5443 5444 5460 5459
5444,quad,5444 5445 5461 5460
5445,quad,5445 5446 5462 5461
5446,quad,5446 5447 5463 5462
5447,quad,5447 5448 5464 5463
5448,quad,5448 5449 5465 5464
5449,quad,5449 5450 5466 5465
5450,quad,5450 5451 5467 5466
5451,quad,5451 5452 5468 5467
5452,quad,5452 5453 5469 5468
5453,quad,5453 5454 5470 5469
5454,quad,5454 5455 5471 5470
5455,quad,5455 5440 5456 5471
5456,quad,5456 5457 5473 5472
5457,quad,5457 5458 5474 5473
5458,quad,5458 5459 5475 5474
5459,quad,5459 5460 5476 5475
5460,quad,5460 5461 5477 5476
5461,quad,5461 5462 5478 5477
5462,quad,5462 5463 5479 5478
5463,quad,5463 5464 5480 5479
5464,quad,5464 5465 5481 5480
5465,quad,5465 5466 5482 5481
5466,quad,5466 5467 5483 5482
5467,quad,5467 5468 5484 5483
5468,quad,5468 5469 5485 5484
5469,quad,5469 5470 5486 5485
5470,quad,5470 5471 5487 5486
5471,quad,5471 5456 5472 5487
5472,quad,5472 5473 5489 5488
5473,quad,5473 5474 5490 5489
5474,quad,5474 5475 5491 5490
5475,quad,5475 5476 5492 5491
5476,quad,5476 5477 5493 5492
5477,quad,5477 5478 5494 5493
5478,quad,5478 5479 5495 5494
5479,quad,5479 5480 5496 5495
5480,quad,5480 5481 5497 5496
5481,quad,5481 5482 5498 5497
5482,quad,5482 5483 5499 5498
5483,quad,5483 5484 5500 5499
5484,quad,5484 5485 5501 5500
5485,quad,5485 5486 5502 5501
5486,quad,5486 5487 5503 5502
5487,quad,5487 5472 5488 5503
5488,quad,5488 5489 5505 5504
5489,quad,5489 5490 5506 5505
5490,quad,5490 5491 5507 5506
5491,quad,5491 5492 5508 5507
5492,quad,5492 5493 5509 5508
5493,quad,5493 5494 5510 5509
5494,quad,5494 5495 5511 5510
5495,quad,5495 5496 5512 5511
5496,quad,5496 5497 5513 5512
5497,quad,5497 5498 5514 5513
5498,quad,5498 5499 5515 5514
5499,quad,5499 5500 5516 5515
5500,quad,5500 5501 5517 5516
5501,quad,5501 5502 5518 5517
5502,quad,5502 5503 5519 5518
5503,quad,5503 5488 5504 5519
5504,quad,5504 5505 5521 5520
5505,quad,5505 5506 5522 5521
5506,quad,5506 5507 5523 5522
5507,quad,5507 5508 5524 5523
5508,quad,5508 5509 5525 5524
5509,quad,5509 5510 5526 5525
5510,quad,5510 5511 5527 5526
5511,quad,5511 5512 5528 5527
5512,quad,5512 5513 5529 5528
5513,quad,5513 5514 5530 5529
5514,quad,5514 5515 5531 5530
5515,quad,5515 5516 5532 5531
5516,quad,5516 5517 5533 5532
5517,quad,5517 5518 5534 5533
5518,quad,5518 5519 5535 5534
5519,quad,5519 5504 5520 5535
5520,quad,5520 5521 5537 5536
5521,quad,5521 5522 5538 5537
5522,quad,5522 5523 5539 5538
5523,quad,5523 5524 5540 5539
5524,quad,5524 5525 5541 5540
5525,quad,5525 5526 5542 5541
5526,quad,5526 5527 5543 5542
5527,quad,5527 5528 5544 5543
5528,quad,5528 5529 5545 5544
5529,quad,5529 5530 5546 5545
5530,quad,5530 5531 5547 5546
5531,quad,5531 5532 5548 5547
5532,quad,5532 5533 5549 5548
5533,quad,5533 5534 5550 5549
5534,quad,5534 5535 5551 5550
5535,quad,5535 5520 5536 5551
5536,quad,5536 5537 5553 5552
5537,quad,5537 5538 5554 5553
5538,quad,5538 5539 5555 5554
5539,quad,5539 5540 5556 5555
5540,quad,5540 5541 5557 5556
5541,quad,5541 5542 5558 5557
5542,quad,5542 5543 5559 5558
5543,quad,5543 5544 5560 5559
5544,quad,5544 5545 5561 5560
5545,quad,5545 5546 5562 5561
5546,quad,5546 5547 5563 5562
5547,quad,5547 5548 5564 5563
5548,quad,5548 5549 5565 5564
5549,quad,5549 5550 5566 5565
5550,quad,5550 5551 5567 5566
5551,quad,5551 5536 5552 5567
5552,quad,5552 5553 5569 5568
5553,quad,5553 5554 5570 5569
5554,quad,5554 5555 5571 5570
5555,quad,5555 5556 5572 5571
5556,quad,5556 5557 5573 5572
5557,quad,5557 5558 5574 5573
5558,quad,5558 5559 5575 5574
5559,quad,5559 5560 5576 5575
5560,quad,5560 5561 5577 5576
5561,quad,5561 5562 5578 5577
5562,quad,5562 5563 5579 5578
5563,quad,5563 5564 5580 5579
5564,quad,5564 5565 5581 5580
5565,quad,5565 5566 5582 5581
5566,quad,5566 5567 5583 5582
5567,quad,5567 5552 5568 5583
5568,quad,5568 5569 5585 5584
5569,quad,5569 5570 5586 5585
5570,quad,5570 5571 5587 5586
5571,quad,5571 5572 5588 5587
5572,quad,5572 5573 5589 5588
5573,quad,5573 5574 5590 5589
5574,quad,5574 5575 5591 5590
5575,quad,5575 5576 5592 5591
5576,quad,5576 5577 5593 5592
5577,quad,5577 5578 5594 5593
5578,quad,5578 5579 5595 5594
5579,quad,5579 5580 5596 5595
5580,quad,5580 5581 5597 5596
5581,quad,5581 5582 5598 5597
5582,quad,5582 5583 5599 5598
5583,quad,5583 5568 5584 5599
5584,quad,5584 5585 5601 5600
5585,quad,5585 5586 5602 5601
5586,quad,5586 5587 5603 5602
5587,quad,5587 5588 5604 5603
5588,quad,5588 5589 5605 5604
5589,quad,5589 5590 5606 5605
5590,quad,5590 5591 5607 5606
5591,quad,5591 5592 5608 5607
5592,quad,5592 5593 5609 5608
5593,quad,5593 5594 5610 5609
5594,quad,5594 5595 5611 5610
5595,quad,5595 5596 5612 5611
5596,quad,5596 5597 5613 5612
5597,quad,5597 5598 5614 5613
5598,quad,5598 5599 5615 5614
5599,quad,5599 5584 5600 5615
5600,quad,5600 5601 5617 5616
5601,quad,5601 5602 5618 5617
5602,quad,5602 5603 5619 5618
5603,quad,5603 5604 5620 5619
5604,quad,5604 5605 5621 5620
5605,quad,5605 5606 5622 5621
5606,quad,5606 5607 5623 5622
5607,quad,5607 5608 5624 5623
5608,quad,5608 5609 5625 5624
5609,quad,5609 5610 5626 5625
5610,quad,5610 5611 5627 5626
5611,quad,5611 5612 5628 5627
5612,quad,5612 5613 5629 5628
5613,quad,5613 5614 5630 5629
5614,quad,5614 5615 5631 5630
5615,quad,5615 5600 5616 5631
5616,quad,5616 5617 5633 5632
5617,quad,5617 5618 5634 5633
5618,quad,5618 5619 5635 5634
5619,quad,5619 5620 5636 5635
5620,quad,5620 5621 5637 5636
5621,quad,5621 5622 5638 5637
5622,quad,5622 5623 5639 5638
5623,quad,5623 5624 5640 5639
5624,quad,5624 5625 5641 5640
5625,quad,5625 5626 5642 5641
5626,quad,5626 5627 5643 5642
5627,quad,5627 5628 5644 5643
5628,quad,5628 5629 5645 5644
5629,quad,5629 5630 5646 5645
5630,quad,5630 5631 5647 5646
5631,quad,5631 5616 5632 5647
5632,quad,5632 5633 5649 5648
5633,quad,5633 5634 5650 5649
5634,quad,5634 5635 5651 5650
5635,quad,5635 5636 5652 5651
5636,quad,5636 5637 5653 5652
5637,quad,5637 5638 5654 5653
5638,quad,5638 5639 5655 5654
5639,quad,5639 5640 5656 5655
5640,quad,5640 5641 5657 5656
5641,quad,5641 5642 5658 5657
5642,quad,5642 5643 5659 5658
5643,quad,5643 5644 5660 5659
5644,quad,5644 5645 5661 5660
5645,quad,5645 5646 5662 5661
5646,quad,5646 5647 5663 5662
5647,quad,5647 5632 5648 5663
5648,quad,5648 5649 5665 5664
5649,quad,5649 5650 5666 5665
5650,quad,5650 5651 5667 5666
5651,quad,5651 5652 5668 5667
5652,quad,5652 5653 5669 5668
5653,quad,5653 5654 5670 5669
5654,quad,5654 5655 5671 5670
5655,quad,5655 5656 5672 5671
5656,quad,5656 5657 5673 5672
5657,quad,5657 5658 5674 5673
5658,quad,5658 5659 5675 5674
5659,quad,5659 5660 5676 5675
5660,quad,5660 5661 5677 5676
5661,quad,5661 5662 5678 5677
5662,quad,5662 5663 5679 5678
5663,quad,5663 5648 5664 5679
5664,quad,5664 5665 5681 5680
5665,quad,5665 5666 5682 5681
5666,quad,5666 5667 5683 5682
5667,quad,5667 5668 5684 5683
5668,quad,5668 5669 5685 5684
5669,quad,5669 5670 5686 5685
5670,quad,5670 5671 5687 5686
5671,quad,5671 5672 5688 5687
5672,quad,5672 5673 5689 5688
5673,quad,5673 5674 5690 5689
5674,quad,5674 5675 5691 5690
5675,quad,5675 5676 5692 5691
5676,quad,5676 5677 5693 5692
5677,quad,5677 5678 5694 5693
5678,quad,5678 5679 5695 5694
5679,quad,5679 5664 5680 5695
5680,quad,5680 5681 5697 5696
5681,quad,5681 5682 5698 5697
5682,quad,5682 5683 5699 5698
5683,quad,5683 5684 5700 5699
5684,quad,5684 5685 5701 5700
5685,quad,5685 5686 5702 5701
5686,quad,5686 5687 5703 5702
5687,quad,5687 5688 5704 5703
5688,quad,5688 5689 5705 5704
5689,quad,5689 5690 5706 5705
5690,quad,5690 5691 5707 5706
5691,quad,5691 5692 5708 5707
5692,quad,5692 5693 5709 5708
5693,quad,5693 5694 5710 5709
5694,quad,5694 5695 5711 5710
5695,quad,5695 5680 5696 5711
5696,quad,5696 5697 5713 5712
5697,quad,5697 5698 5714 5713
5698,quad,5698 5699 5715 5714
5699,quad,5699 5700 5716 5715
5700,quad,5700 5701 5717 5716
5701,quad,5701 5702 5718 5717
5702,quad,5702 5703 5719 5718
5703,quad,5703 5704 5720 5719
5704,quad,5704 5705 5721 5720
5705,quad,5705 5706 5722 5721
5706,quad,5706 5707 5723 5722
5707,quad,5707 5708 5724 5723
5708,quad,5708 5709 5725 5724
5709,quad,5709 5710 5726 5725
5710,quad,5710 5711 5727 5726
5711,quad,5711 5696 5712 5727
5712,quad,5712 5713 5729 5728
5713,quad,5713 5714 5730 5729
5714,quad,5714 5715 5731 5730
5715,quad,5715 5716 5732 5731
5716,quad,5716 5717 5733 5732
5717,quad,5717 5718 5734 5733
5718,quad,5718 5719 5735 5734
5719,quad,5719 5720 5736 5735
5720,quad,5720 5721 5737 5736
5721,quad,5721 5722 5738 5737
5722,quad,5722 5723 5739 5738
5723,quad,5723 5724 5740 5739
5724,quad,5724 5725 5741 5740
5725,quad,5725 5726 5742 5741
5726,quad,5726 5727 5743 5742
5727,quad,5727 5712 5728 5743
5728,quad,5728 5729 5745 5744
5729,quad,5729 5730 5746 5745
5730,quad,5730 5731 5747 5746
5731,quad,5731 5732 5748 5747
5732,quad,5732 5733 5749 5748
5733,quad,5733 5734 5750 5749
5734,quad,5734 5735 5751 5750
5735,quad,5735 5736 5752 5751
5736,quad,5736 5737 5753 5752
5737,quad,5737 5738 5754 5753
5738,quad,5738 5739 5755 5754
5739,quad,5739 5740 5756 5755
5740,quad,5740 5741 5757 5756
5741,quad,5741 5742 5758 5757
5742,quad,5742 5743 5759 5758
5743,quad,5743 5728 5744 5759
5744,quad,5744 5745 5761 5760
5745,quad,5745 5746 5762 5761
5746,quad,5746 5747 5763 5762
5747,quad,5747 5748 5764 5763
5748,quad,5748 5749 5765 5764
5749,quad,5749 5750 5766 5765
5750,quad,5750 5751 5767 5766
5751,quad,5751 5752 5768 5767
5752,quad,5752 5753 5769 5768
5753,quad,5753 5754 5770 5769
5754,quad,5754 5755 5771 5770
5755,quad,5755 5756 5772 5771
5756,quad,5756 5757 5773 5772
5757,quad,5757 5758 5774 5773
5758,quad,5758 5759 5775 5774
5759,quad,5759 5744 5760 5775
5760,quad,5760 5761 5777 5776
5761,quad,5761 5762 5778 5777
5762,quad,5762 5763 5779 5778
5763,quad,5763 5764 5780 5779
5764,quad,5764 5765 5781 5780
5765,quad,5765 5766 5782 5781
5766,quad,5766 5767 5783 5782
5767,quad,5767 5768 5784 5783
5768,quad,5768 5769 5785 5784
5769,quad,5769 5770 5786 5785
5770,quad,5770 5771 5787 5786
5771,quad,5771 5772 5788 5787
5772,quad,5772 5773 5789 5788
5773,quad,5773 5774 5790 5789
5774,quad,5774 5775 5791 5790
5775,quad,5775 5760 5776 5791
5776,quad,5776 5777 5793 5792
5777,quad,5777 5778 5794 5793
5778,quad,5778 5779 5795 5794
5779,quad,5779 5780 5796 5795
5780,quad,5780 5781 5797 5796
5781,quad,5781 5782 5798 5797
5782,quad,5782 5783 5799 5798
5783,quad,5783 5784 5800 5799
5784,quad,5784 5785 5801 5800
5785,quad,5785 5786 5802 5801
5786,quad,5786 5787 5803 5802
5787,quad,5787 5788 5804 5803
5788,quad,5788 5789 5805 5804
5789,quad,5789 5790 5806 5805
5790,quad,5790 5791 5807 5806
5791,quad,5791 5776 5792 5807
5792,quad,5792 5793 5809 5808
5793,quad,5793 5794 5810 5809
5794,quad,5794 5795 5811 5810
5795,quad,5795 5796 5812 5811
5796,quad,5796 5797 5813 5812
5797,quad,5797 5798 5814 5813
5798,quad,5798 5799 5815 5814
5799,quad,5799 5800 5816 5815
5800,quad,5800 5801 5817 5816
5801,quad,5801 5802 5818 5817
5802,quad,5802 5803 5819 5818
5803,quad,5803 5804 5820 5819
5804,quad,5804 5805 5821 5820
5805,quad,5805 5806 5822 5821
5806,quad,5806 5807 5823 5822
5807,quad,5807 5792 5808 5823
5808,quad,5808 5809 5825 5824
5809,quad,5809 5810 5826 5825
5810,quad,5810 5811 5827 5826
5811,quad,5811 5812 5828 5827
5812,quad,5812 5813 5829 5828
5813,quad,5813 5814 5830 5829
5814,quad,5814 5815 5831 5830
5815,quad,5815 5816 5832 5831
5816,quad,5816 5817 5833 5832
5817,quad,5817 5818 5834 5833
5818,quad,5818 5819 5835 5834
5819,quad,5819 5820 5836 5835
5820,quad,5820 5821 5837 5836
5821,quad,5821 5822 5838 5837
5822,quad,5822 5823 5839 5838
5823,quad,5823 5808 5824 5839
5824,quad,5824 5825 5841 5840
5825,quad,5825 5826 5842 5841
5826,quad,5826 5827 5843 5842
5827,quad,5827 5828 5844 5843
5828,quad,5828 5829 5845 5844
5829,quad,5829 5830 5846 5845
5830,quad,5830 5831 5847 5846
5831,quad,5831 5832 5848 5847
5832,quad,5832 5833 5849 5848
5833,quad,5833 5834 5850 5849
5834,quad,5834 5835 5851 5850
5835,quad,5835 5836 5852 5851
5836,quad,5836 5837 5853 5852
5837,quad,5837 5838 5854 5853
5838,quad,5838 5839 5855 5854
5839,quad,5839 5824 5840 5855
5840,quad,5840 5841 5857 5856
5841,quad,5841 5842 5858 5857
5842,quad,5842 5843 5859 5858
5843,quad,5843 5844 5860 5859
5844,quad,5844 5845 5861 5860
5845,quad,5845 5846 5862 5861
5846,quad,5846 5847 5863 5862
5847,quad,5847 5848 5864 5863
5848,quad,5848 5849 5865 5864
5849,quad,5849 5850 5866 5865
5850,quad,5850 5851 5867 5866
5851,quad,5851 5852 5868 5867
5852,quad,5852 5853 5869 5868
5853,quad,5853 5854 5870 5869
5854,quad,5854 5855 5871 5870
5855,quad,5855 5840 5856 5871
5856,quad,5856 5857 5873 5872
5857,quad,5857 5858 5874 5873
5858,quad,5858 5859 5875 5874
5859,quad,5859 5860 5876 5875
5860,quad,5860 5861 5877 5876
5861,quad,5861 5862 5878 5877
5862,quad,5862 5863 5879 5878
5863,quad,5863 5864 5880 5879
5864,quad,5864 5865 5881 5880
5865,quad,5865 5866 5882 5881
5866,quad,5866 5867 5883 5882
5867,quad,5867 5868 5884 5883
5868,quad,5868 5869 5885 5884
5869,quad,5869 5870 5886 5885
5870,quad,5870 5871 5887 5886
5871,quad,5871 5856 5872 5887
5872,quad,5872 5873 5889 5888
5873,quad,5873 5874 5890 5889
5874,quad,5874 5875 5891 5890
5875,quad,5875 5876 5892 5891
5876,quad,5876 5877 5893 5892
5877,quad,5877 5878 5894 5893
5878,quad,5878 5879 5895 5894
5879,quad,5879 5880 5896 5895
5880,quad,5880 5881 5897 5896
5881,quad,5881 5882 5898 5897
5882,quad,5882 5883 5899 5898
5883,quad,5883 5884 5900 5899
5884,quad,5884 5885 5901 5900
5885,quad,5885 5886 5902 5901
5886,quad,5886 5887 5903 5902
5887,quad,5887 5872 5888 5903
5888,quad,5888 5889 5905 5904
5889,quad,5889 5890 5906 5905
5890,quad,5890 5891 5907 5906
5891,quad,5891 5892 5908 5907
5892,quad,5892 5893 5909 5908
5893,quad,5893 5894 5910 5909
5894,quad,5894 5895 5911 5910
5895,quad,5895 5896 5912 5911
5896,quad,5896 5897 5913 5912
5897,quad,5897 5898 5914 5913
5898,quad,5898 5899 5915 5914
5899,quad,5899 5900 5916 5915
5900,quad,5900 5901 5917 5916
5901,quad,5901 5902 5918 5917
5902,quad,5902 5903 5919 5918
5903,quad,5903 5888 5904 5919
5904,quad,5904 5905 5921 5920
5905,quad,5905 5906 5922 5921
5906,quad,5906 5907 5923 5922
5907,quad,5907 5908 5924 5923
5908,quad,5908 5909 5925 5924
5909,quad,5909 5910 5926 5925
5910,quad,5910 5911 5927 5926
5911,quad,5911 5912 5928 5927
5912,quad,5912 5913 5929 5928
5913,quad,5913 5914 5930 5929
5914,quad,5914 5915 5931 5930
5915,quad,5915 5916 5932 5931
5916,quad,5916 5917 5933 5932
5917,quad,5917 5918 5934 5933
5918,quad,5918 5919 5935 5934
5919,quad,5919 5904 5920 5935
5920,quad,5920 5921 5937 5936
5921,quad,5921 5922 5938 5937
5922,quad,5922 5923 5939 5938
5923,quad,5923 5924 5940 5939
5924,quad,5924 5925 5941 5940
5925,quad,5925 5926 5942 5941
5926,quad,5926 5927 5943 5942
5927,quad,5927 5928 5944 5943
5928,quad,5928 5929 5945 5944
5929,quad,5929 5930 5946 5945
5930,quad,5930 5931 5947 5946
5931,quad,5931 5932 5948 5947
5932,quad,5932 5933 5949 5948
5933,quad,5933 5934 5950 5949
5934,quad,5934 5935 5951 5950
5935,quad,5935 5920 5936 5951
5936,quad,5936 5937 5953 5952
5937,quad,5937 5938 5954 5953
5938,quad,5938 5939 5955 5954
5939,quad,5939 5940 5956 5955
5940,quad,5940 5941 5957 5956
5941,quad,5941 5942 5958 5957
5942,quad,5942 5943 5959 5958
5943,quad,5943 5944 5960 5959
5944,quad,5944 5945 5961 5960
5945,quad,5945 5946 5962 5961
5946,quad,5946 5947 5963 5962
5947,quad,5947 5948 5964 5963
5948,quad,5948 5949 5965 5964
5949,quad,5949 5950 5966 5965
5950,quad,5950 5951 5967 5966
5951,quad,5951 5936 5952 5967
5952,quad,5952 5953 5969 5968
5953,quad,5953 5954 5970 5969
5954,quad,5954 5955 5971 5970
5955,quad,5955 5956 5972 5971
5956,quad,5956 5957 5973 5972
5957,quad,5957 5958 5974 5973
5958,quad,5958 5959 5975 5974
5959,quad,5959 5960 5976 5975
5960,quad,5960 5961 5977 5976
5961,quad,5961 5962 5978 5977
5962,quad,5962 5963 5979 5978
5963,quad,5963 5964 5980 5979
5964,quad,5964 5965 5981 5980
5965,quad,5965 5966 5982 5981
5966,quad,5966 5967 5983 5982
5967,quad,5967 5952 5968 5983
5968,quad,5968 5969 5985 5984
5969,quad,5969 5970 5986 5985
5970,quad,5970 5971 5987 5986
5971,quad,5971 5972 5988 5987
5972,quad,5972 5973 5989 5988
5973,quad,5973 5974 5990 5989
5974,quad,5974 5975 5991 5990
5975,quad,5975 5976 5992 5991
5976,quad,5976 5977 5993 5992
5977,quad,5977 5978 5994 5993
5978,quad,5978 5979 5995 5994
5979,quad,5979 5980 5996 5995
5980,quad,5980 5981 5997 5996
5981,quad,5981 5982 5998 5997
5982,quad,5982 5983 5999 5998
5983,quad,5983 5968 5984 5999
5984,quad,5984 5985 6001 6000
5985,quad,5985 5986 6002 6001
5986,quad,5986 5987 6003 6002
5987,quad,5987 5988 6004 6003
5988,quad,5988 5989 6005 6004
5989,quad,5989 5990 6006 6005
5990,quad,5990 5991 6007 6006
5991,quad,5991 5992 6008 6007
5992,quad,5992 5993 6009 6008
5993,quad,5993 5994 6010 6009
5994,quad,5994 5995 6011 6010
5995,quad,5995 5996 6012 6011
5996,quad,5996 5997 6013 6012
5997,quad,5997 5998 6014 6013
5998,quad,5998 5999 6015 6014
5999,quad,5999 5984 6000 6015
6000,quad,6000 6001 6017 6016
6001,quad,6001 6002 6018 6017
6002,quad,6002 6003 6019 6018
6003,quad,6003 6004 6020 6019
6004,quad,6004 6005 6021 6020
6005,quad,6005 6006 6022 6021
6006,quad,6006 6007 6023 6022
6007,quad,6007 6008 6024 6023
6008,quad,6008 6009 6025 6024
6009,quad,6009 6010 6026 6025
6010,quad,6010 6011 6027 6026
6011,quad,6011 6012 6028 6027
6012,quad,6012 6013 6029 6028
6013,quad,6013 6014 6030 6029
6014,quad,6014 6015 6031 6030
6015,quad,6015 6000 6016 6031
6016,quad,6016 6017 6033 6032
6017,quad,6017 6018 6034 6033
6018,quad,6018 6019 6035 6034
6019,quad,6019 6020 6036 6035
6020,quad,6020 6021 6037 6036
6021,quad,6021 6022 6038 6037
6022,quad,6022 6023 6039 6038
6023,quad,6023 6024 6040 6039
6024,quad,6024 6025 6041 6040
6025,quad,6025 6026 6042 6041
6026,quad,6026 6027 6043 6042
6027,quad,6027 6028 6044 6043
6028,quad,6028 6029 6045 6044
6029,quad,6029 6030 6046 6045
6030,quad,6030 6031 6047 6046
6031,quad,6031 6016 6032 6047
6032,quad,6032 6033 6049 6048
6033,quad,6033 6034 6050 6049
6034,quad,6034 6035 6051 6050
6035,quad,6035 6036 6052 6051
6036,quad,6036 6037 6053 6052
6037,quad,6037 6038 6054 6053
6038,quad,6038 6039 6055 6054
6039,quad,6039 6040 6056 6055
6040,quad,6040 6041 6057 6056
6041,quad,6041 6042 6058 6057
6042,quad,6042 6043 6059 6058
6043,quad,6043 6044 6060 6059
6044,quad,6044 6045 6061 6060
6045,quad,6045 6046 6062 6061
6046,quad,6046 6047 6063 6062
6047,quad,6047 6032 6048 6063
6048,quad,6048 6049 6065 6064
6049,quad,6049 6050 6066 6065
6050,quad,6050 6051 6067 6066
6051,quad,6051 6052 6068 6067
6052,quad,6052 6053 6069 6068
6053,quad,6053 6054 6070 6069
6054,quad,6054 6055 6071 6070
6055,quad,6055 6056 6072 6071
6056,quad,6056 6057 6073 6072
6057,quad,6057 6058 6074 6073
6058,quad,6058 6059 6075 6074
6059,quad,6059 6060 6076 6075
6060,quad,6060 6061 6077 6076
6061,quad,6061 6062 6078 6077
6062,quad,6062 6063 6079 6078
6063,quad,6063 6048 6064 6079
6064,quad,6064 6065 6081 6080
6065,quad,6065 6066 6082 6081
6066,quad,6066 6067 6083 6082
6067,quad,6067 6068 6084 6083
6068,quad,6068 6069 6085 6084
6069,quad,6069 6070 6086 6085
6070,quad,6070 6071 6087 6086
6071,quad,6071 6072 6088 6087
6072,quad,6072 6073 6089 6088
6073,quad,6073 6074 6090 6089
6074,quad,6074 6075 6091 6090
6075,quad,6075 6076 6092 6091
6076,quad,6076 6077 6093 6092
6077,quad,6077 6078 6094 6093
6078,quad,6078 6079 6095 6094
6079,quad,6079 6064 6080 6095
6080,quad,6080 6081 6097 6096
6081,quad,6081 6082 6098 6097
6082,quad,6082 6083 6099 6098
6083,quad,6083 6084 6100 6099
6084,quad,6084 6085 6101 6100
6085,quad,6085 6086 6102 6101
6086,quad,6086 6087 6103 6102
6087,quad,6087 6088 6104 6103
6088,quad,6088 6089 6105 6104
6089,quad,6089 6090 6106 6105
6090,quad,6090 6091 6107 6106
6091,quad,6091 6092 6108 6107
6092,quad,6092 6093 6109 6108
6093,quad,6093 6094 6110 6109
6094,quad,6094 6095 6111 6110
6095,quad,6095 6080 6096 6111
6096,quad,6096 6097 6113 6112
6097,quad,6097 6098 6114 6113
6098,quad,6098 6099 6115 6114
6099,quad,6099 6100 6116 6115
6100,quad,6100 6101 6117 6116
6101,quad,6101 6102 6118 6117
6102,quad,6102 6103 6119 6118
6103,quad,6103 6104 6120 6119
6104,quad,6104 6105 6121 6120
6105,quad,6105 6106 6122 6121
6106,quad,6106 6107 6123 6122
6107,quad,6107 6108 6124 6123
6108,quad,6108 6109 6125 6124
6109,quad,6109 6110 6126 6125
6110,quad,6110 6111 6127 6126
6111,quad,6111 6096 6112 6127
6112,quad,6112 6113 6129 6128
6113,quad,6113 6114 6130 6129
6114,quad,6114 6115 6131 6130
6115,quad,6115 6116 6132 6131
6116,quad,6116 6117 6133 6132
6117,quad,6117 6118 6134 6133
6118,quad,6118 6119 6135 6134
6119,quad,6119 6120 6136 6135
6120,quad,6120 6121 6137 6136
6121,quad,6121 6122 6138 6137
6122,quad,6122 6123 6139 6138
6123,quad,6123 6124 6140 6139
6124,quad,6124 6125 6141 6140
6125,quad,6125 6126 6142 6141
6126,quad,6126 6127 6143 6142
6127,quad,6127 6112 6128 6143
6128,quad,6128 6129 6145 6144
6129,quad,6129 6130 6146 6145
6130,quad,6130 6131 6147 6146
6131,quad,6131 6132 6148 6147
6132,quad,6132 6133 6149 6148
6133,quad,6133 6134 6150 6149
6134,quad,6134 6135 6151 6150
6135,quad,6135 6136 6152 6151
6136,quad,6136 6137 6153 6152
6137,quad,6137 6138 6154 6153
6138,quad,6138 6139 6155 6154
6139,quad,6139 6140 6156 6155
6140,quad,6140 6141 6157 6156
6141,quad,6141 6142 6158 6157
6142,quad,6142 6143 6159 6158
6143,quad,6143 6128 6144 6159
6144,quad,6144 6145 6161 6160
6145,quad,6145 6146 6162 6161
6146,quad,6146 6147 6163 6162
6147,quad,6147 6148 6164 6163
6148,quad,6148 6149 6165 6164
6149,quad,6149 6150 6166 6165
6150,quad,6150 6151 6167 6166
6151,quad,6151 6152 6168 6167
6152,quad,6152 6153 6169 6168
6153,quad,6153 6154 6170 6169
6154,quad,6154 6155 6171 6170
6155,quad,6155 6156 6172 6171
6156,quad,6156 6157 6173 6172
6157,quad,6157 6158 6174 6173
6158,quad,6158 6159 6175 6174
6159,quad,6159 6144 6160 6175
6160,quad,6160 6161 6177 6176
6161,quad,6161 6162 6178 6177
6162,quad,6162 6163 6179 6178
6163,quad,6163 6164 6180 6179
6164,quad,6164 6165 6181 6180
6165,quad,6165 6166 6182 6181
6166,quad,6166 6167 6183 6182
6167,quad,6167 6168 6184 6183
6168,quad,6168 6169 6185 6184
6169,quad,6169 6170 6186 6185
6170,quad,6170 6171 6187 6186
6171,quad,6171 6172 6188 6187
6172,quad,6172 6173 6189 6188
6173,quad,6173 6174 6190 6189
6174,quad,6174 6175 6191 6190
6175,quad,6175 6160 6176 6191
6176,quad,6176 6177 6193 6192
6177,quad,6177 6178 6194 6193
6178,quad,6178 6179 6195 6194
6179,quad,6179 6180 6196 6195
6180,quad,6180 6181 6197 6196
6181,quad,6181 6182 6198 6197
6182,quad,6182 6183 6199 6198
6183,quad,6183 6184 6200 6199
6184,quad,6184 6185 6201 6200
6185,quad,6185 6186 6202 6201
6186,quad,6186 6187 6203 6202
6187,quad,6187 6188 6204 6203
6188,quad,6188 6189 6205 6204
6189,quad,6189 6190 6206 6205
6190,quad,6190 6191 6207 6206
6191,quad,6191 6176 6192 6207
6192,quad,6192 6193 6209 6208
6193,quad,6193 6194 6210 6209
6194,quad,6194 6195 6211 6210
6195,quad,6195 6196 6212 6211
6196,quad,6196 6197 6213 6212
6197,quad,6197 6198 6214 6213
6198,quad,6198 6199 6215 6214
6199,quad,6199 6200 6216 6215
6200,quad,6200 6201 6217 6216
6201,quad,6201 6202 6218 6217
6202,quad,6202 6203 6219 6218
6203,quad,6203 6204 6220 6219
6204,quad,6204 6205 6221 6220
6205,quad,6205 6206 6222 6221
6206,quad,6206 6207 6223 6222
6207,quad,6207 6192 6208 6223
6208,quad,6208 6209 6225 6224
6209,quad,6209 6210 6226 6225
6210,quad,6210 6211 6227 6226
6211,quad,6211 6212 6228 6227
6212,quad,6212 6213 6229 6228
6213,quad,6213 6214 6230 6229
6214,quad,6214 6215 6231 6230
6215,quad,6215 6216 6232 6231
6216,quad,6216 6217 6233 6232
6217,quad,6217 6218 6234 6233
6218,quad,6218 6219 6235 6234
6219,quad,6219 6220 6236 6235
6220,quad,6220 6221 6237 6236
6221,quad,6221 6222 6238 6237
6222,quad,6222 6223 6239 6238
6223,quad,6223 6208 6224 6239
6224,quad,6224 6225 6241 6240
6225,quad,6225 6226 6242 6241
6226,quad,6226 6227 6243 6242
6227,quad,6227 6228 6244 6243
6228,quad,6228 6229 6245 6244
6229,quad,6229 6230 6246 6245
6230,quad,6230 6231 6247 6246
6231,quad,6231 6232 6248 6247
6232,quad,6232 6233 6249 6248
6233,quad,6233 6234 6250 6249
6234,quad,6234 6235 6251 6250
6235,quad,6235 6236 6252 6251
6236,quad,6236 6237 6253 6252
6237,quad,6237 6238 6254 6253
6238,quad,6238 6239 6255 6254
6239,quad,6239 6224 6240 6255
6240,quad,6240 6241 6257 6256
6241,quad,6241 6242 6258 6257
6242,quad,6242 6243 6259 6258
6243,quad,6243 6244 6260 6259
6244,quad,6244 6245 6261 6260
6245,quad,6245 6246 6262 6261
6246,quad,6246 6247 6263 6262
6247,quad,6247 6248 6264 6263
6248,quad,6248 6249 6265 6264
6249,quad,6249 6250 6266 6265
6250,quad,6250 6251 6267 6266
6251,quad,6251 6252 6268 6267
6252,quad,6252 6253 6269 6268
6253,quad,6253 6254 6270 6269
6254,quad,6254 6255 6271 6270
6255,quad,6255 6240 6256 6271
6256,quad,6256 6257 6273 6272
6257,quad,6257 6258 6274 6273
6258,quad,6258 6259 6275 6274
6259,quad,6259 6260 6276 6275
6260,quad,6260 6261 6277 6276
6261,quad,6261 6262 6278 6277
6262,quad,6262 6263 6279 6278
6263,quad,6263 6264 6280 6279
6264,quad,6264 6265 6281 6280
6265,quad,6265 6266 6282 6281
6266,quad,6266 6267 6283 6282
6267,quad,6267 6268 6284 6283
6268,quad,6268 6269 6285 6284
6269,quad,6269 6270 6286 6285
6270,quad,6270 6271 6287 6286
6271,quad,6271 6256 6272 6287
6272,quad,6272 6273 6289 6288
6273,quad,6273 6274 6290 6289
6274,quad,6274 6275 6291 6290
6275,quad,6275 6276 6292 6291
6276,quad,6276 6277 6293 6292
6277,quad,6277 6278 6294 6293
6278,quad,6278 6279 6295 6294
6279,quad,6279 6280 6296 6295
6280,quad,6280 6281 6297 6296
6281,quad,6281 6282 6298 6297
6282,quad,6282 6283 6299 6298
6283,quad,6283 6284 6300 6299
6284,quad,6284 6285 6301 6300
6285,quad,6285 6286 6302 6301
6286,quad,6286 6287 6303 6302
6287,quad,6287 6272 6288 6303
6288,quad,6288 6289 6305 6304
6289,quad,6289 6290 6306 6305
6290,quad,6290 6291 6307 6306
6291,quad,6291 6292 6308 6307
6292,quad,6292 6293 6309 6308
6293,quad,6293 6294 6310 6309
6294,quad,6294 6295 6311 6310
6295,quad,6295 6296 6312 6311
6296,quad,6296 6297 6313 6312
6297,quad,6297 6298 6314 6313
6298,quad,6298 6299 6315 6314
6299,quad,6299 6300 6316 6315
6300,quad,6300 6301 6317 6316
6301,quad,6301 6302 6318 6317
6302,quad,6302 6303 6319 6318
6303,quad,6303 6288 6304 6319
6304,quad,6304 6305 6321 6320
6305,quad,6305 6306 6322 6321
6306,quad,6306 6307 6323 6322
6307,quad,6307 6308 6324 6323
6308,quad,6308 6309 6325 6324
6309,quad,6309 6310 6326 6325
6310,quad,6310 6311 6327 6326
6311,quad,6311 6312 6328 6327
6312,quad,6312 6313 6329 6328
6313,quad,6313 6314 6330 6329
6314,quad,6314 6315 6331 6330
6315,quad,6315 6316 6332 6331
6316,quad,6316 6317 6333 6332
6317,quad,6317 6318 6334 6333
6318,quad,6318 6319 6335 6334
6319,quad,6319 6304 6320 6335
6320,quad,6320 6321 6337 6336
6321,quad,6321 6322 6338 6337
6322,quad,6322 6323 6339 6338
6323,quad,6323 6324 6340 6339
6324,quad,6324 6325 6341 6340
6325,quad,6325 6326 6342 6341
6326,quad,6326 6327 6343 6342
6327,quad,6327 6328 6344 6343
6328,quad,6328 6329 6345 6344
6329,quad,6329 6330 6346 6345
6330,quad,6330 6331 6347 6346
6331,quad,6331 6332 6348 6347
6332,quad,6332 6333 6349 6348
6333,quad,6333 6334 6350 6349
6334,quad,6334 6335 6351 6350
6335,quad,6335 6320 6336 6351
6336,quad,6336 6337 6353 6352
6337,quad,6337 6338 6354 6353
6338,quad,6338 6339 6355 6354
6339,quad,6339 6340 6356 6355
6340,quad,6340 6341 6357 6356
6341,quad,6341 6342 6358 6357
6342,quad,6342 6343 6359 6358
6343,quad,6343 6344 6360 6359
6344,quad,6344 6345 6361 6360
6345,quad,6345 6346 6362 6361
6346,quad,6346 6347 6363 6362
6347,quad,6347 6348 6364 6363
6348,quad,6348 6349 6365 6364
6349,quad,6349 6350 6366 6365
6350,quad,6350 6351 6367 6366
6351,quad,6351 6336 6352 6367
6352,quad,6352 6353 6369 6368
6353,quad,6353 6354 6370 6369
6354,quad,6354 6355 6371 6370
6355,quad,6355 6356 6372 6371
6356,quad,6356 6357 6373 6372
6357,quad,6357 6358 6374 6373
6358,quad,6358 6359 6375 6374
6359,quad,6359 6360 6376 6375
6360,quad,6360 6361 6377 6376
6361,quad,6361 6362 6378 6377
6362,quad,6362 6363 6379 6378
6363,quad,6363 6364 6380 6379
6364,quad,6364 6365 6381 6380
6365,quad,6365 6366 6382 6381
6366,quad,6366 6367 6383 6382
6367,quad,6367 6352 6368 6383
6368,quad,6368 6369 6385 6384
6369,quad,6369 6370 6386 6385
6370,quad,6370 6371 6387 6386
6371,quad,6371 6372 6388 6387
6372,quad,6372 6373 6389 6388
6373,quad,6373 6374 6390 6389
6374,quad,6374 6375 6391 6390
6375,quad,6375 6376 6392 6391
6376,quad,6376 6377 6393 6392
6377,quad,6377 6378 6394 6393
6378,quad,6378 6379 6395 6394
6379,quad,6379 6380 6396 6395
6380,quad,6380 6381 6397 6396
6381,quad,6381 6382 6398 6397
6382,quad,6382 6383 6399 6398
6383,quad,6383 6368 6384 6399
6384,quad,6384 6385 6401 6400
6385,quad,6385 6386 6402 6401
6386,quad,6386 6387 6403 6402
6387,quad,6387 6388 6404 6403
6388,quad,6388 6389 6405 6404
6389,quad,6389 6390 6406 6405
6390,quad,6390 6391 6407 6406
6391,quad,6391 6392 6408 6407
6392,quad,6392 6393 6409 6408
6393,quad,6393 6394 6410 6409
6394,quad,6394 6395 6411 6410
6395,quad,6395 6396 6412 6411
6396,quad,6396 6397 6413 6412
6397,quad,6397 6398 6414 6413
6398,quad,6398 6399 6415 6414
6399,quad,6399 6384 6400 6415
6400,quad,6400 6401 6417 6416
6401,quad,6401 6402 6418 6417
6402,quad,6402 6403 6419 6418
6403,quad,6403 6404 6420 6419
6404,quad,6404 6405 6421 6420
6405,quad,6405 6406 6422 6421
6406,quad,6406 6407 6423 6422
6407,quad,6407 6408 6424 6423
6408,quad,6408 6409 6425 6424
6409,quad,6409 6410 6426 6425
6410,quad,6410 6411 6427 6426
6411,quad,6411 6412 6428 6427
6412,quad,6412 6413 6429 6428
6413,quad,6413 6414 6430 6429
6414,quad,6414 6415 6431 6430
6415,quad,6415 6400 6416 6431
6416,quad,6416 6417 6433 6432
6417,quad,6417 6418 6434 6433
6418,quad,6418 6419 6435 6434
6419,quad,6419 6420 6436 6435
6420,quad,6420 6421 6437 6436
6421,quad,6421 6422 6438 6437
6422,quad,6422 6423 6439 6438
6423,quad,6423 6424 6440 6439
6424,quad,6424 6425 6441 6440
6425,quad,6425 6426 6442 6441
6426,quad,6426 6427 6443 6442
6427,quad,6427 6428 6444 6443
6428,quad,6428 6429 6445 6444
6429,quad,6429 6430 6446 6445
6430,quad,6430 6431 6447 6446
6431,quad,6431 6416 6432 6447
6432,quad,6432 6433 6449 6448
6433,quad,6433 6434 6450 6449
6434,quad,6434 6435 6451 6450
6435,quad,6435 6436 6452 6451
6436,quad,6436 6437 6453 6452
6437,quad,6437 6438 6454 6453
6438,quad,6438 6439 6455 6454
6439,quad,6439 6440 6456 6455
6440,quad,6440 6441 6457 6456
6441,quad,6441 6442 6458 6457
6442,quad,6442 6443 6459 6458
6443,quad,6443 6444 6460 6459
6444,quad,6444 6445 6461 6460
6445,quad,6445 6446 6462 6461
6446,quad,6446 6447 6463 6462
6447,quad,6447 6432 6448 6463
6448,quad,6448 6449 6465 6464
6449,quad,6449 6450 6466 6465
6450,quad,6450 6451 6467 6466
6451,quad,6451 6452 6468 6467
6452,quad,6452 6453 6469 6468
6453,quad,6453 6454 6470 6469
6454,quad,6454 6455 6471 6470
6455,quad,6455 6456 6472 6471
6456,quad,6456 6457 6473 6472
6457,quad,6457 6458 6474 6473
6458,quad,6458 6459 6475 6474
6459,quad,6459 6460 6476 6475
6460,quad,6460 6461 6477 6476
6461,quad,6461 6462 6478 6477
6462,quad,6462 6463 6479 6478
6463,quad,6463 6448 6464 6479
6464,quad,6464 6465 6481 6480
6465,quad,6465 6466 6482 6481
6466,quad,6466 6467 6483 6482
6467,quad,6467 6468 6484 6483
6468,quad,6468 6469 6485 6484
6469,quad,6469 6470 6486 6485
6470,quad,6470 6471 6487 6486
6471,quad,6471 6472 6488 6487
6472,quad,6472 6473 6489 6488
6473,quad,6473 6474 6490 6489
6474,quad,6474 6475 6491 6490
6475,quad,6475 6476 6492 6491
6476,quad,6476 6477 6493 6492
6477,quad,6477 6478 6494 6493
6478,quad,6478 6479 6495 6494
6479,quad,6479 6464 6480 6495
6480,quad,6480 6481 6497 6496
6481,quad,6481 6482 6498 6497
6482,quad,6482 6483 6499 6498
6483,quad,6483 6484 6500 6499
6484,quad,6484 6485 6501 6500
6485,quad,6485 6486 6502 6501
6486,quad,6486 6487 6503 6502
6487,quad,6487 6488 6504 6503
6488,quad,6488 6489 6505 6504
6489,quad,6489 6490 6506 6505
6490,quad,6490 6491 6507 6506
6491,quad,6491 6492 6508 6507
6492,quad,6492 6493 6509 6508
6493,quad,6493 6494 6510 6509
6494,quad,6494 6495 6511 6510
6495,quad,6495 6480 6496 6511
6496,quad,6496 6497 6513 6512
6497,quad,6497 6498 6514 6513
6498,quad,6498 6499 6515 6514
6499,quad,6499 6500 6516 6515
6500,quad,6500 6501 6517 6516
6501,quad,6501 6502 6518 6517
6502,quad,6502 6503 6519 6518
6503,quad,6503 6504 6520 6519
6504,quad,6504 6505 6521 6520
6505,quad,6505 6506 6522 6521
6506,quad,6506 6507 6523 6522
6507,quad,6507 6508 6524 6523
6508,quad,6508 6509 6525 6524
6509,quad,6509 6510 6526 6525
6510,quad,6510 6511 6527 6526
6511,quad,6511 6496 6512 6527
6512,quad,6512 6513 6529 6528
6513,quad,6513 6514 6530 6529
6514,quad,6514 6515 6531 6530
6515,quad,6515 6516 6532 6531
6516,quad,6516 6517 6533 6532
6517,quad,6517 6518 6534 6533
6518,quad,6518 6519 6535 6534
6519,quad,6519 6520 6536 6535
6520,quad,6520 6521 6537 6536
6521,quad,6521 6522 6538 6537
6522,quad,6522 6523 6539 6538
6523,quad,6523 6524 6540 6539
6524,quad,6524 6525 6541 6540
6525,quad,6525 6526 6542 6541
6526,quad,6526 6527 6543 6542
6527,quad,6527 6512 6528 6543
6528,quad,6528 6529 6545 6544
6529,quad,6529 6530 6546 6545
6530,quad,6530 6531 6547 6546
6531,quad,6531 6532 6548 6547
6532,quad,6532 6533 6549 6548
6533,quad,6533 6534 6550 6549
6534,quad,6534 6535 6551 6550
6535,quad,6535 6536 6552 6551
6536,quad,6536 6537 6553 6552
6537,quad,6537 6538 6554 6553
6538,quad,6538 6539 6555 6554
6539,quad,6539 6540 6556 6555
6540,quad,6540 6541 6557 6556
6541,quad,6541 6542 6558 6557
6542,quad,6542 6543 6559 6558
6543,quad,6543 6528 6544 6559
6544,quad,6544 6545 6561 6560
6545,quad,6545 6546 6562 6561
6546,quad,6546 6547 6563 6562
6547,quad,6547 6548 6564 6563
6548,quad,6548 6549 6565 6564
6549,quad,6549 6550 6566 6565
6550,quad,6550 6551 6567 6566
6551,quad,6551 6552 6568 6567
6552,quad,6552 6553 6569 6568
6553,quad,6553 6554 6570 6569
6554,quad,6554 6555 6571 6570
6555,quad,6555 6556 6572 6571
6556,quad,6556 6557 6573 6572
6557,quad,6557 6558 6574 6573
6558,quad,6558 6559 6575 6574
6559,quad,6559 6544 6560 6575
6560,quad,6560 6561 6577 6576
6561,quad,6561 6562 6578 6577
6562,quad,6562 6563 6579 6578
6563,quad,6563 6564 6580 6579
6564,quad,6564 6565 6581 6580
6565,quad,6565 6566 6582 6581
6566,quad,6566 6567 6583 6582
6567,quad,6567 6568 6584 6583
6568,quad,6568 6569 6585 6584
6569,quad,6569 6570 6586 6585
6570,quad,6570 6571 6587 6586
6571,quad,6571 6572 6588 6587
6572,quad,6572 6573 6589 6588
6573,quad,6573 6574 6590 6589
6574,quad,6574 6575 6591 6590
6575,quad,6575 6560 6576 6591
6576,quad,6576 6577 6593 6592
6577,quad,6577 6578 6594 6593
6578,quad,6578 6579 6595 6594
6579,quad,6579 6580 6596 6595
6580,quad,6580 6581 6597 6596
6581,quad,6581 6582 6598 6597
6582,quad,6582 6583 6599 6598
6583,quad,6583 6584 6600 6599
6584,quad,6584 6585 6601 6600
6585,quad,6585 6586 6602 6601
6586,quad,6586 6587 6603 6602
6587,quad,6587 6588 6604 6603
6588,quad,6588 6589 6605 6604
6589,quad,6589 6590 6606 6605
6590,quad,6590 6591 6607 6606
6591,quad,6591 6576 6592 6607
6592,quad,6592 6593 6609 6608
6593,quad,6593 6594 6610 6609
6594,quad,6594 6595 6611 6610
6595,quad,6595 6596 6612 6611
6596,quad,6596 6597 6613 6612
6597,quad,6597 6598 6614 6613
6598,quad,6598 6599 6615 6614
6599,quad,6599 6600 6616 6615
6600,quad,6600 6601 6617 6616
6601,quad,6601 6602 6618 6617
6602,quad,6602 6603 6619 6618
6603,quad,6603 6604 6620 6619
6604,quad,6604 6605 6621 6620
6605,quad,6605 6606 6622 6621
6606,quad,6606 6607 6623 6622
6607,quad,6607 6592 6608 6623
6608,quad,6608 6609 6625 6624
6609,quad,6609 6610 6626 6625
6610,quad,6610 6611 6627 6626
6611,quad,6611 6612 6628 6627
6612,quad,6612 6613 6629 6628
6613,quad,6613 6614 6630 6629
6614,quad,6614 6615 6631 6630
6615,quad,6615 6616 6632 6631
6616,quad,6616 6617 6633 6632
6617,quad,6617 6618 6634 6633
6618,quad,6618 6619 6635 6634
6619,quad,6619 6620 6636 6635
6620,quad,6620 6621 6637 6636
6621,quad,6621 6622 6638 6637
6622,quad,6622 6623 6639 6638
6623,quad,6623 6608 6624 6639
6624,quad,6624 6625 6641 6640
6625,quad,6625 6626 6642 6641
6626,quad,6626 6627 6643 6642
6627,quad,6627 6628 6644 6643
6628,quad,6628 6629 6645 6644
6629,quad,6629 6630 6646 6645
6630,quad,6630 6631 6647 6646
6631,quad,6631 6632 6648 6647
6632,quad,6632 6633 6649 6648
6633,quad,6633 6634 6650 6649
6634,quad,6634 6635 6651 6650
6635,quad,6635 6636 6652 6651
6636,quad,6636 6637 6653 6652
6637,quad,6637 6638 6654 6653
6638,quad,6638 6639 6655 6654
6639,quad,6639 6624 6640 6655
6640,quad,6640 6641 6657 6656
6641,quad,6641 6642 6658 6657
6642,quad,6642 6643 6659 6658
6643,quad,6643 6644 6660 6659
6644,quad,6644 6645 6661 6660
6645,quad,6645 6646 6662 6661
6646,quad,6646 6647 6663 6662
6647,quad,6647 6648 6664 6663
6648,quad,6648 6649 6665 6664
6649,quad,6649 6650 6666 6665
6650,quad,6650 6651 6667 6666
6651,quad,6651 6652 6668 6667
6652,quad,6652 6653 6669 6668
6653,quad,6653 6654 6670 6669
6654,quad,6654 6655 6671 6670
6655,quad,6655 6640 6656 6671
6656,quad,6656 6657 6673 6672
6657,quad,6657 6658 6674 6673
6658,quad,6658 6659 6675 6674
6659,quad,6659 6660 6676 6675
6660,quad,6660 6661 6677 6676
6661,quad,6661 6662 6678 6677
6662,quad,6662 6663 6679 6678
6663,quad,6663 6664 6680 6679
6664,quad,6664 6665 6681 6680
6665,quad,6665 6666 6682 6681
6666,quad,6666 6667 6683 6682
6667,quad,6667 6668 6684 6683
6668,quad,6668 6669 6685 6684
6669,quad,6669 6670 6686 6685
6670,quad,6670 6671 6687 6686
6671,quad,6671 6656 6672 6687
6672,quad,6672 6673 6689 6688
6673,quad,6673 6674 6690 6689
6674,quad,6674 6675 6691 6690
6675,quad,6675 6676 6692 6691
6676,quad,6676 6677 6693 6692
6677,quad,6677 6678 6694 6693
6678,quad,6678 6679 6695 6694
6679,quad,6679 6680 6696 6695
6680,quad,6680 6681 6697 6696
6681,quad,6681 6682 6698 6697
6682,quad,6682 6683 6699 6698
6683,quad,6683 6684 6700 6699
6684,quad,6684 6685 6701 6700
6685,quad,6685 6686 6702 6701
6686,quad,6686 6687 6703 6702
6687,quad,6687 6672 6688 6703
6688,quad,6688 6689 6705 6704
6689,quad,6689 6690 6706 6705
6690,quad,6690 6691 6707 6706
6691,quad,6691 6692 6708 6707
6692,quad,6692 6693 6709 6708
6693,quad,6693 6694 6710 6709
6694,quad,6694 6695 6711 6710
6695,quad,6695 6696 6712 6711
6696,quad,6696 6697 6713 6712
6697,quad,6697 6698 6714 6713
6698,quad,6698 6699 6715 6714
6699,quad,6699 6700 6716 6715
6700,quad,6700 6701 6717 6716
6701,quad,6701 6702 6718 6717
6702,quad,6702 6703 6719 6718
6703,quad,6703 6688 6704 6719
6704,quad,6704 6705 6721 6720
6705,quad,6705 6706 6722 6721
6706,quad,6706 6707 6723 6722
6707,quad,6707 6708 6724 6723
6708,quad,6708 6709 6725 6724
6709,quad,6709 6710 6726 6725
6710,quad,6710 6711 6727 6726
6711,quad,6711 6712 6728 6727
6712,quad,6712 6713 6729 6728
6713,quad,6713 6714 6730 6729
6714,quad,6714 6715 6731 6730
6715,quad,6715 6716 6732 6731
6716,quad,6716 6717 6733 6732
6717,quad,6717 6718 6734 6733
6718,quad,6718 6719 6735 6734
6719,quad,6719 6704 6720 6735
6720,quad,6720 6721 6737 6736
6721,quad,6721 6722 6738 6737
6722,quad,6722 6723 6739 6738
6723,quad,6723 6724 6740 6739
6724,quad,6724 6725 6741 6740
6725,quad,6725 6726 6742 6741
6726,quad,6726 6727 6743 6742
6727,quad,6727 6728 6744 6743
6728,quad,6728 6729 6745 6744
6729,quad,6729 6730 6746 6745
6730,quad,6730 6731 6747 6746
6731,quad,6731 6732 6748 6747
6732,quad,6732 6733 6749 6748
6733,quad,6733 6734 6750 6749
6734,quad,6734 6735 6751 6750
6735,quad,6735 6720 6736 6751
6736,quad,6736 6737 6753 6752
6737,quad,6737 6738 6754 6753
6738,quad,6738 6739 6755 6754
6739,quad,6739 6740 6756 6755
6740,quad,6740 6741 6757 6756
6741,quad,6741 6742 6758 6757
6742,quad,6742 6743 6759 6758
6743,quad,6743 6744 6760 6759
6744,quad,6744 6745 6761 6760
6745,quad,6745 6746 6762 6761
6746,quad,6746 6747 6763 6762
6747,quad,6747 6748 6764 6763
6748,quad,6748 6749 6765 6764
6749,quad,6749 6750 6766 6765
6750,quad,6750 6751 6767 6766
6751,quad,6751 6736 6752 6767
6752,quad,6752 6753 6769 6768
6753,quad,6753 6754 6770 6769
6754,quad,6754 6755 6771 6770
6755,quad,6755 6756 6772 6771
6756,quad,6756 6757 6773 6772
6757,quad,6757 6758 6774 6773
6758,quad,6758 6759 6775 6774
6759,quad,6759 6760 6776 6775
6760,quad,6760 6761 6777 6776
6761,quad,6761 6762 6778 6777
6762,quad,6762 6763 6779 6778
6763,quad,6763 6764 6780 6779
6764,quad,6764 6765 6781 6780
6765,quad,6765 6766 6782 6781
6766,quad,6766 6767 6783 6782
6767,quad,6767 6752 6768 6783
6768,quad,6768 6769 6785 6784
6769,quad,6769 6770 6786 6785
6770,quad,6770 6771 6787 6786
6771,quad,6771 6772 6788 6787
6772,quad,6772 6773 6789 6788
6773,quad,6773 6774 6790 6789
6774,quad,6774 6775 6791 6790
6775,quad,6775 6776 6792 6791
6776,quad,6776 6777 6793 6792
6777,quad,6777 6778 6794 6793
6778,quad,6778 6779 6795 6794
6779,quad,6779 6780 6796 6795
6780,quad,6780 6781 6797 6796
6781,quad,6781 6782 6798 6797
6782,quad,6782 6783 6799 6798
6783,quad,6783 6768 6784 6799
6784,quad,6784 6785 6801 6800
6785,quad,6785 6786 6802 6801
6786,quad,6786 6787 6803 6802
6787,quad,6787 6788 6804 6803
6788,quad,6788 6789 6805 6804
6789,quad,6789 6790 6806 6805
6790,quad,6790 6791 6807 6806
6791,quad,6791 6792 6808 6807
6792,quad,6792 6793 6809 6808
6793,quad,6793 6794 6810 6809
6794,quad,6794 6795 6811 6810
6795,quad,6795 6796 6812 6811
6796,quad,6796 6797 6813 6812
6797,quad,6797 6798 6814 6813
6798,quad,6798 6799 6815 6814
6799,quad,6799 6784 6800 6815
6800,quad,6800 6801 6817 6816
6801,quad,6801 6802 6818 6817
6802,quad,6802 6803 6819 6818
6803,quad,6803 6804 6820 6819
6804,quad,6804 6805 6821 6820
6805,quad,6805 6806 6822 6821
6806,quad,6806 6807 6823 6822
6807,quad,6807 6808 6824 6823
6808,quad,6808 6809 6825 6824
6809,quad,6809 6810 6826 6825
6810,quad,6810 6811 6827 6826
6811,quad,6811 6812 6828 6827
6812,quad,6812 6813 6829 6828
6813,quad,6813 6814 6830 6829
6814,quad,6814 6815 6831 6830
6815,quad,6815 6800 6816 6831
6816,quad,6816 6817 6833 6832
6817,quad,6817 6818 6834 6833
6818,quad,6818 6819 6835 6834
6819,quad,6819 6820 6836 6835
6820,quad,6820 6821 6837 6836
6821,quad,6821 6822 6838 6837
6822,quad,6822 6823 6839 6838
6823,quad,6823 6824 6840 6839
6824,quad,6824 6825 6841 6840
6825,quad,6825 6826 6842 6841
6826,quad,6826 6827 6843 6842
6827,quad,6827 6828 6844 6843
6828,quad,6828 6829 6845 6844
6829,quad,6829 6830 6846 6845
6830,quad,6830 6831 6847 6846
6831,quad,6831 6816 6832 6847
6832,quad,6832 6833 6849 6848
6833,quad,6833 6834 6850 6849
6834,quad,6834 6835 6851 6850
6835,quad,6835 6836 6852 6851
6836,quad,6836 6837 6853 6852
6837,quad,6837 6838 6854 6853
6838,quad,6838 6839 6855 6854
6839,quad,6839 6840 6856 6855
6840,quad,6840 6841 6857 6856
6841,quad,6841 6842 6858 6857
6842,quad,6842 6843 6859 6858
6843,quad,6843 6844 6860 6859
6844,quad,6844 6845 6861 6860
6845,quad,6845 6846 6862 6861
6846,quad,6846 6847 6863 6862
6847,quad,6847 6832 6848 6863
6848,quad,6848 6849 6865 6864
6849,quad,6849 6850 6866 6865
6850,quad,6850 6851 6867 6866
6851,quad,6851 6852 6868 6867
6852,quad,6852 6853 6869 6868
6853,quad,6853 6854 6870 6869
6854,quad,6854 6855 6871 6870
6855,quad,6855 6856 6872 6871
6856,quad,6856 6857 6873 6872
6857,quad,6857 6858 6874 6873
6858,quad,6858 6859 6875 6874
6859,quad,6859 6860 6876 6875
6860,quad,6860 6861 6877 6876
6861,quad,6861 6862 6878 6877
6862,quad,6862 6863 6879 6878
6863,quad,6863 6848 6864 6879
6864,quad,6864 6865 6881 6880
6865,quad,6865 6866 6882 6881
6866,quad,6866 6867 6883 6882
6867,quad,6867 6868 6884 6883
6868,quad,6868 6869 6885 6884
6869,quad,6869 6870 6886 6885
6870,quad,6870 6871 6887 6886
6871,quad,6871 6872 6888 6887
6872,quad,6872 6873 6889 6888
6873,quad,6873 6874 6890 6889
6874,quad,6874 6875 6891 6890
6875,quad,6875 6876 6892 6891
6876,quad,6876 6877 6893 6892
6877,quad,6877 6878 6894 6893
6878,quad,6878 6879 6895 6894
6879,quad,6879 6864 6880 6895
6880,quad,6880 6881 6897 6896
6881,quad,6881 6882 6898 6897
6882,quad,6882 6883 6899 6898
6883,quad,6883 6884 6900 6899
6884,quad,6884 6885 6901 6900
6885,quad,6885 6886 6902 6901
6886,quad,6886 6887 6903 6902
6887,quad,6887 6888 6904 6903
6888,quad,6888 6889 6905 6904
6889,quad,6889 6890 6906 6905
6890,quad,6890 6891 6907 6906
6891,quad,6891 6892 6908 6907
6892,quad,6892 6893 6909 6908
6893,quad,6893 6894 6910 6909
6894,quad,6894 6895 6911 6910
6895,quad,6895 6880 6896 6911
6896,quad,6896 6897 6913 6912
6897,quad,6897 6898 6914 6913
6898,quad,6898 6899 6915 6914
6899,quad,6899 6900 6916 6915
6900,quad,6900 6901 6917 6916
6901,quad,6901 6902 6918 6917
6902,quad,6902 6903 6919 6918
6903,quad,6903 6904 6920 6919
6904,quad,6904 6905 6921 6920
6905,quad,6905 6906 6922 6921
6906,quad,6906 6907 6923 6922
6907,quad,6907 6908 6924 6923
6908,quad,6908 6909 6925 6924
6909,quad,6909 6910 6926 6925
6910,quad,6910 6911 6927 6926
6911,quad,6911 6896 6912 6927
6912,quad,6912 6913 6929 6928
6913,quad,6913 6914 6930 6929
6914,quad,6914 6915 6931 6930
6915,quad,6915 6916 6932 6931
6916,quad,6916 6917 6933 6932
6917,quad,6917 6918 6934 6933
6918,quad,6918 6919 6935 6934
6919,quad,6919 6920 6936 6935
6920,quad,6920 6921 6937 6936
6921,quad,6921 6922 6938 6937
6922,quad,6922 6923 6939 6938
6923,quad,6923 6924 6940 6939
6924,quad,6924 6925 6941 6940
6925,quad,6925 6926 6942 6941
6926,quad,6926 6927 6943 6942
6927,quad,6927 6912 6928 6943
6928,quad,6928 6929 6945 6944
6929,quad,6929 6930 6946 6945
6930,quad,6930 6931 6947 6946
6931,quad,6931 6932 6948 6947
6932,quad,6932 6933 6949 6948
6933,quad,6933 6934 6950 6949
6934,quad,6934 6935 6951 6950
6935,quad,6935 6936 6952 6951
6936,quad,6936 6937 6953 6952
6937,quad,6937 6938 6954 6953
6938,quad,6938 6939 6955 6954
6939,quad,6939 6940 6956 6955
6940,quad,6940 6941 6957 6956
6941,quad,6941 6942 6958 6957
6942,quad,6942 6943 6959 6958
6943,quad,6943 6928 6944 6959
6944,quad,6944 6945 6961 6960
6945,quad,6945 6946 6962 6961
6946,quad,6946 6947 6963 6962
6947,quad,6947 6948 6964 6963
6948,quad,6948 6949 6965 6964
6949,quad,6949 6950 6966 6965
6950,quad,6950 6951 6967 6966
6951,quad,6951 6952 6968 6967
6952,quad,6952 6953 6969 6968
6953,quad,6953 6954 6970 6969
6954,quad,6954 6955 6971 6970
6955,quad,6955 6956 6972 6971
6956,quad,6956 6957 6973 6972
6957,quad,6957 6958 6974 6973
6958,quad,6958 6959 6975 6974
6959,quad,6959 6944 6960 6975
6960,quad,6960 6961 6977 6976
6961,quad,6961 6962 6978 6977
6962,quad,6962 6963 6979 6978
6963,quad,6963 6964 6980 6979
6964,quad,6964 6965 6981 6980
6965,quad,6965 6966 6982 6981
6966,quad,6966 6967 6983 6982
6967,quad,6967 6968 6984 6983
6968,quad,6968 6969 6985 6984
6969,quad,6969 6970 6986 6985
6970,quad,6970 6971 6987 6986
6971,quad,6971 6972 6988 6987
6972,quad,6972 6973 6989 6988
6973,quad,6973 6974 6990 6989
6974,quad,6974 6975 6991 6990
6975,quad,6975 6960 6976 6991
6976,quad,6976 6977 6993 6992
6977,quad,6977 6978 6994 6993
6978,quad,6978 6979 6995 6994
6979,quad,6979 6980 6996 6995
6980,quad,6980 6981 6997 6996
6981,quad,6981 6982 6998 6997
6982,quad,6982 6983 6999 6998
6983,quad,6983 6984 7000 6999
6984,quad,6984 6985 7001 7000
6985,quad,6985 6986 7002 7001
6986,quad,6986 6987 7003 7002
6987,quad,6987 6988 7004 7003
6988,quad,6988 6989 7005 7004
6989,quad,6989 6990 7006 7005
6990,quad,6990 6991 7007 7006
6991,quad,6991 6976 6992 7007
6992,quad,6992 6993 7009 7008
6993,quad,6993 6994 7010 7009
6994,quad,6994 6995 7011 7010
6995,quad,6995 6996 7012 7011
6996,quad,6996 6997 7013 7012
6997,quad,6997 6998 7014 7013
6998,quad,6998 6999 7015 7014
6999,quad,6999 7000 7016 7015
7000,quad,7000 7001 7017 7016
7001,quad,7001 7002 7018 7017
7002,quad,7002 7003 7019 7018
7003,quad,7003 7004 7020 7019
7004,quad,7004 7005 7021 7020
7005,quad,7005 7006 7022 7021
7006,quad,7006 7007 7023 7022
7007,quad,7007 6992 7008 7023
7008,quad,7008 7009 7025 7024
7009,quad,7009 7010 7026 7025
7010,quad,7010 7011 7027 7026
7011,quad,7011 7012 7028 7027
7012,quad,7012 7013 7029 7028
7013,quad,7013 7014 7030 7029
7014,quad,7014 7015 7031 7030
7015,quad,7015 7016 7032 7031
7016,quad,7016 7017 7033 7032
7017,quad,7017 7018 7034 7033
7018,quad,7018 7019 7035 7034
7019,quad,7019 7020 7036 7035
7020,quad,7020 7021 7037 7036
7021,quad,7021 7022 7038 7037
7022,quad,7022 7023 7039 7038
7023,quad,7023 7008 7024 7039
7024,quad,7024 7025 7041 7040
7025,quad,7025 7026 7042 7041
7026,quad,7026 7027 7043 7042
7027,quad,7027 7028 7044 7043
7028,quad,7028 7029 7045 7044
7029,quad,7029 7030 7046 7045
7030,quad,7030 7031 7047 7046
7031,quad,7031 7032 7048 7047
7032,quad,7032 7033 7049 7048
7033,quad,7033 7034 7050 7049
7034,quad,7034 7035 7051 7050
7035,quad,7035 7036 7052 7051
7036,quad,7036 7037 7053 7052
7037,quad,7037 7038 7054 7053
7038,quad,7038 7039 7055 7054
7039,quad,7039 7024 7040 7055
7040,quad,7040 7041 7057 7056
7041,quad,7041 7042 7058 7057
7042,quad,7042 7043 7059 7058
7043,quad,7043 7044 7060 7059
7044,quad,7044 7045 7061 7060
7045,quad,7045 7046 7062 7061
7046,quad,7046 7047 7063 7062
7047,quad,7047 7048 7064 7063
7048,quad,7048 7049 7065 7064
7049,quad,7049 7050 7066 7065
7050,quad,7050 7051 7067 7066
7051,quad,7051 7052 7068 7067
7052,quad,7052 7053 7069 7068
7053,quad,7053 7054 7070 7069
7054,quad,7054 7055 7071 7070
7055,quad,7055 7040 7056 7071
7056,quad,7056 7057 7073 7072
7057,quad,7057 7058 7074 7073
7058,quad,7058 7059 7075 7074
7059,quad,7059 7060 7076 7075
7060,quad,7060 7061 7077 7076
7061,quad,7061 7062 7078 7077
7062,quad,7062 7063 7079 7078
7063,quad,7063 7064 7080 7079
7064,quad,7064 7065 7081 7080
7065,quad,7065 7066 7082 7081
7066,quad,7066 7067 7083 7082
7067,quad,7067 7068 7084 7083
7068,quad,7068 7069 7085 7084
7069,quad,7069 7070 7086 7085
7070,quad,7070 7071 7087 7086
7071,quad,7071 7056 7072 7087
7072,quad,7072 7073 7089 7088
7073,quad,7073 7074 7090 7089
7074,quad,7074 7075 7091 7090
7075,quad,7075 7076 7092 7091
7076,quad,7076 7077 7093 7092
7077,quad,7077 7078 7094 7093
7078,quad,7078 7079 7095 7094
7079,quad,7079 7080 7096 7095
7080,quad,7080 7081 7097 7096
7081,quad,7081 7082 7098 7097
7082,quad,7082 7083 7099 7098
7083,quad,7083 7084 7100 7099
7084,quad,7084 7085 7101 7100
7085,quad,7085 7086 7102 7101
7086,quad,7086 7087 7103 7102
7087,quad,7087 7072 7088 7103
7088,quad,7088 7089 7105 7104
7089,quad,7089 7090 7106 7105
7090,quad,7090 7091 7107 7106
7091,quad,7091 7092 7108 7107
7092,quad,7092 7093 7109 7108
7093,quad,7093 7094 7110 7109
7094,quad,7094 7095 7111 7110
7095,quad,7095 7096 7112 7111
7096,quad,7096 7097 7113 7112
7097,quad,7097 7098 7114 7113
7098,quad,7098 7099 7115 7114
7099,quad,7099 7100 7116 7115
7100,quad,7100 7101 7117 7116
7101,quad,7101 7102 7118 7117
7102,quad,7102 7103 7119 7118
7103,quad,7103 7088 7104 7119
7104,quad,7104 7105 7121 7120
7105,quad,7105 7106 7122 7121
7106,quad,7106 7107 7123 7122
7107,quad,7107 7108 7124 7123
7108,quad,7108 7109 7125 7124
7109,quad,7109 7110 7126 7125
7110,quad,7110 7111 7127 7126
7111,quad,7111 7112 7128 7127
7112,quad,7112 7113 7129 7128
7113,quad,7113 7114 7130 7129
7114,quad,7114 7115 7131 7130
7115,quad,7115 7116 7132 7131
7116,quad,7116 7117 7133 7132
7117,quad,7117 7118 7134 7133
7118,quad,7118 7119 7135 7134
7119,quad,7119 7104 7120 7135
7120,quad,7120 7121 7137 7136
7121,quad,7121 7122 7138 7137
7122,quad,7122 7123 7139 7138
7123,quad,7123 7124 7140 7139
7124,quad,7124 7125 7141 7140
7125,quad,7125 7126 7142 7141
7126,quad,7126 7127 7143 7142
7127,quad,7127 7128 7144 7143
7128,quad,7128 7129 7145 7144
7129,quad,7129 7130 7146 7145
7130,quad,7130 7131 7147 7146
7131,quad,7131 7132 7148 7147
7132,quad,7132 7133 7149 7148
7133,quad,7133 7134 7150 7149
7134,quad,7134 7135 7151 7150
7135,quad,7135 7120 7136 7151
7136,quad,7136 7137 7153 7152
7137,quad,7137 7138 7154 7153
7138,quad,7138 7139 7155 7154
7139,quad,7139 7140 7156 7155
7140,quad,7140 7141 7157 7156
7141,quad,7141 7142 7158 7157
7142,quad,7142 7143 7159 7158
7143,quad,7143 7144 7160 7159
7144,quad,7144 7145 7161 7160
7145,quad,7145 7146 7162 7161
7146,quad,7146 7147 7163 7162
7147,quad,7147 7148 7164 7163
7148,quad,7148 7149 7165 7164
7149,quad,7149 7150 7166 7165
7150,quad,7150 7151 7167 7166
7151,quad,7151 7136 7152 7167
7152,quad,7152 7153 7169 7168
7153,quad,7153 7154 7170 7169
7154,quad,7154 7155 7171 7170
7155,quad,7155 7156 7172 7171
7156,quad,7156 7157 7173 7172
7157,quad,7157 7158 7174 7173
7158,quad,7158 7159 7175 7174
7159,quad,7159 7160 7176 7175
7160,quad,7160 7161 7177 7176
7161,quad,7161 7162 7178 7177
7162,quad,7162 7163 7179 7178
7163,quad,7163 7164 7180 7179
7164,quad,7164 7165 7181 7180
7165,quad,7165 7166 7182 7181
7166,quad,7166 7167 7183 7182
7167,quad,7167 7152 7168 7183
7168,quad,7168 7169 7185 7184
7169,quad,7169 7170 7186 7185
7170,quad,7170 7171 7187 7186
7171,quad,7171 7172 7188 7187
7172,quad,7172 7173 7189 7188
7173,quad,7173 7174 7190 7189
7174,quad,7174 7175 7191 7190
7175,quad,7175 7176 7192 7191
7176,quad,7176 7177 7193 7192
7177,quad,7177 7178 7194 7193
7178,quad,7178 7179 7195 7194
7179,quad,7179 7180 7196 7195
7180,quad,7180 7181 7197 7196
7181,quad,7181 7182 7198 7197
7182,quad,7182 7183 7199 7198
7183,quad,7183 7168 7184 7199
7184,quad,7184 7185 7201 7200
7185,quad,7185 7186 7202 7201
7186,quad,7186 7187 7203 7202
7187,quad,7187 7188 7204 7203
7188,quad,7188 7189 7205 7204
7189,quad,7189 7190 7206 7205
7190,quad,7190 7191 7207 7206
7191,quad,7191 7192 7208 7207
7192,quad,7192 7193 7209 7208
7193,quad,7193 7194 7210 7209
7194,quad,7194 7195 7211 7210
7195,quad,7195 7196 7212 7211
7196,quad,7196 7197 7213 7212
7197,quad,7197 7198 7214 7213
7198,quad,7198 7199 7215 7214
7199,quad,7199 7184 7200 7215
7200,quad,7200 7201 7217 7216
7201,quad,7201 7202 7218 7217
7202,quad,7202 7203 7219 7218
7203,quad,7203 7204 7220 7219
7204,quad,7204 7205 7221 7220
7205,quad,7205 7206 7222 7221
7206,quad,7206 7207 7223 7222
7207,quad,7207 7208 7224 7223
7208,quad,7208 7209 7225 7224
7209,quad,7209 7210 7226 7225
7210,quad,7210 7211 7227 7226
7211,quad,7211 7212 7228 7227
7212,quad,7212 7213 7229 7228
7213,quad,7213 7214 7230 7229
7214,quad,7214 7215 7231 7230
7215,quad,7215 7200 7216 7231
7216,quad,7216 7217 7233 7232
7217,quad,7217 7218 7234 7233
7218,quad,7218 7219 7235 7234
7219,quad,7219 7220 7236 7235
7220,quad,7220 7221 7237 7236
7221,quad,7221 7222 7238 7237
7222,quad,7222 7223 7239 7238
7223,quad,7223 7224 7240 7239
7224,quad,7224 7225 7241 7240
7225,quad,7225 7226 7242 7241
7226,quad,7226 7227 7243 7242
7227,quad,7227 7228 7244 7243
7228,quad,7228 7229 7245 7244
7229,quad,7229 7230 7246 7245
7230,quad,7230 7231 7247 7246
7231,quad,7231 7216 7232 7247
7232,quad,7232 7233 7249 7248
7233,quad,7233 7234 7250 7249
7234,quad,7234 7235 7251 7250
7235,quad,7235 7236 7252 7251
7236,quad,7236 7237 7253 7252
7237,quad,7237 7238 7254 7253
7238,quad,7238 7239 7255 7254
7239,quad,7239 7240 7256 7255
7240,quad,7240 7241 7257 7256
7241,quad,7241 7242 7258 7257
7242,quad,7242 7243 7259 7258
7243,quad,7243 7244 7260 7259
7244,quad,7244 7245 7261 7260
7245,quad,7245 7246 7262 7261
7246,quad,7246 7247 7263 7262
7247,quad,7247 7232 7248 7263
7248,quad,7248 7249 7265 7264
7249,quad,7249 7250 7266 7265
7250,quad,7250 7251 7267 7266
7251,quad,7251 7252 7268 7267
7252,quad,7252 7253 7269 7268
7253,quad,7253 7254 7270 7269
7254,quad,7254 7255 7271 7270
7255,quad,7255 7256 7272 7271
7256,quad,7256 7257 7273 7272
7257,quad,7257 7258 7274 7273
7258,quad,7258 7259 7275 7274
7259,quad,7259 7260 7276 7275
7260,quad,7260 7261 7277 7276
7261,quad,7261 7262 7278 7277
7262,quad,7262 7263 7279 7278
7263,quad,7263 7248 7264 7279
7264,quad,7264 7265 7281 7280
7265,quad,7265 7266 7282 7281
7266,quad,7266 7267 7283 7282
7267,quad,7267 7268 7284 7283
7268,quad,7268 7269 7285 7284
7269,quad,7269 7270 7286 7285
7270,quad,7270 7271 7287 7286
7271,quad,7271 7272 7288 7287
7272,quad,7272 7273 7289 7288
7273,quad,7273 7274 7290 7289
7274,quad,7274 7275 7291 7290
7275,quad,7275 7276 7292 7291
7276,quad,7276 7277 7293 7292
7277,quad,7277 7278 7294 7293
7278,quad,7278 7279 7295 7294
7279,quad,7279 7264 7280 7295
7280,quad,7280 7281 7297 7296
7281,quad,7281 7282 7298 7297
7282,quad,7282 7283 7299 7298
7283,quad,7283 7284 7300 7299
7284,quad,7284 7285 7301 7300
7285,quad,7285 7286 7302 7301
7286,quad,7286 7287 7303 7302
7287,quad,7287 7288 7304 7303
7288,quad,7288 7289 7305 7304
7289,quad,7289 7290 7306 7305
7290,quad,7290 7291 7307 7306
7291,quad,7291 7292 7308 7307
7292,quad,7292 7293 7309 7308
7293,quad,7293 7294 7310 7309
7294,quad,7294 7295 7311 7310
7295,quad,7295 7280 7296 7311
7296,quad,7296 7297 7313 7312
7297,quad,7297 7298 7314 7313
7298,quad,7298 7299 7315 7314
7299,quad,7299 7300 7316 7315
7300,quad,7300 7301 7317 7316
7301,quad,7301 7302 7318 7317
7302,quad,7302 7303 7319 7318
7303,quad,7303 7304 7320 7319
7304,quad,7304 7305 7321 7320
7305,quad,7305 7306 7322 7321
7306,quad,7306 7307 7323 7322
7307,quad,7307 7308 7324 7323
7308,quad,7308 7309 7325 7324
7309,quad,7309 7310 7326 7325
7310,quad,7310 7311 7327 7326
7311,quad,7311 7296 7312 7327
7312,quad,7312 7313 7329 7328
7313,quad,7313 7314 7330 7329
7314,quad,7314 7315 7331 7330
7315,quad,7315 7316 7332 7331
7316,quad,7316 7317 7333 7332
7317,quad,7317 7318 7334 7333
7318,quad,7318 7319 7335 7334
7319,quad,7319 7320 7336 7335
7320,quad,7320 7321 7337 7336
7321,quad,7321 7322 7338 7337
7322,quad,7322 7323 7339 7338
7323,quad,7323 7324 7340 7339
7324,quad,7324 7325 7341 7340
7325,quad,7325 7326 7342 7341
7326,quad,7326 7327 7343 7342
7327,quad,7327 7312 7328 7343
7328,quad,7328 7329 7345 7344
7329,quad,7329 7330 7346 7345
7330,quad,7330 7331 7347 7346
7331,quad,7331 7332 7348 7347
7332,quad,7332 7333 7349 7348
7333,quad,7333 7334 7350 7349
7334,quad,7334 7335 7351 7350
7335,quad,7335 7336 7352 7351
7336,quad,7336 7337 7353 7352
7337,quad,7337 7338 7354 7353
7338,quad,7338 7339 7355 7354
7339,quad,7339 7340 7356 7355
7340,quad,7340 7341 7357 7356
7341,quad,7341 7342 7358 7357
7342,quad,7342 7343 7359 7358
7343,quad,7343 7328 7344 7359
7344,quad,7344 7345 7361 7360
7345,quad,7345 7346 7362 7361
7346,quad,7346 7347 7363 7362
7347,quad,7347 7348 7364 7363
7348,quad,7348 7349 7365 7364
7349,quad,7349 7350 7366 7365
7350,quad,7350 7351 7367 7366
7351,quad,7351 7352 7368 7367
7352,quad,7352 7353 7369 7368
7353,quad,7353 7354 7370 7369
7354,quad,7354 7355 7371 7370
7355,quad,7355 7356 7372 7371
7356,quad,7356 7357 7373 7372
7357,quad,7357 7358 7374 7373
7358,quad,7358 7359 7375 7374
7359,quad,7359 7344 7360 7375
7360,quad,7360 7361 7377 7376
7361,quad,7361 7362 7378 7377
7362,quad,7362 7363 7379 7378
7363,quad,7363 7364 7380 7379
7364,quad,7364 7365 7381 7380
7365,quad,7365 7366 7382 7381
7366,quad,7366 7367 7383 7382
7367,quad,7367 7368 7384 7383
7368,quad,7368 7369 7385 7384
7369,quad,7369 7370 7386 7385
7370,quad,7370 7371 7387 7386
7371,quad,7371 7372 7388 7387
7372,quad,7372 7373 7389 7388
7373,quad,7373 7374 7390 7389
7374,quad,7374 7375 7391 7390
7375,quad,7375 7360 7376 7391
7376,quad,7376 7377 7393 7392
7377,quad,7377 7378 7394 7393
7378,quad,7378 7379 7395 7394
7379,quad,7379 7380 7396 7395
7380,quad,7380 7381 7397 7396
7381,quad,7381 7382 7398 7397
7382,quad,7382 7383 7399 7398
7383,quad,7383 7384 7400 7399
7384,quad,7384 7385 7401 7400
7385,quad,7385 7386 7402 7401
7386,quad,7386 7387 7403 7402
7387,quad,7387 7388 7404 7403
7388,quad,7388 7389 7405 7404
7389,quad,7389 7390 7406 7405
7390,quad,7390 7391 7407 7406
7391,quad,7391 7376 7392 7407
7392,quad,7392 7393 7409 7408
7393,quad,7393 7394 7410 7409
7394,quad,7394 7395 7411 7410
7395,quad,7395 7396 7412 7411
7396,quad,7396 7397 7413 7412
7397,quad,7397 7398 7414 7413
7398,quad,7398 7399 7415 7414
7399,quad,7399 7400 7416 7415
7400,quad,7400 7401 7417 7416
7401,quad,7401 7402 7418 7417
7402,quad,7402 7403 7419 7418
7403,quad,7403 7404 7420 7419
7404,quad,7404 7405 7421 7420
7405,quad,7405 7406 7422 7421
7406,quad,7406 7407 7423 7422
7407,quad,7407 7392 7408 7423
7408,quad,7408 7409 7425 7424
7409,quad,7409 7410 7426 7425
7410,quad,7410 7411 7427 7426
7411,quad,7411 7412 7428 7427
7412,quad,7412 7413 7429 7428
7413,quad,7413 7414 7430 7429
7414,quad,7414 7415 7431 7430
7415,quad,7415 7416 7432 7431
7416,quad,7416 7417 7433 7432
7417,quad,7417 7418 7434 7433
7418,quad,7418 7419 7435 7434
7419,quad,7419 7420 7436 7435
7420,quad,7420 7421 7437 7436
7421,quad,7421 7422 7438 7437
7422,quad,7422 7423 7439 7438
7423,quad,7423 7408 7424 7439
7424,quad,7424 7425 7441 7440
7425,quad,7425 7426 7442 7441
7426,quad,7426 7427 7443 7442
7427,quad,7427 7428 7444 7443
7428,quad,7428 7429 7445 7444
7429,quad,7429 7430 7446 7445
7430,quad,7430 7431 7447 7446
7431,quad,7431 7432 7448 7447
7432,quad,7432 7433 7449 7448
7433,quad,7433 7434 7450 7449
7434,quad,7434 7435 7451 7450
7435,quad,7435 7436 7452 7451
7436,quad,7436 7437 7453 7452
7437,quad,7437 7438 7454 7453
7438,quad,7438 7439 7455 7454
7439,quad,7439 7424 7440 7455
7440,quad,7440 7441 7457 7456
7441,quad,7441 7442 7458 7457
7442,quad,7442 7443 7459 7458
7443,quad,7443 7444 7460 7459
7444,quad,7444 7445 7461 7460
7445,quad,7445 7446 7462 7461
7446,quad,7446 7447 7463 7462
7447,quad,7447 7448 7464 7463
7448,quad,7448 7449 7465 7464
7449,quad,7449 7450 7466 7465
7450,quad,7450 7451 7467 7466
7451,quad,7451 7452 7468 7467
7452,quad,7452 7453 7469 7468
7453,quad,7453 7454 7470 7469
7454,quad,7454 7455 7471 7470
7455,quad,7455 7440 7456 7471
7456,quad,7456 7457 7473 7472
7457,quad,7457 7458 7474 7473
7458,quad,7458 7459 7475 7474
7459,quad,7459 7460 7476 7475
7460,quad,7460 7461 7477 7476
7461,quad,7461 7462 7478 7477
7462,quad,7462 7463 7479 7478
7463,quad,7463 7464 7480 7479
7464,quad,7464 7465 7481 7480
7465,quad,7465 7466 7482 7481
7466,quad,7466 7467 7483 7482
7467,quad,7467 7468 7484 7483
7468,quad,7468 7469 7485 7484
7469,quad,7469 7470 7486 7485
7470,quad,7470 7471 7487 7486
7471,quad,7471 7456 7472 7487
7472,quad,7472 7473 7489 7488
7473,quad,7473 7474 7490 7489
7474,quad,7474 7475 7491 7490
7475,quad,7475 7476 7492 7491
7476,quad,7476 7477 7493 7492
7477,quad,7477 7478 7494 7493
7478,quad,7478 7479 7495 7494
7479,quad,7479 7480 7496 7495
7480,quad,7480 7481 7497 7496
7481,quad,7481 7482 7498 7497
7482,quad,7482 7483 7499 7498
7483,quad,7483 7484 7500 7499
7484,quad,7484 7485 7501 7500
7485,quad,7485 7486 7502 7501
7486,quad,7486 7487 7503 7502
7487,quad,7487 7472 7488 7503
7488,quad,7488 7489 7505 7504
7489,quad,7489 7490 7506 7505
7490,quad,7490 7491 7507 7506
7491,quad,7491 7492 7508 7507
7492,quad,7492 7493 7509 7508
7493,quad,7493 7494 7510 7509
7494,quad,7494 7495 7511 7510
7495,quad,7495 7496 7512 7511
7496,quad,7496 7497 7513 7512
7497,quad,7497 7498 7514 7513
7498,quad,7498 7499 7515 7514
7499,quad,7499 7500 7516 7515
7500,quad,7500 7501 7517 7516
7501,quad,7501 7502 7518 7517
7502,quad,7502 7503 7519 7518
7503,quad,7503 7488 7504 7519
7504,quad,7504 7505 7521 7520
7505,quad,7505 7506 7522 7521
7506,quad,7506 7507 7523 7522
7507,quad,7507 7508 7524 7523
7508,quad,7508 7509 7525 7524
7509,quad,7509 7510 7526 7525
7510,quad,7510 7511 7527 7526
7511,quad,7511 7512 7528 7527
7512,quad,7512 7513 7529 7528
7513,quad,7513 7514 7530 7529
7514,quad,7514 7515 7531 7530
7515,quad,7515 7516 7532 7531
7516,quad,7516 7517 7533 7532
7517,quad,7517 7518 7534 7533
7518,quad,7518 7519 7535 7534
7519,quad,7519 7504 7520 7535
7520,quad,7520 7521 7537 7536
7521,quad,7521 7522 7538 7537
7522,quad,7522 7523 7539 7538
7523,quad,7523 7524 7540 7539
7524,quad,7524 7525 7541 7540
7525,quad,7525 7526 7542 7541
7526,quad,7526 7527 7543 7542
7527,quad,7527 7528 7544 7543
7528,quad,7528 7529 7545 7544
7529,quad,7529 7530 7546 7545
7530,quad,7530 7531 7547 7546
7531,quad,7531 7532 7548 7547
7532,quad,7532 7533 7549 7548
7533,quad,7533 7534 7550 7549
7534,quad,7534 7535 7551 7550
7535,quad,7535 7520 7536 7551
7536,quad,7536 7537 7553 7552
7537,quad,7537 7538 7554 7553
7538,quad,7538 7539 7555 7554
7539,quad,7539 7540 7556 7555
7540,quad,7540 7541 7557 7556
7541,quad,7541 7542 7558 7557
7542,quad,7542 7543 7559 7558
7543,quad,7543 7544 7560 7559
7544,quad,7544 7545 7561 7560
7545,quad,7545 7546 7562 7561
7546,quad,7546 7547 7563 7562
7547,quad,7547 7548 7564 7563
7548,quad,7548 7549 7565 7564
7549,quad,7549 7550 7566 7565
7550,quad,7550 7551 7567 7566
7551,quad,7551 7536 7552 7567
7552,quad,7552 7553 7569 7568
7553,quad,7553 7554 7570 7569
7554,quad,7554 7555 7571 7570
7555,quad,7555 7556 7572 7571
7556,quad,7556 7557 7573 7572
7557,quad,7557 7558 7574 7573
7558,quad,7558 7559 7575 7574
7559,quad,7559 7560 7576 7575
7560,quad,7560 7561 7577 7576
7561,quad,7561 7562 7578 7577
7562,quad,7562 7563 7579 7578
7563,quad,7563 7564 7580 7579
7564,quad,7564 7565 7581 7580
7565,quad,7565 7566 7582 7581
7566,quad,7566 7567 7583 7582
7567,quad,7567 7552 7568 7583
7568,quad,7568 7569 7585 7584
7569,quad,7569 7570 7586 7585
7570,quad,7570 7571 7587 7586
7571,quad,7571 7572 7588 7587
7572,quad,7572 7573 7589 7588
7573,quad,7573 7574 7590 7589
7574,quad,7574 7575 7591 7590
7575,quad,7575 7576 7592 7591
7576,quad,7576 7577 7593 7592
7577,quad,7577 7578 7594 7593
7578,quad,7578 7579 7595 7594
7579,quad,7579 7580 7596 7595
7580,quad,7580 7581 7597 7596
7581,quad,7581 7582 7598 7597
7582,quad,7582 7583 7599 7598
7583,quad,7583 7568 7584 7599
7584,quad,7584 7585 7601 7600
7585,quad,7585 7586 7602 7601
7586,quad,7586 7587 7603 7602
7587,quad,7587 7588 7604 7603
7588,quad,7588 7589 7605 7604
7589,quad,7589 7590 7606 7605
7590,quad,7590 7591 7607 7606
7591,quad,7591 7592 7608 7607
7592,quad,7592 7593 7609 7608
7593,quad,7593 7594 7610 7609
7594,quad,7594 7595 7611 7610
7595,quad,7595 7596 7612 7611
7596,quad,7596 7597 7613 7612
7597,quad,7597 7598 7614 7613
7598,quad,7598 7599 7615 7614
7599,quad,7599 7584 7600 7615
7600,quad,7600 7601 7617 7616
7601,quad,7601 7602 7618 7617
7602,quad,7602 7603 7619 7618
7603,quad,7603 7604 7620 7619
7604,quad,7604 7605 7621 7620
7605,quad,7605 7606 7622 7621
7606,quad,7606 7607 7623 7622
7607,quad,7607 7608 7624 7623
7608,quad,7608 7609 7625 7624
7609,quad,7609 7610 7626 7625
7610,quad,7610 7611 7627 7626
7611,quad,7611 7612 7628 7627
7612,quad,7612 7613 7629 7628
7613,quad,7613 7614 7630 7629
7614,quad,7614 7615 7631 7630
7615,quad,7615 7600 7616 7631
7616,quad,7616 7617 7633 7632
7617,quad,7617 7618 7634 7633
7618,quad,7618 7619 7635 7634
7619,quad,7619 7620 7636 7635
7620,quad,7620 7621 7637 7636
7621,quad,7621 7622 7638 7637
7622,quad,7622 7623 7639 7638
7623,quad,7623 7624 7640 7639
7624,quad,7624 7625 7641 7640
7625,quad,7625 7626 7642 7641
7626,quad,7626 7627 7643 7642
7627,quad,7627 7628 7644 7643
7628,quad,7628 7629 7645 7644
7629,quad,7629 7630 7646 7645
7630,quad,7630 7631 7647 7646
7631,quad,7631 7616 7632 7647
7632,quad,7632 7633 7649 7648
7633,quad,7633 7634 7650 7649
7634,quad,7634 7635 7651 7650
7635,quad,7635 7636 7652 7651
7636,quad,7636 7637 7653 7652
7637,quad,7637 7638 7654 7653
7638,quad,7638 7639 7655 7654
7639,quad,7639 7640 7656 7655
7640,quad,7640 7641 7657 7656
7641,quad,7641 7642 7658 7657
7642,quad,7642 7643 7659 7658
7643,quad,7643 7644 7660 7659
7644,quad,7644 7645 7661 7660
7645,quad,7645 7646 7662 7661
7646,quad,7646 7647 7663 7662
7647,quad,7647 7632 7648 7663
7648,quad,7648 7649 7665 7664
7649,quad,7649 7650 7666 7665
7650,quad,7650 7651 7667 7666
7651,quad,7651 7652 7668 7667
7652,quad,7652 7653 7669 7668
7653,quad,7653 7654 7670 7669
7654,quad,7654 7655 7671 7670
7655,quad,7655 7656 7672 7671
7656,quad,7656 7657 7673 7672
7657,quad,7657 7658 7674 7673
7658,quad,7658 7659 7675 7674
7659,quad,7659 7660 7676 7675
7660,quad,7660 7661 7677 7676
7661,quad,7661 7662 7678 7677
7662,quad,7662 7663 7679 7678
7663,quad,7663 7648 7664 7679
7664,quad,7664 7665 7681 7680
7665,quad,7665 7666 7682 7681
7666,quad,7666 7667 7683 7682
7667,quad,7667 7668 7684 7683
7668,quad,7668 7669 7685 7684
7669,quad,7669 7670 7686 7685
7670,quad,7670 7671 7687 7686
7671,quad,7671 7672 7688 7687
7672,quad,7672 7673 7689 7688
7673,quad,7673 7674 7690 7689
7674,quad,7674 7675 7691 7690
7675,quad,7675 7676 7692 7691
7676,quad,7676 7677 7693 7692
7677,quad,7677 7678 7694 7693
7678,quad,7678 7679 7695 7694
7679,quad,7679 7664 7680 7695
7680,quad,7680 7681 7697 7696
7681,quad,7681 7682 7698 7697
7682,quad,7682 7683 7699 7698
7683,quad,7683 7684 7700 7699
7684,quad,7684 7685 7701 7700
7685,quad,7685 7686 7702 7701
7686,quad,7686 7687 7703 7702
7687,quad,7687 7688 7704 7703
7688,quad,7688 7689 7705 7704
7689,quad,7689 7690 7706 7705
7690,quad,7690 7691 7707 7706
7691,quad,7691 7692 7708 7707
7692,quad,7692 7693 7709 7708
7693,quad,7693 7694 7710 7709
7694,quad,7694 7695 7711 7710
7695,quad,7695 7680 7696 7711
7696,quad,7696 7697 7713 7712
7697,quad,7697 7698 7714 7713
7698,quad,7698 7699 7715 7714
7699,quad,7699 7700 7716 7715
7700,quad,7700 7701 7717 7716
7701,quad,7701 7702 7718 7717
7702,quad,7702 7703 7719 7718
7703,quad,7703 7704 7720 7719
7704,quad,7704 7705 7721 7720
7705,quad,7705 7706 7722 7721
7706,quad,7706 7707 7723 7722
7707,quad,7707 7708 7724 7723
7708,quad,7708 7709 7725 7724
7709,quad,7709 7710 7726 7725
7710,quad,7710 7711 7727 7726
7711,quad,7711 7696 7712 7727
7712,quad,7712 7713 7729 7728
7713,quad,7713 7714 7730 7729
7714,quad,7714 7715 7731 7730
7715,quad,7715 7716 7732 7731
7716,quad,7716 7717 7733 7732
7717,quad,7717 7718 7734 7733
7718,quad,7718 7719 7735 7734
7719,quad,7719 7720 7736 7735
7720,quad,7720 7721 7737 7736
7721,quad,7721 7722 7738 7737
7722,quad,7722 7723 7739 7738
7723,quad,7723 7724 7740 7739
7724,quad,7724 7725 7741 7740
7725,quad,7725 7726 7742 7741
7726,quad,7726 7727 7743 7742
7727,quad,7727 7712 7728 7743
7728,quad,7728 7729 7745 7744
7729,quad,7729 7730 7746 7745
7730,quad,7730 7731 7747 7746
7731,quad,7731 7732 7748 7747
7732,quad,7732 7733 7749 7748
7733,quad,7733 7734 7750 7749
7734,quad,7734 7735 7751 7750
7735,quad,7735 7736 7752 7751
7736,quad,7736 7737 7753 7752
7737,quad,7737 7738 7754 7753
7738,quad,7738 7739 7755 7754
7739,quad,7739 7740 7756 7755
7740,quad,7740 7741 7757 7756
7741,quad,7741 7742 7758 7757
7742,quad,7742 7743 7759 7758
7743,quad,7743 7728 7744 7759
7744,quad,7744 7745 7761 7760
7745,quad,7745 7746 7762 7761
7746,quad,7746 7747 7763 7762
7747,quad,7747 7748 7764 7763
7748,quad,7748 7749 7765 7764
7749,quad,7749 7750 7766 7765
7750,quad,7750 7751 7767 7766
7751,quad,7751 7752 7768 7767
7752,quad,7752 7753 7769 7768
7753,quad,7753 7754 7770 7769
7754,quad,7754 7755 7771 7770
7755,quad,7755 7756 7772 7771
7756,quad,7756 7757 7773 7772
7757,quad,7757 7758 7774 7773
7758,quad,7758 7759 7775 7774
7759,quad,7759 7744 7760 7775
7760,quad,7760 7761 7777 7776
7761,quad,7761 7762 7778 7777
7762,quad,7762 7763 7779 7778
7763,quad,7763 7764 7780 7779
7764,quad,7764 7765 7781 7780
7765,quad,7765 7766 7782 7781
7766,quad,7766 7767 7783 7782
7767,quad,7767 7768 7784 7783
7768,quad,7768 7769 7785 7784
7769,quad,7769 7770 7786 7785
7770,quad,7770 7771 7787 7786
7771,quad,7771 7772 7788 7787
7772,quad,7772 7773 7789 7788
7773,quad,7773 7774 7790 7789
7774,quad,7774 7775 7791 7790
7775,quad,7775 7760 7776 7791
7776,quad,7776 7777 7793 7792
7777,quad,7777 7778 7794 7793
7778,quad,7778 7779 7795 7794
7779,quad,7779 7780 7796 7795
7780,quad,7780 7781 7797 7796
7781,quad,7781 7782 7798 7797
7782,quad,7782 7783 7799 7798
7783,quad,7783 7784 7800 7799
7784,quad,7784 7785 7801 7800
7785,quad,7785 7786 7802 7801
7786,quad,7786 7787 7803 7802
7787,quad,7787 7788 7804 7803
7788,quad,7788 7789 7805 7804
7789,quad,7789 7790 7806 7805
7790,quad,7790 7791 7807 7806
7791,quad,7791 7776 7792 7807
7792,quad,7792 7793 7809 7808
7793,quad,7793 7794 7810 7809
7794,quad,7794 7795 7811 7810
7795,quad,7795 7796 7812 7811
7796,quad,7796 7797 7813 7812
7797,quad,7797 7798 7814 7813
7798,quad,7798 7799 7815 7814
7799,quad,7799 7800 7816 7815
7800,quad,7800 7801 7817 7816
7801,quad,7801 7802 7818 7817
7802,quad,7802 7803 7819 7818
7803,quad,7803 7804 7820 7819
7804,quad,7804 7805 7821 7820
7805,quad,7805 7806 7822 7821
7806,quad,7806 7807 7823 7822
7807,quad,7807 7792 7808 7823
7808,quad,7808 7809 7825 7824
7809,quad,7809 7810 7826 7825
7810,quad,7810 7811 7827 7826
7811,quad,7811 7812 7828 7827
7812,quad,7812 7813 7829 7828
7813,quad,7813 7814 7830 7829
7814,quad,7814 7815 7831 7830
7815,quad,7815 7816 7832 7831
7816,quad,7816 7817 7833 7832
7817,quad,7817 7818 7834 7833
7818,quad,7818 7819 7835 7834
7819,quad,7819 7820 7836 7835
7820,quad,7820 7821 7837 7836
7821,quad,7821 7822 7838 7837
7822,quad,7822 7823 7839 7838
7823,quad,7823 7808 7824 7839
7824,quad,7824 7825 7841 7840
7825,quad,7825 7826 7842 7841
7826,quad,7826 7827 7843 7842
7827,quad,7827 7828 7844 7843
7828,quad,7828 7829 7845 7844
7829,quad,7829 7830 7846 7845
7830,quad,7830 7831 7847 7846
7831,quad,7831 7832 7848 7847
7832,quad,7832 7833 7849 7848
7833,quad,7833 7834 7850 7849
7834,quad,7834 7835 7851 7850
7835,quad,7835 7836 7852 7851
7836,quad,7836 7837 7853 7852
7837,quad,7837 7838 7854 7853
7838,quad,7838 7839 7855 7854
7839,quad,7839 7824 7840 7855
7840,quad,7840 7841 7857 7856
7841,quad,7841 7842 7858 7857
7842,quad,7842 7843 7859 7858
7843,quad,7843 7844 7860 7859
7844,quad,7844 7845 7861 7860
7845,quad,7845 7846 7862 7861
7846,quad,7846 7847 7863 7862
7847,quad,7847 7848 7864 7863
7848,quad,7848 7849 7865 7864
7849,quad,7849 7850 7866 7865
7850,quad,7850 7851 7867 7866
7851,quad,7851 7852 7868 7867
7852,quad,7852 7853 7869 7868
7853,quad,7853 7854 7870 7869
7854,quad,7854 7855 7871 7870
7855,quad,7855 7840 7856 7871
7856,quad,7856 7857 7873 7872
7857,quad,7857 7858 7874 7873
7858,quad,7858 7859 7875 7874
7859,quad,7859 7860 7876 7875
7860,quad,7860 7861 7877 7876
7861,quad,7861 7862 7878 7877
7862,quad,7862 7863 7879 7878
7863,quad,7863 7864 7880 7879
7864,quad,7864 7865 7881 7880
7865,quad,7865 7866 7882 7881
7866,quad,7866 7867 7883 7882
7867,quad,7867 7868 7884 7883
7868,quad,7868 7869 7885 7884
7869,quad,7869 7870 7886 7885
7870,quad,7870 7871 7887 7886
7871,quad,7871 7856 7872 7887
7872,quad,7872 7873 7889 7888
7873,quad,7873 7874 7890 7889
7874,quad,7874 7875 7891 7890
7875,quad,7875 7876 7892 7891
7876,quad,7876 7877 7893 7892
7877,quad,7877 7878 7894 7893
7878,quad,7878 7879 7895 7894
7879,quad,7879 7880 7896 7895
7880,quad,7880 7881 7897 7896
7881,quad,7881 7882 7898 7897
7882,quad,7882 7883 7899 7898
7883,quad,7883 7884 7900 7899
7884,quad,7884 7885 7901 7900
7885,quad,7885 7886 7902 7901
7886,quad,7886 7887 7903 7902
7887,quad,7887 7872 7888 7903
7888,quad,7888 7889 7905 7904
7889,quad,7889 7890 7906 7905
7890,quad,7890 7891 7907 7906
7891,quad,7891 7892 7908 7907
7892,quad,7892 7893 7909 7908
7893,quad,7893 7894 7910 7909
7894,quad,7894 7895 7911 7910
7895,quad,7895 7896 7912 7911
7896,quad,7896 7897 7913 7912
7897,quad,7897 7898 7914 7913
7898,quad,7898 7899 7915 7914
7899,quad,7899 7900 7916 7915
7900,quad,7900 7901 7917 7916
7901,quad,7901 7902 7918 7917
7902,quad,7902 7903 7919 7918
7903,quad,7903 7888 7904 7919
7904,quad,7904 7905 7921 7920
7905,quad,7905 7906 7922 7921
7906,quad,7906 7907 7923 7922
7907,quad,7907 7908 7924 7923
7908,quad,7908 7909 7925 7924
7909,quad,7909 7910 7926 7925
7910,quad,7910 7911 7927 7926
7911,quad,7911 7912 7928 7927
7912,quad,7912 7913 7929 7928
7913,quad,7913 7914 7930 7929
7914,quad,7914 7915 7931 7930
7915,quad,7915 7916 7932 7931
7916,quad,7916 7917 7933 7932
7917,quad,7917 7918 7934 7933
7918,quad,7918 7919 7935 7934
7919,quad,7919 7904 7920 7935
7920,quad,7920 7921 7937 7936
7921,quad,7921 7922 7938 7937
7922,quad,7922 7923 7939 7938
7923,quad,7923 7924 7940 7939
7924,quad,7924 7925 7941 7940
7925,quad,7925 7926 7942 7941
7926,quad,7926 7927 7943 7942
7927,quad,7927 7928 7944 7943
7928,quad,7928 7929 7945 7944
7929,quad,7929 7930 7946 7945
7930,quad,7930 7931 7947 7946
7931,quad,7931 7932 7948 7947
7932,quad,7932 7933 7949 7948
7933,quad,7933 7934 7950 7949
7934,quad,7934 7935 7951 7950
7935,quad,7935 7920 7936 7951
7936,quad,7936 7937 7953 7952
7937,quad,7937 7938 7954 7953
7938,quad,7938 7939 7955 7954
7939,quad,7939 7940 7956 7955
7940,quad,7940 7941 7957 7956
7941,quad,7941 7942 7958 7957
7942,quad,7942 7943 7959 7958
7943,quad,7943 7944 7960 7959
7944,quad,7944 7945 7961 7960
7945,quad,7945 7946 7962 7961
7946,quad,7946 7947 7963 7962
7947,quad,7947 7948 7964 7963
7948,quad,7948 7949 7965 7964
7949,quad,7949 7950 7966 7965
7950,quad,7950 7951 7967 7966
7951,quad,7951 7936 7952 7967
7952,quad,7952 7953 7969 7968
7953,quad,7953 7954 7970 7969
7954,quad,7954 7955 7971 7970
7955,quad,7955 7956 7972 7971
7956,quad,7956 7957 7973 7972
7957,quad,7957 7958 7974 7973
7958,quad,7958 7959 7975 7974
7959,quad,7959 7960 7976 7975
7960,quad,7960 7961 7977 7976
7961,quad,7961 7962 7978 7977
7962,quad,7962 7963 7979 7978
7963,quad,7963 7964 7980 7979
7964,quad,7964 7965 7981 7980
7965,quad,7965 7966 7982 7981
7966,quad,7966 7967 7983 7982
7967,quad,7967 7952 7968 7983
7968,quad,7968 7969 7985 7984
7969,quad,7969 7970 7986 7985
7970,quad,7970 7971 7987 7986
7971,quad,7971 7972 7988 7987
7972,quad,7972 7973 7989 7988
7973,quad,7973 7974 7990 7989
7974,quad,7974 7975 7991 7990
7975,quad,7975 7976 7992 7991
7976,quad,7976 7977 7993 7992
7977,quad,7977 7978 7994 7993
7978,quad,7978 7979 7995 7994
7979,quad,7979 7980 7996 7995
7980,quad,7980 7981 7997 7996
7981,quad,7981 7982 7998 7997
7982,quad,7982 7983 7999 7998
7983,quad,7983 7968 7984 7999
7984,quad,7984 7985 8001 8000
7985,quad,7985 7986 8002 8001
7986,quad,7986 7987 8003 8002
7987,quad,7987 7988 8004 8003
7988,quad,7988 7989 8005 8004
7989,quad,7989 7990 8006 8005
7990,quad,7990 7991 8007 8006
7991,quad,7991 7992 8008 8007
7992,quad,7992 7993 8009 8008
7993,quad,7993 7994 8010 8009
7994,quad,7994 7995 8011 8010
7995,quad,7995 7996 8012 8011
7996,quad,7996 7997 8013 8012
7997,quad,7997 7998 8014 8013
7998,quad,7998 7999 8015 8014
7999,quad,7999 7984 8000 8015
8000,quad,8000 8001 8017 8016
8001,quad,8001 8002 8018 8017
8002,quad,8002 8003 8019 8018
8003,quad,8003 8004 8020 8019
8004,quad,8004 8005 8021 8020
8005,quad,8005 8006 8022 8021
8006,quad,8006 8007 8023 8022
8007,quad,8007 8008 8024 8023
8008,quad,8008 8009 8025 8024
8009,quad,8009 8010 8026 8025
8010,quad,8010 8011 8027 8026
8011,quad,8011 8012 8028 8027
8012,quad,8012 8013 8029 8028
8013,quad,8013 8014 8030 8029
8014,quad,8014 8015 8031 8030
8015,quad,8015 8000 8016 8031
8016,quad,8016 8017 8033 8032
8017,quad,8017 8018 8034 8033
8018,quad,8018 8019 8035 8034
8019,quad,8019 8020 8036 8035
8020,quad,8020 8021 8037 8036
8021,quad,8021 8022 8038 8037
8022,quad,8022 8023 8039 8038
8023,quad,8023 8024 8040 8039
8024,quad,8024 8025 8041 8040
8025,quad,8025 8026 8042 8041
8026,quad,8026 8027 8043 8042
8027,quad,8027 8028 8044 8043
8028,quad,8028 8029 8045 8044
8029,quad,8029 8030 8046 8045
8030,quad,8030 8031 8047 8046
8031,quad,8031 8016 8032 8047
8032,quad,8032 8033 8049 8048
8033,quad,8033 8034 8050 8049
8034,quad,8034 8035 8051 8050
8035,quad,8035 8036 8052 8051
8036,quad,8036 8037 8053 8052
8037,quad,8037 8038 8054 8053
8038,quad,8038 8039 8055 8054
8039,quad,8039 8040 8056 8055
8040,quad,8040 8041 8057 8056
8041,quad,8041 8042 8058 8057
8042,quad,8042 8043 8059 8058
8043,quad,8043 8044 8060 8059
8044,quad,8044 8045 8061 8060
8045,quad,8045 8046 8062 8061
8046,quad,8046 8047 8063 8062
8047,quad,8047 8032 8048 8063
8048,quad,8048 8049 8065 8064
8049,quad,8049 8050 8066 8065
8050,quad,8050 8051 8067 8066
8051,quad,8051 8052 8068 8067
8052,quad,8052 8053 8069 8068
8053,quad,8053 8054 8070 8069
8054,quad,8054 8055 8071 8070
8055,quad,8055 8056 8072 8071
8056,quad,8056 8057 8073 8072
8057,quad,8057 8058 8074 8073
8058,quad,8058 8059 8075 8074
8059,quad,8059 8060 8076 8075
8060,quad,8060 8061 8077 8076
8061,quad,8061 8062 8078 8077
8062,quad,8062 8063 8079 8078
8063,quad,8063 8048 8064 8079
8064,quad,8064 8065 8081 8080
8065,quad,8065 8066 8082 8081
8066,quad,8066 8067 8083 8082
8067,quad,8067 8068 8084 8083
8068,quad,8068 8069 8085 8084
8069,quad,8069 8070 8086 8085
8070,quad,8070 8071 8087 8086
8071,quad,8071 8072 8088 8087
8072,quad,8072 8073 8089 8088
8073,quad,8073 8074 8090 8089
8074,quad,8074 8075 8091 8090
8075,quad,8075 8076 8092 8091
8076,quad,8076 8077 8093 8092
8077,quad,8077 8078 8094 8093
8078,quad,8078 8079 8095 8094
8079,quad,8079 8064 8080 8095
8080,quad,8080 8081 8097 8096
8081,quad,8081 8082 8098 8097
8082,quad,8082 8083 8099 8098
8083,quad,8083 8084 8100 8099
8084,quad,8084 8085 8101 8100
8085,quad,8085 8086 8102 8101
8086,quad,8086 8087 8103 8102
8087,quad,8087 8088 8104 8103
8088,quad,8088 8089 8105 8104
8089,quad,8089 8090 8106 8105
8090,quad,8090 8091 8107 8106
8091,quad,8091 8092 8108 8107
8092,quad,8092 8093 8109 8108
8093,quad,8093 8094 8110 8109
8094,quad,8094 8095 8111 8110
8095,quad,8095 8080 8096 8111
8096,quad,8096 8097 8113 8112
8097,quad,8097 8098 8114 8113
8098,quad,8098 8099 8115 8114
8099,quad,8099 8100 8116 8115
8100,quad,8100 8101 8117 8116
8101,quad,8101 8102 8118 8117
8102,quad,8102 8103 8119 8118
8103,quad,8103 8104 8120 8119
8104,quad,8104 8105 8121 8120
8105,quad,8105 8106 8122 8121
8106,quad,8106 8107 8123 8122
8107,quad,8107 8108 8124 8123
8108,quad,8108 8109 8125 8124
8109,quad,8109 8110 8126 8125
8110,quad,8110 8111 8127 8126
8111,quad,8111 8096 8112 8127
8112,quad,8112 8113 8129 8128
8113,quad,8113 8114 8130 8129
8114,quad,8114 8115 8131 8130
8115,quad,8115 8116 8132 8131
8116,quad,8116 8117 8133 8132
8117,quad,8117 8118 8134 8133
8118,quad,8118 8119 8135 8134
8119,quad,8119 8120 8136 8135
8120,quad,8120 8121 8137 8136
8121,quad,8121 8122 8138 8137
8122,quad,8122 8123 8139 8138
8123,quad,8123 8124 8140 8139
8124,quad,8124 8125 8141 8140
8125,quad,8125 8126 8142 8141
8126,quad,8126 8127 8143 8142
8127,quad,8127 8112 8128 8143
8128,quad,8128 8129 8145 8144
8129,quad,8129 8130 8146 8145
8130,quad,8130 8131 8147 8146
8131,quad,8131 8132 8148 8147
8132,quad,8132 8133 8149 8148
8133,quad,8133 8134 8150 8149
8134,quad,8134 8135 8151 8150
8135,quad,8135 8136 8152 8151
8136,quad,8136 8137 8153 8152
8137,quad,8137 8138 8154 8153
8138,quad,8138 8139 8155 8154
8139,quad,8139 8140 8156 8155
8140,quad,8140 8141 8157 8156
8141,quad,8141 8142 8158 8157
8142,quad,8142 8143 8159 8158
8143,quad,8143 8128 8144 8159
8144,quad,8144 8145 8161 8160
8145,quad,8145 8146 8162 8161
8146,quad,8146 8147 8163 8162
8147,quad,8147 8148 8164 8163
8148,quad,8148 8149 8165 8164
8149,quad,8149 8150 8166 8165
8150,quad,8150 8151 8167 8166
8151,quad,8151 8152 8168 8167
8152,quad,8152 8153 8169 8168
8153,quad,8153 8154 8170 8169
8154,quad,8154 8155 8171 8170
8155,quad,8155 8156 8172 8171
8156,quad,8156 8157 8173 8172
8157,quad,8157 8158 8174 8173
8158,quad,8158 8159 8175 8174
8159,quad,8159 8144 8160 8175
8160,quad,8160 8161 8177 8176
8161,quad,8161 8162 8178 8177
8162,quad,8162 8163 8179 8178
8163,quad,8163 8164 8180 8179
8164,quad,8164 8165 8181 8180
8165,quad,8165 8166 8182 8181
8166,quad,8166 8167 8183 8182
8167,quad,8167 8168 8184 8183
8168,quad,8168 8169 8185 8184
8169,quad,8169 8170 8186 8185
8170,quad,8170 8171 8187 8186
8171,quad,8171 8172 8188 8187
8172,quad,8172 8173 8189 8188
8173,quad,8173 8174 8190 8189
8174,quad,8174 8175 8191 8190
8175,quad,8175 8160 8176 8191
8176,quad,8176 8177 8193 8192
8177,quad,8177 8178 8194 8193
8178,quad,8178 8179 8195 8194
8179,quad,8179 8180 8196 8195
8180,quad,8180 8181 8197 8196
8181,quad,8181 8182 8198 8197
8182,quad,8182 8183 8199 8198
8183,quad,8183 8184 8200 8199
8184,quad,8184 8185 8201 8200
8185,quad,8185 8186 8202 8201
8186,quad,8186 8187 8203 8202
8187,quad,8187 8188 8204 8203
8188,quad,8188 8189 8205 8204
8189,quad,8189 8190 8206 8205
8190,quad,8190 8191 8207 8206
8191,quad,8191 8176 8192 8207
8192,quad,8192 8193 8209 8208
8193,quad,8193 8194 8210 8209
8194,quad,8194 8195 8211 8210
8195,quad,8195 8196 8212 8211
8196,quad,8196 8197 8213 8212
8197,quad,8197 8198 8214 8213
8198,quad,8198 8199 8215 8214
8199,quad,8199 8200 8216 8215
8200,quad,8200 8201 8217 8216
8201,quad,8201 8202 8218 8217
8202,quad,8202 8203 8219 8218
8203,quad,8203 8204 8220 8219
8204,quad,8204 8205 8221 8220
8205,quad,8205 8206 8222 8221
8206,quad,8206 8207 8223 8222
8207,quad,8207 8192 8208 8223
8208,quad,8208 8209 8225 8224
8209,quad,8209 8210 8226 8225
8210,quad,8210 8211 8227 8226
8211,quad,8211 8212 8228 8227
8212,quad,8212 8213 8229 8228
8213,quad,8213 8214 8230 8229
8214,quad,8214 8215 8231 8230
8215,quad,8215 8216 8232 8231
8216,quad,8216 8217 8233 8232
8217,quad,8217 8218 8234 8233
8218,quad,8218 8219 8235 8234
8219,quad,8219 8220 8236 8235
8220,quad,8220 8221 8237 8236
8221,quad,8221 8222 8238 8237
8222,quad,8222 8223 8239 8238
8223,quad,8223 8208 8224 8239
8224,quad,8224 8225 8241 8240
8225,quad,8225 8226 8242 8241
8226,quad,8226 8227 8243 8242
8227,quad,8227 8228 8244 8243
8228,quad,8228 8229 8245 8244
8229,quad,8229 8230 8246 8245
8230,quad,8230 8231 8247 8246
8231,quad,8231 8232 8248 8247
8232,quad,8232 8233 8249 8248
8233,quad,8233 8234 8250 8249
8234,quad,8234 8235 8251 8250
8235,quad,8235 8236 8252 8251
8236,quad,8236 8237 8253 8252
8237,quad,8237 8238 8254 8253
8238,quad,8238 8239 8255 8254
8239,quad,8239 8224 8240 8255
8240,quad,8240 8241 8257 8256
8241,quad,8241 8242 8258 8257
8242,quad,8242 8243 8259 8258
8243,quad,8243 8244 8260 8259
8244,quad,8244 8245 8261 8260
8245,quad,8245 8246 8262 8261
8246,quad,8246 8247 8263 8262
8247,quad,8247 8248 8264 8263
8248,quad,8248 8249 8265 8264
8249,quad,8249 8250 8266 8265
8250,quad,8250 8251 8267 8266
8251,quad,8251 8252 8268 8267
8252,quad,8252 8253 8269 8268
8253,quad,8253 8254 8270 8269
8254,quad,8254 8255 8271 8270
8255,quad,8255 8240 8256 8271
8256,quad,8256 8257 8273 8272
8257,quad,8257 8258 8274 8273
8258,quad,8258 8259 8275 8274
8259,quad,8259 8260 8276 8275
8260,quad,8260 8261 8277 8276
8261,quad,8261 8262 8278 8277
8262,quad,8262 8263 8279 8278
8263,quad,8263 8264 8280 8279
8264,quad,8264 8265 8281 8280
8265,quad,8265 8266 8282 8281
8266,quad,8266 8267 8283 8282
8267,quad,8267 8268 8284 8283
8268,quad,8268 8269 8285 8284
8269,quad,8269 8270 8286 8285
8270,quad,8270 8271 8287 8286
8271,quad,8271 8256 8272 8287
8272,quad,8272 8273 8289 8288
8273,quad,8273 8274 8290 8289
8274,quad,8274 8275 8291 8290
8275,quad,8275 8276 8292 8291
8276,quad,8276 8277 8293 8292
8277,quad,8277 8278 8294 8293
8278,quad,8278 8279 8295 8294
8279,quad,8279 8280 8296 8295
8280,quad,8280 8281 8297 8296
8281,quad,8281 8282 8298 8297
8282,quad,8282 8283 8299 8298
8283,quad,8283 8284 8300 8299
8284,quad,8284 8285 8301 8300
8285,quad,8285 8286 8302 8301
8286,quad,8286 8287 8303 8302
8287,quad,8287 8272 8288 8303
8288,quad,8288 8289 8305 8304
8289,quad,8289 8290 8306 8305
8290,quad,8290 8291 8307 8306
8291,quad,8291 8292 8308 8307
8292,quad,8292 8293 8309 8308
8293,quad,8293 8294 8310 8309
8294,quad,8294 8295 8311 8310
8295,quad,8295 8296 8312 8311
8296,quad,8296 8297 8313 8312
8297,quad,8297 8298 8314 8313
8298,quad,8298 8299 8315 8314
8299,quad,8299 8300 8316 8315
8300,quad,8300 8301 8317 8316
8301,quad,8301 8302 8318 8317
8302,quad,8302 8303 8319 8318
8303,quad,8303 8288 8304 8319
8304,quad,8304 8305 8321 8320
8305,quad,8305 8306 8322 8321
8306,quad,8306 8307 8323 8322
8307,quad,8307 8308 8324 8323
8308,quad,8308 8309 8325 8324
8309,quad,8309 8310 8326 8325
8310,quad,8310 8311 8327 8326
8311,quad,8311 8312 8328 8327
8312,quad,8312 8313 8329 8328
8313,quad,8313 8314 8330 8329
8314,quad,8314 8315 8331 8330
8315,quad,8315 8316 8332 8331
8316,quad,8316 8317 8333 8332
8317,quad,8317 8318 8334 8333
8318,quad,8318 8319 8335 8334
8319,quad,8319 8304 8320 8335
8320,quad,8320 8321 8337 8336
8321,quad,8321 8322 8338 8337
8322,quad,8322 8323 8339 8338
8323,quad,8323 8324 8340 8339
8324,quad,8324 8325 8341 8340
8325,quad,8325 8326 8342 8341
8326,quad,8326 8327 8343 8342
8327,quad,8327 8328 8344 8343
8328,quad,8328 8329 8345 8344
8329,quad,8329 8330 8346 8345
8330,quad,8330 8331 8347 8346
8331,quad,8331 8332 8348 8347
8332,quad,8332 8333 8349 8348
8333,quad,8333 8334 8350 8349
8334,quad,8334 8335 8351 8350
8335,quad,8335 8320 8336 8351
8336,quad,8336 8337 8353 8352
8337,quad,8337 8338 8354 8353
8338,quad,8338 8339 8355 8354
8339,quad,8339 8340 8356 8355
8340,quad,8340 8341 8357 8356
8341,quad,8341 8342 8358 8357
8342,quad,8342 8343 8359 8358
8343,quad,8343 8344 8360 8359
8344,quad,8344 8345 8361 8360
8345,quad,8345 8346 8362 8361
8346,quad,8346 8347 8363 8362
8347,quad,8347 8348 8364 8363
8348,quad,8348 8349 8365 8364
8349,quad,8349 8350 8366 8365
8350,quad,8350 8351 8367 8366
8351,quad,8351 8336 8352 8367
8352,quad,8352 8353 8369 8368
8353,quad,8353 8354 8370 8369
8354,quad,8354 8355 8371 8370
8355,quad,8355 8356 8372 8371
8356,quad,8356 8357 8373 8372
8357,quad,8357 8358 8374 8373
8358,quad,8358 8359 8375 8374
8359,quad,8359 8360 8376 8375
8360,quad,8360 8361 8377 8376
8361,quad,8361 8362 8378 8377
8362,quad,8362 8363 8379 8378
8363,quad,8363 8364 8380 8379
8364,quad,8364 8365 8381 8380
8365,quad,8365 8366 8382 8381
8366,quad,8366 8367 8383 8382
8367,quad,8367 8352 8368 8383
8368,quad,8368 8369 8385 8384
8369,quad,8369 8370 8386 8385
8370,quad,8370 8371 8387 8386
8371,quad,8371 8372 8388 8387
8372,quad,8372 8373 8389 8388
8373,quad,8373 8374 8390 8389
8374,quad,8374 8375 8391 8390
8375,quad,8375 8376 8392 8391
8376,quad,8376 8377 8393 8392
8377,quad,8377 8378 8394 8393
8378,quad,8378 8379 8395 8394
8379,quad,8379 8380 8396 8395
8380,quad,8380 8381 8397 8396
8381,quad,8381 8382 8398 8397
8382,quad,8382 8383 8399 8398
8383,quad,8383 8368 8384 8399
8384,quad,8384 8385 8401 8400
8385,quad,8385 8386 8402 8401
8386,quad,8386 8387 8403 8402
8387,quad,8387 8388 8404 8403
8388,quad,8388 8389 8405 8404
8389,quad,8389 8390 8406 8405
8390,quad,8390 8391 8407 8406
8391,quad,8391 8392 8408 8407
8392,quad,8392 8393 8409 8408
8393,quad,8393 8394 8410 8409
8394,quad,8394 8395 8411 8410
8395,quad,8395 8396 8412 8411
8396,quad,8396 8397 8413 8412
8397,quad,8397 8398 8414 8413
8398,quad,8398 8399 8415 8414
8399,quad,8399 8384 8400 8415
8400,quad,8400 8401 8417 8416
8401,quad,8401 8402 8418 8417
8402,quad,8402 8403 8419 8418
8403,quad,8403 8404 8420 8419
8404,quad,8404 8405 8421 8420
8405,quad,8405 8406 8422 8421
8406,quad,8406 8407 8423 8422
8407,quad,8407 8408 8424 8423
8408,quad,8408 8409 8425 8424
8409,quad,8409 8410 8426 8425
8410,quad,8410 8411 8427 8426
8411,quad,8411 8412 8428 8427
8412,quad,8412 8413 8429 8428
8413,quad,8413 8414 8430 8429
8414,quad,8414 8415 8431 8430
8415,quad,8415 8400 8416 8431
8416,quad,8416 8417 8433 8432
8417,quad,8417 8418 8434 8433
8418,quad,8418 8419 8435 8434
8419,quad,8419 8420 8436 8435
8420,quad,8420 8421 8437 8436
8421,quad,8421 8422 8438 8437
8422,quad,8422 8423 8439 8438
8423,quad,8423 8424 8440 8439
8424,quad,8424 8425 8441 8440
8425,quad,8425 8426 8442 8441
8426,quad,8426 8427 8443 8442
8427,quad,8427 8428 8444 8443
8428,quad,8428 8429 8445 8444
8429,quad,8429 8430 8446 8445
8430,quad,8430 8431 8447 8446
8431,quad,8431 8416 8432 8447
8432,quad,8432 8433 8449 8448
8433,quad,8433 8434 8450 8449
8434,quad,8434 8435 8451 8450
8435,quad,8435 8436 8452 8451
8436,quad,8436 8437 8453 8452
8437,quad,8437 8438 8454 8453
8438,quad,8438 8439 8455 8454
8439,quad,8439 8440 8456 8455
8440,quad,8440 8441 8457 8456
8441,quad,8441 8442 8458 8457
8442,quad,8442 8443 8459 8458
8443,quad,8443 8444 8460 8459
8444,quad,8444 8445 8461 8460
8445,quad,8445 8446 8462 8461
8446,quad,8446 8447 8463 8462
8447,quad,8447 8432 8448 8463
8448,quad,8448 8449 8465 8464
8449,quad,8449 8450 8466 8465
8450,quad,8450 8451 8467 8466
8451,quad,8451 8452 8468 8467
8452,quad,8452 8453 8469 8468
8453,quad,8453 8454 8470 8469
8454,quad,8454 8455 8471 8470
8455,quad,8455 8456 8472 8471
8456,quad,8456 8457 8473 8472
8457,quad,8457 8458 8474 8473
8458,quad,8458 8459 8475 8474
8459,quad,8459 8460 8476 8475
8460,quad,8460 8461 8477 8476
8461,quad,8461 8462 8478 8477
8462,quad,8462 8463 8479 8478
8463,quad,8463 8448 8464 8479
8464,quad,8464 8465 8481 8480
8465,quad,8465 8466 8482 8481
8466,quad,8466 8467 8483 8482
8467,quad,8467 8468 8484 8483
8468,quad,8468 8469 8485 8484
8469,quad,8469 8470 8486 8485
8470,quad,8470 8471 8487 8486
8471,quad,8471 8472 8488 8487
8472,quad,8472 8473 8489 8488
8473,quad,8473 8474 8490 8489
8474,quad,8474 8475 8491 8490
8475,quad,8475 8476 8492 8491
8476,quad,8476 8477 8493 8492
8477,quad,8477 8478 8494 8493
8478,quad,8478 8479 8495 8494
8479,quad,8479 8464 8480 8495
8480,quad,8480 8481 8497 8496
8481,quad,8481 8482 8498 8497
8482,quad,8482 8483 8499 8498
8483,quad,8483 8484 8500 8499
8484,quad,8484 8485 8501 8500
8485,quad,8485 8486 8502 8501
8486,quad,8486 8487 8503 8502
8487,quad,8487 8488 8504 8503
8488,quad,8488 8489 8505 8504
8489,quad,8489 8490 8506 8505
8490,quad,8490 8491 8507 8506
8491,quad,8491 8492 8508 8507
8492,quad,8492 8493 8509 8508
8493,quad,8493 8494 8510 8509
8494,quad,8494 8495 8511 8510
8495,quad,8495 8480 8496 8511
8496,quad,8496 8497 8513 8512
8497,quad,8497 8498 8514 8513
8498,quad,8498 8499 8515 8514
8499,quad,8499 8500 8516 8515
8500,quad,8500 8501 8517 8516
8501,quad,8501 8502 8518 8517
8502,quad,8502 8503 8519 8518
8503,quad,8503 8504 8520 8519
8504,quad,8504 8505 8521 8520
8505,quad,8505 8506 8522 8521
8506,quad,8506 8507 8523 8522
8507,quad,8507 8508 8524 8523
8508,quad,8508 8509 8525 8524
8509,quad,8509 8510 8526 8525
8510,quad,8510 8511 8527 8526
8511,quad,8511 8496 8512 8527
8512,quad,8512 8513 8529 8528
8513,quad,8513 8514 8530 8529
8514,quad,8514 8515 8531 8530
8515,quad,8515 8516 8532 8531
8516,quad,8516 8517 8533 8532
8517,quad,8517 8518 8534 8533
8518,quad,8518 8519 8535 8534
8519,quad,8519 8520 8536 8535
8520,quad,8520 8521 8537 8536
8521,quad,8521 8522 8538 8537
8522,quad,8522 8523 8539 8538
8523,quad,8523 8524 8540 8539
8524,quad,8524 8525 8541 8540
8525,quad,8525 8526 8542 8541
8526,quad,8526 8527 8543 8542
8527,quad,8527 8512 8528 8543
8528,quad,8528 8529 8545 8544
8529,quad,8529 8530 8546 8545
8530,quad,8530 8531 8547 8546
8531,quad,8531 8532 8548 8547
8532,quad,8532 8533 8549 8548
8533,quad,8533 8534 8550 8549
8534,quad,8534 8535 8551 8550
8535,quad,8535 8536 8552 8551
8536,quad,8536 8537 8553 8552
8537,quad,8537 8538 8554 8553
8538,quad,8538 8539 8555 8554
8539,quad,8539 8540 8556 8555
8540,quad,8540 8541 8557 8556
8541,quad,8541 8542 8558 8557
8542,quad,8542 8543 8559 8558
8543,quad,8543 8528 8544 8559
8544,quad,8544 8545 8561 8560
8545,quad,8545 8546 8562 8561
8546,quad,8546 8547 8563 8562
8547,quad,8547 8548 8564 8563
8548,quad,8548 8549 8565 8564
8549,quad,8549 8550 8566 8565
8550,quad,8550 8551 8567 8566
8551,quad,8551 8552 8568 8567
8552,quad,8552 8553 8569 8568
8553,quad,8553 8554 8570 8569
8554,quad,8554 8555 8571 8570
8555,quad,8555 8556 8572 8571
8556,quad,8556 8557 8573 8572
8557,quad,8557 8558 8574 8573
8558,quad,8558 8559 8575 8574
8559,quad,8559 8544 8560 8575
8560,quad,8560 8561 8577 8576
8561,quad,8561 8562 8578 8577
8562,quad,8562 8563 8579 8578
8563,quad,8563 8564 8580 8579
8564,quad,8564 8565 8581 8580
8565,quad,8565 8566 8582 8581
8566,quad,8566 8567 8583 8582
8567,quad,8567 8568 8584 8583
8568,quad,8568 8569 8585 8584
8569,quad,8569 8570 8586 8585
8570,quad,8570 8571 8587 8586
8571,quad,8571 8572 8588 8587
8572,quad,8572 8573 8589 8588
8573,quad,8573 8574 8590 8589
8574,quad,8574 8575 8591 8590
8575,quad,8575 8560 8576 8591
8576,quad,8576 8577 8593 8592
8577,quad,8577 8578 8594 8593
8578,quad,8578 8579 8595 8594
8579,quad,8579 8580 8596 8595
8580,quad,8580 8581 8597 8596
8581,quad,8581 8582 8598 8597
8582,quad,8582 8583 8599 8598
8583,quad,8583 8584 8600 8599
8584,quad,8584 8585 8601 8600
8585,quad,8585 8586 8602 8601
8586,quad,8586 8587 8603 8602
8587,quad,8587 8588 8604 8603
8588,quad,8588 8589 8605 8604
8589,quad,8589 8590 8606 8605
8590,quad,8590 8591 8607 8606
8591,quad,8591 8576 8592 8607
8592,quad,8592 8593 8609 8608
8593,quad,8593 8594 8610 8609
8594,quad,8594 8595 8611 8610
8595,quad,8595 8596 8612 8611
8596,quad,8596 8597 8613 8612
8597,quad,8597 8598 8614 8613
8598,quad,8598 8599 8615 8614
8599,quad,8599 8600 8616 8615
8600,quad,8600 8601 8617 8616
8601,quad,8601 8602 8618 8617
8602,quad,8602 8603 8619 8618
8603,quad,8603 8604 8620 8619
8604,quad,8604 8605 8621 8620
8605,quad,8605 8606 8622 8621
8606,quad,8606 8607 8623 8622
8607,quad,8607 8592 8608 8623
8608,quad,8608 8609 8625 8624
8609,quad,8609 8610 8626 8625
8610,quad,8610 8611 8627 8626
8611,quad,8611 8612 8628 8627
8612,quad,8612 8613 8629 8628
8613,quad,8613 8614 8630 8629
8614,quad,8614 8615 8631 8630
8615,quad,8615 8616 8632 8631
8616,quad,8616 8617 8633 8632
8617,quad,8617 8618 8634 8633
8618,quad,8618 8619 8635 8634
8619,quad,8619 8620 8636 8635
8620,quad,8620 8621 8637 8636
8621,quad,8621 8622 8638 8637
8622,quad,8622 8623 8639 8638
8623,quad,8623 8608 8624 8639
8624,quad,8624 8625 8641 8640
8625,quad,8625 8626 8642 8641
8626,quad,8626 8627 8643 8642
8627,quad,8627 8628 8644 8643
8628,quad,8628 8629 8645 8644
8629,quad,8629 8630 8646 8645
8630,quad,8630 8631 8647 8646
8631,quad,8631 8632 8648 8647
8632,quad,8632 8633 8649 8648
8633,quad,8633 8634 8650 8649
8634,quad,8634 8635 8651 8650
8635,quad,8635 8636 8652 8651
8636,quad,8636 8637 8653 8652
8637,quad,8637 8638 8654 8653
8638,quad,8638 8639 8655 8654
8639,quad,8639 8624 8640 8655
8640,quad,8640 8641 8657 8656
8641,quad,8641 8642 8658 8657
8642,quad,8642 8643 8659 8658
8643,quad,8643 8644 8660 8659
8644,quad,8644 8645 8661 8660
8645,quad,8645 8646 8662 8661
8646,quad,8646 8647 8663 8662
8647,quad,8647 8648 8664 8663
8648,quad,8648 8649 8665 8664
8649,quad,8649 8650 8666 8665
8650,quad,8650 8651 8667 8666
8651,quad,8651 8652 8668 8667
8652,quad,8652 8653 8669 8668
8653,quad,8653 8654 8670 8669
8654,quad,8654 8655 8671 8670
8655,quad,8655 8640 8656 8671
8656,quad,8656 8657 8673 8672
8657,quad,8657 8658 8674 8673
8658,quad,8658 8659 8675 8674
8659,quad,8659 8660 8676 8675
8660,quad,8660 8661 8677 8676
8661,quad,8661 8662 8678 8677
8662,quad,8662 8663 8679 8678
8663,quad,8663 8664 8680 8679
8664,quad,8664 8665 8681 8680
8665,quad,8665 8666 8682 8681
8666,quad,8666 8667 8683 8682
8667,quad,8667 8668 8684 8683
8668,quad,8668 8669 8685 8684
8669,quad,8669 8670 8686 8685
8670,quad,8670 8671 8687 8686
8671,quad,8671 8656 8672 8687
8672,quad,8672 8673 8689 8688
8673,quad,8673 8674 8690 8689
8674,quad,8674 8675 8691 8690
8675,quad,8675 8676 8692 8691
8676,quad,8676 8677 8693 8692
8677,quad,8677 8678 8694 8693
8678,quad,8678 8679 8695 8694
8679,quad,8679 8680 8696 8695
8680,quad,8680 8681 8697 8696
8681,quad,8681 8682 8698 8697
8682,quad,8682 8683 8699 8698
8683,quad,8683 8684 8700 8699
8684,quad,8684 8685 8701 8700
8685,quad,8685 8686 8702 8701
8686,quad,8686 8687 8703 8702
8687,quad,8687 8672 8688 8703
8688,quad,8688 8689 8705 8704
8689,quad,8689 8690 8706 8705
8690,quad,8690 8691 8707 8706
8691,quad,8691 8692 8708 8707
8692,quad,8692 8693 8709 8708
8693,quad,8693 8694 8710 8709
8694,quad,8694 8695 8711 8710
8695,quad,8695 8696 8712 8711
8696,quad,8696 8697 8713 8712
8697,quad,8697 8698 8714 8713
8698,quad,8698 8699 8715 8714
8699,quad,8699 8700 8716 8715
8700,quad,8700 8701 8717 8716
8701,quad,8701 8702 8718 8717
8702,quad,8702 8703 8719 8718
8703,quad,8703 8688 8704 8719
8704,quad,8704 8705 8721 8720
8705,quad,8705 8706 8722 8721
8706,quad,8706 8707 8723 8722
8707,quad,8707 8708 8724 8723
8708,quad,8708 8709 8725 8724
8709,quad,8709 8710 8726 8725
8710,quad,8710 8711 8727 8726
8711,quad,8711 8712 8728 8727
8712,quad,8712 8713 8729 8728
8713,quad,8713 8714 8730 8729
8714,quad,8714 8715 8731 8730
8715,quad,8715 8716 8732 8731
8716,quad,8716 8717 8733 8732
8717,quad,8717 8718 8734 8733
8718,quad,8718 8719 8735 8734
8719,quad,8719 8704 8720 8735
8720,quad,8720 8721 8737 8736
8721,quad,8721 8722 8738 8737
8722,quad,8722 8723 8739 8738
8723,quad,8723 8724 8740 8739
8724,quad,8724 8725 8741 8740
8725,quad,8725 8726 8742 8741
8726,quad,8726 8727 8743 8742
8727,quad,8727 8728 8744 8743
8728,quad,8728 8729 8745 8744
8729,quad,8729 8730 8746 8745
8730,quad,8730 8731 8747 8746
8731,quad,8731 8732 8748 8747
8732,quad,8732 8733 8749 8748
8733,quad,8733 8734 8750 8749
8734,quad,8734 8735 8751 8750
8735,quad,8735 8720 8736 8751
8736,quad,8736 8737 8753 8752
8737,quad,8737 8738 8754 8753
8738,quad,8738 8739 8755 8754
8739,quad,8739 8740 8756 8755
8740,quad,8740 8741 8757 8756
8741,quad,8741 8742 8758 8757
8742,quad,8742 8743 8759 8758
8743,quad,8743 8744 8760 8759
8744,quad,8744 8745 8761 8760
8745,quad,8745 8746 8762 8761
8746,quad,8746 8747 8763 8762
8747,quad,8747 8748 8764 8763
8748,quad,8748 8749 8765 8764
8749,quad,8749 8750 8766 8765
8750,quad,8750 8751 8767 8766
8751,quad,8751 8736 8752 8767
8752,quad,8752 8753 8769 8768
8753,quad,8753 8754 8770 8769
8754,quad,8754 8755 8771 8770
8755,quad,8755 8756 8772 8771
8756,quad,8756 8757 8773 8772
8757,quad,8757 8758 8774 8773
8758,quad,8758 8759 8775 8774
8759,quad,8759 8760 8776 8775
8760,quad,8760 8761 8777 8776
8761,quad,8761 8762 8778 8777
8762,quad,8762 8763 8779 8778
8763,quad,8763 8764 8780 8779
8764,quad,8764 8765 8781 8780
8765,quad,8765 8766 8782 8781
8766,quad,8766 8767 8783 8782
8767,quad,8767 8752 8768 8783
8768,quad,8768 8769 8785 8784
8769,quad,8769 8770 8786 8785
8770,quad,8770 8771 8787 8786
8771,quad,8771 8772 8788 8787
8772,quad,8772 8773 8789 8788
8773,quad,8773 8774 8790 8789
8774,quad,8774 8775 8791 8790
8775,quad,8775 8776 8792 8791
8776,quad,8776 8777 8793 8792
8777,quad,8777 8778 8794 8793
8778,quad,8778 8779 8795 8794
8779,quad,8779 8780 8796 8795
8780,quad,8780 8781 8797 8796
8781,quad,8781 8782 8798 8797
8782,quad,8782 8783 8799 8798
8783,quad,8783 8768 8784 8799
8784,quad,8784 8785 8801 8800
8785,quad,8785 8786 8802 8801
8786,quad,8786 8787 8803 8802
8787,quad,8787 8788 8804 8803
8788,quad,8788 8789 8805 8804
8789,quad,8789 8790 8806 8805
8790,quad,8790 8791 8807 8806
8791,quad,8791 8792 8808 8807
8792,quad,8792 8793 8809 8808
8793,quad,8793 8794 8810 8809
8794,quad,8794 8795 8811 8810
8795,quad,8795 8796 8812 8811
8796,quad,8796 8797 8813 8812
8797,quad,8797 8798 8814 8813
8798,quad,8798 8799 8815 8814
8799,quad,8799 8784 8800 8815
8800,quad,8800 8801 8817 8816
8801,quad,8801 8802 8818 8817
8802,quad,8802 8803 8819 8818
8803,quad,8803 8804 8820 8819
8804,quad,8804 8805 8821 8820
8805,quad,8805 8806 8822 8821
8806,quad,8806 8807 8823 8822
8807,quad,8807 8808 8824 8823
8808,quad,8808 8809 8825 8824
8809,quad,8809 8810 8826 8825
8810,quad,8810 8811 8827 8826
8811,quad,8811 8812 8828 8827
8812,quad,8812 8813 8829 8828
8813,quad,8813 8814 8830 8829
8814,quad,8814 8815 8831 8830
8815,quad,8815 8800 8816 8831
8816,quad,8816 8817 8833 8832
8817,quad,8817 8818 8834 8833
8818,quad,8818 8819 8835 8834
8819,quad,8819 8820 8836 8835
8820,quad,8820 8821 8837 8836
8821,quad,8821 8822 8838 8837
8822,quad,8822 8823 8839 8838
8823,quad,8823 8824 8840 8839
8824,quad,8824 8825 8841 8840
8825,quad,8825 8826 8842 8841
8826,quad,8826 8827 8843 8842
8827,quad,8827 8828 8844 8843
8828,quad,8828 8829 8845 8844
8829,quad,8829 8830 8846 8845
8830,quad,8830 8831 8847 8846
8831,quad,8831 8816 8832 8847
8832,quad,8832 8833 8849 8848
8833,quad,8833 8834 8850 8849
8834,quad,8834 8835 8851 8850
8835,quad,8835 8836 8852 8851
8836,quad,8836 8837 8853 8852
8837,quad,8837 8838 8854 8853
8838,quad,8838 8839 8855 8854
8839,quad,8839 8840 8856 8855
8840,quad,8840 8841 8857 8856
8841,quad,8841 8842 8858 8857
8842,quad,8842 8843 8859 8858
8843,quad,8843 8844 8860 8859
8844,quad,8844 8845 8861 8860
8845,quad,8845 8846 8862 8861
8846,quad,8846 8847 8863 8862
8847,quad,8847 8832 8848 8863
8848,quad,8848 8849 8865 8864
8849,quad,8849 8850 8866 8865
8850,quad,8850 8851 8867 8866
8851,quad,8851 8852 8868 8867
8852,quad,8852 8853 8869 8868
8853,quad,8853 8854 8870 8869
8854,quad,8854 8855 8871 8870
8855,quad,8855 8856 8872 8871
8856,quad,8856 8857 8873 8872
8857,quad,8857 8858 8874 8873
8858,quad,8858 8859 8875 8874
8859,quad,8859 8860 8876 8875
8860,quad,8860 8861 8877 8876
8861,quad,8861 8862 8878 8877
8862,quad,8862 8863 8879 8878
8863,quad,8863 8848 8864 8879
8864,quad,8864 8865 8881 8880
8865,quad,8865 8866 8882 8881
8866,quad,8866 8867 8883 8882
8867,quad,8867 8868 8884 8883
8868,quad,8868 8869 8885 8884
8869,quad,8869 8870 8886 8885
8870,quad,8870 8871 8887 8886
8871,quad,8871 8872 8888 8887
8872,quad,8872 8873 8889 8888
8873,quad,8873 8874 8890 8889
8874,quad,8874 8875 8891 8890
8875,quad,8875 8876 8892 8891
8876,quad,8876 8877 8893 8892
8877,quad,8877 8878 8894 8893
8878,quad,8878 8879 8895 8894
8879,quad,8879 8864 8880 8895
8880,quad,8880 8881 8897 8896
8881,quad,8881 8882 8898 8897
8882,quad,8882 8883 8899 8898
8883,quad,8883 8884 8900 8899
8884,quad,8884 8885 8901 8900
8885,quad,8885 8886 8902 8901
8886,quad,8886 8887 8903 8902
8887,quad,8887 8888 8904 8903
8888,quad,8888 8889 8905 8904
8889,quad,8889 8890 8906 8905
8890,quad,8890 8891 8907 8906
8891,quad,8891 8892 8908 8907
8892,quad,8892 8893 8909 8908
8893,quad,8893 8894 8910 8909
8894,quad,8894 8895 8911 8910
8895,quad,8895 8880 8896 8911
8896,quad,8896 8897 8913 8912
8897,quad,8897 8898 8914 8913
8898,quad,8898 8899 8915 8914
8899,quad,8899 8900 8916 8915
8900,quad,8900 8901 8917 8916
8901,quad,8901 8902 8918 8917
8902,quad,8902 8903 8919 8918
8903,quad,8903 8904 8920 8919
8904,quad,8904 8905 8921 8920
8905,quad,8905 8906 8922 8921
8906,quad,8906 8907 8923 8922
8907,quad,8907 8908 8924 8923
8908,quad,8908 8909 8925 8924
8909,quad,8909 8910 8926 8925
8910,quad,8910 8911 8927 8926
8911,quad,8911 8896 8912 8927
8912,quad,8912 8913 8929 8928
8913,quad,8913 8914 8930 8929
8914,quad,8914 8915 8931 8930
8915,quad,8915 8916 8932 8931
8916,quad,8916 8917 8933 8932
8917,quad,8917 8918 8934 8933
8918,quad,8918 8919 8935 8934
8919,quad,8919 8920 8936 8935
8920,quad,8920 8921 8937 8936
8921,quad,8921 8922 8938 8937
8922,quad,8922 8923 8939 8938
8923,quad,8923 8924 8940 8939
8924,quad,8924 8925 8941 8940
8925,quad,8925 8926 8942 8941
8926,quad,8926 8927 8943 8942
8927,quad,8927 8912 8928 8943
8928,quad,8928 8929 8945 8944
8929,quad,8929 8930 8946 8945
8930,quad,8930 8931 8947 8946
8931,quad,8931 8932 8948 8947
8932,quad,8932 8933 8949 8948
8933,quad,8933 8934 8950 8949
8934,quad,8934 8935 8951 8950
8935,quad,8935 8936 8952 8951
8936,quad,8936 8937 8953 8952
8937,quad,8937 8938 8954 8953
8938,quad,8938 8939 8955 8954
8939,quad,8939 8940 8956 8955
8940,quad,8940 8941 8957 8956
8941,quad,8941 8942 8958 8957
8942,quad,8942 8943 8959 8958
8943,quad,8943 8928 8944 8959
8944,quad,8944 8945 8961 8960
8945,quad,8945 8946 8962 8961
8946,quad,8946 8947 8963 8962
8947,quad,8947 8948 8964 8963
8948,quad,8948 8949 8965 8964
8949,quad,8949 8950 8966 8965
8950,quad,8950 8951 8967 8966
8951,quad,8951 8952 8968 8967
8952,quad,8952 8953 8969 8968
8953,quad,8953 8954 8970 8969
8954,quad,8954 8955 8971 8970
8955,quad,8955 8956 8972 8971
8956,quad,8956 8957 8973 8972
8957,quad,8957 8958 8974 8973
8958,quad,8958 8959 8975 8974
8959,quad,8959 8944 8960 8975
8960,quad,8960 8961 8977 8976
8961,quad,8961 8962 8978 8977
8962,quad,8962 8963 8979 8978
8963,quad,8963 8964 8980 8979
8964,quad,8964 8965 8981 8980
8965,quad,8965 8966 8982 8981
8966,quad,8966 8967 8983 8982
8967,quad,8967 8968 8984 8983
8968,quad,8968 8969 8985 8984
8969,quad,8969 8970 8986 8985
8970,quad,8970 8971 8987 8986
8971,quad,8971 8972 8988 8987
8972,quad,8972 8973 8989 8988
8973,quad,8973 8974 8990 8989
8974,quad,8974 8975 8991 8990
8975,quad,8975 8960 8976 8991
8976,quad,8976 8977 8993 8992
8977,quad,8977 8978 8994 8993
8978,quad,8978 8979 8995 8994
8979,quad,8979 8980 8996 8995
8980,quad,8980 8981 8997 8996
8981,quad,8981 8982 8998 8997
8982,quad,8982 8983 8999 8998
8983,quad,8983 8984 9000 8999
8984,quad,8984 8985 9001 9000
8985,quad,8985 8986 9002 9001
8986,quad,8986 8987 9003 9002
8987,quad,8987 8988 9004 9003
8988,quad,8988 8989 9005 9004
8989,quad,8989 8990 9006 9005
8990,quad,8990 8991 9007 9006
8991,quad,8991 8976 8992 9007
8992,quad,8992 8993 9009 9008
8993,quad,8993 8994 9010 9009
8994,quad,8994 8995 9011 9010
8995,quad,8995 8996 9012 9011
8996,quad,8996 8997 9013 9012
8997,quad,8997 8998 9014 9013
8998,quad,8998 8999 9015 9014
8999,quad,8999 9000 9016 9015
9000,quad,9000 9001 9017 9016
9001,quad,9001 9002 9018 9017
9002,quad,9002 9003 9019 9018
9003,quad,9003 9004 9020 9019
9004,quad,9004 9005 9021 9020
9005,quad,9005 9006 9022 9021
9006,quad,9006 9007 9023 9022
9007,quad,9007 8992 9008 9023
9008,quad,9008 9009 9025 9024
9009,quad,9009 9010 9026 9025
9010,quad,9010 9011 9027 9026
9011,quad,9011 9012 9028 9027
9012,quad,9012 9013 9029 9028
9013,quad,9013 9014 9030 9029
9014,quad,9014 9015 9031 9030
9015,quad,9015 9016 9032 9031
9016,quad,9016 9017 9033 9032
9017,quad,9017 9018 9034 9033
9018,quad,9018 9019 9035 9034
9019,quad,9019 9020 9036 9035
9020,quad,9020 9021 9037 9036
9021,quad,9021 9022 9038 9037
9022,quad,9022 9023 9039 9038
9023,quad,9023 9008 9024 9039
9024,quad,9024 9025 9041 9040
9025,quad,9025 9026 9042 9041
9026,quad,9026 9027 9043 9042
9027,quad,9027 9028 9044 9043
9028,quad,9028 9029 9045 9044
9029,quad,9029 9030 9046 9045
9030,quad,9030 9031 9047 9046
9031,quad,9031 9032 9048 9047
9032,quad,9032 9033 9049 9048
9033,quad,9033 9034 9050 9049
9034,quad,9034 9035 9051 9050
9035,quad,9035 9036 9052 9051
9036,quad,9036 9037 9053 9052
9037,quad,9037 9038 9054 9053
9038,quad,9038 9039 9055 9054
9039,quad,9039 9024 9040 9055
9040,quad,9040 9041 9057 9056
9041,quad,9041 9042 9058 9057
9042,quad,9042 9043 9059 9058
9043,quad,9043 9044 9060 9059
9044,quad,9044 9045 9061 9060
9045,quad,9045 9046 9062 9061
9046,quad,9046 9047 9063 9062
9047,quad,9047 9048 9064 9063
9048,quad,9048 9049 9065 9064
9049,quad,9049 9050 9066 9065
9050,quad,9050 9051 9067 9066
9051,quad,9051 9052 9068 9067
9052,quad,9052 9053 9069 9068
9053,quad,9053 9054 9070 9069
9054,quad,9054 9055 9071 9070
9055,quad,9055 9040 9056 9071
9056,quad,9056 9057 9073 9072
9057,quad,9057 9058 9074 9073
9058,quad,9058 9059 9075 9074
9059,quad,9059 9060 9076 9075
9060,quad,9060 9061 9077 9076
9061,quad,9061 9062 9078 9077
9062,quad,9062 9063 9079 9078
9063,quad,9063 9064 9080 9079
9064,quad,9064 9065 9081 9080
9065,quad,9065 9066 9082 9081
9066,quad,9066 9067 9083 9082
9067,quad,9067 9068 9084 9083
9068,quad,9068 9069 9085 9084
9069,quad,9069 9070 9086 9085
9070,quad,9070 9071 9087 9086
9071,quad,9071 9056 9072 9087
9072,quad,9072 9073 9089 9088
9073,quad,9073 9074 9090 9089
9074,quad,9074 9075 9091 9090
9075,quad,9075 9076 9092 9091
9076,quad,9076 9077 9093 9092
9077,quad,9077 9078 9094 9093
9078,quad,9078 9079 9095 9094
9079,quad,9079 9080 9096 9095
9080,quad,9080 9081 9097 9096
9081,quad,9081 9082 9098 9097
9082,quad,9082 9083 9099 9098
9083,quad,9083 9084 9100 9099
9084,quad,9084 9085 9101 9100
9085,quad,9085 9086 9102 9101
9086,quad,9086 9087 9103 9102
9087,quad,9087 9072 9088 9103
9088,quad,9088 9089 9105 9104
9089,quad,9089 9090 9106 9105
9090,quad,9090 9091 9107 9106
9091,quad,9091 9092 9108 9107
9092,quad,9092 9093 9109 9108
9093,quad,9093 9094 9110 9109
9094,quad,9094 9095 9111 9110
9095,quad,9095 9096 9112 9111
9096,quad,9096 9097 9113 9112
9097,quad,9097 9098 9114 9113
9098,quad,9098 9099 9115 9114
9099,quad,9099 9100 9116 9115
9100,quad,9100 9101 9117 9116
9101,quad,9101 9102 9118 9117
9102,quad,9102 9103 9119 9118
9103,quad,9103 9088 9104 9119
9104,quad,9104 9105 9121 9120
9105,quad,9105 9106 9122 9121
9106,quad,9106 9107 9123 9122
9107,quad,9107 9108 9124 9123
9108,quad,9108 9109 9125 9124
9109,quad,9109 9110 9126 9125
9110,quad,9110 9111 9127 9126
9111,quad,9111 9112 9128 9127
9112,quad,9112 9113 9129 9128
9113,quad,9113 9114 9130 9129
9114,quad,9114 9115 9131 9130
9115,quad,9115 9116 9132 9131
9116,quad,9116 9117 9133 9132
9117,quad,9117 9118 9134 9133
9118,quad,9118 9119 9135 9134
9119,quad,9119 9104 9120 9135
9120,quad,9120 9121 9137 9136
9121,quad,9121 9122 9138 9137
9122,quad,9122 9123 9139 9138
9123,quad,9123 9124 9140 9139
9124,quad,9124 9125 9141 9140
9125,quad,9125 9126 9142 9141
9126,quad,9126 9127 9143 9142
9127,quad,9127 9128 9144 9143
9128,quad,9128 9129 9145 9144
9129,quad,9129 9130 9146 9145
9130,quad,9130 9131 9147 9146
9131,quad,9131 9132 9148 9147
9132,quad,9132 9133 9149 9148
9133,quad,9133 9134 9150 9149
9134,quad,9134 9135 9151 9150
9135,quad,9135 9120 9136 9151
9136,quad,9136 9137 9153 9152
9137,quad,9137 9138 9154 9153
9138,quad,9138 9139 9155 9154
9139,quad,9139 9140 9156 9155
9140,quad,9140 9141 9157 9156
9141,quad,9141 9142 9158 9157
9142,quad,9142 9143 9159 9158
9143,quad,9143 9144 9160 9159
9144,quad,9144 9145 9161 9160
9145,quad,9145 9146 9162 9161
9146,quad,9146 9147 9163 9162
9147,quad,9147 9148 9164 9163
9148,quad,9148 9149 9165 9164
9149,quad,9149 9150 9166 9165
9150,quad,9150 9151 9167 9166
9151,quad,9151 9136 9152 9167
9152,quad,9152 9153 9169 9168
9153,quad,9153 9154 9170 9169
9154,quad,9154 9155 9171 9170
9155,quad,9155 9156 9172 9171
9156,quad,9156 9157 9173 9172
9157,quad,9157 9158 9174 9173
9158,quad,9158 9159 9175 9174
9159,quad,9159 9160 9176 9175
9160,quad,9160 9161 9177 9176
9161,quad,9161 9162 9178 9177
9162,quad,9162 9163 9179 9178
9163,quad,9163 9164 9180 9179
9164,quad,9164 9165 9181 9180
9165,quad,9165 9166 9182 9181
9166,quad,9166 9167 9183 9182
9167,quad,9167 9152 9168 9183
9168,quad,9168 9169 9185 9184
9169,quad,9169 9170 9186 9185
9170,quad,9170 9171 9187 9186
9171,quad,9171 9172 9188 9187
9172,quad,9172 9173 9189 9188
9173,quad,9173 9174 9190 9189
9174,quad,9174 9175 9191 9190
9175,quad,9175 9176 9192 9191
9176,quad,9176 9177 9193 9192
9177,quad,9177 9178 9194 9193
9178,quad,9178 9179 9195 9194
9179,quad,9179 9180 9196 9195
9180,quad,9180 9181 9197 9196
9181,quad,9181 9182 9198 9197
9182,quad,9182 9183 9199 9198
9183,quad,9183 9168 9184 9199
9184,quad,9184 9185 9201 9200
9185,quad,9185 9186 9202 9201
9186,quad,9186 9187 9203 9202
9187,quad,9187 9188 9204 9203
9188,quad,9188 9189 9205 9204
9189,quad,9189 9190 9206 9205
9190,quad,9190 9191 9207 9206
9191,quad,9191 9192 9208 9207
9192,quad,9192 9193 9209 9208
9193,quad,9193 9194 9210 9209
9194,quad,9194 9195 9211 9210
9195,quad,9195 9196 9212 9211
9196,quad,9196 9197 9213 9212
9197,quad,9197 9198 9214 9213
9198,quad,9198 9199 9215 9214
9199,quad,9199 9184 9200 9215
9200,quad,9200 9201 9217 9216
9201,quad,9201 9202 9218 9217
9202,quad,9202 9203 9219 9218
9203,quad,9203 9204 9220 9219
9204,quad,9204 9205 9221 9220
9205,quad,9205 9206 9222 9221
9206,quad,9206 9207 9223 9222
9207,quad,9207 9208 9224 9223
9208,quad,9208 9209 9225 9224
9209,quad,9209 9210 9226 9225
9210,quad,9210 9211 9227 9226
9211,quad,9211 9212 9228 9227
9212,quad,9212 9213 9229 9228
9213,quad,9213 9214 9230 9229
9214,quad,9214 9215 9231 9230
9215,quad,9215 9200 9216 9231
9216,quad,9216 9217 9233 9232
9217,quad,9217 9218 9234 9233
9218,quad,9218 9219 9235 9234
9219,quad,9219 9220 9236 9235
9220,quad,9220 9221 9237 9236
9221,quad,9221 9222 9238 9237
9222,quad,9222 9223 9239 9238
9223,quad,9223 9224 9240 9239
9224,quad,9224 9225 9241 9240
9225,quad,9225 9226 9242 9241
9226,quad,9226 9227 9243 9242
9227,quad,9227 9228 9244 9243
9228,quad,9228 9229 9245 9244
9229,quad,9229 9230 9246 9245
9230,quad,9230 9231 9247 9246
9231,quad,9231 9216 9232 9247
9232,quad,9232 9233 9249 9248
9233,quad,9233 9234 9250 9249
9234,quad,9234 9235 9251 9250
9235,quad,9235 9236 9252 9251
9236,quad,9236 9237 9253 9252
9237,quad,9237 9238 9254 9253
9238,quad,9238 9239 9255 9254
9239,quad,9239 9240 9256 9255
9240,quad,9240 9241 9257 9256
9241,quad,9241 9242 9258 9257
9242,quad,9242 9243 9259 9258
9243,quad,9243 9244 9260 9259
9244,quad,9244 9245 9261 9260
9245,quad,9245 9246 9262 9261
9246,quad,9246 9247 9263 9262
9247,quad,9247 9232 9248 9263
9248,quad,9248 9249 9265 9264
9249,quad,9249 9250 9266 9265
9250,quad,9250 9251 9267 9266
9251,quad,9251 9252 9268 9267
9252,quad,9252 9253 9269 9268
9253,quad,9253 9254 9270 9269
9254,quad,9254 9255 9271 9270
9255,quad,9255 9256 9272 9271
9256,quad,9256 9257 9273 9272
9257,quad,9257 9258 9274 9273
9258,quad,9258 9259 9275 9274
9259,quad,9259 9260 9276 9275
9260,quad,9260 9261 9277 9276
9261,quad,9261 9262 9278 9277
9262,quad,9262 9263 9279 9278
9263,quad,9263 9248 9264 9279
9264,quad,9264 9265 9281 9280
9265,quad,9265 9266 9282 9281
9266,quad,9266 9267 9283 9282
9267,quad,9267 9268 9284 9283
9268,quad,9268 9269 9285 9284
9269,quad,9269 9270 9286 9285
9270,quad,9270 9271 9287 9286
9271,quad,9271 9272 9288 9287
9272,quad,9272 9273 9289 9288
9273,quad,9273 9274 9290 9289
9274,quad,9274 9275 9291 9290
9275,quad,9275 9276 9292 9291
9276,quad,9276 9277 9293 9292
9277,quad,9277 9278 9294 9293
9278,quad,9278 9279 9295 9294
9279,quad,9279 9264 9280 9295
9280,quad,9280 9281 9297 9296
9281,quad,9281 9282 9298 9297
9282,quad,9282 9283 9299 9298
9283,quad,9283 9284 9300 9299
9284,quad,9284 9285 9301 9300
9285,quad,9285 9286 9302 9301
9286,quad,9286 9287 9303 9302
9287,quad,9287 9288 9304 9303
9288,quad,9288 9289 9305 9304
9289,quad,9289 9290 9306 9305
9290,quad,9290 9291 9307 9306
9291,quad,9291 9292 9308 9307
9292,quad,9292 9293 9309 9308
9293,quad,9293 9294 9310 9309
9294,quad,9294 9295 9311 9310
9295,quad,9295 9280 9296 9311
9296,quad,9296 9297 9313 9312
9297,quad,9297 9298 9314 9313
9298,quad,9298 9299 9315 9314
9299,quad,9299 9300 9316 9315
9300,quad,9300 9301 9317 9316
9301,quad,9301 9302 9318 9317
9302,quad,9302 9303 9319 9318
9303,quad,9303 9304 9320 9319
9304,quad,9304 9305 9321 9320
9305,quad,9305 9306 9322 9321
9306,quad,9306 9307 9323 9322
9307,quad,9307 9308 9324 9323
9308,quad,9308 9309 9325 9324
9309,quad,9309 9310 9326 9325
9310,quad,9310 9311 9327 9326
9311,quad,9311 9296 9312 9327
9312,quad,9312 9313 9329 9328
9313,quad,9313 9314 9330 9329
9314,quad,9314 9315 9331 9330
9315,quad,9315 9316 9332 9331
9316,quad,9316 9317 9333 9332
9317,quad,9317 9318 9334 9333
9318,quad,9318 9319 9335 9334
9319,quad,9319 9320 9336 9335
9320,quad,9320 9321 9337 9336
9321,quad,9321 9322 9338 9337
9322,quad,9322 9323 9339 9338
9323,quad,9323 9324 9340 9339
9324,quad,9324 9325 9341 9340
9325,quad,9325 9326 9342 9341
9326,quad,9326 9327 9343 9342
9327,quad,9327 9312 9328 9343
9328,quad,9328 9329 9345 9344
9329,quad,9329 9330 9346 9345
9330,quad,9330 9331 9347 9346
9331,quad,9331 9332 9348 9347
9332,quad,9332 9333 9349 9348
9333,quad,9333 9334 9350 9349
9334,quad,9334 9335 9351 9350
9335,quad,9335 9336 9352 9351
9336,quad,9336 9337 9353 9352
9337,quad,9337 9338 9354 9353
9338,quad,9338 9339 9355 9354
9339,quad,9339 9340 9356 9355
9340,quad,9340 9341 9357 9356
9341,quad,9341 9342 9358 9357
9342,quad,9342 9343 9359 9358
9343,quad,9343 9328 9344 9359
9344,quad,9344 9345 9361 9360
9345,quad,9345 9346 9362 9361
9346,quad,9346 9347 9363 9362
9347,quad,9347 9348 9364 9363
9348,quad,9348 9349 9365 9364
9349,quad,9349 9350 9366 9365
9350,quad,9350 9351 9367 9366
9351,quad,9351 9352 9368 9367
9352,quad,9352 9353 9369 9368
9353,quad,9353 9354 9370 9369
9354,quad,9354 9355 9371 9370
9355,quad,9355 9356 9372 9371
9356,quad,9356 9357 9373 9372
9357,quad,9357 9358 9374 9373
9358,quad,9358 9359 9375 9374
9359,quad,9359 9344 9360 9375
9360,quad,9360 9361 9377 9376
9361,quad,9361 9362 9378 9377
9362,quad,9362 9363 9379 9378
9363,quad,9363 9364 9380 9379
9364,quad,9364 9365 9381 9380
9365,quad,9365 9366 9382 9381
9366,quad,9366 9367 9383 9382
9367,quad,9367 9368 9384 9383
9368,quad,9368 9369 9385 9384
9369,quad,9369 9370 9386 9385
9370,quad,9370 9371 9387 9386
9371,quad,9371 9372 9388 9387
9372,quad,9372 9373 9389 9388
9373,quad,9373 9374 9390 9389
9374,quad,9374 9375 9391 9390
9375,quad,9375 9360 9376 9391
9376,quad,9376 9377 9393 9392
9377,quad,9377 9378 9394 9393
9378,quad,9378 9379 9395 9394
9379,quad,9379 9380 9396 9395
9380,quad,9380 9381 9397 9396
9381,quad,9381 9382 9398 9397
9382,quad,9382 9383 9399 9398
9383,quad,9383 9384 9400 9399
9384,quad,9384 9385 9401 9400
9385,quad,9385 9386 9402 9401
9386,quad,9386 9387 9403 9402
9387,quad,9387 9388 9404 9403
9388,quad,9388 9389 9405 9404
9389,quad,9389 9390 9406 9405
9390,quad,9390 9391 9407 9406
9391,quad,9391 9376 9392 9407
9392,quad,9392 9393 9409 9408
9393,quad,9393 9394 9410 9409
9394,quad,9394 9395 9411 9410
9395,quad,9395 9396 9412 9411
9396,quad,9396 9397 9413 9412
9397,quad,9397 9398 9414 9413
9398,quad,9398 9399 9415 9414
9399,quad,9399 9400 9416 9415
9400,quad,9400 9401 9417 9416
9401,quad,9401 9402 9418 9417
9402,quad,9402 9403 9419 9418
9403,quad,9403 9404 9420 9419
9404,quad,9404 9405 9421 9420
9405,quad,9405 9406 9422 9421
9406,quad,9406 9407 9423 9422
9407,quad,9407 9392 9408 9423
9408,quad,9408 9409 9425 9424
9409,quad,9409 9410 9426 9425
9410,quad,9410 9411 9427 9426
9411,quad,9411 9412 9428 9427
9412,quad,9412 9413 9429 9428
9413,quad,9413 9414 9430 9429
9414,quad,9414 9415 9431 9430
9415,quad,9415 9416 9432 9431
9416,quad,9416 9417 9433 9432
9417,quad,9417 9418 9434 9433
9418,quad,9418 9419 9435 9434
9419,quad,9419 9420 9436 9435
9420,quad,9420 9421 9437 9436
9421,quad,9421 9422 9438 9437
9422,quad,9422 9423 9439 9438
9423,quad,9423 9408 9424 9439
9424,quad,9424 9425 9441 9440
9425,quad,9425 9426 9442 9441
9426,quad,9426 9427 9443 9442
9427,quad,9427 9428 9444 9443
9428,quad,9428 9429 9445 9444
9429,quad,9429 9430 9446 9445
9430,quad,9430 9431 9447 9446
9431,quad,9431 9432 9448 9447
9432,quad,9432 9433 9449 9448
9433,quad,9433 9434 9450 9449
9434,quad,9434 9435 9451 9450
9435,quad,9435 9436 9452 9451
9436,quad,9436 9437 9453 9452
9437,quad,9437 9438 9454 9453
9438,quad,9438 9439 9455 9454
9439,quad,9439 9424 9440 9455
9440,quad,9440 9441 9457 9456
9441,quad,9441 9442 9458 9457
9442,quad,9442 9443 9459 9458
9443,quad,9443 9444 9460 9459
9444,quad,9444 9445 9461 9460
9445,quad,9445 9446 9462 9461
9446,quad,9446 9447 9463 9462
9447,quad,9447 9448 9464 9463
9448,quad,9448 9449 9465 9464
9449,quad,9449 9450 9466 9465
9450,quad,9450 9451 9467 9466
9451,quad,9451 9452 9468 9467
9452,quad,9452 9453 9469 9468
9453,quad,9453 9454 9470 9469
9454,quad,9454 9455 9471 9470
9455,quad,9455 9440 9456 9471
9456,quad,9456 9457 9473 9472
9457,quad,9457 9458 9474 9473
9458,quad,9458 9459 9475 9474
9459,quad,9459 9460 9476 9475
9460,quad,9460 9461 9477 9476
9461,quad,9461 9462 9478 9477
9462,quad,9462 9463 9479 9478
9463,quad,9463 9464 9480 9479
9464,quad,9464 9465 9481 9480
9465,quad,9465 9466 9482 9481
9466,quad,9466 9467 9483 9482
9467,quad,9467 9468 9484 9483
9468,quad,9468 9469 9485 9484
9469,quad,9469 9470 9486 9485
9470,quad,9470 9471 9487 9486
9471,quad,9471 9456 9472 9487
9472,quad,9472 9473 9489 9488
9473,quad,9473 9474 9490 9489
9474,quad,9474 9475 9491 9490
9475,quad,9475 9476 9492 9491
9476,quad,9476 9477 9493 9492
9477,quad,9477 9478 9494 9493
9478,quad,9478 9479 9495 9494
9479,quad,9479 9480 9496 9495
9480,quad,9480 9481 9497 9496
9481,quad,9481 9482 9498 9497
9482,quad,9482 9483 9499 9498
9483,quad,9483 9484 9500 9499
9484,quad,9484 9485 9501 9500
9485,quad,9485 9486 9502 9501
9486,quad,9486 9487 9503 9502
9487,quad,9487 9472 9488 9503
9488,quad,9488 9489 9505 9504
9489,quad,9489 9490 9506 9505
9490,quad,9490 9491 9507 9506
9491,quad,9491 9492 9508 9507
9492,quad,9492 9493 9509 9508
9493,quad,9493 9494 9510 9509
9494,quad,9494 9495 9511 9510
9495,quad,9495 9496 9512 9511
9496,quad,9496 9497 9513 9512
9497,quad,9497 9498 9514 9513
9498,quad,9498 9499 9515 9514
9499,quad,9499 9500 9516 9515
9500,quad,9500 9501 9517 9516
9501,quad,9501 9502 9518 9517
9502,quad,9502 9503 9519 9518
9503,quad,9503 9488 9504 9519
9504,quad,9504 9505 9521 9520
9505,quad,9505 9506 9522 9521
9506,quad,9506 9507 9523 9522
9507,quad,9507 9508 9524 9523
9508,quad,9508 9509 9525 9524
9509,quad,9509 9510 9526 9525
9510,quad,9510 9511 9527 9526
9511,quad,9511 9512 9528 9527
9512,quad,9512 9513 9529 9528
9513,quad,9513 9514 9530 9529
9514,quad,9514 9515 9531 9530
9515,quad,9515 9516 9532 9531
9516,quad,9516 9517 9533 9532
9517,quad,9517 9518 9534 9533
9518,quad,9518 9519 9535 9534
9519,quad,9519 9504 9520 9535
9520,quad,9520 9521 9537 9536
9521,quad,9521 9522 9538 9537
9522,quad,9522 9523 9539 9538
9523,quad,9523 9524 9540 9539
9524,quad,9524 9525 9541 9540
9525,quad,9525 9526 9542 9541
9526,quad,9526 9527 9543 9542
9527,quad,9527 9528 9544 9543
9528,quad,9528 9529 9545 9544
9529,quad,9529 9530 9546 9545
9530,quad,9530 9531 9547 9546
9531,quad,9531 9532 9548 9547
9532,quad,9532 9533 9549 9548
9533,quad,9533 9534 9550 9549
9534,quad,9534 9535 9551 9550
9535,quad,9535 9520 9536 9551
9536,quad,9536 9537 9553 9552
9537,quad,9537 9538 9554 9553
9538,quad,9538 9539 9555 9554
9539,quad,9539 9540 9556 9555
9540,quad,9540 9541 9557 9556
9541,quad,9541 9542 9558 9557
9542,quad,9542 9543 9559 9558
9543,quad,9543 9544 9560 9559
9544,quad,9544 9545 9561 9560
9545,quad,9545 9546 9562 9561
9546,quad,9546 9547 9563 9562
9547,quad,9547 9548 9564 9563
9548,quad,9548 9549 9565 9564
9549,quad,9549 9550 9566 9565
9550,quad,9550 9551 9567 9566
9551,quad,9551 9536 9552 9567
9552,quad,9552 9553 9569 9568
9553,quad,9553 9554 9570 9569
9554,quad,9554 9555 9571 9570
9555,quad,9555 9556 9572 9571
9556,quad,9556 9557 9573 9572
9557,quad,9557 9558 9574 9573
9558,quad,9558 9559 9575 9574
9559,quad,9559 9560 9576 9575
9560,quad,9560 9561 9577 9576
9561,quad,9561 9562 9578 9577
9562,quad,9562 9563 9579 9578
9563,quad,9563 9564 9580 9579
9564,quad,9564 9565 9581 9580
9565,quad,9565 9566 9582 9581
9566,quad,9566 9567 9583 9582
9567,quad,9567 9552 9568 9583
9568,quad,9568 9569 9585 9584
9569,quad,9569 9570 9586 9585
9570,quad,9570 9571 9587 9586
9571,quad,9571 9572 9588 9587
9572,quad,9572 9573 9589 9588
9573,quad,9573 9574 9590 9589
9574,quad,9574 9575 9591 9590
9575,quad,9575 9576 9592 9591
9576,quad,9576 9577 9593 9592
9577,quad,9577 9578 9594 9593
9578,quad,9578 9579 9595 9594
9579,quad,9579 9580 9596 9595
9580,quad,9580 9581 9597 9596
9581,quad,9581 9582 9598 9597
9582,quad,9582 9583 9599 9598
9583,quad,9583 9568 9584 9599
9584,quad,9584 9585 9601 9600
9585,quad,9585 9586 9602 9601
9586,quad,9586 9587 9603 9602
9587,quad,9587 9588 9604 9603
9588,quad,9588 9589 9605 9604
9589,quad,9589 9590 9606 9605
9590,quad,9590 9591 9607 9606
9591,quad,9591 9592 9608 9607
9592,quad,9592 9593 9609 9608
9593,quad,9593 9594 9610 9609
9594,quad,9594 9595 9611 9610
9595,quad,9595 9596 9612 9611
9596,quad,9596 9597 9613 9612
9597,quad,9597 9598 9614 9613
9598,quad,9598 9599 9615 9614
9599,quad,9599 9584 9600 9615
9600,quad,9600 9601 9617 9616
9601,quad,9601 9602 9618 9617
9602,quad,9602 9603 9619 9618
9603,quad,9603 9604 9620 9619
9604,quad,9604 9605 9621 9620
9605,quad,9605 9606 9622 9621
9606,quad,9606 9607 9623 9622
9607,quad,9607 9608 9624 9623
9608,quad,9608 9609 9625 9624
9609,quad,9609 9610 9626 9625
9610,quad,9610 9611 9627 9626
9611,quad,9611 9612 9628 9627
9612,quad,9612 9613 9629 9628
9613,quad,9613 9614 9630 9629
9614,quad,9614 9615 9631 9630
9615,quad,9615 9600 9616 9631
9616,quad,9616 9617 9633 9632
9617,quad,9617 9618 9634 9633
9618,quad,9618 9619 9635 9634
9619,quad,9619 9620 9636 9635
9620,quad,9620 9621 9637 9636
9621,quad,9621 9622 9638 9637
9622,quad,9622 9623 9639 9638
9623,quad,9623 9624 9640 9639
9624,quad,9624 9625 9641 9640
9625,quad,9625 9626 9642 9641
9626,quad,9626 9627 9643 9642
9627,quad,9627 9628 9644 9643
9628,quad,9628 9629 9645 9644
9629,quad,9629 9630 9646 9645
9630,quad,9630 9631 9647 9646
9631,quad,9631 9616 9632 9647
9632,quad,9632 9633 9649 9648
9633,quad,9633 9634 9650 9649
9634,quad,9634 9635 9651 9650
9635,quad,9635 9636 9652 9651
9636,quad,9636 9637 9653 9652
9637,quad,9637 9638 9654 9653
9638,quad,9638 9639 9655 9654
9639,quad,9639 9640 9656 9655
9640,quad,9640 9641 9657 9656
9641,quad,9641 9642 9658 9657
9642,quad,9642 9643 9659 9658
9643,quad,9643 9644 9660 9659
9644,quad,9644 9645 9661 9660
9645,quad,9645 9646 9662 9661
9646,quad,9646 9647 9663 9662
9647,quad,9647 9632 9648 9663
9648,quad,9648 9649 9665 9664
9649,quad,9649 9650 9666 9665
9650,quad,9650 9651 9667 9666
9651,quad,9651 9652 9668 9667
9652,quad,9652 9653 9669 9668
9653,quad,9653 9654 9670 9669
9654,quad,9654 9655 9671 9670
9655,quad,9655 9656 9672 9671
9656,quad,9656 9657 9673 9672
9657,quad,9657 9658 9674 9673
9658,quad,9658 9659 9675 9674
9659,quad,9659 9660 9676 9675
9660,quad,9660 9661 9677 9676
9661,quad,9661 9662 9678 9677
9662,quad,9662 9663 9679 9678
9663,quad,9663 9648 9664 9679
9664,quad,9664 9665 9681 9680
9665,quad,9665 9666 9682 9681
9666,quad,9666 9667 9683 9682
9667,quad,9667 9668 9684 9683
9668,quad,9668 9669 9685 9684
9669,quad,9669 9670 9686 9685
9670,quad,9670 9671 9687 9686
9671,quad,9671 9672 9688 9687
9672,quad,9672 9673 9689 9688
9673,quad,9673 9674 9690 9689
9674,quad,9674 9675 9691 9690
9675,quad,9675 9676 9692 9691
9676,quad,9676 9677 9693 9692
9677,quad,9677 9678 9694 9693
9678,quad,9678 9679 9695 9694
9679,quad,9679 9664 9680 9695
9680,quad,9680 9681 9697 9696
9681,quad,9681 9682 9698 9697
9682,quad,9682 9683 9699 9698
9683,quad,9683 9684 9700 9699
9684,quad,9684 9685 9701 9700
9685,quad,9685 9686 9702 9701
9686,quad,9686 9687 9703 9702
9687,quad,9687 9688 9704 9703
9688,quad,9688 9689 9705 9704
9689,quad,9689 9690 9706 9705
9690,quad,9690 9691 9707 9706
9691,quad,9691 9692 9708 9707
9692,quad,9692 9693 9709 9708
9693,quad,9693 9694 9710 9709
9694,quad,9694 9695 9711 9710
9695,quad,9695 9680 9696 9711
9696,quad,9696 9697 9713 9712
9697,quad,9697 9698 9714 9713
9698,quad,9698 9699 9715 9714
9699,quad,9699 9700 9716 9715
9700,quad,9700 9701 9717 9716
9701,quad,9701 9702 9718 9717
9702,quad,9702 9703 9719 9718
9703,quad,9703 9704 9720 9719
9704,quad,9704 9705 9721 9720
9705,quad,9705 9706 9722 9721
9706,quad,9706 9707 9723 9722
9707,quad,9707 9708 9724 9723
9708,quad,9708 9709 9725 9724
9709,quad,9709 9710 9726 9725
9710,quad,9710 9711 9727 9726
9711,quad,9711 9696 9712 9727
9712,quad,9712 9713 9729 9728
9713,quad,9713 9714 9730 9729
9714,quad,9714 9715 9731 9730
9715,quad,9715 9716 9732 9731
9716,quad,9716 9717 9733 9732
9717,quad,9717 9718 9734 9733
9718,quad,9718 9719 9735 9734
9719,quad,9719 9720 9736 9735
9720,quad,9720 9721 9737 9736
9721,quad,9721 9722 9738 9737
9722,quad,9722 9723 9739 9738
9723,quad,9723 9724 9740 9739
9724,quad,9724 9725 9741 9740
9725,quad,9725 9726 9742 9741
9726,quad,9726 9727 9743 9742
9727,quad,9727 9712 9728 9743
9728,quad,9728 9729 9745 9744
9729,quad,9729 9730 9746 9745
9730,quad,9730 9731 9747 9746
9731,quad,9731 9732 9748 9747
9732,quad,9732 9733 9749 9748
9733,quad,9733 9734 9750 9749
9734,quad,9734 9735 9751 9750
9735,quad,9735 9736 9752 9751
9736,quad,9736 9737 9753 9752
9737,quad,9737 9738 9754 9753
9738,quad,9738 9739 9755 9754
9739,quad,9739 9740 9756 9755
9740,quad,9740 9741 9757 9756
9741,quad,9741 9742 9758 9757
9742,quad,9742 9743 9759 9758
9743,quad,9743 9728 9744 9759
9744,quad,9744 9745 9761 9760
9745,quad,9745 9746 9762 9761
9746,quad,9746 9747 9763 9762
9747,quad,9747 9748 9764 9763
9748,quad,9748 9749 9765 9764
9749,quad,9749 9750 9766 9765
9750,quad,9750 9751 9767 9766
9751,quad,9751 9752 9768 9767
9752,quad,9752 9753 9769 9768
9753,quad,9753 9754 9770 9769
9754,quad,9754 9755 9771 9770
9755,quad,9755 9756 9772 9771
9756,quad,9756 9757 9773 9772
9757,quad,9757 9758 9774 9773
9758,quad,9758 9759 9775 9774
9759,quad,9759 9744 9760 9775
9760,quad,9760 9761 9777 9776
9761,quad,9761 9762 9778 9777
9762,quad,9762 9763 9779 9778
9763,quad,9763 9764 9780 9779
9764,quad,9764 9765 9781 9780
9765,quad,9765 9766 9782 9781
9766,quad,9766 9767 9783 9782
9767,quad,9767 9768 9784 9783
9768,quad,9768 9769 9785 9784
9769,quad,9769 9770 9786 9785
9770,quad,9770 9771 9787 9786
9771,quad,9771 9772 9788 9787
9772,quad,9772 9773 9789 9788
9773,quad,9773 9774 9790 9789
9774,quad,9774 9775 9791 9790
9775,quad,9775 9760 9776 9791
9776,quad,9776 9777 9793 9792
9777,quad,9777 9778 9794 9793
9778,quad,9778 9779 9795 9794
9779,quad,9779 9780 9796 9795
9780,quad,9780 9781 9797 9796
9781,quad,9781 9782 9798 9797
9782,quad,9782 9783 9799 9798
9783,quad,9783 9784 9800 9799
9784,quad,9784 9785 9801 9800
9785,quad,9785 9786 9802 9801
9786,quad,9786 9787 9803 9802
9787,quad,9787 9788 9804 9803
9788,quad,9788 9789 9805 9804
9789,quad,9789 9790 9806 9805
9790,quad,9790 9791 9807 9806
9791,quad,9791 9776 9792 9807
9792,quad,9792 9793 9809 9808
9793,quad,9793 9794 9810 9809
9794,quad,9794 9795 9811 9810
9795,quad,9795 9796 9812 9811
9796,quad,9796 9797 9813 9812
9797,quad,9797 9798 9814 9813
9798,quad,9798 9799 9815 9814
9799,quad,9799 9800 9816 9815
9800,quad,9800 9801 9817 9816
9801,quad,9801 9802 9818 9817
9802,quad,9802 9803 9819 9818
9803,quad,9803 9804 9820 9819
9804,quad,9804 9805 9821 9820
9805,quad,9805 9806 9822 9821
9806,quad,9806 9807 9823 9822
9807,quad,9807 9792 9808 9823
9808,quad,9808 9809 9825 9824
9809,quad,9809 9810 9826 9825
9810,quad,9810 9811 9827 9826
9811,quad,9811 9812 9828 9827
9812,quad,9812 9813 9829 9828
9813,quad,9813 9814 9830 9829
9814,quad,9814 9815 9831 9830
9815,quad,9815 9816 9832 9831
9816,quad,9816 9817 9833 9832
9817,quad,9817 9818 9834 9833
9818,quad,9818 9819 9835 9834
9819,quad,9819 9820 9836 9835
9820,quad,9820 9821 9837 9836
9821,quad,9821 9822 9838 9837
9822,quad,9822 9823 9839 9838
9823,quad,9823 9808 9824 9839
9824,quad,9824 9825 9841 9840
9825,quad,9825 9826 9842 9841
9826,quad,9826 9827 9843 9842
9827,quad,9827 9828 9844 9843
9828,quad,9828 9829 9845 9844
9829,quad,9829 9830 9846 9845
9830,quad,9830 9831 9847 9846
9831,quad,9831 9832 9848 9847
9832,quad,9832 9833 9849 9848
9833,quad,9833 9834 9850 9849
9834,quad,9834 9835 9851 9850
9835,quad,9835 9836 9852 9851
9836,quad,9836 9837 9853 9852
9837,quad,9837 9838 9854 9853
9838,quad,9838 9839 9855 9854
9839,quad,9839 9824 9840 9855
9840,quad,9840 9841 9857 9856
9841,quad,9841 9842 9858 9857
9842,quad,9842 9843 9859 9858
9843,quad,9843 9844 9860 9859
9844,quad,9844 9845 9861 9860
9845,quad,9845 9846 9862 9861
9846,quad,9846 9847 9863 9862
9847,quad,9847 9848 9864 9863
9848,quad,9848 9849 9865 9864
9849,quad,9849 9850 9866 9865
9850,quad,9850 9851 9867 9866
9851,quad,9851 9852 9868 9867
9852,quad,9852 9853 9869 9868
9853,quad,9853 9854 9870 9869
9854,quad,9854 9855 9871 9870
9855,quad,9855 9840 9856 9871
9856,quad,9856 9857 9873 9872
9857,quad,9857 9858 9874 9873
9858,quad,9858 9859 9875 9874
9859,quad,9859 9860 9876 9875
9860,quad,9860 9861 9877 9876
9861,quad,9861 9862 9878 9877
9862,quad,9862 9863 9879 9878
9863,quad,9863 9864 9880 9879
9864,quad,9864 9865 9881 9880
9865,quad,9865 9866 9882 9881
9866,quad,9866 9867 9883 9882
9867,quad,9867 9868 9884 9883
9868,quad,9868 9869 9885 9884
9869,quad,9869 9870 9886 9885
9870,quad,9870 9871 9887 9886
9871,quad,9871 9856 9872 9887
9872,quad,9872 9873 9889 9888
9873,quad,9873 9874 9890 9889
9874,quad,9874 9875 9891 9890
9875,quad,9875 9876 9892 9891
9876,quad,9876 9877 9893 9892
9877,quad,9877 9878 9894 9893
9878,quad,9878 9879 9895 9894
9879,quad,9879 9880 9896 9895
9880,quad,9880 9881 9897 9896
9881,quad,9881 9882 9898 9897
9882,quad,9882 9883 9899 9898
9883,quad,9883 9884 9900 9899
9884,quad,9884 9885 9901 9900
9885,quad,9885 9886 9902 9901
9886,quad,9886 9887 9903 9902
9887,quad,9887 9872 9888 9903
9888,quad,9888 9889 9905 9904
9889,quad,9889 9890 9906 9905
9890,quad,9890 9891 9907 9906
9891,quad,9891 9892 9908 9907
9892,quad,9892 9893 9909 9908
9893,quad,9893 9894 9910 9909
9894,quad,9894 9895 9911 9910
9895,quad,9895 9896 9912 9911
9896,quad,9896 9897 9913 9912
9897,quad,9897 9898 9914 9913
9898,quad,9898 9899 9915 9914
9899,quad,9899 9900 9916 9915
9900,quad,9900 9901 9917 9916
9901,quad,9901 9902 9918 9917
9902,quad,9902 9903 9919 9918
9903,quad,9903 9888 9904 9919
9904,quad,9904 9905 9921 9920
9905,quad,9905 9906 9922 9921
9906,quad,9906 9907 9923 9922
9907,quad,9907 9908 9924 9923
9908,quad,9908 9909 9925 9924
9909,quad,9909 9910 9926 9925
9910,quad,9910 9911 9927 9926
9911,quad,9911 9912 9928 9927
9912,quad,9912 9913 9929 9928
9913,quad,9913 9914 9930 9929
9914,quad,9914 9915 9931 9930
9915,quad,9915 9916 9932 9931
9916,quad,9916 9917 9933 9932
9917,quad,9917 9918 9934 9933
9918,quad,9918 9919 9935 9934
9919,quad,9919 9904 9920 9935
9920,quad,9920 9921 9937 9936
9921,quad,9921 9922 9938 9937
9922,quad,9922 9923 9939 9938
9923,quad,9923 9924 9940 9939
9924,quad,9924 9925 9941 9940
9925,quad,9925 9926 9942 9941
9926,quad,9926 9927 9943 9942
9927,quad,9927 9928 9944 9943
9928,quad,9928 9929 9945 9944
9929,quad,9929 9930 9946 9945
9930,quad,9930 9931 9947 9946
9931,quad,9931 9932 9948 9947
9932,quad,9932 9933 9949 9948
9933,quad,9933 9934 9950 9949
9934,quad,9934 9935 9951 9950
9935,quad,9935 9920 9936 9951
9936,quad,9936 9937 9953 9952
9937,quad,9937 9938 9954 9953
9938,quad,9938 9939 9955 9954
9939,quad,9939 9940 9956 9955
9940,quad,9940 9941 9957 9956
9941,quad,9941 9942 9958 9957
9942,quad,9942 9943 9959 9958
9943,quad,9943 9944 9960 9959
9944,quad,9944 9945 9961 9960
9945,quad,9945 9946 9962 9961
9946,quad,9946 9947 9963 9962
9947,quad,9947 9948 9964 9963
9948,quad,9948 9949 9965 9964
9949,quad,9949 9950 9966 9965
9950,quad,9950 9951 9967 9966
9951,quad,9951 9936 9952 9967
9952,quad,9952 9953 9969 9968
9953,quad,9953 9954 9970 9969
9954,quad,9954 9955 9971 9970
9955,quad,9955 9956 9972 9971
9956,quad,9956 9957 9973 9972
9957,quad,9957 9958 9974 9973
9958,quad,9958 9959 9975 9974
9959,quad,9959 9960 9976 9975
9960,quad,9960 9961 9977 9976
9961,quad,9961 9962 9978 9977
9962,quad,9962 9963 9979 9978
9963,quad,9963 9964 9980 9979
9964,quad,9964 9965 9981 9980
9965,quad,9965 9966 9982 9981
9966,quad,9966 9967 9983 9982
9967,quad,9967 9952 9968 9983
9968,quad,9968 9969 9985 9984
9969,quad,9969 9970 9986 9985
9970,quad,9970 9971 9987 9986
9971,quad,9971 9972 9988 9987
9972,quad,9972 9973 9989 9988
9973,quad,9973 9974 9990 9989
9974,quad,9974 9975 9991 9990
9975,quad,9975 9976 9992 9991
9976,quad,9976 9977 9993 9992
9977,quad,9977 9978 9994 9993
9978,quad,9978 9979 9995 9994
9979,quad,9979 9980 9996 9995
9980,quad,9980 9981 9997 9996
9981,quad,9981 9982 9998 9997
9982,quad,9982 9983 9999 9998
9983,quad,9983 9968 9984 9999
9984,quad,9984 9985 10001 10000
9985,quad,9985 9986 10002 10001
9986,quad,9986 9987 10003 10002
9987,quad,9987 9988 10004 10003
9988,quad,9988 9989 10005 10004
9989,quad,9989 9990 10006 10005
9990,quad,9990 9991 10007 10006
9991,quad,9991 9992 10008 10007
9992,quad,9992 9993 10009 10008
9993,quad,9993 9994 10010 10009
9994,quad,9994 9995 10011 10010
9995,quad,9995 9996 10012 10011
9996,quad,9996 9997 10013 10012
9997,quad,9997 9998 10014 10013
9998,quad,9998 9999 10015 10014
9999,quad,9999 9984 10000 10015
10000,quad,10000 10001 10017 10016
10001,quad,10001 10002 10018 10017
10002,quad,10002 10003 10019 10018
10003,quad,10003 10004 10020 10019
10004,quad,10004 10005 10021 10020
10005,quad,10005 10006 10022 10021
10006,quad,10006 10007 10023 10022
10007,quad,10007 10008 10024 10023
10008,quad,10008 10009 10025 10024
10009,quad,10009 10010 10026 10025
10010,quad,10010 10011 10027 10026
10011,quad,10011 10012 10028 10027
10012,quad,10012 10013 10029 10028
10013,quad,10013 10014 10030 10029
10014,quad,10014 10015 10031 10030
10015,quad,10015 10000 10016 10031
10016,quad,10016 10017 10033 10032
10017,quad,10017 10018 10034 10033
10018,quad,10018 10019 10035 10034
10019,quad,10019 10020 10036 10035
10020,quad,10020 10021 10037 10036
10021,quad,10021 10022 10038 10037
10022,quad,10022 10023 10039 10038
10023,quad,10023 10024 10040 10039
10024,quad,10024 10025 10041 10040
10025,quad,10025 10026 10042 10041
10026,quad,10026 10027 10043 10042
10027,quad,10027 10028 10044 10043
10028,quad,10028 10029 10045 10044
10029,quad,10029 10030 10046 10045
10030,quad,10030 10031 10047 10046
10031,quad,10031 10016 10032 10047
10032,quad,10032 10033 10049 10048
10033,quad,10033 10034 10050 10049
10034,quad,10034 10035 10051 10050
10035,quad,10035 10036 10052 10051
10036,quad,10036 10037 10053 10052
10037,quad,10037 10038 10054 10053
10038,quad,10038 10039 10055 10054
10039,quad,10039 10040 10056 10055
10040,quad,10040 10041 10057 10056
10041,quad,10041 10042 10058 10057
10042,quad,10042 10043 10059 10058
10043,quad,10043 10044 10060 10059
10044,quad,10044 10045 10061 10060
10045,quad,10045 10046 10062 10061
10046,quad,10046 10047 10063 10062
10047,quad,10047 10032 10048 10063
10048,quad,10048 10049 10065 10064
10049,quad,10049 10050 10066 10065
10050,quad,10050 10051 10067 10066
10051,quad,10051 10052 10068 10067
10052,quad,10052 10053 10069 10068
10053,quad,10053 10054 10070 10069
10054,quad,10054 10055 10071 10070
10055,quad,10055 10056 10072 10071
10056,quad,10056 10057 10073 10072
10057,quad,10057 10058 10074 10073
10058,quad,10058 10059 10075 10074
10059,quad,10059 10060 10076 10075
10060,quad,10060 10061 10077 10076
10061,quad,10061 10062 10078 10077
10062,quad,10062 10063 10079 10078
10063,quad,10063 10048 10064 10079
10064,quad,10064 10065 10081 10080
10065,quad,10065 10066 10082 10081
10066,quad,10066 10067 10083 10082
10067,quad,10067 10068 10084 10083
10068,quad,10068 10069 10085 10084
10069,quad,10069 10070 10086 10085
10070,quad,10070 10071 10087 10086
10071,quad,10071 10072 10088 10087
10072,quad,10072 10073 10089 10088
10073,quad,10073 10074 10090 10089
10074,quad,10074 10075 10091 10090
10075,quad,10075 10076 10092 10091
10076,quad,10076 10077 10093 10092
10077,quad,10077 10078 10094 10093
10078,quad,10078 10079 10095 10094
10079,quad,10079 10064 10080 10095
10080,quad,10080 10081 10097 10096
10081,quad,10081 10082 10098 10097
10082,quad,10082 10083 10099 10098
10083,quad,10083 10084 10100 10099
10084,quad,10084 10085 10101 10100
10085,quad,10085 10086 10102 10101
10086,quad,10086 10087 10103 10102
10087,quad,10087 10088 10104 10103
10088,quad,10088 10089 10105 10104
10089,quad,10089 10090 10106 10105
10090,quad,10090 10091 10107 10106
10091,quad,10091 10092 10108 10107
10092,quad,10092 10093 10109 10108
10093,quad,10093 10094 10110 10109
10094,quad,10094 10095 10111 10110
10095,quad,10095 10080 10096 10111
10096,quad,10096 10097 10113 10112
10097,quad,10097 10098 10114 10113
10098,quad,10098 10099 10115 10114
10099,quad,10099 10100 10116 10115
10100,quad,10100 10101 10117 10116
10101,quad,10101 10102 10118 10117
10102,quad,10102 10103 10119 10118
10103,quad,10103 10104 10120 10119
10104,quad,10104 10105 10121 10120
10105,quad,10105 10106 10122 10121
10106,quad,10106 10107 10123 10122
10107,quad,10107 10108 10124 10123
10108,quad,10108 10109 10125 10124
10109,quad,10109 10110 10126 10125
10110,quad,10110 10111 10127 10126
10111,quad,10111 10096 10112 10127
10112,quad,10112 10113 10129 10128
10113,quad,10113 10114 10130 10129
10114,quad,10114 10115 10131 10130
10115,quad,10115 10116 10132 10131
10116,quad,10116 10117 10133 10132
10117,quad,10117 10118 10134 10133
10118,quad,10118 10119 10135 10134
10119,quad,10119 10120 10136 10135
10120,quad,10120 10121 10137 10136
10121,quad,10121 10122 10138 10137
10122,quad,10122 10123 10139 10138
10123,quad,10123 10124 10140 10139
10124,quad,10124 10125 10141 10140
10125,quad,10125 10126 10142 10141
10126,quad,10126 10127 10143 10142
10127,quad,10127 10112 10128 10143
10128,quad,10128 10129 10145 10144
10129,quad,10129 10130 10146 10145
10130,quad,10130 10131 10147 10146
10131,quad,10131 10132 10148 10147
10132,quad,10132 10133 10149 10148
10133,quad,10133 10134 10150 10149
10134,quad,10134 10135 10151 10150
10135,quad,10135 10136 10152 10151
10136,quad,10136 10137 10153 10152
10137,quad,10137 10138 10154 10153
10138,quad,10138 10139 10155 10154
10139,quad,10139 10140 10156 10155
10140,quad,10140 10141 10157 10156
10141,quad,10141 10142 10158 10157
10142,quad,10142 10143 10159 10158
10143,quad,10143 10128 10144 10159
10144,quad,10144 10145 10161 10160
10145,quad,10145 10146 10162 10161
10146,quad,10146 10147 10163 10162
10147,quad,10147 10148 10164 10163
10148,quad,10148 10149 10165 10164
10149,quad,10149 10150 10166 10165
10150,quad,10150 10151 10167 10166
10151,quad,10151 10152 10168 10167
10152,quad,10152 10153 10169 10168
10153,quad,10153 10154 10170 10169
10154,quad,10154 10155 10171 10170
10155,quad,10155 10156 10172 10171
10156,quad,10156 10157 10173 10172
10157,quad,10157 10158 10174 10173
10158,quad,10158 10159 10175 10174
10159,quad,10159 10144 10160 10175
10160,quad,10160 10161 10177 10176
10161,quad,10161 10162 10178 10177
10162,quad,10162 10163 10179 10178
10163,quad,10163 10164 10180 10179
10164,quad,10164 10165 10181 10180
10165,quad,10165 10166 10182 10181
10166,quad,10166 10167 10183 10182
10167,quad,10167 10168 10184 10183
10168,quad,10168 10169 10185 10184
10169,quad,10169 10170 10186 10185
10170,quad,10170 10171 10187 10186
10171,quad,10171 10172 10188 10187
10172,quad,10172 10173 10189 10188
10173,quad,10173 10174 10190 10189
10174,quad,10174 10175 10191 10190
10175,quad,10175 10160 10176 10191
10176,quad,10176 10177 10193 10192
10177,quad,10177 10178 10194 10193
10178,quad,10178 10179 10195 10194
10179,quad,10179 10180 10196 10195
10180,quad,10180 10181 10197 10196
10181,quad,10181 10182 10198 10197
10182,quad,10182 10183 10199 10198
10183,quad,10183 10184 10200 10199
10184,quad,10184 10185 10201 10200
10185,quad,10185 10186 10202 10201
10186,quad,10186 10187 10203 10202
10187,quad,10187 10188 10204 10203
10188,quad,10188 10189 10205 10204
10189,quad,10189 10190 10206 10205
10190,quad,10190 10191 10207 10206
10191,quad,10191 10176 10192 10207
10192,quad,10192 10193 10209 10208
10193,quad,10193 10194 10210 10209
10194,quad,10194 10195 10211 10210
10195,quad,10195 10196 10212 10211
10196,quad,10196 10197 10213 10212
10197,quad,10197 10198 10214 10213
10198,quad,10198 10199 10215 10214
10199,quad,10199 10200 10216 10215
10200,quad,10200 10201 10217 10216
10201,quad,10201 10202 10218 10217
10202,quad,10202 10203 10219 10218
10203,quad,10203 10204 10220 10219
10204,quad,10204 10205 10221 10220
10205,quad,10205 10206 10222 10221
10206,quad,10206 10207 10223 10222
10207,quad,10207 10192 10208 10223
10208,quad,10208 10209 10225 10224
10209,quad,10209 10210 10226 10225
10210,quad,10210 10211 10227 10226
10211,quad,10211 10212 10228 10227
10212,quad,10212 10213 10229 10228
10213,quad,10213 10214 10230 10229
10214,quad,10214 10215 10231 10230
10215,quad,10215 10216 10232 10231
10216,quad,10216 10217 10233 10232
10217,quad,10217 10218 10234 10233
10218,quad,10218 10219 10235 10234
10219,quad,10219 10220 10236 10235
10220,quad,10220 10221 10237 10236
10221,quad,10221 10222 10238 10237
10222,quad,10222 10223 10239 10238
10223,quad,10223 10208 10224 10239
10224,quad,10224 10225 10241 10240
10225,quad,10225 10226 10242 10241
10226,quad,10226 10227 10243 10242
10227,quad,10227 10228 10244 10243
10228,quad,10228 10229 10245 10244
10229,quad,10229 10230 10246 10245
10230,quad,10230 10231 10247 10246
10231,quad,10231 10232 10248 10247
10232,quad,10232 10233 10249 10248
10233,quad,10233 10234 10250 10249
10234,quad,10234 10235 10251 10250
10235,quad,10235 10236 10252 10251
10236,quad,10236 10237 10253 10252
10237,quad,10237 10238 10254 10253
10238,quad,10238 10239 10255 10254
10239,quad,10239 10224 10240 10255
10240,quad,10240 10241 10257 10256
10241,quad,10241 10242 10258 10257
10242,quad,10242 10243 10259 10258
10243,quad,10243 10244 10260 10259
10244,quad,10244 10245 10261 10260
10245,quad,10245 10246 10262 10261
10246,quad,10246 10247 10263 10262
10247,quad,10247 10248 10264 10263
10248,quad,10248 10249 10265 10264
10249,quad,10249 10250 10266 10265
10250,quad,10250 10251 10267 10266
10251,quad,10251 10252 10268 10267
10252,quad,10252 10253 10269 10268
10253,quad,10253 10254 10270 10269
10254,quad,10254 10255 10271 10270
10255,quad,10255 10240 10256 10271
10256,quad,10256 10257 10273 10272
10257,quad,10257 10258 10274 10273
10258,quad,10258 10259 10275 10274
10259,quad,10259 10260 10276 10275
10260,quad,10260 10261 10277 10276
10261,quad,10261 10262 10278 10277
10262,quad,10262 10263 10279 10278
10263,quad,10263 10264 10280 10279
10264,quad,10264 10265 10281 10280
10265,quad,10265 10266 10282 10281
10266,quad,10266 10267 10283 10282
10267,quad,10267 10268 10284 10283
10268,quad,10268 10269 10285 10284
10269,quad,10269 10270 10286 10285
10270,quad,10270 10271 10287 10286
10271,quad,10271 10256 10272 10287
10272,quad,10272 10273 10289 10288
10273,quad,10273 10274 10290 10289
10274,quad,10274 10275 10291 10290
10275,quad,10275 10276 10292 10291
10276,quad,10276 10277 10293 10292
10277,quad,10277 10278 10294 10293
10278,quad,10278 10279 10295 10294
10279,quad,10279 10280 10296 10295
10280,quad,10280 10281 10297 10296
10281,quad,10281 10282 10298 10297
10282,quad,10282 10283 10299 10298
10283,quad,10283 10284 10300 10299
10284,quad,10284 10285 10301 10300
10285,quad,10285 10286 10302 10301
10286,quad,10286 10287 10303 10302
10287,quad,10287 10272 10288 10303
10288,quad,10288 10289 10305 10304
10289,quad,10289 10290 10306 10305
10290,quad,10290 10291 10307 10306
10291,quad,10291 10292 10308 10307
10292,quad,10292 10293 10309 10308
10293,quad,10293 10294 10310 10309
10294,quad,10294 10295 10311 10310
10295,quad,10295 10296 10312 10311
10296,quad,10296 10297 10313 10312
10297,quad,10297 10298 10314 10313
10298,quad,10298 10299 10315 10314
10299,quad,10299 10300 10316 10315
10300,quad,10300 10301 10317 10316
10301,quad,10301 10302 10318 10317
10302,quad,10302 10303 10319 10318
10303,quad,10303 10288 10304 10319
10304,quad,10304 10305 10321 10320
10305,quad,10305 10306 10322 10321
10306,quad,10306 10307 10323 10322
10307,quad,10307 10308 10324 10323
10308,quad,10308 10309 10325 10324
10309,quad,10309 10310 10326 10325
10310,quad,10310 10311 10327 10326
10311,quad,10311 10312 10328 10327
10312,quad,10312 10313 10329 10328
10313,quad,10313 10314 10330 10329
10314,quad,10314 10315 10331 10330
10315,quad,10315 10316 10332 10331
10316,quad,10316 10317 10333 10332
10317,quad,10317 10318 10334 10333
10318,quad,10318 10319 10335 10334
10319,quad,10319 10304 10320 10335
10320,quad,10320 10321 10337 10336
10321,quad,10321 10322 10338 10337
10322,quad,10322 10323 10339 10338
10323,quad,10323 10324 10340 10339
10324,quad,10324 10325 10341 10340
10325,quad,10325 10326 10342 10341
10326,quad,10326 10327 10343 10342
10327,quad,10327 10328 10344 10343
10328,quad,10328 10329 10345 10344
10329,quad,10329 10330 10346 10345
10330,quad,10330 10331 10347 10346
10331,quad,10331 10332 10348 10347
10332,quad,10332 10333 10349 10348
10333,quad,10333 10334 10350 10349
10334,quad,10334 10335 10351 10350
10335,quad,10335 10320 10336 10351
10336,quad,10336 10337 10353 10352
10337,quad,10337 10338 10354 10353
10338,quad,10338 10339 10355 10354
10339,quad,10339 10340 10356 10355
10340,quad,10340 10341 10357 10356
10341,quad,10341 10342 10358 10357
10342,quad,10342 10343 10359 10358
10343,quad,10343 10344 10360 10359
10344,quad,10344 10345 10361 10360
10345,quad,10345 10346 10362 10361
10346,quad,10346 10347 10363 10362
10347,quad,10347 10348 10364 10363
10348,quad,10348 10349 10365 10364
10349,quad,10349 10350 10366 10365
10350,quad,10350 10351 10367 10366
10351,quad,10351 10336 10352 10367
10352,quad,10352 10353 10369 10368
10353,quad,10353 10354 10370 10369
10354,quad,10354 10355 10371 10370
10355,quad,10355 10356 10372 10371
10356,quad,10356 10357 10373 10372
10357,quad,10357 10358 10374 10373
10358,quad,10358 10359 10375 10374
10359,quad,10359 10360 10376 10375
10360,quad,10360 10361 10377 10376
10361,quad,10361 10362 10378 10377
10362,quad,10362 10363 10379 10378
10363,quad,10363 10364 10380 10379
10364,quad,10364 10365 10381 10380
10365,quad,10365 10366 10382 10381
10366,quad,10366 10367 10383 10382
10367,quad,10367 10352 10368 10383
10368,quad,10368 10369 10385 10384
10369,quad,10369 10370 10386 10385
10370,quad,10370 10371 10387 10386
10371,quad,10371 10372 10388 10387
10372,quad,10372 10373 10389 10388
10373,quad,10373 10374 10390 10389
10374,quad,10374 10375 10391 10390
10375,quad,10375 10376 10392 10391
10376,quad,10376 10377 10393 10392
10377,quad,10377 10378 10394 10393
10378,quad,10378 10379 10395 10394
10379,quad,10379 10380 10396 10395
10380,quad,10380 10381 10397 10396
10381,quad,10381 10382 10398 10397
10382,quad,10382 10383 10399 10398
10383,quad,10383 10368 10384 10399
10384,quad,10384 10385 10401 10400
10385,quad,10385 10386 10402 10401
10386,quad,10386 10387 10403 10402
10387,quad,10387 10388 10404 10403
10388,quad,10388 10389 10405 10404
10389,quad,10389 10390 10406 10405
10390,quad,10390 10391 10407 10406
10391,quad,10391 10392 10408 10407
10392,quad,10392 10393 10409 10408
10393,quad,10393 10394 10410 10409
10394,quad,10394 10395 10411 10410
10395,quad,10395 10396 10412 10411
10396,quad,10396 10397 10413 10412
10397,quad,10397 10398 10414 10413
10398,quad,10398 10399 10415 10414
10399,quad,10399 10384 10400 10415
10400,quad,10400 10401 10417 10416
10401,quad,10401 10402 10418 10417
10402,quad,10402 10403 10419 10418
10403,quad,10403 10404 10420 10419
10404,quad,10404 10405 10421 10420
10405,quad,10405 10406 10422 10421
10406,quad,10406 10407 10423 10422
10407,quad,10407 10408 10424 10423
10408,quad,10408 10409 10425 10424
10409,quad,10409 10410 10426 10425
10410,quad,10410 10411 10427 10426
10411,quad,10411 10412 10428 10427
10412,quad,10412 10413 10429 10428
10413,quad,10413 10414 10430 10429
10414,quad,10414 10415 10431 10430
10415,quad,10415 10400 10416 10431
10416,quad,10416 10417 10433 10432
10417,quad,10417 10418 10434 10433
10418,quad,10418 10419 10435 10434
10419,quad,10419 10420 10436 10435
10420,quad,10420 10421 10437 10436
10421,quad,10421 10422 10438 10437
10422,quad,10422 10423 10439 10438
10423,quad,10423 10424 10440 10439
10424,quad,10424 10425 10441 10440
10425,quad,10425 10426 10442 10441
10426,quad,10426 10427 10443 10442
10427,quad,10427 10428 10444 10443
10428,quad,10428 10429 10445 10444
10429,quad,10429 10430 10446 10445
10430,quad,10430 10431 10447 10446
10431,quad,10431 10416 10432 10447
10432,quad,10432 10433 10449 10448
10433,quad,10433 10434 10450 10449
10434,quad,10434 10435 10451 10450
10435,quad,10435 10436 10452 10451
10436,quad,10436 10437 10453 10452
10437,quad,10437 10438 10454 10453
10438,quad,10438 10439 10455 10454
10439,quad,10439 10440 10456 10455
10440,quad,10440 10441 10457 10456
10441,quad,10441 10442 10458 10457
10442,quad,10442 10443 10459 10458
10443,quad,10443 10444 10460 10459
10444,quad,10444 10445 10461 10460
10445,quad,10445 10446 10462 10461
10446,quad,10446 10447 10463 10462
10447,quad,10447 10432 10448 10463
10448,quad,10448 10449 10465 10464
10449,quad,10449 10450 10466 10465
10450,quad,10450 10451 10467 10466
10451,quad,10451 10452 10468 10467
10452,quad,10452 10453 10469 10468
10453,quad,10453 10454 10470 10469
10454,quad,10454 10455 10471 10470
10455,quad,10455 10456 10472 10471
10456,quad,10456 10457 10473 10472
10457,quad,10457 10458 10474 10473
10458,quad,10458 10459 10475 10474
10459,quad,10459 10460 10476 10475
10460,quad,10460 10461 10477 10476
10461,quad,10461 10462 10478 10477
10462,quad,10462 10463 10479 10478
10463,quad,10463 10448 10464 10479
10464,quad,10464 10465 10481 10480
10465,quad,10465 10466 10482 10481
10466,quad,10466 10467 10483 10482
10467,quad,10467 10468 10484 10483
10468,quad,10468 10469 10485 10484
10469,quad,10469 10470 10486 10485
10470,quad,10470 10471 10487 10486
10471,quad,10471 10472 10488 10487
10472,quad,10472 10473 10489 10488
10473,quad,10473 10474 10490 10489
10474,quad,10474 10475 10491 10490
10475,quad,10475 10476 10492 10491
10476,quad,10476 10477 10493 10492
10477,quad,10477 10478 10494 10493
10478,quad,10478 10479 10495 10494
10479,quad,10479 10464 10480 10495
10480,quad,10480 10481 10497 10496
10481,quad,10481 10482 10498 10497
10482,quad,10482 10483 10499 10498
10483,quad,10483 10484 10500 10499
10484,quad,10484 10485 10501 10500
10485,quad,10485 10486 10502 10501
10486,quad,10486 10487 10503 10502
10487,quad,10487 10488 10504 10503
10488,quad,10488 10489 10505 10504
10489,quad,10489 10490 10506 10505
10490,quad,10490 10491 10507 10506
10491,quad,10491 10492 10508 10507
10492,quad,10492 10493 10509 10508
10493,quad,10493 10494 10510 10509
10494,quad,10494 10495 10511 10510
10495,quad,10495 10480 10496 10511
10496,quad,10496 10497 10513 10512
10497,quad,10497 10498 10514 10513
10498,quad,10498 10499 10515 10514
10499,quad,10499 10500 10516 10515
10500,quad,10500 10501 10517 10516
10501,quad,10501 10502 10518 10517
10502,quad,10502 10503 10519 10518
10503,quad,10503 10504 10520 10519
10504,quad,10504 10505 10521 10520
10505,quad,10505 10506 10522 10521
10506,quad,10506 10507 10523 10522
10507,quad,10507 10508 10524 10523
10508,quad,10508 10509 10525 10524
10509,quad,10509 10510 10526 10525
10510,quad,10510 10511 10527 10526
10511,quad,10511 10496 10512 10527
10512,quad,10512 10513 10529 10528
10513,quad,10513 10514 10530 10529
10514,quad,10514 10515 10531 10530
10515,quad,10515 10516 10532 10531
10516,quad,10516 10517 10533 10532
10517,quad,10517 10518 10534 10533
10518,quad,10518 10519 10535 10534
10519,quad,10519 10520 10536 10535
10520,quad,10520 10521 10537 10536
10521,quad,10521 10522 10538 10537
10522,quad,10522 10523 10539 10538
10523,quad,10523 10524 10540 10539
10524,quad,10524 10525 10541 10540
10525,quad,10525 10526 10542 10541
10526,quad,10526 10527 10543 10542
10527,quad,10527 10512 10528 10543
10528,quad,10528 10529 10545 10544
10529,quad,10529 10530 10546 10545
10530,quad,10530 10531 10547 10546
10531,quad,10531 10532 10548 10547
10532,quad,10532 10533 10549 10548
10533,quad,10533 10534 10550 10549
10534,quad,10534 10535 10551 10550
10535,quad,10535 10536 10552 10551
10536,quad,10536 10537 10553 10552
10537,quad,10537 10538 10554 10553
10538,quad,10538 10539 10555 10554
10539,quad,10539 10540 10556 10555
10540,quad,10540 10541 10557 10556
10541,quad,10541 10542 10558 10557
10542,quad,10542 10543 10559 10558
10543,quad,10543 10528 10544 10559
10544,quad,10544 10545 10561 10560
10545,quad,10545 10546 10562 10561
10546,quad,10546 10547 10563 10562
10547,quad,10547 10548 10564 10563
10548,quad,10548 10549 10565 10564
10549,quad,10549 10550 10566 10565
10550,quad,10550 10551 10567 10566
10551,quad,10551 10552 10568 10567
10552,quad,10552 10553 10569 10568
10553,quad,10553 10554 10570 10569
10554,quad,10554 10555 10571 10570
10555,quad,10555 10556 10572 10571
10556,quad,10556 10557 10573 10572
10557,quad,10557 10558 10574 10573
10558,quad,10558 10559 10575 10574
10559,quad,10559 10544 10560 10575
10560,quad,10560 10561 10577 10576
10561,quad,10561 10562 10578 10577
10562,quad,10562 10563 10579 10578
10563,quad,10563 10564 10580 10579
10564,quad,10564 10565 10581 10580
10565,quad,10565 10566 10582 10581
10566,quad,10566 10567 10583 10582
10567,quad,10567 10568 10584 10583
10568,quad,10568 10569 10585 10584
10569,quad,10569 10570 10586 10585
10570,quad,10570 10571 10587 10586
10571,quad,10571 10572 10588 10587
10572,quad,10572 10573 10589 10588
10573,quad,10573 10574 10590 10589
10574,quad,10574 10575 10591 10590
10575,quad,10575 10560 10576 10591
10576,quad,10576 10577 10593 10592
10577,quad,10577 10578 10594 10593
10578,quad,10578 10579 10595 10594
10579,quad,10579 10580 10596 10595
10580,quad,10580 10581 10597 10596
10581,quad,10581 10582 10598 10597
10582,quad,10582 10583 10599 10598
10583,quad,10583 10584 10600 10599
10584,quad,10584 10585 10601 10600
10585,quad,10585 10586 10602 10601
10586,quad,10586 10587 10603 10602
10587,quad,10587 10588 10604 10603
10588,quad,10588 10589 10605 10604
10589,quad,10589 10590 10606 10605
10590,quad,10590 10591 10607 10606
10591,quad,10591 10576 10592 10607
10592,quad,10592 10593 10609 10608
10593,quad,10593 10594 10610 10609
10594,quad,10594 10595 10611 10610
10595,quad,10595 10596 10612 10611
10596,quad,10596 10597 10613 10612
10597,quad,10597 10598 10614 10613
10598,quad,10598 10599 10615 10614
10599,quad,10599 10600 10616 10615
10600,quad,10600 10601 10617 10616
10601,quad,10601 10602 10618 10617
10602,quad,10602 10603 10619 10618
10603,quad,10603 10604 10620 10619
10604,quad,10604 10605 10621 10620
10605,quad,10605 10606 10622 10621
10606,quad,10606 10607 10623 10622
10607,quad,10607 10592 10608 10623
10608,quad,10608 10609 10625 10624
10609,quad,10609 10610 10626 10625
10610,quad,10610 10611 10627 10626
10611,quad,10611 10612 10628 10627
10612,quad,10612 10613 10629 10628
10613,quad,10613 10614 10630 10629
10614,quad,10614 10615 10631 10630
10615,quad,10615 10616 10632 10631
10616,quad,10616 10617 10633 10632
10617,quad,10617 10618 10634 10633
10618,quad,10618 10619 10635 10634
10619,quad,10619 10620 10636 10635
10620,quad,10620 10621 10637 10636
10621,quad,10621 10622 10638 10637
10622,quad,10622 10623 10639 10638
10623,quad,10623 10608 10624 10639
10624,quad,10624 10625 10641 10640
10625,quad,10625 10626 10642 10641
10626,quad,10626 10627 10643 10642
10627,quad,10627 10628 10644 10643
10628,quad,10628 10629 10645 10644
10629,quad,10629 10630 10646 10645
10630,quad,10630 10631 10647 10646
10631,quad,10631 10632 10648 10647
10632,quad,10632 10633 10649 10648
10633,quad,10633 10634 10650 10649
10634,quad,10634 10635 10651 10650
10635,quad,10635 10636 10652 10651
10636,quad,10636 10637 10653 10652
10637,quad,10637 10638 10654 10653
10638,quad,10638 10639 10655 10654
10639,quad,10639 10624 10640 10655
10640,quad,10640 10641 10657 10656
10641,quad,10641 10642 10658 10657
10642,quad,10642 10643 10659 10658
10643,quad,10643 10644 10660 10659
10644,quad,10644 10645 10661 10660
10645,quad,10645 10646 10662 10661
10646,quad,10646 10647 10663 10662
10647,quad,10647 10648 10664 10663
10648,quad,10648 10649 10665 10664
10649,quad,10649 10650 10666 10665
10650,quad,10650 10651 10667 10666
10651,quad,10651 10652 10668 10667
10652,quad,10652 10653 10669 10668
10653,quad,10653 10654 10670 10669
10654,quad,10654 10655 10671 10670
10655,quad,10655 10640 10656 10671
10656,quad,10656 10657 10673 10672
10657,quad,10657 10658 10674 10673
10658,quad,10658 10659 10675 10674
10659,quad,10659 10660 10676 10675
10660,quad,10660 10661 10677 10676
10661,quad,10661 10662 10678 10677
10662,quad,10662 10663 10679 10678
10663,quad,10663 10664 10680 10679
10664,quad,10664 10665 10681 10680
10665,quad,10665 10666 10682 10681
10666,quad,10666 10667 10683 10682
10667,quad,10667 10668 10684 10683
10668,quad,10668 10669 10685 10684
10669,quad,10669 10670 10686 10685
10670,quad,10670 10671 10687 10686
10671,quad,10671 10656 10672 10687
10672,quad,10672 10673 10689 10688
10673,quad,10673 10674 10690 10689
10674,quad,10674 10675 10691 10690
10675,quad,10675 10676 10692 10691
10676,quad,10676 10677 10693 10692
10677,quad,10677 10678 10694 10693
10678,quad,10678 10679 10695 10694
10679,quad,10679 10680 10696 10695
10680,quad,10680 10681 10697 10696
10681,quad,10681 10682 10698 10697
10682,quad,10682 10683 10699 10698
10683,quad,10683 10684 10700 10699
10684,quad,10684 10685 10701 10700
10685,quad,10685 10686 10702 10701
10686,quad,10686 10687 10703 10702
10687,quad,10687 10672 10688 10703
10688,quad,10688 10689 10705 10704
10689,quad,10689 10690 10706 10705
10690,quad,10690 10691 10707 10706
10691,quad,10691 10692 10708 10707
10692,quad,10692 10693 10709 10708
10693,quad,10693 10694 10710 10709
10694,quad,10694 10695 10711 10710
10695,quad,10695 10696 10712 10711
10696,quad,10696 10697 10713 10712
10697,quad,10697 10698 10714 10713
10698,quad,10698 10699 10715 10714
10699,quad,10699 10700 10716 10715
10700,quad,10700 10701 10717 10716
10701,quad,10701 10702 10718 10717
10702,quad,10702 10703 10719 10718
10703,quad,10703 10688 10704 10719
10704,quad,10704 10705 10721 10720
10705,quad,10705 10706 10722 10721
10706,quad,10706 10707 10723 10722
10707,quad,10707 10708 10724 10723
10708,quad,10708 10709 10725 10724
10709,quad,10709 10710 10726 10725
10710,quad,10710 10711 10727 10726
10711,quad,10711 10712 10728 10727
10712,quad,10712 10713 10729 10728
10713,quad,10713 10714 10730 10729
10714,quad,10714 10715 10731 10730
10715,quad,10715 10716 10732 10731
10716,quad,10716 10717 10733 10732
10717,quad,10717 10718 10734 10733
10718,quad,10718 10719 10735 10734
10719,quad,10719 10704 10720 10735
10720,quad,10720 10721 10737 10736
10721,quad,10721 10722 10738 10737
10722,quad,10722 10723 10739 10738
10723,quad,10723 10724 10740 10739
10724,quad,10724 10725 10741 10740
10725,quad,10725 10726 10742 10741
10726,quad,10726 10727 10743 10742
10727,quad,10727 10728 10744 10743
10728,quad,10728 10729 10745 10744
10729,quad,10729 10730 10746 10745
10730,quad,10730 10731 10747 10746
10731,quad,10731 10732 10748 10747
10732,quad,10732 10733 10749 10748
10733,quad,10733 10734 10750 10749
10734,quad,10734 10735 10751 10750
10735,quad,10735 10720 10736 10751
10736,quad,10736 10737 10753 10752
10737,quad,10737 10738 10754 10753
10738,quad,10738 10739 10755 10754
10739,quad,10739 10740 10756 10755
10740,quad,10740 10741 10757 10756
10741,quad,10741 10742 10758 10757
10742,quad,10742 10743 10759 10758
10743,quad,10743 10744 10760 10759
10744,quad,10744 10745 10761 10760
10745,quad,10745 10746 10762 10761
10746,quad,10746 10747 10763 10762
10747,quad,10747 10748 10764 10763
10748,quad,10748 10749 10765 10764
10749,quad,10749 10750 10766 10765
10750,quad,10750 10751 10767 10766
10751,quad,10751 10736 10752 10767
10752,quad,10752 10753 10769 10768
10753,quad,10753 10754 10770 10769
10754,quad,10754 10755 10771 10770
10755,quad,10755 10756 10772 10771
10756,quad,10756 10757 10773 10772
10757,quad,10757 10758 10774 10773
10758,quad,10758 10759 10775 10774
10759,quad,10759 10760 10776 10775
10760,quad,10760 10761 10777 10776
10761,quad,10761 10762 10778 10777
10762,quad,10762 10763 10779 10778
10763,quad,10763 10764 10780 10779
10764,quad,10764 10765 10781 10780
10765,quad,10765 10766 10782 10781
10766,quad,10766 10767 10783 10782
10767,quad,10767 10752 10768 10783
10768,quad,10768 10769 10785 10784
10769,quad,10769 10770 10786 10785
10770,quad,10770 10771 10787 10786
10771,quad,10771 10772 10788 10787
10772,quad,10772 10773 10789 10788
10773,quad,10773 10774 10790 10789
10774,quad,10774 10775 10791 10790
10775,quad,10775 10776 10792 10791
10776,quad,10776 10777 10793 10792
10777,quad,10777 10778 10794 10793
10778,quad,10778 10779 10795 10794
10779,quad,10779 10780 10796 10795
10780,quad,10780 10781 10797 10796
10781,quad,10781 10782 10798 10797
10782,quad,10782 10783 10799 10798
10783,quad,10783 10768 10784 10799
10784,quad,10784 10785 10801 10800
10785,quad,10785 10786 10802 10801
10786,quad,10786 10787 10803 10802
10787,quad,10787 10788 10804 10803
10788,quad,10788 10789 10805 10804
10789,quad,10789 10790 10806 10805
10790,quad,10790 10791 10807 10806
10791,quad,10791 10792 10808 10807
10792,quad,10792 10793 10809 10808
10793,quad,10793 10794 10810 10809
10794,quad,10794 10795 10811 10810
10795,quad,10795 10796 10812 10811
10796,quad,10796 10797 10813 10812
10797,quad,10797 10798 10814 10813
10798,quad,10798 10799 10815 10814
10799,quad,10799 10784 10800 10815
10800,quad,10800 10801 10817 10816
10801,quad,10801 10802 10818 10817
10802,quad,10802 10803 10819 10818
10803,quad,10803 10804 10820 10819
10804,quad,10804 10805 10821 10820
10805,quad,10805 10806 10822 10821
10806,quad,10806 10807 10823 10822
10807,quad,10807 10808 10824 10823
10808,quad,10808 10809 10825 10824
10809,quad,10809 10810 10826 10825
10810,quad,10810 10811 10827 10826
10811,quad,10811 10812 10828 10827
10812,quad,10812 10813 10829 10828
10813,quad,10813 10814 10830 10829
10814,quad,10814 10815 10831 10830
10815,quad,10815 10800 10816 10831
10816,quad,10816 10817 10833 10832
10817,quad,10817 10818 10834 10833
10818,quad,10818 10819 10835 10834
10819,quad,10819 10820 10836 10835
10820,quad,10820 10821 10837 10836
10821,quad,10821 10822 10838 10837
10822,quad,10822 10823 10839 10838
10823,quad,10823 10824 10840 10839
10824,quad,10824 10825 10841 10840
10825,quad,10825 10826 10842 10841
10826,quad,10826 10827 10843 10842
10827,quad,10827 10828 10844 10843
10828,quad,10828 10829 10845 10844
10829,quad,10829 10830 10846 10845
10830,quad,10830 10831 10847 10846
10831,quad,10831 10816 10832 10847
10832,quad,10832 10833 10849 10848
10833,quad,10833 10834 10850 10849
10834,quad,10834 10835 10851 10850
10835,quad,10835 10836 10852 10851
10836,quad,10836 10837 10853 10852
10837,quad,10837 10838 10854 10853
10838,quad,10838 10839 10855 10854
10839,quad,10839 10840 10856 10855
10840,quad,10840 10841 10857 10856
10841,quad,10841 10842 10858 10857
10842,quad,10842 10843 10859 10858
10843,quad,10843 10844 10860 10859
10844,quad,10844 10845 10861 10860
10845,quad,10845 10846 10862 10861
10846,quad,10846 10847 10863 10862
10847,quad,10847 10832 10848 10863
10848,quad,10848 10849 10865 10864
10849,quad,10849 10850 10866 10865
10850,quad,10850 10851 10867 10866
10851,quad,10851 10852 10868 10867
10852,quad,10852 10853 10869 10868
10853,quad,10853 10854 10870 10869
10854,quad,10854 10855 10871 10870
10855,quad,10855 10856 10872 10871
10856,quad,10856 10857 10873 10872
10857,quad,10857 10858 10874 10873
10858,quad,10858 10859 10875 10874
10859,quad,10859 10860 10876 10875
10860,quad,10860 10861 10877 10876
10861,quad,10861 10862 10878 10877
10862,quad,10862 10863 10879 10878
10863,quad,10863 10848 10864 10879
10864,quad,10864 10865 10881 10880
10865,quad,10865 10866 10882 10881
10866,quad,10866 10867 10883 10882
10867,quad,10867 10868 10884 10883
10868,quad,10868 10869 10885 10884
10869,quad,10869 10870 10886 10885
10870,quad,10870 10871 10887 10886
10871,quad,10871 10872 10888 10887
10872,quad,10872 10873 10889 10888
10873,quad,10873 10874 10890 10889
10874,quad,10874 10875 10891 10890
10875,quad,10875 10876 10892 10891
10876,quad,10876 10877 10893 10892
10877,quad,10877 10878 10894 10893
10878,quad,10878 10879 10895 10894
10879,quad,10879 10864 10880 10895
10880,quad,10880 10881 10897 10896
10881,quad,10881 10882 10898 10897
10882,quad,10882 10883 10899 10898
10883,quad,10883 10884 10900 10899
10884,quad,10884 10885 10901 10900
10885,quad,10885 10886 10902 10901
10886,quad,10886 10887 10903 10902
10887,quad,10887 10888 10904 10903
10888,quad,10888 10889 10905 10904
10889,quad,10889 10890 10906 10905
10890,quad,10890 10891 10907 10906
10891,quad,10891 10892 10908 10907
10892,quad,10892 10893 10909 10908
10893,quad,10893 10894 10910 10909
10894,quad,10894 10895 10911 10910
10895,quad,10895 10880 10896 10911
10896,quad,10896 10897 10913 10912
10897,quad,10897 10898 10914 10913
10898,quad,10898 10899 10915 10914
10899,quad,10899 10900 10916 10915
10900,quad,10900 10901 10917 10916
10901,quad,10901 10902 10918 10917
10902,quad,10902 10903 10919 10918
10903,quad,10903 10904 10920 10919
10904,quad,10904 10905 10921 10920
10905,quad,10905 10906 10922 10921
10906,quad,10906 10907 10923 10922
10907,quad,10907 10908 10924 10923
10908,quad,10908 10909 10925 10924
10909,quad,10909 10910 10926 10925
10910,quad,10910 10911 10927 10926
10911,quad,10911 10896 10912 10927
10912,quad,10912 10913 10929 10928
10913,quad,10913 10914 10930 10929
10914,quad,10914 10915 10931 10930
10915,quad,10915 10916 10932 10931
10916,quad,10916 10917 10933 10932
10917,quad,10917 10918 10934 10933
10918,quad,10918 10919 10935 10934
10919,quad,10919 10920 10936 10935
10920,quad,10920 10921 10937 10936
10921,quad,10921 10922 10938 10937
10922,quad,10922 10923 10939 10938
10923,quad,10923 10924 10940 10939
10924,quad,10924 10925 10941 10940
10925,quad,10925 10926 10942 10941
10926,quad,10926 10927 10943 10942
10927,quad,10927 10912 10928 10943
10928,quad,10928 10929 10945 10944
10929,quad,10929 10930 10946 10945
10930,quad,10930 10931 10947 10946
10931,quad,10931 10932 10948 10947
10932,quad,10932 10933 10949 10948
10933,quad,10933 10934 10950 10949
10934,quad,10934 10935 10951 10950
10935,quad,10935 10936 10952 10951
10936,quad,10936 10937 10953 10952
10937,quad,10937 10938 10954 10953
10938,quad,10938 10939 10955 10954
10939,quad,10939 10940 10956 10955
10940,quad,10940 10941 10957 10956
10941,quad,10941 10942 10958 10957
10942,quad,10942 10943 10959 10958
10943,quad,10943 10928 10944 10959
10944,quad,10944 10945 10961 10960
10945,quad,10945 10946 10962 10961
10946,quad,10946 10947 10963 10962
10947,quad,10947 10948 10964 10963
10948,quad,10948 10949 10965 10964
10949,quad,10949 10950 10966 10965
10950,quad,10950 10951 10967 10966
10951,quad,10951 10952 10968 10967
10952,quad,10952 10953 10969 10968
10953,quad,10953 10954 10970 10969
10954,quad,10954 10955 10971 10970
10955,quad,10955 10956 10972 10971
10956,quad,10956 10957 10973 10972
10957,quad,10957 10958 10974 10973
10958,quad,10958 10959 10975 10974
10959,quad,10959 10944 10960 10975
10960,quad,10960 10961 10977 10976
10961,quad,10961 10962 10978 10977
10962,quad,10962 10963 10979 10978
10963,quad,10963 10964 10980 10979
10964,quad,10964 10965 10981 10980
10965,quad,10965 10966 10982 10981
10966,quad,10966 10967 10983 10982
10967,quad,10967 10968 10984 10983
10968,quad,10968 10969 10985 10984
10969,quad,10969 10970 10986 10985
10970,quad,10970 10971 10987 10986
10971,quad,10971 10972 10988 10987
10972,quad,10972 10973 10989 10988
10973,quad,10973 10974 10990 10989
10974,quad,10974 10975 10991 10990
10975,quad,10975 10960 10976 10991
10976,quad,10976 10977 10993 10992
10977,quad,10977 10978 10994 10993
10978,quad,10978 10979 10995 10994
10979,quad,10979 10980 10996 10995
10980,quad,10980 10981 10997 10996
10981,quad,10981 10982 10998 10997
10982,quad,10982 10983 10999 10998
10983,quad,10983 10984 11000 10999
10984,quad,10984 10985 11001 11000
10985,quad,10985 10986 11002 11001
10986,quad,10986 10987 11003 11002
10987,quad,10987 10988 11004 11003
10988,quad,10988 10989 11005 11004
10989,quad,10989 10990 11006 11005
10990,quad,10990 10991 11007 11006
10991,quad,10991 10976 10992 11007
10992,quad,10992 10993 11009 11008
10993,quad,10993 10994 11010 11009
10994,quad,10994 10995 11011 11010
10995,quad,10995 10996 11012 11011
10996,quad,10996 10997 11013 11012
10997,quad,10997 10998 11014 11013
10998,quad,10998 10999 11015 11014
10999,quad,10999 11000 11016 11015
11000,quad,11000 11001 11017 11016
11001,quad,11001 11002 11018 11017
11002,quad,11002 11003 11019 11018
11003,quad,11003 11004 11020 11019
11004,quad,11004 11005 11021 11020
11005,quad,11005 11006 11022 11021
11006,quad,11006 11007 11023 11022
11007,quad,11007 10992 11008 11023
11008,quad,11008 11009 11025 11024
11009,quad,11009 11010 11026 11025
11010,quad,11010 11011 11027 11026
11011,quad,11011 11012 11028 11027
11012,quad,11012 11013 11029 11028
11013,quad,11013 11014 11030 11029
11014,quad,11014 11015 11031 11030
11015,quad,11015 11016 11032 11031
11016,quad,11016 11017 11033 11032
11017,quad,11017 11018 11034 11033
11018,quad,11018 11019 11035 11034
11019,quad,11019 11020 11036 11035
11020,quad,11020 11021 11037 11036
11021,quad,11021 11022 11038 11037
11022,quad,11022 11023 11039 11038
11023,quad,11023 11008 11024 11039
11024,quad,11024 11025 11041 11040
11025,quad,11025 11026 11042 11041
11026,quad,11026 11027 11043 11042
11027,quad,11027 11028 11044 11043
11028,quad,11028 11029 11045 11044
11029,quad,11029 11030 11046 11045
11030,quad,11030 11031 11047 11046
11031,quad,11031 11032 11048 11047
11032,quad,11032 11033 11049 11048
11033,quad,11033 11034 11050 11049
11034,quad,11034 11035 11051 11050
11035,quad,11035 11036 11052 11051
11036,quad,11036 11037 11053 11052
11037,quad,11037 11038 11054 11053
11038,quad,11038 11039 11055 11054
11039,quad,11039 11024 11040 11055
11040,quad,11040 11041 11057 11056
11041,quad,11041 11042 11058 11057
11042,quad,11042 11043 11059 11058
11043,quad,11043 11044 11060 11059
11044,quad,11044 11045 11061 11060
11045,quad,11045 11046 11062 11061
11046,quad,11046 11047 11063 11062
11047,quad,11047 11048 11064 11063
11048,quad,11048 11049 11065 11064
11049,quad,11049 11050 11066 11065
11050,quad,11050 11051 11067 11066
11051,quad,11051 11052 11068 11067
11052,quad,11052 11053 11069 11068
11053,quad,11053 11054 11070 11069
11054,quad,11054 11055 11071 11070
11055,quad,11055 11040 11056 11071
11056,quad,11056 11057 11073 11072
11057,quad,11057 11058 11074 11073
11058,quad,11058 11059 11075 11074
11059,quad,11059 11060 11076 11075
11060,quad,11060 11061 11077 11076
11061,quad,11061 11062 11078 11077
11062,quad,11062 11063 11079 11078
11063,quad,11063 11064 11080 11079
11064,quad,11064 11065 11081 11080
11065,quad,11065 11066 11082 11081
11066,quad,11066 11067 11083 11082
11067,quad,11067 11068 11084 11083
11068,quad,11068 11069 11085 11084
11069,quad,11069 11070 11086 11085
11070,quad,11070 11071 11087 11086
11071,quad,11071 11056 11072 11087
11072,quad,11072 11073 11089 11088
11073,quad,11073 11074 11090 11089
11074,quad,11074 11075 11091 11090
11075,quad,11075 11076 11092 11091
11076,quad,11076 11077 11093 11092
11077,quad,11077 11078 11094 11093
11078,quad,11078 11079 11095 11094
11079,quad,11079 11080 11096 11095
11080,quad,11080 11081 11097 11096
11081,quad,11081 11082 11098 11097
11082,quad,11082 11083 11099 11098
11083,quad,11083 11084 11100 11099
11084,quad,11084 11085 11101 11100
11085,quad,11085 11086 11102 11101
11086,quad,11086 11087 11103 11102
11087,quad,11087 11072 11088 11103
11088,quad,11088 11089 11105 11104
11089,quad,11089 11090 11106 11105
11090,quad,11090 11091 11107 11106
11091,quad,11091 11092 11108 11107
11092,quad,11092 11093 11109 11108
11093,quad,11093 11094 11110 11109
11094,quad,11094 11095 11111 11110
11095,quad,11095 11096 11112 11111
11096,quad,11096 11097 11113 11112
11097,quad,11097 11098 11114 11113
11098,quad,11098 11099 11115 11114
11099,quad,11099 11100 11116 11115
11100,quad,11100 11101 11117 11116
11101,quad,11101 11102 11118 11117
11102,quad,11102 11103 11119 11118
11103,quad,11103 11088 11104 11119
11104,quad,11104 11105 11121 11120
11105,quad,11105 11106 11122 11121
11106,quad,11106 11107 11123 11122
11107,quad,11107 11108 11124 11123
11108,quad,11108 11109 11125 11124
11109,quad,11109 11110 11126 11125
11110,quad,11110 11111 11127 11126
11111,quad,11111 11112 11128 11127
11112,quad,11112 11113 11129 11128
11113,quad,11113 11114 11130 11129
11114,quad,11114 11115 11131 11130
11115,quad,11115 11116 11132 11131
11116,quad,11116 11117 11133 11132
11117,quad,11117 11118 11134 11133
11118,quad,11118 11119 11135 11134
11119,quad,11119 11104 11120 11135
11120,quad,11120 11121 11137 11136
11121,quad,11121 11122 11138 11137
11122,quad,11122 11123 11139 11138
11123,quad,11123 11124 11140 11139
11124,quad,11124 11125 11141 11140
11125,quad,11125 11126 11142 11141
11126,quad,11126 11127 11143 11142
11127,quad,11127 11128 11144 11143
11128,quad,11128 11129 11145 11144
11129,quad,11129 11130 11146 11145
11130,quad,11130 11131 11147 11146
11131,quad,11131 11132 11148 11147
11132,quad,11132 11133 11149 11148
11133,quad,11133 11134 11150 11149
11134,quad,11134 11135 11151 11150
11135,quad,11135 11120 11136 11151
11136,quad,11136 11137 11153 11152
11137,quad,11137 11138 11154 11153
11138,quad,11138 11139 11155 11154
11139,quad,11139 11140 11156 11155
11140,quad,11140 11141 11157 11156
11141,quad,11141 11142 11158 11157
11142,quad,11142 11143 11159 11158
11143,quad,11143 11144 11160 11159
11144,quad,11144 11145 11161 11160
11145,quad,11145 11146 11162 11161
11146,quad,11146 11147 11163 11162
11147,quad,11147 11148 11164 11163
11148,quad,11148 11149 11165 11164
11149,quad,11149 11150 11166 11165
11150,quad,11150 11151 11167 11166
11151,quad,11151 11136 11152 11167
11152,quad,11152 11153 11169 11168
11153,quad,11153 11154 11170 11169
11154,quad,11154 11155 11171 11170
11155,quad,11155 11156 11172 11171
11156,quad,11156 11157 11173 11172
11157,quad,11157 11158 11174 11173
11158,quad,11158 11159 11175 11174
11159,quad,11159 11160 11176 11175
11160,quad,11160 11161 11177 11176
11161,quad,11161 11162 11178 11177
11162,quad,11162 11163 11179 11178
11163,quad,11163 11164 11180 11179
11164,quad,11164 11165 11181 11180
11165,quad,11165 11166 11182 11181
11166,quad,11166 11167 11183 11182
11167,quad,11167 11152 11168 11183
11168,quad,11168 11169 11185 11184
11169,quad,11169 11170 11186 11185
11170,quad,11170 11171 11187 11186
11171,quad,11171 11172 11188 11187
11172,quad,11172 11173 11189 11188
11173,quad,11173 11174 11190 11189
11174,quad,11174 11175 11191 11190
11175,quad,11175 11176 11192 11191
11176,quad,11176 11177 11193 11192
11177,quad,11177 11178 11194 11193
11178,quad,11178 11179 11195 11194
11179,quad,11179 11180 11196 11195
11180,quad,11180 11181 11197 11196
11181,quad,11181 11182 11198 11197
11182,quad,11182 11183 11199 11198
11183,quad,11183 11168 11184 11199
11184,quad,11184 11185 11201 11200
11185,quad,11185 11186 11202 11201
11186,quad,11186 11187 11203 11202
11187,quad,11187 11188 11204 11203
11188,quad,11188 11189 11205 11204
11189,quad,11189 11190 11206 11205
11190,quad,11190 11191 11207 11206
11191,quad,11191 11192 11208 11207
11192,quad,11192 11193 11209 11208
11193,quad,11193 11194 11210 11209
11194,quad,11194 11195 11211 11210
11195,quad,11195 11196 11212 11211
11196,quad,11196 11197 11213 11212
11197,quad,11197 11198 11214 11213
11198,quad,11198 11199 11215 11214
11199,quad,11199 11184 11200 11215
11200,quad,11200 11201 11217 11216
11201,quad,11201 11202 11218 11217
11202,quad,11202 11203 11219 11218
11203,quad,11203 11204 11220 11219
11204,quad,11204 11205 11221 11220
11205,quad,11205 11206 11222 11221
11206,quad,11206 11207 11223 11222
11207,quad,11207 11208 11224 11223
11208,quad,11208 11209 11225 11224
11209,quad,11209 11210 11226 11225
11210,quad,11210 11211 11227 11226
11211,quad,11211 11212 11228 11227
11212,quad,11212 11213 11229 11228
11213,quad,11213 11214 11230 11229
11214,quad,11214 11215 11231 11230
11215,quad,11215 11200 11216 11231
11216,quad,11216 11217 11233 11232
11217,quad,11217 11218 11234 11233
11218,quad,11218 11219 11235 11234
11219,quad,11219 11220 11236 11235
11220,quad,11220 11221 11237 11236
11221,quad,11221 11222 11238 11237
11222,quad,11222 11223 11239 11238
11223,quad,11223 11224 11240 11239
11224,quad,11224 11225 11241 11240
11225,quad,11225 11226 11242 11241
11226,quad,11226 11227 11243 11242
11227,quad,11227 11228 11244 11243
11228,quad,11228 11229 11245 11244
11229,quad,11229 11230 11246 11245
11230,quad,11230 11231 11247 11246
11231,quad,11231 11216 11232 11247
11232,quad,11232 11233 11249 11248
11233,quad,11233 11234 11250 11249
11234,quad,11234 11235 11251 11250
11235,quad,11235 11236 11252 11251
11236,quad,11236 11237 11253 11252
11237,quad,11237 11238 11254 11253
11238,quad,11238 11239 11255 11254
11239,quad,11239 11240 11256 11255
11240,quad,11240 11241 11257 11256
11241,quad,11241 11242 11258 11257
11242,quad,11242 11243 11259 11258
11243,quad,11243 11244 11260 11259
11244,quad,11244 11245 11261 11260
11245,quad,11245 11246 11262 11261
11246,quad,11246 11247 11263 11262
11247,quad,11247 11232 11248 11263
11248,quad,11248 11249 11265 11264
11249,quad,11249 11250 11266 11265
11250,quad,11250 11251 11267 11266
11251,quad,11251 11252 11268 11267
11252,quad,11252 11253 11269 11268
11253,quad,11253 11254 11270 11269
11254,quad,11254 11255 11271 11270
11255,quad,11255 11256 11272 11271
11256,quad,11256 11257 11273 11272
11257,quad,11257 11258 11274 11273
11258,quad,11258 11259 11275 11274
11259,quad,11259 11260 11276 11275
11260,quad,11260 11261 11277 11276
11261,quad,11261 11262 11278 11277
11262,quad,11262 11263 11279 11278
11263,quad,11263 11248 11264 11279
11264,quad,11264 11265 11281 11280
11265,quad,11265 11266 11282 11281
11266,quad,11266 11267 11283 11282
11267,quad,11267 11268 11284 11283
11268,quad,11268 11269 11285 11284
11269,quad,11269 11270 11286 11285
11270,quad,11270 11271 11287 11286
11271,quad,11271 11272 11288 11287
11272,quad,11272 11273 11289 11288
11273,quad,11273 11274 11290 11289
11274,quad,11274 11275 11291 11290
11275,quad,11275 11276 11292 11291
11276,quad,11276 11277 11293 11292
11277,quad,11277 11278 11294 11293
11278,quad,11278 11279 11295 11294
11279,quad,11279 11264 11280 11295
11280,quad,11280 11281 11297 11296
11281,quad,11281 11282 11298 11297
11282,quad,11282 11283 11299 11298
11283,quad,11283 11284 11300 11299
11284,quad,11284 11285 11301 11300
11285,quad,11285 11286 11302 11301
11286,quad,11286 11287 11303 11302
11287,quad,11287 11288 11304 11303
11288,quad,11288 11289 11305 11304
11289,quad,11289 11290 11306 11305
11290,quad,11290 11291 11307 11306
11291,quad,11291 11292 11308 11307
11292,quad,11292 11293 11309 11308
11293,quad,11293 11294 11310 11309
11294,quad,11294 11295 11311 11310
11295,quad,11295 11280 11296 11311
11296,quad,11296 11297 11313 11312
11297,quad,11297 11298 11314 11313
11298,quad,11298 11299 11315 11314
11299,quad,11299 11300 11316 11315
11300,quad,11300 11301 11317 11316
11301,quad,11301 11302 11318 11317
11302,quad,11302 11303 11319 11318
11303,quad,11303 11304 11320 11319
11304,quad,11304 11305 11321 11320
11305,quad,11305 11306 11322 11321
11306,quad,11306 11307 11323 11322
11307,quad,11307 11308 11324 11323
11308,quad,11308 11309 11325 11324
11309,quad,11309 11310 11326 11325
11310,quad,11310 11311 11327 11326
11311,quad,11311 11296 11312 11327
11312,quad,11312 11313 11329 11328
11313,quad,11313 11314 11330 11329
11314,quad,11314 11315 11331 11330
11315,quad,11315 11316 11332 11331
11316,quad,11316 11317 11333 11332
11317,quad,11317 11318 11334 11333
11318,quad,11318 11319 11335 11334
11319,quad,11319 11320 11336 11335
11320,quad,11320 11321 11337 11336
11321,quad,11321 11322 11338 11337
11322,quad,11322 11323 11339 11338
11323,quad,11323 11324 11340 11339
11324,quad,11324 11325 11341 11340
11325,quad,11325 11326 11342 11341
11326,quad,11326 11327 11343 11342
11327,quad,11327 11312 11328 11343
11328,quad,11328 11329 11345 11344
11329,quad,11329 11330 11346 11345
11330,quad,11330 11331 11347 11346
11331,quad,11331 11332 11348 11347
11332,quad,11332 11333 11349 11348
11333,quad,11333 11334 11350 11349
11334,quad,11334 11335 11351 11350
11335,quad,11335 11336 11352 11351
11336,quad,11336 11337 11353 11352
11337,quad,11337 11338 11354 11353
11338,quad,11338 11339 11355 11354
11339,quad,11339 11340 11356 11355
11340,quad,11340 11341 11357 11356
11341,quad,11341 11342 11358 11357
11342,quad,11342 11343 11359 11358
11343,quad,11343 11328 11344 11359
11344,quad,11344 11345 11361 11360
11345,quad,11345 11346 11362 11361
11346,quad,11346 11347 11363 11362
11347,quad,11347 11348 11364 11363
11348,quad,11348 11349 11365 11364
11349,quad,11349 11350 11366 11365
11350,quad,11350 11351 11367 11366
11351,quad,11351 11352 11368 11367
11352,quad,11352 11353 11369 11368
11353,quad,11353 11354 11370 11369
11354,quad,11354 11355 11371 11370
11355,quad,11355 11356 11372 11371
11356,quad,11356 11357 11373 11372
11357,quad,11357 11358 11374 11373
11358,quad,11358 11359 11375 11374
11359,quad,11359 11344 11360 11375
11360,quad,11360 11361 11377 11376
11361,quad,11361 11362 11378 11377
11362,quad,11362 11363 11379 11378
11363,quad,11363 11364 11380 11379
11364,quad,11364 11365 11381 11380
11365,quad,11365 11366 11382 11381
11366,quad,11366 11367 11383 11382
11367,quad,11367 11368 11384 11383
11368,quad,11368 11369 11385 11384
11369,quad,11369 11370 11386 11385
11370,quad,11370 11371 11387 11386
11371,quad,11371 11372 11388 11387
11372,quad,11372 11373 11389 11388
11373,quad,11373 11374 11390 11389
11374,quad,11374 11375 11391 11390
11375,quad,11375 11360 11376 11391
11376,quad,11376 11377 11393 11392
11377,quad,11377 11378 11394 11393
11378,quad,11378 11379 11395 11394
11379,quad,11379 11380 11396 11395
11380,quad,11380 11381 11397 11396
11381,quad,11381 11382 11398 11397
11382,quad,11382 11383 11399 11398
11383,quad,11383 11384 11400 11399
11384,quad,11384 11385 11401 11400
11385,quad,11385 11386 11402 11401
11386,quad,11386 11387 11403 11402
11387,quad,11387 11388 11404 11403
11388,quad,11388 11389 11405 11404
11389,quad,11389 11390 11406 11405
11390,quad,11390 11391 11407 11406
11391,quad,11391 11376 11392 11407
11392,quad,11392 11393 11409 11408
11393,quad,11393 11394 11410 11409
11394,quad,11394 11395 11411 11410
11395,quad,11395 11396 11412 11411
11396,quad,11396 11397 11413 11412
11397,quad,11397 11398 11414 11413
11398,quad,11398 11399 11415 11414
11399,quad,11399 11400 11416 11415
11400,quad,11400 11401 11417 11416
11401,quad,11401 11402 11418 11417
11402,quad,11402 11403 11419 11418
11403,quad,11403 11404 11420 11419
11404,quad,11404 11405 11421 11420
11405,quad,11405 11406 11422 11421
11406,quad,11406 11407 11423 11422
11407,quad,11407 11392 11408 11423
11408,quad,11408 11409 11425 11424
11409,quad,11409 11410 11426 11425
11410,quad,11410 11411 11427 11426
11411,quad,11411 11412 11428 11427
11412,quad,11412 11413 11429 11428
11413,quad,11413 11414 11430 11429
11414,quad,11414 11415 11431 11430
11415,quad,11415 11416 11432 11431
11416,quad,11416 11417 11433 11432
11417,quad,11417 11418 11434 11433
11418,quad,11418 11419 11435 11434
11419,quad,11419 11420 11436 11435
11420,quad,11420 11421 11437 11436
11421,quad,11421 11422 11438 11437
11422,quad,11422 11423 11439 11438
11423,quad,11423 11408 11424 11439
11424,quad,11424 11425 11441 11440
11425,quad,11425 11426 11442 11441
11426,quad,11426 11427 11443 11442
11427,quad,11427 11428 11444 11443
11428,quad,11428 11429 11445 11444
11429,quad,11429 11430 11446 11445
11430,quad,11430 11431 11447 11446
11431,quad,11431 11432 11448 11447
11432,quad,11432 11433 11449 11448
11433,quad,11433 11434 11450 11449
11434,quad,11434 11435 11451 11450
11435,quad,11435 11436 11452 11451
11436,quad,11436 11437 11453 11452
11437,quad,11437 11438 11454 11453
11438,quad,11438 11439 11455 11454
11439,quad,11439 11424 11440 11455
11440,quad,11440 11441 11457 11456
11441,quad,11441 11442 11458 11457
11442,quad,11442 11443 11459 11458
11443,quad,11443 11444 11460 11459
11444,quad,11444 11445 11461 11460
11445,quad,11445 11446 11462 11461
11446,quad,11446 11447 11463 11462
11447,quad,11447 11448 11464 11463
11448,quad,11448 11449 11465 11464
11449,quad,11449 11450 11466 11465
11450,quad,11450 11451 11467 11466
11451,quad,11451 11452 11468 11467
11452,quad,11452 11453 11469 11468
11453,quad,11453 11454 11470 11469
11454,quad,11454 11455 11471 11470
11455,quad,11455 11440 11456 11471
11456,quad,11456 11457 11473 11472
11457,quad,11457 11458 11474 11473
11458,quad,11458 11459 11475 11474
11459,quad,11459 11460 11476 11475
11460,quad,11460 11461 11477 11476
11461,quad,11461 11462 11478 11477
11462,quad,11462 11463 11479 11478
11463,quad,11463 11464 11480 11479
11464,quad,11464 11465 11481 11480
11465,quad,11465 11466 11482 11481
11466,quad,11466 11467 11483 11482
11467,quad,11467 11468 11484 11483
11468,quad,11468 11469 11485 11484
11469,quad,11469 11470 11486 11485
11470,quad,11470 11471 11487 11486
11471,quad,11471 11456 11472 11487
11472,quad,11472 11473 11489 11488
11473,quad,11473 11474 11490 11489
11474,quad,11474 11475 11491 11490
11475,quad,11475 11476 11492 11491
11476,quad,11476 11477 11493 11492
11477,quad,11477 11478 11494 11493
11478,quad,11478 11479 11495 11494
11479,quad,11479 11480 11496 11495
11480,quad,11480 11481 11497 11496
11481,quad,11481 11482 11498 11497
11482,quad,11482 11483 11499 11498
11483,quad,11483 11484 11500 11499
11484,quad,11484 11485 11501 11500
11485,quad,11485 11486 11502 11501
11486,quad,11486 11487 11503 11502
11487,quad,11487 11472 11488 11503
11488,quad,11488 11489 11505 11504
11489,quad,11489 11490 11506 11505
11490,quad,11490 11491 11507 11506
11491,quad,11491 11492 11508 11507
11492,quad,11492 11493 11509 11508
11493,quad,11493 11494 11510 11509
11494,quad,11494 11495 11511 11510
11495,quad,11495 11496 11512 11511
11496,quad,11496 11497 11513 11512
11497,quad,11497 11498 11514 11513
11498,quad,11498 11499 11515 11514
11499,quad,11499 11500 11516 11515
11500,quad,11500 11501 11517 11516
11501,quad,11501 11502 11518 11517
11502,quad,11502 11503 11519 11518
11503,quad,11503 11488 11504 11519
11504,quad,11504 11505 11521 11520
11505,quad,11505 11506 11522 11521
11506,quad,11506 11507 11523 11522
11507,quad,11507 11508 11524 11523
11508,quad,11508 11509 11525 11524
11509,quad,11509 11510 11526 11525
11510,quad,11510 11511 11527 11526
11511,quad,11511 11512 11528 11527
11512,quad,11512 11513 11529 11528
11513,quad,11513 11514 11530 11529
11514,quad,11514 11515 11531 11530
11515,quad,11515 11516 11532 11531
11516,quad,11516 11517 11533 11532
11517,quad,11517 11518 11534 11533
11518,quad,11518 11519 11535 11534
11519,quad,11519 11504 11520 11535
11520,quad,11520 11521 11537 11536
11521,quad,11521 11522 11538 11537
11522,quad,11522 11523 11539 11538
11523,quad,11523 11524 11540 11539
11524,quad,11524 11525 11541 11540
11525,quad,11525 11526 11542 11541
11526,quad,11526 11527 11543 11542
11527,quad,11527 11528 11544 11543
11528,quad,11528 11529 11545 11544
11529,quad,11529 11530 11546 11545
11530,quad,11530 11531 11547 11546
11531,quad,11531 11532 11548 11547
11532,quad,11532 11533 11549 11548
11533,quad,11533 11534 11550 11549
11534,quad,11534 11535 11551 11550
11535,quad,11535 11520 11536 11551
11536,quad,11536 11537 11553 11552
11537,quad,11537 11538 11554 11553
11538,quad,11538 11539 11555 11554
11539,quad,11539 11540 11556 11555
11540,quad,11540 11541 11557 11556
11541,quad,11541 11542 11558 11557
11542,quad,11542 11543 11559 11558
11543,quad,11543 11544 11560 11559
11544,quad,11544 11545 11561 11560
11545,quad,11545 11546 11562 11561
11546,quad,11546 11547 11563 11562
11547,quad,11547 11548 11564 11563
11548,quad,11548 11549 11565 11564
11549,quad,11549 11550 11566 11565
11550,quad,11550 11551 11567 11566
11551,quad,11551 11536 11552 11567
11552,quad,11552 11553 11569 11568
11553,quad,11553 11554 11570 11569
11554,quad,11554 11555 11571 11570
11555,quad,11555 11556 11572 11571
11556,quad,11556 11557 11573 11572
11557,quad,11557 11558 11574 11573
11558,quad,11558 11559 11575 11574
11559,quad,11559 11560 11576 11575
11560,quad,11560 11561 11577 11576
11561,quad,11561 11562 11578 11577
11562,quad,11562 11563 11579 11578
11563,quad,11563 11564 11580 11579
11564,quad,11564 11565 11581 11580
11565,quad,11565 11566 11582 11581
11566,quad,11566 11567 11583 11582
11567,quad,11567 11552 11568 11583
11568,quad,11568 11569 11585 11584
11569,quad,11569 11570 11586 11585
11570,quad,11570 11571 11587 11586
11571,quad,11571 11572 11588 11587
11572,quad,11572 11573 11589 11588
11573,quad,11573 11574 11590 11589
11574,quad,11574 11575 11591 11590
11575,quad,11575 11576 11592 11591
11576,quad,11576 11577 11593 11592
11577,quad,11577 11578 11594 11593
11578,quad,11578 11579 11595 11594
11579,quad,11579 11580 11596 11595
11580,quad,11580 11581 11597 11596
11581,quad,11581 11582 11598 11597
11582,quad,11582 11583 11599 11598
11583,quad,11583 11568 11584 11599
11584,quad,11584 11585 11601 11600
11585,quad,11585 11586 11602 11601
11586,quad,11586 11587 11603 11602
11587,quad,11587 11588 11604 11603
11588,quad,11588 11589 11605 11604
11589,quad,11589 11590 11606 11605
11590,quad,11590 11591 11607 11606
11591,quad,11591 11592 11608 11607
11592,quad,11592 11593 11609 11608
11593,quad,11593 11594 11610 11609
11594,quad,11594 11595 11611 11610
11595,quad,11595 11596 11612 11611
11596,quad,11596 11597 11613 11612
11597,quad,11597 11598 11614 11613
11598,quad,11598 11599 11615 11614
11599,quad,11599 11584 11600 11615
11600,quad,11600 11601 11617 11616
11601,quad,11601 11602 11618 11617
11602,quad,11602 11603 11619 11618
11603,quad,11603 11604 11620 11619
11604,quad,11604 11605 11621 11620
11605,quad,11605 11606 11622 11621
11606,quad,11606 11607 11623 11622
11607,quad,11607 11608 11624 11623
11608,quad,11608 11609 11625 11624
11609,quad,11609 11610 11626 11625
11610,quad,11610 11611 11627 11626
11611,quad,11611 11612 11628 11627
11612,quad,11612 11613 11629 11628
11613,quad,11613 11614 11630 11629
11614,quad,11614 11615 11631 11630
11615,quad,11615 11600 11616 11631
11616,quad,11616 11617 11633 11632
11617,quad,11617 11618 11634 11633
11618,quad,11618 11619 11635 11634
11619,quad,11619 11620 11636 11635
11620,quad,11620 11621 11637 11636
11621,quad,11621 11622 11638 11637
11622,quad,11622 11623 11639 11638
11623,quad,11623 11624 11640 11639
11624,quad,11624 11625 11641 11640
11625,quad,11625 11626 11642 11641
11626,quad,11626 11627 11643 11642
11627,quad,11627 11628 11644 11643
11628,quad,11628 11629 11645 11644
11629,quad,11629 11630 11646 11645
11630,quad,11630 11631 11647 11646
11631,quad,11631 11616 11632 11647
11632,quad,11632 11633 11649 11648
11633,quad,11633 11634 11650 11649
11634,quad,11634 11635 11651 11650
11635,quad,11635 11636 11652 11651
11636,quad,11636 11637 11653 11652
11637,quad,11637 11638 11654 11653
11638,quad,11638 11639 11655 11654
11639,quad,11639 11640 11656 11655
11640,quad,11640 11641 11657 11656
11641,quad,11641 11642 11658 11657
11642,quad,11642 11643 11659 11658
11643,quad,11643 11644 11660 11659
11644,quad,11644 11645 11661 11660
11645,quad,11645 11646 11662 11661
11646,quad,11646 11647 11663 11662
11647,quad,11647 11632 11648 11663
11648,quad,11648 11649 11665 11664
11649,quad,11649 11650 11666 11665
11650,quad,11650 11651 11667 11666
11651,quad,11651 11652 11668 11667
11652,quad,11652 11653 11669 11668
11653,quad,11653 11654 11670 11669
11654,quad,11654 11655 11671 11670
11655,quad,11655 11656 11672 11671
11656,quad,11656 11657 11673 11672
11657,quad,11657 11658 11674 11673
11658,quad,11658 11659 11675 11674
11659,quad,11659 11660 11676 11675
11660,quad,11660 11661 11677 11676
11661,quad,11661 11662 11678 11677
11662,quad,11662 11663 11679 11678
11663,quad,11663 11648 11664 11679
11664,quad,11664 11665 11681 11680
11665,quad,11665 11666 11682 11681
11666,quad,11666 11667 11683 11682
11667,quad,11667 11668 11684 11683
11668,quad,11668 11669 11685 11684
11669,quad,11669 11670 11686 11685
11670,quad,11670 11671 11687 11686
11671,quad,11671 11672 11688 11687
11672,quad,11672 11673 11689 11688
11673,quad,11673 11674 11690 11689
11674,quad,11674 11675 11691 11690
11675,quad,11675 11676 11692 11691
11676,quad,11676 11677 11693 11692
11677,quad,11677 11678 11694 11693
11678,quad,11678 11679 11695 11694
11679,quad,11679 11664 11680 11695
11680,quad,11680 11681 11697 11696
11681,quad,11681 11682 11698 11697
11682,quad,11682 11683 11699 11698
11683,quad,11683 11684 11700 11699
11684,quad,11684 11685 11701 11700
11685,quad,11685 11686 11702 11701
11686,quad,11686 11687 11703 11702
11687,quad,11687 11688 11704 11703
11688,quad,11688 11689 11705 11704
11689,quad,11689 11690 11706 11705
11690,quad,11690 11691 11707 11706
11691,quad,11691 11692 11708 11707
11692,quad,11692 11693 11709 11708
11693,quad,11693 11694 11710 11709
11694,quad,11694 11695 11711 11710
11695,quad,11695 11680 11696 11711
11696,quad,11696 11697 11713 11712
11697,quad,11697 11698 11714 11713
11698,quad,11698 11699 11715 11714
11699,quad,11699 11700 11716 11715
11700,quad,11700 11701 11717 11716
11701,quad,11701 11702 11718 11717
11702,quad,11702 11703 11719 11718
11703,quad,11703 11704 11720 11719
11704,quad,11704 11705 11721 11720
11705,quad,11705 11706 11722 11721
11706,quad,11706 11707 11723 11722
11707,quad,11707 11708 11724 11723
11708,quad,11708 11709 11725 11724
11709,quad,11709 11710 11726 11725
11710,quad,11710 11711 11727 11726
11711,quad,11711 11696 11712 11727
11712,quad,11712 11713 11729 11728
11713,quad,11713 11714 11730 11729
11714,quad,11714 11715 11731 11730
11715,quad,11715 11716 11732 11731
11716,quad,11716 11717 11733 11732
11717,quad,11717 11718 11734 11733
11718,quad,11718 11719 11735 11734
11719,quad,11719 11720 11736 11735
11720,quad,11720 11721 11737 11736
11721,quad,11721 11722 11738 11737
11722,quad,11722 11723 11739 11738
11723,quad,11723 11724 11740 11739
11724,quad,11724 11725 11741 11740
11725,quad,11725 11726 11742 11741
11726,quad,11726 11727 11743 11742
11727,quad,11727 11712 11728 11743
11728,quad,11728 11729 11745 11744
11729,quad,11729 11730 11746 11745
11730,quad,11730 11731 11747 11746
11731,quad,11731 11732 11748 11747
11732,quad,11732 11733 11749 11748
11733,quad,11733 11734 11750 11749
11734,quad,11734 11735 11751 11750
11735,quad,11735 11736 11752 11751
11736,quad,11736 11737 11753 11752
11737,quad,11737 11738 11754 11753
11738,quad,11738 11739 11755 11754
11739,quad,11739 11740 11756 11755
11740,quad,11740 11741 11757 11756
11741,quad,11741 11742 11758 11757
11742,quad,11742 11743 11759 11758
11743,quad,11743 11728 11744 11759
11744,quad,11744 11745 11761 11760
11745,quad,11745 11746 11762 11761
11746,quad,11746 11747 11763 11762
11747,quad,11747 11748 11764 11763
11748,quad,11748 11749 11765 11764
11749,quad,11749 11750 11766 11765
11750,quad,11750 11751 11767 11766
11751,quad,11751 11752 11768 11767
11752,quad,11752 11753 11769 11768
11753,quad,11753 11754 11770 11769
11754,quad,11754 11755 11771 11770
11755,quad,11755 11756 11772 11771
11756,quad,11756 11757 11773 11772
11757,quad,11757 11758 11774 11773
11758,quad,11758 11759 11775 11774
11759,quad,11759 11744 11760 11775
11760,quad,11760 11761 11777 11776
11761,quad,11761 11762 11778 11777
11762,quad,11762 11763 11779 11778
11763,quad,11763 11764 11780 11779
11764,quad,11764 11765 11781 11780
11765,quad,11765 11766 11782 11781
11766,quad,11766 11767 11783 11782
11767,quad,11767 11768 11784 11783
11768,quad,11768 11769 11785 11784
11769,quad,11769 11770 11786 11785
11770,quad,11770 11771 11787 11786
11771,quad,11771 11772 11788 11787
11772,quad,11772 11773 11789 11788
11773,quad,11773 11774 11790 11789
11774,quad,11774 11775 11791 11790
11775,quad,11775 11760 11776 11791
11776,quad,11776 11777 11793 11792
11777,quad,11777 11778 11794 11793
11778,quad,11778 11779 11795 11794
11779,quad,11779 11780 11796 11795
11780,quad,11780 11781 11797 11796
11781,quad,11781 11782 11798 11797
11782,quad,11782 11783 11799 11798
11783,quad,11783 11784 11800 11799
11784,quad,11784 11785 11801 11800
11785,quad,11785 11786 11802 11801
11786,quad,11786 11787 11803 11802
11787,quad,11787 11788 11804 11803
11788,quad,11788 11789 11805 11804
11789,quad,11789 11790 11806 11805
11790,quad,11790 11791 11807 11806
11791,quad,11791 11776 11792 11807
11792,quad,11792 11793 11809 11808
11793,quad,11793 11794 11810 11809
11794,quad,11794 11795 11811 11810
11795,quad,11795 11796 11812 11811
11796,quad,11796 11797 11813 11812
11797,quad,11797 11798 11814 11813
11798,quad,11798 11799 11815 11814
11799,quad,11799 11800 11816 11815
11800,quad,11800 11801 11817 11816
11801,quad,11801 11802 11818 11817
11802,quad,11802 11803 11819 11818
11803,quad,11803 11804 11820 11819
11804,quad,11804 11805 11821 11820
11805,quad,11805 11806 11822 11821
11806,quad,11806 11807 11823 11822
11807,quad,11807 11792 11808 11823
11808,quad,11808 11809 11825 11824
11809,quad,11809 11810 11826 11825
11810,quad,11810 11811 11827 11826
11811,quad,11811 11812 11828 11827
11812,quad,11812 11813 11829 11828
11813,quad,11813 11814 11830 11829
11814,quad,11814 11815 11831 11830
11815,quad,11815 11816 11832 11831
11816,quad,11816 11817 11833 11832
11817,quad,11817 11818 11834 11833
11818,quad,11818 11819 11835 11834
11819,quad,11819 11820 11836 11835
11820,quad,11820 11821 11837 11836
11821,quad,11821 11822 11838 11837
11822,quad,11822 11823 11839 11838
11823,quad,11823 11808 11824 11839
11824,quad,11824 11825 11841 11840
11825,quad,11825 11826 11842 11841
11826,quad,11826 11827 11843 11842
11827,quad,11827 11828 11844 11843
11828,quad,11828 11829 11845 11844
11829,quad,11829 11830 11846 11845
11830,quad,11830 11831 11847 11846
11831,quad,11831 11832 11848 11847
11832,quad,11832 11833 11849 11848
11833,quad,11833 11834 11850 11849
11834,quad,11834 11835 11851 11850
11835,quad,11835 11836 11852 11851
11836,quad,11836 11837 11853 11852
11837,quad,11837 11838 11854 11853
11838,quad,11838 11839 11855 11854
11839,quad,11839 11824 11840 11855
11840,quad,11840 11841 11857 11856
11841,quad,11841 11842 11858 11857
11842,quad,11842 11843 11859 11858
11843,quad,11843 11844 11860 11859
11844,quad,11844 11845 11861 11860
11845,quad,11845 11846 11862 11861
11846,quad,11846 11847 11863 11862
11847,quad,11847 11848 11864 11863
11848,quad,11848 11849 11865 11864
11849,quad,11849 11850 11866 11865
11850,quad,11850 11851 11867 11866
11851,quad,11851 11852 11868 11867
11852,quad,11852 11853 11869 11868
11853,quad,11853 11854 11870 11869
11854,quad,11854 11855 11871 11870
11855,quad,11855 11840 11856 11871
11856,quad,11856 11857 11873 11872
11857,quad,11857 11858 11874 11873
11858,quad,11858 11859 11875 11874
11859,quad,11859 11860 11876 11875
11860,quad,11860 11861 11877 11876
11861,quad,11861 11862 11878 11877
11862,quad,11862 11863 11879 11878
11863,quad,11863 11864 11880 11879
11864,quad,11864 11865 11881 11880
11865,quad,11865 11866 11882 11881
11866,quad,11866 11867 11883 11882
11867,quad,11867 11868 11884 11883
11868,quad,11868 11869 11885 11884
11869,quad,11869 11870 11886 11885
11870,quad,11870 11871 11887 11886
11871,quad,11871 11856 11872 11887
11872,quad,11872 11873 11889 11888
11873,quad,11873 11874 11890 11889
11874,quad,11874 11875 11891 11890
11875,quad,11875 11876 11892 11891
11876,quad,11876 11877 11893 11892
11877,quad,11877 11878 11894 11893
11878,quad,11878 11879 11895 11894
11879,quad,11879 11880 11896 11895
11880,quad,11880 11881 11897 11896
11881,quad,11881 11882 11898 11897
11882,quad,11882 11883 11899 11898
11883,quad,11883 11884 11900 11899
11884,quad,11884 11885 11901 11900
11885,quad,11885 11886 11902 11901
11886,quad,11886 11887 11903 11902
11887,quad,11887 11872 11888 11903
11888,quad,11888 11889 11905 11904
11889,quad,11889 11890 11906 11905
11890,quad,11890 11891 11907 11906
11891,quad,11891 11892 11908 11907
11892,quad,11892 11893 11909 11908
11893,quad,11893 11894 11910 11909
11894,quad,11894 11895 11911 11910
11895,quad,11895 11896 11912 11911
11896,quad,11896 11897 11913 11912
11897,quad,11897 11898 11914 11913
11898,quad,11898 11899 11915 11914
11899,quad,11899 11900 11916 11915
11900,quad,11900 11901 11917 11916
11901,quad,11901 11902 11918 11917
11902,quad,11902 11903 11919 11918
11903,quad,11903 11888 11904 11919
11904,quad,11904 11905 11921 11920
11905,quad,11905 11906 11922 11921
11906,quad,11906 11907 11923 11922
11907,quad,11907 11908 11924 11923
11908,quad,11908 11909 11925 11924
11909,quad,11909 11910 11926 11925
11910,quad,11910 11911 11927 11926
11911,quad,11911 11912 11928 11927
11912,quad,11912 11913 11929 11928
11913,quad,11913 11914 11930 11929
11914,quad,11914 11915 11931 11930
11915,quad,11915 11916 11932 11931
11916,quad,11916 11917 11933 11932
11917,quad,11917 11918 11934 11933
11918,quad,11918 11919 11935 11934
11919,quad,11919 11904 11920 11935
11920,quad,11920 11921 11937 11936
11921,quad,11921 11922 11938 11937
11922,quad,11922 11923 11939 11938
11923,quad,11923 11924 11940 11939
11924,quad,11924 11925 11941 11940
11925,quad,11925 11926 11942 11941
11926,quad,11926 11927 11943 11942
11927,quad,11927 11928 11944 11943
11928,quad,11928 11929 11945 11944
11929,quad,11929 11930 11946 11945
11930,quad,11930 11931 11947 11946
11931,quad,11931 11932 11948 11947
11932,quad,11932 11933 11949 11948
11933,quad,11933 11934 11950 11949
11934,quad,11934 11935 11951 11950
11935,quad,11935 11920 11936 11951
11936,quad,11936 11937 11953 11952
11937,quad,11937 11938 11954 11953
11938,quad,11938 11939 11955 11954
11939,quad,11939 11940 11956 11955
11940,quad,11940 11941 11957 11956
11941,quad,11941 11942 11958 11957
11942,quad,11942 11943 11959 11958
11943,quad,11943 11944 11960 11959
11944,quad,11944 11945 11961 11960
11945,quad,11945 11946 11962 11961
11946,quad,11946 11947 11963 11962
11947,quad,11947 11948 11964 11963
11948,quad,11948 11949 11965 11964
11949,quad,11949 11950 11966 11965
11950,quad,11950 11951 11967 11966
11951,quad,11951 11936 11952 11967
11952,quad,11952 11953 11969 11968
11953,quad,11953 11954 11970 11969
11954,quad,11954 11955 11971 11970
11955,quad,11955 11956 11972 11971
11956,quad,11956 11957 11973 11972
11957,quad,11957 11958 11974 11973
11958,quad,11958 11959 11975 11974
11959,quad,11959 11960 11976 11975
11960,quad,11960 11961 11977 11976
11961,quad,11961 11962 11978 11977
11962,quad,11962 11963 11979 11978
11963,quad,11963 11964 11980 11979
11964,quad,11964 11965 11981 11980
11965,quad,11965 11966 11982 11981
11966,quad,11966 11967 11983 11982
11967,quad,11967 11952 11968 11983
11968,quad,11968 11969 11985 11984
11969,quad,11969 11970 11986 11985
11970,quad,11970 11971 11987 11986
11971,quad,11971 11972 11988 11987
11972,quad,11972 11973 11989 11988
11973,quad,11973 11974 11990 11989
11974,quad,11974 11975 11991 11990
11975,quad,11975 11976 11992 11991
11976,quad,11976 11977 11993 11992
11977,quad,11977 11978 11994 11993
11978,quad,11978 11979 11995 11994
11979,quad,11979 11980 11996 11995
11980,quad,11980 11981 11997 11996
11981,quad,11981 11982 11998 11997
11982,quad,11982 11983 11999 11998
11983,quad,11983 11968 11984 11999
11984,quad,11984 11985 12001 12000
11985,quad,11985 11986 12002 12001
11986,quad,11986 11987 12003 12002
11987,quad,11987 11988 12004 12003
11988,quad,11988 11989 12005 12004
11989,quad,11989 11990 12006 12005
11990,quad,11990 11991 12007 12006
11991,quad,11991 11992 12008 12007
11992,quad,11992 11993 12009 12008
11993,quad,11993 11994 12010 12009
11994,quad,11994 11995 12011 12010
11995,quad,11995 11996 12012 12011
11996,quad,11996 11997 12013 12012
11997,quad,11997 11998 12014 12013
11998,quad,11998 11999 12015 12014
11999,quad,11999 11984 12000 12015
12000,quad,12000 12001 12017 12016
12001,quad,12001 12002 12018 12017
12002,quad,12002 12003 12019 12018
12003,quad,12003 12004 12020 12019
12004,quad,12004 12005 12021 12020
12005,quad,12005 12006 12022 12021
12006,quad,12006 12007 12023 12022
12007,quad,12007 12008 12024 12023
12008,quad,12008 12009 12025 12024
12009,quad,12009 12010 12026 12025
12010,quad,12010 12011 12027 12026
12011,quad,12011 12012 12028 12027
12012,quad,12012 12013 12029 12028
12013,quad,12013 12014 12030 12029
12014,quad,12014 12015 12031 12030
12015,quad,12015 12000 12016 12031
12016,quad,12016 12017 12033 12032
12017,quad,12017 12018 12034 12033
12018,quad,12018 12019 12035 12034
12019,quad,12019 12020 12036 12035
12020,quad,12020 12021 12037 12036
12021,quad,12021 12022 12038 12037
12022,quad,12022 12023 12039 12038
12023,quad,12023 12024 12040 12039
12024,quad,12024 12025 12041 12040
12025,quad,12025 12026 12042 12041
12026,quad,12026 12027 12043 12042
12027,quad,12027 12028 12044 12043
12028,quad,12028 12029 12045 12044
12029,quad,12029 12030 12046 12045
12030,quad,12030 12031 12047 12046
12031,quad,12031 12016 12032 12047
12032,quad,12032 12033 12049 12048
12033,quad,12033 12034 12050 12049
12034,quad,12034 12035 12051 12050
12035,quad,12035 12036 12052 12051
12036,quad,12036 12037 12053 12052
12037,quad,12037 12038 12054 12053
12038,quad,12038 12039 12055 12054
12039,quad,12039 12040 12056 12055
12040,quad,12040 12041 12057 12056
12041,quad,12041 12042 12058 12057
12042,quad,12042 12043 12059 12058
12043,quad,12043 12044 12060 12059
12044,quad,12044 12045 12061 12060
12045,quad,12045 12046 12062 12061
12046,quad,12046 12047 12063 12062
12047,quad,12047 12032 12048 12063
12048,quad,12048 12049 12065 12064
12049,quad,12049 12050 12066 12065
12050,quad,12050 12051 12067 12066
12051,quad,12051 12052 12068 12067
12052,quad,12052 12053 12069 12068
12053,quad,12053 12054 12070 12069
12054,quad,12054 12055 12071 12070
12055,quad,12055 12056 12072 12071
12056,quad,12056 12057 12073 12072
12057,quad,12057 12058 12074 12073
12058,quad,12058 12059 12075 12074
12059,quad,12059 12060 12076 12075
12060,quad,12060 12061 12077 12076
12061,quad,12061 12062 12078 12077
12062,quad,12062 12063 12079 12078
12063,quad,12063 12048 12064 12079
12064,quad,12064 12065 12081 12080
12065,quad,12065 12066 12082 12081
12066,quad,12066 12067 12083 12082
12067,quad,12067 12068 12084 12083
12068,quad,12068 12069 12085 12084
12069,quad,12069 12070 12086 12085
12070,quad,12070 12071 12087 12086
12071,quad,12071 12072 12088 12087
12072,quad,12072 12073 12089 12088
12073,quad,12073 12074 12090 12089
12074,quad,12074 12075 12091 12090
12075,quad,12075 12076 12092 12091
12076,quad,12076 12077 12093 12092
12077,quad,12077 12078 12094 12093
12078,quad,12078 12079 12095 12094
12079,quad,12079 12064 12080 12095
12080,quad,12080 12081 12097 12096
12081,quad,12081 12082 12098 12097
12082,quad,12082 12083 12099 12098
12083,quad,12083 12084 12100 12099
12084,quad,12084 12085 12101 12100
12085,quad,12085 12086 12102 12101
12086,quad,12086 12087 12103 12102
12087,quad,12087 12088 12104 12103
12088,quad,12088 12089 12105 12104
12089,quad,12089 12090 12106 12105
12090,quad,12090 12091 12107 12106
12091,quad,12091 12092 12108 12107
12092,quad,12092 12093 12109 12108
12093,quad,12093 12094 12110 12109
12094,quad,12094 12095 12111 12110
12095,quad,12095 12080 12096 12111
12096,quad,12096 12097 12113 12112
12097,quad,12097 12098 12114 12113
12098,quad,12098 12099 12115 12114
12099,quad,12099 12100 12116 12115
12100,quad,12100 12101 12117 12116
12101,quad,12101 12102 12118 12117
12102,quad,12102 12103 12119 12118
12103,quad,12103 12104 12120 12119
12104,quad,12104 12105 12121 12120
12105,quad,12105 12106 12122 12121
12106,quad,12106 12107 12123 12122
12107,quad,12107 12108 12124 12123
12108,quad,12108 12109 12125 12124
12109,quad,12109 12110 12126 12125
12110,quad,12110 12111 12127 12126
12111,quad,12111 12096 12112 12127
12112,quad,12112 12113 12129 12128
12113,quad,12113 12114 12130 12129
12114,quad,12114 12115 12131 12130
12115,quad,12115 12116 12132 12131
12116,quad,12116 12117 12133 12132
12117,quad,12117 12118 12134 12133
12118,quad,12118 12119 12135 12134
12119,quad,12119 12120 12136 12135
12120,quad,12120 12121 12137 12136
12121,quad,12121 12122 12138 12137
12122,quad,12122 12123 12139 12138
12123,quad,12123 12124 12140 12139
12124,quad,12124 12125 12141 12140
12125,quad,12125 12126 12142 12141
12126,quad,12126 12127 12143 12142
12127,quad,12127 12112 12128 12143
12128,quad,12128 12129 12145 12144
12129,quad,12129 12130 12146 12145
12130,quad,12130 12131 12147 12146
12131,quad,12131 12132 12148 12147
12132,quad,12132 12133 12149 12148
12133,quad,12133 12134 12150 12149
12134,quad,12134 12135 12151 12150
12135,quad,12135 12136 12152 12151
12136,quad,12136 12137 12153 12152
12137,quad,12137 12138 12154 12153
12138,quad,12138 12139 12155 12154
12139,quad,12139 12140 12156 12155
12140,quad,12140 12141 12157 12156
12141,quad,12141 12142 12158 12157
12142,quad,12142 12143 12159 12158
12143,quad,12143 12128 12144 12159
12144,quad,12144 12145 12161 12160
12145,quad,12145 12146 12162 12161
12146,quad,12146 12147 12163 12162
12147,quad,12147 12148 12164 12163
12148,quad,12148 12149 12165 12164
12149,quad,12149 12150 12166 12165
12150,quad,12150 12151 12167 12166
12151,quad,12151 12152 12168 12167
12152,quad,12152 12153 12169 12168
12153,quad,12153 12154 12170 12169
12154,quad,12154 12155 12171 12170
12155,quad,12155 12156 12172 12171
12156,quad,12156 12157 12173 12172
12157,quad,12157 12158 12174 12173
12158,quad,12158 12159 12175 12174
12159,quad,12159 12144 12160 12175
12160,quad,12160 12161 12177 12176
12161,quad,12161 12162 12178 12177
12162,quad,12162 12163 12179 12178
12163,quad,12163 12164 12180 12179
12164,quad,12164 12165 12181 12180
12165,quad,12165 12166 12182 12181
12166,quad,12166 12167 12183 12182
12167,quad,12167 12168 12184 12183
12168,quad,12168 12169 12185 12184
12169,quad,12169 12170 12186 12185
12170,quad,12170 12171 12187 12186
12171,quad,12171 12172 12188 12187
12172,quad,12172 12173 12189 12188
12173,quad,12173 12174 12190 12189
12174,quad,12174 12175 12191 12190
12175,quad,12175 12160 12176 12191
12176,quad,12176 12177 12193 12192
12177,quad,12177 12178 12194 12193
12178,quad,12178 12179 12195 12194
12179,quad,12179 12180 12196 12195
12180,quad,12180 12181 12197 12196
12181,quad,12181 12182 12198 12197
12182,quad,12182 12183 12199 12198
12183,quad,12183 12184 12200 12199
12184,quad,12184 12185 12201 12200
12185,quad,12185 12186 12202 12201
12186,quad,12186 12187 12203 12202
12187,quad,12187 12188 12204 12203
12188,quad,12188 12189 12205 12204
12189,quad,12189 12190 12206 12205
12190,quad,12190 12191 12207 12206
12191,quad,12191 12176 12192 12207
12192,quad,12192 12193 12209 12208
12193,quad,12193 12194 12210 12209
12194,quad,12194 12195 12211 12210
12195,quad,12195 12196 12212 12211
12196,quad,12196 12197 12213 12212
12197,quad,12197 12198 12214 12213
12198,quad,12198 12199 12215 12214
12199,quad,12199 12200 12216 12215
12200,quad,12200 12201 12217 12216
12201,quad,12201 12202 12218 12217
12202,quad,12202 12203 12219 12218
12203,quad,12203 12204 12220 12219
12204,quad,12204 12205 12221 12220
12205,quad,12205 12206 12222 12221
12206,quad,12206 12207 12223 12222
12207,quad,12207 12192 12208 12223
12208,quad,12208 12209 12225 12224
12209,quad,12209 12210 12226 12225
12210,quad,12210 12211 12227 12226
12211,quad,12211 12212 12228 12227
12212,quad,12212 12213 12229 12228
12213,quad,12213 12214 12230 12229
12214,quad,12214 12215 12231 12230
12215,quad,12215 12216 12232 12231
12216,quad,12216 12217 12233 12232
12217,quad,12217 12218 12234 12233
12218,quad,12218 12219 12235 12234
12219,quad,12219 12220 12236 12235
12220,quad,12220 12221 12237 12236
12221,quad,12221 12222 12238 12237
12222,quad,12222 12223 12239 12238
12223,quad,12223 12208 12224 12239
12224,quad,12224 12225 12241 12240
12225,quad,12225 12226 12242 12241
12226,quad,12226 12227 12243 12242
12227,quad,12227 12228 12244 12243
12228,quad,12228 12229 12245 12244
12229,quad,12229 12230 12246 12245
12230,quad,12230 12231 12247 12246
12231,quad,12231 12232 12248 12247
12232,quad,12232 12233 12249 12248
12233,quad,12233 12234 12250 12249
12234,quad,12234 12235 12251 12250
12235,quad,12235 12236 12252 12251
12236,quad,12236 12237 12253 12252
12237,quad,12237 12238 12254 12253
12238,quad,12238 12239 12255 12254
12239,quad,12239 12224 12240 12255
12240,quad,12240 12241 12257 12256
12241,quad,12241 12242 12258 12257
12242,quad,12242 12243 12259 12258
12243,quad,12243 12244 12260 12259
12244,quad,12244 12245 12261 12260
12245,quad,12245 12246 12262 12261
12246,quad,12246 12247 12263 12262
12247,quad,12247 12248 12264 12263
12248,quad,12248 12249 12265 12264
12249,quad,12249 12250 12266 12265
12250,quad,12250 12251 12267 12266
12251,quad,12251 12252 12268 12267
12252,quad,12252 12253 12269 12268
12253,quad,12253 12254 12270 12269
12254,quad,12254 12255 12271 12270
12255,quad,12255 12240 12256 12271
12256,quad,12256 12257 12273 12272
12257,quad,12257 12258 12274 12273
12258,quad,12258 12259 12275 12274
12259,quad,12259 12260 12276 12275
12260,quad,12260 12261 12277 12276
12261,quad,12261 12262 12278 12277
12262,quad,12262 12263 12279 12278
12263,quad,12263 12264 12280 12279
12264,quad,12264 12265 12281 12280
12265,quad,12265 12266 12282 12281
12266,quad,12266 12267 12283 12282
12267,quad,12267 12268 12284 12283
12268,quad,12268 12269 12285 12284
12269,quad,12269 12270 12286 12285
12270,quad,12270 12271 12287 12286
12271,quad,12271 12256 12272 12287
12272,quad,12272 12273 12289 12288
12273,quad,12273 12274 12290 12289
12274,quad,12274 12275 12291 12290
12275,quad,12275 12276 12292 12291
12276,quad,12276 12277 12293 12292
12277,quad,12277 12278 12294 12293
12278,quad,12278 12279 12295 12294
12279,quad,12279 12280 12296 12295
12280,quad,12280 12281 12297 12296
12281,quad,12281 12282 12298 12297
12282,quad,12282 12283 12299 12298
12283,quad,12283 12284 12300 12299
12284,quad,12284 12285 12301 12300
12285,quad,12285 12286 12302 12301
12286,quad,12286 12287 12303 12302
12287,quad,12287 12272 12288 12303
12288,quad,12288 12289 12305 12304
12289,quad,12289 12290 12306 12305
12290,quad,12290 12291 12307 12306
12291,quad,12291 12292 12308 12307
12292,quad,12292 12293 12309 12308
12293,quad,12293 12294 12310 12309
12294,quad,12294 12295 12311 12310
12295,quad,12295 12296 12312 12311
12296,quad,12296 12297 12313 12312
12297,quad,12297 12298 12314 12313
12298,quad,12298 12299 12315 12314
12299,quad,12299 12300 12316 12315
12300,quad,12300 12301 12317 12316
12301,quad,12301 12302 12318 12317
12302,quad,12302 12303 12319 12318
12303,quad,12303 12288 12304 12319
12304,quad,12304 12305 12321 12320
12305,quad,12305 12306 12322 12321
12306,quad,12306 12307 12323 12322
12307,quad,12307 12308 12324 12323
12308,quad,12308 12309 12325 12324
12309,quad,12309 12310 12326 12325
12310,quad,12310 12311 12327 12326
12311,quad,12311 12312 12328 12327
12312,quad,12312 12313 12329 12328
12313,quad,12313 12314 12330 12329
12314,quad,12314 12315 12331 12330
12315,quad,12315 12316 12332 12331
12316,quad,12316 12317 12333 12332
12317,quad,12317 12318 12334 12333
12318,quad,12318 12319 12335 12334
12319,quad,12319 12304 12320 12335
12320,quad,12320 12321 12337 12336
12321,quad,12321 12322 12338 12337
12322,quad,12322 12323 12339 12338
12323,quad,12323 12324 12340 12339
12324,quad,12324 12325 12341 12340
12325,quad,12325 12326 12342 12341
12326,quad,12326 12327 12343 12342
12327,quad,12327 12328 12344 12343
12328,quad,12328 12329 12345 12344
12329,quad,12329 12330 12346 12345
12330,quad,12330 12331 12347 12346
12331,quad,12331 12332 12348 12347
12332,quad,12332 12333 12349 12348
12333,quad,12333 12334 12350 12349
12334,quad,12334 12335 12351 12350
12335,quad,12335 12320 12336 12351
12336,quad,12336 12337 12353 12352
12337,quad,12337 12338 12354 12353
12338,quad,12338 12339 12355 12354
12339,quad,12339 12340 12356 12355
12340,quad,12340 12341 12357 12356
12341,quad,12341 12342 12358 12357
12342,quad,12342 12343 12359 12358
12343,quad,12343 12344 12360 12359
12344,quad,12344 12345 12361 12360
12345,quad,12345 12346 12362 12361
12346,quad,12346 12347 12363 12362
12347,quad,12347 12348 12364 12363
12348,quad,12348 12349 12365 12364
12349,quad,12349 12350 12366 12365
12350,quad,12350 12351 12367 12366
12351,quad,12351 12336 12352 12367
12352,quad,12352 12353 12369 12368
12353,quad,12353 12354 12370 12369
12354,quad,12354 12355 12371 12370
12355,quad,12355 12356 12372 12371
12356,quad,12356 12357 12373 12372
12357,quad,12357 12358 12374 12373
12358,quad,12358 12359 12375 12374
12359,quad,12359 12360 12376 12375
12360,quad,12360 12361 12377 12376
12361,quad,12361 12362 12378 12377
12362,quad,12362 12363 12379 12378
12363,quad,12363 12364 12380 12379
12364,quad,12364 12365 12381 12380
12365,quad,12365 12366 12382 12381
12366,quad,12366 12367 12383 12382
12367,quad,12367 12352 12368 12383
12368,quad,12368 12369 12385 12384
12369,quad,12369 12370 12386 12385
12370,quad,12370 12371 12387 12386
12371,quad,12371 12372 12388 12387
12372,quad,12372 12373 12389 12388
12373,quad,12373 12374 12390 12389
12374,quad,12374 12375 12391 12390
12375,quad,12375 12376 12392 12391
12376,quad,12376 12377 12393 12392
12377,quad,12377 12378 12394 12393
12378,quad,12378 12379 12395 12394
12379,quad,12379 12380 12396 12395
12380,quad,12380 12381 12397 12396
12381,quad,12381 12382 12398 12397
12382,quad,12382 12383 12399 12398
12383,quad,12383 12368 12384 12399
12384,quad,12384 12385 12401 12400
12385,quad,12385 12386 12402 12401
12386,quad,12386 12387 12403 12402
12387,quad,12387 12388 12404 12403
12388,quad,12388 12389 12405 12404
12389,quad,12389 12390 12406 12405
12390,quad,12390 12391 12407 12406
12391,quad,12391 12392 12408 12407
12392,quad,12392 12393 12409 12408
12393,quad,12393 12394 12410 12409
12394,quad,12394 12395 12411 12410
12395,quad,12395 12396 12412 12411
12396,quad,12396 12397 12413 12412
12397,quad,12397 12398 12414 12413
12398,quad,12398 12399 12415 12414
12399,quad,12399 12384 12400 12415
12400,quad,12400 12401 12417 12416
12401,quad,12401 12402 12418 12417
12402,quad,12402 12403 12419 12418
12403,quad,12403 12404 12420 12419
12404,quad,12404 12405 12421 12420
12405,quad,12405 12406 12422 12421
12406,quad,12406 12407 12423 12422
12407,quad,12407 12408 12424 12423
12408,quad,12408 12409 12425 12424
12409,quad,12409 12410 12426 12425
12410,quad,12410 12411 12427 12426
12411,quad,12411 12412 12428 12427
12412,quad,12412 12413 12429 12428
12413,quad,12413 12414 12430 12429
12414,quad,12414 12415 12431 12430
12415,quad,12415 12400 12416 12431
12416,quad,12416 12417 12433 12432
12417,quad,12417 12418 12434 12433
12418,quad,12418 12419 12435 12434
12419,quad,12419 12420 12436 12435
12420,quad,12420 12421 12437 12436
12421,quad,12421 12422 12438 12437
12422,quad,12422 12423 12439 12438
12423,quad,12423 12424 12440 12439
12424,quad,12424 12425 12441 12440
12425,quad,12425 12426 12442 12441
12426,quad,12426 12427 12443 12442
12427,quad,12427 12428 12444 12443
12428,quad,12428 12429 12445 12444
12429,quad,12429 12430 12446 12445
12430,quad,12430 12431 12447 12446
12431,quad,12431 12416 12432 12447
12432,quad,12432 12433 12449 12448
12433,quad,12433 12434 12450 12449
12434,quad,12434 12435 12451 12450
12435,quad,12435 12436 12452 12451
12436,quad,12436 12437 12453 12452
12437,quad,12437 12438 12454 12453
12438,quad,12438 12439 12455 12454
12439,quad,12439 12440 12456 12455
12440,quad,12440 12441 12457 12456
12441,quad,12441 12442 12458 12457
12442,quad,12442 12443 12459 12458
12443,quad,12443 12444 12460 12459
12444,quad,12444 12445 12461 12460
12445,quad,12445 12446 12462 12461
12446,quad,12446 12447 12463 12462
12447,quad,12447 12432 12448 12463
12448,quad,12448 12449 12465 12464
12449,quad,12449 12450 12466 12465
12450,quad,12450 12451 12467 12466
12451,quad,12451 12452 12468 12467
12452,quad,12452 12453 12469 12468
12453,quad,12453 12454 12470 12469
12454,quad,12454 12455 12471 12470
12455,quad,12455 12456 12472 12471
12456,quad,12456 12457 12473 12472
12457,quad,12457 12458 12474 12473
12458,quad,12458 12459 12475 12474
12459,quad,12459 12460 12476 12475
12460,quad,12460 12461 12477 12476
12461,quad,12461 12462 12478 12477
12462,quad,12462 12463 12479 12478
12463,quad,12463 12448 12464 12479
12464,quad,12464 12465 12481 12480
12465,quad,12465 12466 12482 12481
12466,quad,12466 12467 12483 12482
12467,quad,12467 12468 12484 12483
12468,quad,12468 12469 12485 12484
12469,quad,12469 12470 12486 12485
12470,quad,12470 12471 12487 12486
12471,quad,12471 12472 12488 12487
12472,quad,12472 12473 12489 12488
12473,quad,12473 12474 12490 12489
12474,quad,12474 12475 12491 12490
12475,quad,12475 12476 12492 12491
12476,quad,12476 12477 12493 12492
12477,quad,12477 12478 12494 12493
12478,quad,12478 12479 12495 12494
12479,quad,12479 12464 12480 12495
12480,quad,12480 12481 12497 12496
12481,quad,12481 12482 12498 12497
12482,quad,12482 12483 12499 12498
12483,quad,12483 12484 12500 12499
12484,quad,12484 12485 12501 12500
12485,quad,12485 12486 12502 12501
12486,quad,12486 12487 12503 12502
12487,quad,12487 12488 12504 12503
12488,quad,12488 12489 12505 12504
12489,quad,12489 12490 12506 12505
12490,quad,12490 12491 12507 12506
12491,quad,12491 12492 12508 12507
12492,quad,12492 12493 12509 12508
12493,quad,12493 12494 12510 12509
12494,quad,12494 12495 12511 12510
12495,quad,12495 12480 12496 12511
12496,quad,12496 12497 12513 12512
12497,quad,12497 12498 12514 12513
12498,quad,12498 12499 12515 12514
12499,quad,12499 12500 12516 12515
12500,quad,12500 12501 12517 12516
12501,quad,12501 12502 12518 12517
12502,quad,12502 12503 12519 12518
12503,quad,12503 12504 12520 12519
12504,quad,12504 12505 12521 12520
12505,quad,12505 12506 12522 12521
12506,quad,12506 12507 12523 12522
12507,quad,12507 12508 12524 12523
12508,quad,12508 12509 12525 12524
12509,quad,12509 12510 12526 12525
12510,quad,12510 12511 12527 12526
12511,quad,12511 12496 12512 12527
12512,quad,12512 12513 12529 12528
12513,quad,12513 12514 12530 12529
12514,quad,12514 12515 12531 12530
12515,quad,12515 12516 12532 12531
12516,quad,12516 12517 12533 12532
12517,quad,12517 12518 12534 12533
12518,quad,12518 12519 12535 12534
12519,quad,12519 12520 12536 12535
12520,quad,12520 12521 12537 12536
12521,quad,12521 12522 12538 12537
12522,quad,12522 12523 12539 12538
12523,quad,12523 12524 12540 12539
12524,quad,12524 12525 12541 12540
12525,quad,12525 12526 12542 12541
12526,quad,12526 12527 12543 12542
12527,quad,12527 12512 12528 12543
12528,quad,12528 12529 12545 12544
12529,quad,12529 12530 12546 12545
12530,quad,12530 12531 12547 12546
12531,quad,12531 12532 12548 12547
12532,quad,12532 12533 12549 12548
12533,quad,12533 12534 12550 12549
12534,quad,12534 12535 12551 12550
12535,quad,12535 12536 12552 12551
12536,quad,12536 12537 12553 12552
12537,quad,12537 12538 12554 12553
12538,quad,12538 12539 12555 12554
12539,quad,12539 12540 12556 12555
12540,quad,12540 12541 12557 12556
12541,quad,12541 12542 12558 12557
12542,quad,12542 12543 12559 12558
12543,quad,12543 12528 12544 12559
12544,quad,12544 12545 12561 12560
12545,quad,12545 12546 12562 12561
12546,quad,12546 12547 12563 12562
12547,quad,12547 12548 12564 12563
12548,quad,12548 12549 12565 12564
12549,quad,12549 12550 12566 12565
12550,quad,12550 12551 12567 12566
12551,quad,12551 12552 12568 12567
12552,quad,12552 12553 12569 12568
12553,quad,12553 12554 12570 12569
12554,quad,12554 12555 12571 12570
12555,quad,12555 12556 12572 12571
12556,quad,12556 12557 12573 12572
12557,quad,12557 12558 12574 12573
12558,quad,12558 12559 12575 12574
12559,quad,12559 12544 12560 12575
12560,quad,12560 12561 12577 12576
12561,quad,12561 12562 12578 12577
12562,quad,12562 12563 12579 12578
12563,quad,12563 12564 12580 12579
12564,quad,12564 12565 12581 12580
12565,quad,12565 12566 12582 12581
12566,quad,12566 12567 12583 12582
12567,quad,12567 12568 12584 12583
12568,quad,12568 12569 12585 12584
12569,quad,12569 12570 12586 12585
12570,quad,12570 12571 12587 12586
12571,quad,12571 12572 12588 12587
12572,quad,12572 12573 12589 12588
12573,quad,12573 12574 12590 12589
12574,quad,12574 12575 12591 12590
12575,quad,12575 12560 12576 12591
12576,quad,12576 12577 12593 12592
12577,quad,12577 12578 12594 12593
12578,quad,12578 12579 12595 12594
12579,quad,12579 12580 12596 12595
12580,quad,12580 12581 12597 12596
12581,quad,12581 12582 12598 12597
12582,quad,12582 12583 12599 12598
12583,quad,12583 12584 12600 12599
12584,quad,12584 12585 12601 12600
12585,quad,12585 12586 12602 12601
12586,quad,12586 12587 12603 12602
12587,quad,12587 12588 12604 12603
12588,quad,12588 12589 12605 12604
12589,quad,12589 12590 12606 12605
12590,quad,12590 12591 12607 12606
12591,quad,12591 12576 12592 12607
12592,quad,12592 12593 12609 12608
12593,quad,12593 12594 12610 12609
12594,quad,12594 12595 12611 12610
12595,quad,12595 12596 12612 12611
12596,quad,12596 12597 12613 12612
12597,quad,12597 12598 12614 12613
12598,quad,12598 12599 12615 12614
12599,quad,12599 12600 12616 12615
12600,quad,12600 12601 12617 12616
12601,quad,12601 12602 12618 12617
12602,quad,12602 12603 12619 12618
12603,quad,12603 12604 12620 12619
12604,quad,12604 12605 12621 12620
12605,quad,12605 12606 12622 12621
12606,quad,12606 12607 12623 12622
12607,quad,12607 12592 12608 12623
12608,quad,12608 12609 12625 12624
12609,quad,12609 12610 12626 12625
12610,quad,12610 12611 12627 12626
12611,quad,12611 12612 12628 12627
12612,quad,12612 12613 12629 12628
12613,quad,12613 12614 12630 12629
12614,quad,12614 12615 12631 12630
12615,quad,12615 12616 12632 12631
12616,quad,12616 12617 12633 12632
12617,quad,12617 12618 12634 12633
12618,quad,12618 12619 12635 12634
12619,quad,12619 12620 12636 12635
12620,quad,12620 12621 12637 12636
12621,quad,12621 12622 12638 12637
12622,quad,12622 12623 12639 12638
12623,quad,12623 12608 12624 12639
12624,quad,12624 12625 12641 12640
12625,quad,12625 12626 12642 12641
12626,quad,12626 12627 12643 12642
12627,quad,12627 12628 12644 12643
12628,quad,12628 12629 12645 12644
12629,quad,12629 12630 12646 12645
12630,quad,12630 12631 12647 12646
12631,quad,12631 12632 12648 12647
12632,quad,12632 12633 12649 12648
12633,quad,12633 12634 12650 12649
12634,quad,12634 12635 12651 12650
12635,quad,12635 12636 12652 12651
12636,quad,12636 12637 12653 12652
12637,quad,12637 12638 12654 12653
12638,quad,12638 12639 12655 12654
12639,quad,12639 12624 12640 12655
12640,quad,12640 12641 12657 12656
12641,quad,12641 12642 12658 12657
12642,quad,12642 12643 12659 12658
12643,quad,12643 12644 12660 12659
12644,quad,12644 12645 12661 12660
12645,quad,12645 12646 12662 12661
12646,quad,12646 12647 12663 12662
12647,quad,12647 12648 12664 12663
12648,quad,12648 12649 12665 12664
12649,quad,12649 12650 12666 12665
12650,quad,12650 12651 12667 12666
12651,quad,12651 12652 12668 12667
12652,quad,12652 12653 12669 12668
12653,quad,12653 12654 12670 12669
12654,quad,12654 12655 12671 12670
12655,quad,12655 12640 12656 12671
12656,quad,12656 12657 12673 12672
12657,quad,12657 12658 12674 12673
12658,quad,12658 12659 12675 12674
12659,quad,12659 12660 12676 12675
12660,quad,12660 12661 12677 12676
12661,quad,12661 12662 12678 12677
12662,quad,12662 12663 12679 12678
12663,quad,12663 12664 12680 12679
12664,quad,12664 12665 12681 12680
12665,quad,12665 12666 12682 12681
12666,quad,12666 12667 12683 12682
12667,quad,12667 12668 12684 12683
12668,quad,12668 12669 12685 12684
12669,quad,12669 12670 12686 12685
12670,quad,12670 12671 12687 12686
12671,quad,12671 12656 12672 12687
12672,quad,12672 12673 12689 12688
12673,quad,12673 12674 12690 12689
12674,quad,12674 12675 12691 12690
12675,quad,12675 12676 12692 12691
12676,quad,12676 12677 12693 12692
12677,quad,12677 12678 12694 12693
12678,quad,12678 12679 12695 12694
12679,quad,12679 12680 12696 12695
12680,quad,12680 12681 12697 12696
12681,quad,12681 12682 12698 12697
12682,quad,12682 12683 12699 12698
12683,quad,12683 12684 12700 12699
12684,quad,12684 12685 12701 12700
12685,quad,12685 12686 12702 12701
12686,quad,12686 12687 12703 12702
12687,quad,12687 12672 12688 12703
12688,quad,12688 12689 12705 12704
12689,quad,12689 12690 12706 12705
12690,quad,12690 12691 12707 12706
12691,quad,12691 12692 12708 12707
12692,quad,12692 12693 12709 12708
12693,quad,12693 12694 12710 12709
12694,quad,12694 12695 12711 12710
12695,quad,12695 12696 12712 12711
12696,quad,12696 12697 12713 12712
12697,quad,12697 12698 12714 12713
12698,quad,12698 12699 12715 12714
12699,quad,12699 12700 12716 12715
12700,quad,12700 12701 12717 12716
12701,quad,12701 12702 12718 12717
12702,quad,12702 12703 12719 12718
12703,quad,12703 12688 12704 12719
12704,quad,12704 12705 12721 12720
12705,quad,12705 12706 12722 12721
12706,quad,12706 12707 12723 12722
12707,quad,12707 12708 12724 12723
12708,quad,12708 12709 12725 12724
12709,quad,12709 12710 12726 12725
12710,quad,12710 12711 12727 12726
12711,quad,12711 12712 12728 12727
12712,quad,12712 12713 12729 12728
12713,quad,12713 12714 12730 12729
12714,quad,12714 12715 12731 12730
12715,quad,12715 12716 12732 12731
12716,quad,12716 12717 12733 12732
12717,quad,12717 12718 12734 12733
12718,quad,12718 12719 12735 12734
12719,quad,12719 12704 12720 12735
12720,quad,12720 12721 12737 12736
12721,quad,12721 12722 12738 12737
12722,quad,12722 12723 12739 12738
12723,quad,12723 12724 12740 12739
12724,quad,12724 12725 12741 12740
12725,quad,12725 12726 12742 12741
12726,quad,12726 12727 12743 12742
12727,quad,12727 12728 12744 12743
12728,quad,12728 12729 12745 12744
12729,quad,12729 12730 12746 12745
12730,quad,12730 12731 12747 12746
12731,quad,12731 12732 12748 12747
12732,quad,12732 12733 12749 12748
12733,quad,12733 12734 12750 12749
12734,quad,12734 12735 12751 12750
12735,quad,12735 12720 12736 12751
12736,quad,12736 12737 12753 12752
12737,quad,12737 12738 12754 12753
12738,quad,12738 12739 12755 12754
12739,quad,12739 12740 12756 12755
12740,quad,12740 12741 12757 12756
12741,quad,12741 12742 12758 12757
12742,quad,12742 12743 12759 12758
12743,quad,12743 12744 12760 12759
12744,quad,12744 12745 12761 12760
12745,quad,12745 12746 12762 12761
12746,quad,12746 12747 12763 12762
12747,quad,12747 12748 12764 12763
12748,quad,12748 12749 12765 12764
12749,quad,12749 12750 12766 12765
12750,quad,12750 12751 12767 12766
12751,quad,12751 12736 12752 12767
12752,quad,12752 12753 12769 12768
12753,quad,12753 12754 12770 12769
12754,quad,12754 12755 12771 12770
12755,quad,12755 12756 12772 12771
12756,quad,12756 12757 12773 12772
12757,quad,12757 12758 12774 12773
12758,quad,12758 12759 12775 12774
12759,quad,12759 12760 12776 12775
12760,quad,12760 12761 12777 12776
12761,quad,12761 12762 12778 12777
12762,quad,12762 12763 12779 12778
12763,quad,12763 12764 12780 12779
12764,quad,12764 12765 12781 12780
12765,quad,12765 12766 12782 12781
12766,quad,12766 12767 12783 12782
12767,quad,12767 12752 12768 12783
12768,quad,12768 12769 12785 12784
12769,quad,12769 12770 12786 12785
12770,quad,12770 12771 12787 12786
12771,quad,12771 12772 12788 12787
12772,quad,12772 12773 12789 12788
12773,quad,12773 12774 12790 12789
12774,quad,12774 12775 12791 12790
12775,quad,12775 12776 12792 12791
12776,quad,12776 12777 12793 12792
12777,quad,12777 12778 12794 12793
12778,quad,12778 12779 12795 12794
12779,quad,12779 12780 12796 12795
12780,quad,12780 12781 12797 12796
12781,quad,12781 12782 12798 12797
12782,quad,12782 12783 12799 12798
12783,quad,12783 12768 12784 12799
12784,quad,12784 12785 12801 12800
12785,quad,12785 12786 12802 12801
12786,quad,12786 12787 12803 12802
12787,quad,12787 12788 12804 12803
12788,quad,12788 12789 12805 12804
12789,quad,12789 12790 12806 12805
12790,quad,12790 12791 12807 12806
12791,quad,12791 12792 12808 12807
12792,quad,12792 12793 12809 12808
12793,quad,12793 12794 12810 12809
12794,quad,12794 12795 12811 12810
12795,quad,12795 12796 12812 12811
12796,quad,12796 12797 12813 12812
12797,quad,12797 12798 12814 12813
12798,quad,12798 12799 12815 12814
12799,quad,12799 12784 12800 12815
12800,quad,12800 12801 12817 12816
12801,quad,12801 12802 12818 12817
12802,quad,12802 12803 12819 12818
12803,quad,12803 12804 12820 12819
12804,quad,12804 12805 12821 12820
12805,quad,12805 12806 12822 12821
12806,quad,12806 12807 12823 12822
12807,quad,12807 12808 12824 12823
12808,quad,12808 12809 12825 12824
12809,quad,12809 12810 12826 12825
12810,quad,12810 12811 12827 12826
12811,quad,12811 12812 12828 12827
12812,quad,12812 12813 12829 12828
12813,quad,12813 12814 12830 12829
12814,quad,12814 12815 12831 12830
12815,quad,12815 12800 12816 12831
12816,quad,12816 12817 12833 12832
12817,quad,12817 12818 12834 12833
12818,quad,12818 12819 12835 12834
12819,quad,12819 12820 12836 12835
12820,quad,12820 12821 12837 12836
12821,quad,12821 12822 12838 12837
12822,quad,12822 12823 12839 12838
12823,quad,12823 12824 12840 12839
12824,quad,12824 12825 12841 12840
12825,quad,12825 12826 12842 12841
12826,quad,12826 12827 12843 12842
12827,quad,12827 12828 12844 12843
12828,quad,12828 12829 12845 12844
12829,quad,12829 12830 12846 12845
12830,quad,12830 12831 12847 12846
12831,quad,12831 12816 12832 12847
12832,quad,12832 12833 12849 12848
12833,quad,12833 12834 12850 12849
12834,quad,12834 12835 12851 12850
12835,quad,12835 12836 12852 12851
12836,quad,12836 12837 12853 12852
12837,quad,12837 12838 12854 12853
12838,quad,12838 12839 12855 12854
12839,quad,12839 12840 12856 12855
12840,quad,12840 12841 12857 12856
12841,quad,12841 12842 12858 12857
12842,quad,12842 12843 12859 12858
12843,quad,12843 12844 12860 12859
12844,quad,12844 12845 12861 12860
12845,quad,12845 12846 12862 12861
12846,quad,12846 12847 12863 12862
12847,quad,12847 12832 12848 12863
12848,quad,12848 12849 12865 12864
12849,quad,12849 12850 12866 12865
12850,quad,12850 12851 12867 12866
12851,quad,12851 12852 12868 12867
12852,quad,12852 12853 12869 12868
12853,quad,12853 12854 12870 12869
12854,quad,12854 12855 12871 12870
12855,quad,12855 12856 12872 12871
12856,quad,12856 12857 12873 12872
12857,quad,12857 12858 12874 12873
12858,quad,12858 12859 12875 12874
12859,quad,12859 12860 12876 12875
12860,quad,12860 12861 12877 12876
12861,quad,12861 12862 12878 12877
12862,quad,12862 12863 12879 12878
12863,quad,12863 12848 12864 12879
12864,quad,12864 12865 12881 12880
12865,quad,12865 12866 12882 12881
12866,quad,12866 12867 12883 12882
12867,quad,12867 12868 12884 12883
12868,quad,12868 12869 12885 12884
12869,quad,12869 12870 12886 12885
12870,quad,12870 12871 12887 12886
12871,quad,12871 12872 12888 12887
12872,quad,12872 12873 12889 12888
12873,quad,12873 12874 12890 12889
12874,quad,12874 12875 12891 12890
12875,quad,12875 12876 12892 12891
12876,quad,12876 12877 12893 12892
12877,quad,12877 12878 12894 12893
12878,quad,12878 12879 12895 12894
12879,quad,12879 12864 12880 12895
12880,quad,12880 12881 12897 12896
12881,quad,12881 12882 12898 12897
12882,quad,12882 12883 12899 12898
12883,quad,12883 12884 12900 12899
12884,quad,12884 12885 12901 12900
12885,quad,12885 12886 12902 12901
12886,quad,12886 12887 12903 12902
12887,quad,12887 12888 12904 12903
12888,quad,12888 12889 12905 12904
12889,quad,12889 12890 12906 12905
12890,quad,12890 12891 12907 12906
12891,quad,12891 12892 12908 12907
12892,quad,12892 12893 12909 12908
12893,quad,12893 12894 12910 12909
12894,quad,12894 12895 12911 12910
12895,quad,12895 12880 12896 12911
12896,quad,12896 12897 12913 12912
12897,quad,12897 12898 12914 12913
12898,quad,12898 12899 12915 12914
12899,quad,12899 12900 12916 12915
12900,quad,12900 12901 12917 12916
12901,quad,12901 12902 12918 12917
12902,quad,12902 12903 12919 12918
12903,quad,12903 12904 12920 12919
12904,quad,12904 12905 12921 12920
12905,quad,12905 12906 12922 12921
12906,quad,12906 12907 12923 12922
12907,quad,12907 12908 12924 12923
12908,quad,12908 12909 12925 12924
12909,quad,12909 12910 12926 12925
12910,quad,12910 12911 12927 12926
12911,quad,12911 12896 12912 12927
12912,quad,12912 12913 12929 12928
12913,quad,12913 12914 12930 12929
12914,quad,12914 12915 12931 12930
12915,quad,12915 12916 12932 12931
12916,quad,12916 12917 12933 12932
12917,quad,12917 12918 12934 12933
12918,quad,12918 12919 12935 12934
12919,quad,12919 12920 12936 12935
12920,quad,12920 12921 12937 12936
12921,quad,12921 12922 12938 12937
12922,quad,12922 12923 12939 12938
12923,quad,12923 12924 12940 12939
12924,quad,12924 12925 12941 12940
12925,quad,12925 12926 12942 12941
12926,quad,12926 12927 12943 12942
12927,quad,12927 12912 12928 12943
12928,quad,12928 12929 12945 12944
12929,quad,12929 12930 12946 12945
12930,quad,12930 12931 12947 12946
12931,quad,12931 12932 12948 12947
12932,quad,12932 12933 12949 12948
12933,quad,12933 12934 12950 12949
12934,quad,12934 12935 12951 12950
12935,quad,12935 12936 12952 12951
12936,quad,12936 12937 12953 12952
12937,quad,12937 12938 12954 12953
12938,quad,12938 12939 12955 12954
12939,quad,12939 12940 12956 12955
12940,quad,12940 12941 12957 12956
12941,quad,12941 12942 12958 12957
12942,quad,12942 12943 12959 12958
12943,quad,12943 12928 12944 12959
12944,quad,12944 12945 12961 12960
12945,quad,12945 12946 12962 12961
12946,quad,12946 12947 12963 12962
12947,quad,12947 12948 12964 12963
12948,quad,12948 12949 12965 12964
12949,quad,12949 12950 12966 12965
12950,quad,12950 12951 12967 12966
12951,quad,12951 12952 12968 12967
12952,quad,12952 12953 12969 12968
12953,quad,12953 12954 12970 12969
12954,quad,12954 12955 12971 12970
12955,quad,12955 12956 12972 12971
12956,quad,12956 12957 12973 12972
12957,quad,12957 12958 12974 12973
12958,quad,12958 12959 12975 12974
12959,quad,12959 12944 12960 12975
12960,quad,12960 12961 12977 12976
12961,quad,12961 12962 12978 12977
12962,quad,12962 12963 12979 12978
12963,quad,12963 12964 12980 12979
12964,quad,12964 12965 12981 12980
12965,quad,12965 12966 12982 12981
12966,quad,12966 12967 12983 12982
12967,quad,12967 12968 12984 12983
12968,quad,12968 12969 12985 12984
12969,quad,12969 12970 12986 12985
12970,quad,12970 12971 12987 12986
12971,quad,12971 12972 12988 12987
12972,quad,12972 12973 12989 12988
12973,quad,12973 12974 12990 12989
12974,quad,12974 12975 12991 12990
12975,quad,12975 12960 12976 12991
12976,quad,12976 12977 12993 12992
12977,quad,12977 12978 12994 12993
12978,quad,12978 12979 12995 12994
12979,quad,12979 12980 12996 12995
12980,quad,12980 12981 12997 12996
12981,quad,12981 12982 12998 12997
12982,quad,12982 12983 12999 12998
12983,quad,12983 12984 13000 12999
12984,quad,12984 12985 13001 13000
12985,quad,12985 12986 13002 13001
12986,quad,12986 12987 13003 13002
12987,quad,12987 12988 13004 13003
12988,quad,12988 12989 13005 13004
12989,quad,12989 12990 13006 13005
12990,quad,12990 12991 13007 13006
12991,quad,12991 12976 12992 13007
12992,quad,12992 12993 13009 13008
12993,quad,12993 12994 13010 13009
12994,quad,12994 12995 13011 13010
12995,quad,12995 12996 13012 13011
12996,quad,12996 12997 13013 13012
12997,quad,12997 12998 13014 13013
12998,quad,12998 12999 13015 13014
12999,quad,12999 13000 13016 13015
13000,quad,13000 13001 13017 13016
13001,quad,13001 13002 13018 13017
13002,quad,13002 13003 13019 13018
13003,quad,13003 13004 13020 13019
13004,quad,13004 13005 13021 13020
13005,quad,13005 13006 13022 13021
13006,quad,13006 13007 13023 13022
13007,quad,13007 12992 13008 13023
13008,quad,13008 13009 13025 13024
13009,quad,13009 13010 13026 13025
13010,quad,13010 13011 13027 13026
13011,quad,13011 13012 13028 13027
13012,quad,13012 13013 13029 13028
13013,quad,13013 13014 13030 13029
13014,quad,13014 13015 13031 13030
13015,quad,13015 13016 13032 13031
13016,quad,13016 13017 13033 13032
13017,quad,13017 13018 13034 13033
13018,quad,13018 13019 13035 13034
13019,quad,13019 13020 13036 13035
13020,quad,13020 13021 13037 13036
13021,quad,13021 13022 13038 13037
13022,quad,13022 13023 13039 13038
13023,quad,13023 13008 13024 13039
13024,quad,13024 13025 13041 13040
13025,quad,13025 13026 13042 13041
13026,quad,13026 13027 13043 13042
13027,quad,13027 13028 13044 13043
13028,quad,13028 13029 13045 13044
13029,quad,13029 13030 13046 13045
13030,quad,13030 13031 13047 13046
13031,quad,13031 13032 13048 13047
13032,quad,13032 13033 13049 13048
13033,quad,13033 13034 13050 13049
13034,quad,13034 13035 13051 13050
13035,quad,13035 13036 13052 13051
13036,quad,13036 13037 13053 13052
13037,quad,13037 13038 13054 13053
13038,quad,13038 13039 13055 13054
13039,quad,13039 13024 13040 13055
13040,quad,13040 13041 13057 13056
13041,quad,13041 13042 13058 13057
13042,quad,13042 13043 13059 13058
13043,quad,13043 13044 13060 13059
13044,quad,13044 13045 13061 13060
13045,quad,13045 13046 13062 13061
13046,quad,13046 13047 13063 13062
13047,quad,13047 13048 13064 13063
13048,quad,13048 13049 13065 13064
13049,quad,13049 13050 13066 13065
13050,quad,13050 13051 13067 13066
13051,quad,13051 13052 13068 13067
13052,quad,13052 13053 13069 13068
13053,quad,13053 13054 13070 13069
13054,quad,13054 13055 13071 13070
13055,quad,13055 13040 13056 13071
13056,quad,13056 13057 13073 13072
13057,quad,13057 13058 13074 13073
13058,quad,13058 13059 13075 13074
13059,quad,13059 13060 13076 13075
13060,quad,13060 13061 13077 13076
13061,quad,13061 13062 13078 13077
13062,quad,13062 13063 13079 13078
13063,quad,13063 13064 13080 13079
13064,quad,13064 13065 13081 13080
13065,quad,13065 13066 13082 13081
13066,quad,13066 13067 13083 13082
13067,quad,13067 13068 13084 13083
13068,quad,13068 13069 13085 13084
13069,quad,13069 13070 13086 13085
13070,quad,13070 13071 13087 13086
13071,quad,13071 13056 13072 13087
13072,quad,13072 13073 13089 13088
13073,quad,13073 13074 13090 13089
13074,quad,13074 13075 13091 13090
13075,quad,13075 13076 13092 13091
13076,quad,13076 13077 13093 13092
13077,quad,13077 13078 13094 13093
13078,quad,13078 13079 13095 13094
13079,quad,13079 13080 13096 13095
13080,quad,13080 13081 13097 13096
13081,quad,13081 13082 13098 13097
13082,quad,13082 13083 13099 13098
13083,quad,13083 13084 13100 13099
13084,quad,13084 13085 13101 13100
13085,quad,13085 13086 13102 13101
13086,quad,13086 13087 13103 13102
13087,quad,13087 13072 13088 13103
13088,quad,13088 13089 13105 13104
13089,quad,13089 13090 13106 13105
13090,quad,13090 13091 13107 13106
13091,quad,13091 13092 13108 13107
13092,quad,13092 13093 13109 13108
13093,quad,13093 13094 13110 13109
13094,quad,13094 13095 13111 13110
13095,quad,13095 13096 13112 13111
13096,quad,13096 13097 13113 13112
13097,quad,13097 13098 13114 13113
13098,quad,13098 13099 13115 13114
13099,quad,13099 13100 13116 13115
13100,quad,13100 13101 13117 13116
13101,quad,13101 13102 13118 13117
13102,quad,13102 13103 13119 13118
13103,quad,13103 13088 13104 13119
13104,quad,13104 13105 13121 13120
13105,quad,13105 13106 13122 13121
13106,quad,13106 13107 13123 13122
13107,quad,13107 13108 13124 13123
13108,quad,13108 13109 13125 13124
13109,quad,13109 13110 13126 13125
13110,quad,13110 13111 13127 13126
13111,quad,13111 13112 13128 13127
13112,quad,13112 13113 13129 13128
13113,quad,13113 13114 13130 13129
13114,quad,13114 13115 13131 13130
13115,quad,13115 13116 13132 13131
13116,quad,13116 13117 13133 13132
13117,quad,13117 13118 13134 13133
13118,quad,13118 13119 13135 13134
13119,quad,13119 13104 13120 13135
13120,quad,13120 13121 13137 13136
13121,quad,13121 13122 13138 13137
13122,quad,13122 13123 13139 13138
13123,quad,13123 13124 13140 13139
13124,quad,13124 13125 13141 13140
13125,quad,13125 13126 13142 13141
13126,quad,13126 13127 13143 13142
13127,quad,13127 13128 13144 13143
13128,quad,13128 13129 13145 13144
13129,quad,13129 13130 13146 13145
13130,quad,13130 13131 13147 13146
13131,quad,13131 13132 13148 13147
13132,quad,13132 13133 13149 13148
13133,quad,13133 13134 13150 13149
13134,quad,13134 13135 13151 13150
13135,quad,13135 13120 13136 13151
13136,quad,13136 13137 13153 13152
13137,quad,13137 13138 13154 13153
13138,quad,13138 13139 13155 13154
13139,quad,13139 13140 13156 13155
13140,quad,13140 13141 13157 13156
13141,quad,13141 13142 13158 13157
13142,quad,13142 13143 13159 13158
13143,quad,13143 13144 13160 13159
13144,quad,13144 13145 13161 13160
13145,quad,13145 13146 13162 13161
13146,quad,13146 13147 13163 13162
13147,quad,13147 13148 13164 13163
13148,quad,13148 13149 13165 13164
13149,quad,13149 13150 13166 13165
13150,quad,13150 13151 13167 13166
13151,quad,13151 13136 13152 13167
13152,quad,13152 13153 13169 13168
13153,quad,13153 13154 13170 13169
13154,quad,13154 13155 13171 13170
13155,quad,13155 13156 13172 13171
13156,quad,13156 13157 13173 13172
13157,quad,13157 13158 13174 13173
13158,quad,13158 13159 13175 13174
13159,quad,13159 13160 13176 13175
13160,quad,13160 13161 13177 13176
13161,quad,13161 13162 13178 13177
13162,quad,13162 13163 13179 13178
13163,quad,13163 13164 13180 13179
13164,quad,13164 13165 13181 13180
13165,quad,13165 13166 13182 13181
13166,quad,13166 13167 13183 13182
13167,quad,13167 13152 13168 13183
13168,quad,13168 13169 13185 13184
13169,quad,13169 13170 13186 13185
13170,quad,13170 13171 13187 13186
13171,quad,13171 13172 13188 13187
13172,quad,13172 13173 13189 13188
13173,quad,13173 13174 13190 13189
13174,quad,13174 13175 13191 13190
13175,quad,13175 13176 13192 13191
13176,quad,13176 13177 13193 13192
13177,quad,13177 13178 13194 13193
13178,quad,13178 13179 13195 13194
13179,quad,13179 13180 13196 13195
13180,quad,13180 13181 13197 13196
13181,quad,13181 13182 13198 13197
13182,quad,13182 13183 13199 13198
13183,quad,13183 13168 13184 13199
13184,quad,13184 13185 13201 13200
13185,quad,13185 13186 13202 13201
13186,quad,13186 13187 13203 13202
13187,quad,13187 13188 13204 13203
13188,quad,13188 13189 13205 13204
13189,quad,13189 13190 13206 13205
13190,quad,13190 13191 13207 13206
13191,quad,13191 13192 13208 13207
13192,quad,13192 13193 13209 13208
13193,quad,13193 13194 13210 13209
13194,quad,13194 13195 13211 13210
13195,quad,13195 13196 13212 13211
13196,quad,13196 13197 13213 13212
13197,quad,13197 13198 13214 13213
13198,quad,13198 13199 13215 13214
13199,quad,13199 13184 13200 13215
13200,quad,13200 13201 13217 13216
13201,quad,13201 13202 13218 13217
13202,quad,13202 13203 13219 13218
13203,quad,13203 13204 13220 13219
13204,quad,13204 13205 13221 13220
13205,quad,13205 13206 13222 13221
13206,quad,13206 13207 13223 13222
13207,quad,13207 13208 13224 13223
13208,quad,13208 13209 13225 13224
13209,quad,13209 13210 13226 13225
13210,quad,13210 13211 13227 13226
13211,quad,13211 13212 13228 13227
13212,quad,13212 13213 13229 13228
13213,quad,13213 13214 13230 13229
13214,quad,13214 13215 13231 13230
13215,quad,13215 13200 13216 13231
13216,quad,13216 13217 13233 13232
13217,quad,13217 13218 13234 13233
13218,quad,13218 13219 13235 13234
13219,quad,13219 13220 13236 13235
13220,quad,13220 13221 13237 13236
13221,quad,13221 13222 13238 13237
13222,quad,13222 13223 13239 13238
13223,quad,13223 13224 13240 13239
13224,quad,13224 13225 13241 13240
13225,quad,13225 13226 13242 13241
13226,quad,13226 13227 13243 13242
13227,quad,13227 13228 13244 13243
13228,quad,13228 13229 13245 13244
13229,quad,13229 13230 13246 13245
13230,quad,13230 13231 13247 13246
13231,quad,13231 13216 13232 13247
13232,quad,13232 13233 13249 13248
13233,quad,13233 13234 13250 13249
13234,quad,13234 13235 13251 13250
13235,quad,13235 13236 13252 13251
13236,quad,13236 13237 13253 13252
13237,quad,13237 13238 13254 13253
13238,quad,13238 13239 13255 13254
13239,quad,13239 13240 13256 13255
13240,quad,13240 13241 13257 13256
13241,quad,13241 13242 13258 13257
13242,quad,13242 13243 13259 13258
13243,quad,13243 13244 13260 13259
13244,quad,13244 13245 13261 13260
13245,quad,13245 13246 13262 13261
13246,quad,13246 13247 13263 13262
13247,quad,13247 13232 13248 13263
13248,quad,13248 13249 13265 13264
13249,quad,13249 13250 13266 13265
13250,quad,13250 13251 13267 13266
13251,quad,13251 13252 13268 13267
13252,quad,13252 13253 13269 13268
13253,quad,13253 13254 13270 13269
13254,quad,13254 13255 13271 13270
13255,quad,13255 13256 13272 13271
13256,quad,13256 13257 13273 13272
13257,quad,13257 13258 13274 13273
13258,quad,13258 13259 13275 13274
13259,quad,13259 13260 13276 13275
13260,quad,13260 13261 13277 13276
13261,quad,13261 13262 13278 13277
13262,quad,13262 13263 13279 13278
13263,quad,13263 13248 13264 13279
13264,quad,13264 13265 13281 13280
13265,quad,13265 13266 13282 13281
13266,quad,13266 13267 13283 13282
13267,quad,13267 13268 13284 13283
13268,quad,13268 13269 13285 13284
13269,quad,13269 13270 13286 13285
13270,quad,13270 13271 13287 13286
13271,quad,13271 13272 13288 13287
13272,quad,13272 13273 13289 13288
13273,quad,13273 13274 13290 13289
13274,quad,13274 13275 13291 13290
13275,quad,13275 13276 13292 13291
13276,quad,13276 13277 13293 13292
13277,quad,13277 13278 13294 13293
13278,quad,13278 13279 13295 13294
13279,quad,13279 13264 13280 13295
13280,quad,13280 13281 13297 13296
13281,quad,13281 13282 13298 13297
13282,quad,13282 13283 13299 13298
13283,quad,13283 13284 13300 13299
13284,quad,13284 13285 13301 13300
13285,quad,13285 13286 13302 13301
13286,quad,13286 13287 13303 13302
13287,quad,13287 13288 13304 13303
13288,quad,13288 13289 13305 13304
13289,quad,13289 13290 13306 13305
13290,quad,13290 13291 13307 13306
13291,quad,13291 13292 13308 13307
13292,quad,13292 13293 13309 13308
13293,quad,13293 13294 13310 13309
13294,quad,13294 13295 13311 13310
13295,quad,13295 13280 13296 13311
13296,quad,13296 13297 13313 13312
13297,quad,13297 13298 13314 13313
13298,quad,13298 13299 13315 13314
13299,quad,13299 13300 13316 13315
13300,quad,13300 13301 13317 13316
13301,quad,13301 13302 13318 13317
13302,quad,13302 13303 13319 13318
13303,quad,13303 13304 13320 13319
13304,quad,13304 13305 13321 13320
13305,quad,13305 13306 13322 13321
13306,quad,13306 13307 13323 13322
13307,quad,13307 13308 13324 13323
13308,quad,13308 13309 13325 13324
13309,quad,13309 13310 13326 13325
13310,quad,13310 13311 13327 13326
13311,quad,13311 13296 13312 13327
13312,quad,13312 13313 13329 13328
13313,quad,13313 13314 13330 13329
13314,quad,13314 13315 13331 13330
13315,quad,13315 13316 13332 13331
13316,quad,13316 13317 13333 13332
13317,quad,13317 13318 13334 13333
13318,quad,13318 13319 13335 13334
13319,quad,13319 13320 13336 13335
13320,quad,13320 13321 13337 13336
13321,quad,13321 13322 13338 13337
13322,quad,13322 13323 13339 13338
13323,quad,13323 13324 13340 13339
13324,quad,13324 13325 13341 13340
13325,quad,13325 13326 13342 13341
13326,quad,13326 13327 13343 13342
13327,quad,13327 13312 13328 13343
13328,quad,13328 13329 13345 13344
13329,quad,13329 13330 13346 13345
13330,quad,13330 13331 13347 13346
13331,quad,13331 13332 13348 13347
13332,quad,13332 13333 13349 13348
13333,quad,13333 13334 13350 13349
13334,quad,13334 13335 13351 13350
13335,quad,13335 13336 13352 13351
13336,quad,13336 13337 13353 13352
13337,quad,13337 13338 13354 13353
13338,quad,13338 13339 13355 13354
13339,quad,13339 13340 13356 13355
13340,quad,13340 13341 13357 13356
13341,quad,13341 13342 13358 13357
13342,quad,13342 13343 13359 13358
13343,quad,13343 13328 13344 13359
13344,quad,13344 13345 13361 13360
13345,quad,13345 13346 13362 13361
13346,quad,13346 13347 13363 13362
13347,quad,13347 13348 13364 13363
13348,quad,13348 13349 13365 13364
13349,quad,13349 13350 13366 13365
13350,quad,13350 13351 13367 13366
13351,quad,13351 13352 13368 13367
13352,quad,13352 13353 13369 13368
13353,quad,13353 13354 13370 13369
13354,quad,13354 13355 13371 13370
13355,quad,13355 13356 13372 13371
13356,quad,13356 13357 13373 13372
13357,quad,13357 13358 13374 13373
13358,quad,13358 13359 13375 13374
13359,quad,13359 13344 13360 13375
13360,quad,13360 13361 13377 13376
13361,quad,13361 13362 13378 13377
13362,quad,13362 13363 13379 13378
13363,quad,13363 13364 13380 13379
13364,quad,13364 13365 13381 13380
13365,quad,13365 13366 13382 13381
13366,quad,13366 13367 13383 13382
13367,quad,13367 13368 13384 13383
13368,quad,13368 13369 13385 13384
13369,quad,13369 13370 13386 13385
13370,quad,13370 13371 13387 13386
13371,quad,13371 13372 13388 13387
13372,quad,13372 13373 13389 13388
13373,quad,13373 13374 13390 13389
13374,quad,13374 13375 13391 13390
13375,quad,13375 13360 13376 13391
13376,quad,13376 13377 13393 13392
13377,quad,13377 13378 13394 13393
13378,quad,13378 13379 13395 13394
13379,quad,13379 13380 13396 13395
13380,quad,13380 13381 13397 13396
13381,quad,13381 13382 13398 13397
13382,quad,13382 13383 13399 13398
13383,quad,13383 13384 13400 13399
13384,quad,13384 13385 13401 13400
13385,quad,13385 13386 13402 13401
13386,quad,13386 13387 13403 13402
13387,quad,13387 13388 13404 13403
13388,quad,13388 13389 13405 13404
13389,quad,13389 13390 13406 13405
13390,quad,13390 13391 13407 13406
13391,quad,13391 13376 13392 13407
13392,quad,13392 13393 13409 13408
13393,quad,13393 13394 13410 13409
13394,quad,13394 13395 13411 13410
13395,quad,13395 13396 13412 13411
13396,quad,13396 13397 13413 13412
13397,quad,13397 13398 13414 13413
13398,quad,13398 13399 13415 13414
13399,quad,13399 13400 13416 13415
13400,quad,13400 13401 13417 13416
13401,quad,13401 13402 13418 13417
13402,quad,13402 13403 13419 13418
13403,quad,13403 13404 13420 13419
13404,quad,13404 13405 13421 13420
13405,quad,13405 13406 13422 13421
13406,quad,13406 13407 13423 13422
13407,quad,13407 13392 13408 13423
13408,quad,13408 13409 13425 13424
13409,quad,13409 13410 13426 13425
13410,quad,13410 13411 13427 13426
13411,quad,13411 13412 13428 13427
13412,quad,13412 13413 13429 13428
13413,quad,13413 13414 13430 13429
13414,quad,13414 13415 13431 13430
13415,quad,13415 13416 13432 13431
13416,quad,13416 13417 13433 13432
13417,quad,13417 13418 13434 13433
13418,quad,13418 13419 13435 13434
13419,quad,13419 13420 13436 13435
13420,quad,13420 13421 13437 13436
13421,quad,13421 13422 13438 13437
13422,quad,13422 13423 13439 13438
13423,quad,13423 13408 13424 13439
13424,quad,13424 13425 13441 13440
13425,quad,13425 13426 13442 13441
13426,quad,13426 13427 13443 13442
13427,quad,13427 13428 13444 13443
13428,quad,13428 13429 13445 13444
13429,quad,13429 13430 13446 13445
13430,quad,13430 13431 13447 13446
13431,quad,13431 13432 13448 13447
13432,quad,13432 13433 13449 13448
13433,quad,13433 13434 13450 13449
13434,quad,13434 13435 13451 13450
13435,quad,13435 13436 13452 13451
13436,quad,13436 13437 13453 13452
13437,quad,13437 13438 13454 13453
13438,quad,13438 13439 13455 13454
13439,quad,13439 13424 13440 13455
13440,quad,13440 13441 13457 13456
13441,quad,13441 13442 13458 13457
13442,quad,13442 13443 13459 13458
13443,quad,13443 13444 13460 13459
13444,quad,13444 13445 13461 13460
13445,quad,13445 13446 13462 13461
13446,quad,13446 13447 13463 13462
13447,quad,13447 13448 13464 13463
13448,quad,13448 13449 13465 13464
13449,quad,13449 13450 13466 13465
13450,quad,13450 13451 13467 13466
13451,quad,13451 13452 13468 13467
13452,quad,13452 13453 13469 13468
13453,quad,13453 13454 13470 13469
13454,quad,13454 13455 13471 13470
13455,quad,13455 13440 13456 13471
13456,quad,13456 13457 13473 13472
13457,quad,13457 13458 13474 13473
13458,quad,13458 13459 13475 13474
13459,quad,13459 13460 13476 13475
13460,quad,13460 13461 13477 13476
13461,quad,13461 13462 13478 13477
13462,quad,13462 13463 13479 13478
13463,quad,13463 13464 13480 13479
13464,quad,13464 13465 13481 13480
13465,quad,13465 13466 13482 13481
13466,quad,13466 13467 13483 13482
13467,quad,13467 13468 13484 13483
13468,quad,13468 13469 13485 13484
13469,quad,13469 13470 13486 13485
13470,quad,13470 13471 13487 13486
13471,quad,13471 13456 13472 13487
13472,quad,13472 13473 13489 13488
13473,quad,13473 13474 13490 13489
13474,quad,13474 13475 13491 13490
13475,quad,13475 13476 13492 13491
13476,quad,13476 13477 13493 13492
13477,quad,13477 13478 13494 13493
13478,quad,13478 13479 13495 13494
13479,quad,13479 13480 13496 13495
13480,quad,13480 13481 13497 13496
13481,quad,13481 13482 13498 13497
13482,quad,13482 13483 13499 13498
13483,quad,13483 13484 13500 13499
13484,quad,13484 13485 13501 13500
13485,quad,13485 13486 13502 13501
13486,quad,13486 13487 13503 13502
13487,quad,13487 13472 13488 13503
13488,quad,13488 13489 13505 13504
13489,quad,13489 13490 13506 13505
13490,quad,13490 13491 13507 13506
13491,quad,13491 13492 13508 13507
13492,quad,13492 13493 13509 13508
13493,quad,13493 13494 13510 13509
13494,quad,13494 13495 13511 13510
13495,quad,13495 13496 13512 13511
13496,quad,13496 13497 13513 13512
13497,quad,13497 13498 13514 13513
13498,quad,13498 13499 13515 13514
13499,quad,13499 13500 13516 13515
13500,quad,13500 13501 13517 13516
13501,quad,13501 13502 13518 13517
13502,quad,13502 13503 13519 13518
13503,quad,13503 13488 13504 13519
13504,quad,13504 13505 13521 13520
13505,quad,13505 13506 13522 13521
13506,quad,13506 13507 13523 13522
13507,quad,13507 13508 13524 13523
13508,quad,13508 13509 13525 13524
13509,quad,13509 13510 13526 13525
13510,quad,13510 13511 13527 13526
13511,quad,13511 13512 13528 13527
13512,quad,13512 13513 13529 13528
13513,quad,13513 13514 13530 13529
13514,quad,13514 13515 13531 13530
13515,quad,13515 13516 13532 13531
13516,quad,13516 13517 13533 13532
13517,quad,13517 13518 13534 13533
13518,quad,13518 13519 13535 13534
13519,quad,13519 13504 13520 13535
13520,quad,13520 13521 13537 13536
13521,quad,13521 13522 13538 13537
13522,quad,13522 13523 13539 13538
13523,quad,13523 13524 13540 13539
13524,quad,13524 13525 13541 13540
13525,quad,13525 13526 13542 13541
13526,quad,13526 13527 13543 13542
13527,quad,13527 13528 13544 13543
13528,quad,13528 13529 13545 13544
13529,quad,13529 13530 13546 13545
13530,quad,13530 13531 13547 13546
13531,quad,13531 13532 13548 13547
13532,quad,13532 13533 13549 13548
13533,quad,13533 13534 13550 13549
13534,quad,13534 13535 13551 13550
13535,quad,13535 13520 13536 13551
13536,quad,13536 13537 13553 13552
13537,quad,13537 13538 13554 13553
13538,quad,13538 13539 13555 13554
13539,quad,13539 13540 13556 13555
13540,quad,13540 13541 13557 13556
13541,quad,13541 13542 13558 13557
13542,quad,13542 13543 13559 13558
13543,quad,13543 13544 13560 13559
13544,quad,13544 13545 13561 13560
13545,quad,13545 13546 13562 13561
13546,quad,13546 13547 13563 13562
13547,quad,13547 13548 13564 13563
13548,quad,13548 13549 13565 13564
13549,quad,13549 13550 13566 13565
13550,quad,13550 13551 13567 13566
13551,quad,13551 13536 13552 13567
13552,quad,13552 13553 13569 13568
13553,quad,13553 13554 13570 13569
13554,quad,13554 13555 13571 13570
13555,quad,13555 13556 13572 13571
13556,quad,13556 13557 13573 13572
13557,quad,13557 13558 13574 13573
13558,quad,13558 13559 13575 13574
13559,quad,13559 13560 13576 13575
13560,quad,13560 13561 13577 13576
13561,quad,13561 13562 13578 13577
13562,quad,13562 13563 13579 13578
13563,quad,13563 13564 13580 13579
13564,quad,13564 13565 13581 13580
13565,quad,13565 13566 13582 13581
13566,quad,13566 13567 13583 13582
13567,quad,13567 13552 13568 13583
13568,quad,13568 13569 13585 13584
13569,quad,13569 13570 13586 13585
13570,quad,13570 13571 13587 13586
13571,quad,13571 13572 13588 13587
13572,quad,13572 13573 13589 13588
13573,quad,13573 13574 13590 13589
13574,quad,13574 13575 13591 13590
13575,quad,13575 13576 13592 13591
13576,quad,13576 13577 13593 13592
13577,quad,13577 13578 13594 13593
13578,quad,13578 13579 13595 13594
13579,quad,13579 13580 13596 13595
13580,quad,13580 13581 13597 13596
13581,quad,13581 13582 13598 13597
13582,quad,13582 13583 13599 13598
13583,quad,13583 13568 13584 13599
13584,quad,13584 13585 13601 13600
13585,quad,13585 13586 13602 13601
13586,quad,13586 13587 13603 13602
13587,quad,13587 13588 13604 13603
13588,quad,13588 13589 13605 13604
13589,quad,13589 13590 13606 13605
13590,quad,13590 13591 13607 13606
13591,quad,13591 13592 13608 13607
13592,quad,13592 13593 13609 13608
13593,quad,13593 13594 13610 13609
13594,quad,13594 13595 13611 13610
13595,quad,13595 13596 13612 13611
13596,quad,13596 13597 13613 13612
13597,quad,13597 13598 13614 13613
13598,quad,13598 13599 13615 13614
13599,quad,13599 13584 13600 13615
13600,quad,13600 13601 13617 13616
13601,quad,13601 13602 13618 13617
13602,quad,13602 13603 13619 13618
13603,quad,13603 13604 13620 13619
13604,quad,13604 13605 13621 13620
13605,quad,13605 13606 13622 13621
13606,quad,13606 13607 13623 13622
13607,quad,13607 13608 13624 13623
13608,quad,13608 13609 13625 13624
13609,quad,13609 13610 13626 13625
13610,quad,13610 13611 13627 13626
13611,quad,13611 13612 13628 13627
13612,quad,13612 13613 13629 13628
13613,quad,13613 13614 13630 13629
13614,quad,13614 13615 13631 13630
13615,quad,13615 13600 13616 13631
13616,quad,13616 13617 13633 13632
13617,quad,13617 13618 13634 13633
13618,quad,13618 13619 13635 13634
13619,quad,13619 13620 13636 13635
13620,quad,13620 13621 13637 13636
13621,quad,13621 13622 13638 13637
13622,quad,13622 13623 13639 13638
13623,quad,13623 13624 13640 13639
13624,quad,13624 13625 13641 13640
13625,quad,13625 13626 13642 13641
13626,quad,13626 13627 13643 13642
13627,quad,13627 13628 13644 13643
13628,quad,13628 13629 13645 13644
13629,quad,13629 13630 13646 13645
13630,quad,13630 13631 13647 13646
13631,quad,13631 13616 13632 13647
13632,quad,13632 13633 13649 13648
13633,quad,13633 13634 13650 13649
13634,quad,13634 13635 13651 13650
13635,quad,13635 13636 13652 13651
13636,quad,13636 13637 13653 13652
13637,quad,13637 13638 13654 13653
13638,quad,13638 13639 13655 13654
13639,quad,13639 13640 13656 13655
13640,quad,13640 13641 13657 13656
13641,quad,13641 13642 13658 13657
13642,quad,13642 13643 13659 13658
13643,quad,13643 13644 13660 13659
13644,quad,13644 13645 13661 13660
13645,quad,13645 13646 13662 13661
13646,quad,13646 13647 13663 13662
13647,quad,13647 13632 13648 13663
13648,quad,13648 13649 13665 13664
13649,quad,13649 13650 13666 13665
13650,quad,13650 13651 13667 13666
13651,quad,13651 13652 13668 13667
13652,quad,13652 13653 13669 13668
13653,quad,13653 13654 13670 13669
13654,quad,13654 13655 13671 13670
13655,quad,13655 13656 13672 13671
13656,quad,13656 13657 13673 13672
13657,quad,13657 13658 13674 13673
13658,quad,13658 13659 13675 13674
13659,quad,13659 13660 13676 13675
13660,quad,13660 13661 13677 13676
13661,quad,13661 13662 13678 13677
13662,quad,13662 13663 13679 13678
13663,quad,13663 13648 13664 13679
13664,quad,13664 13665 13681 13680
13665,quad,13665 13666 13682 13681
13666,quad,13666 13667 13683 13682
13667,quad,13667 13668 13684 13683
13668,quad,13668 13669 13685 13684
13669,quad,13669 13670 13686 13685
13670,quad,13670 13671 13687 13686
13671,quad,13671 13672 13688 13687
13672,quad,13672 13673 13689 13688
13673,quad,13673 13674 13690 13689
13674,quad,13674 13675 13691 13690
13675,quad,13675 13676 13692 13691
13676,quad,13676 13677 13693 13692
13677,quad,13677 13678 13694 13693
13678,quad,13678 13679 13695 13694
13679,quad,13679 13664 13680 13695
13680,quad,13680 13681 13697 13696
13681,quad,13681 13682 13698 13697
13682,quad,13682 13683 13699 13698
13683,quad,13683 13684 13700 13699
13684,quad,13684 13685 13701 13700
13685,quad,13685 13686 13702 13701
13686,quad,13686 13687 13703 13702
13687,quad,13687 13688 13704 13703
13688,quad,13688 13689 13705 13704
13689,quad,13689 13690 13706 13705
13690,quad,13690 13691 13707 13706
13691,quad,13691 13692 13708 13707
13692,quad,13692 13693 13709 13708
13693,quad,13693 13694 13710 13709
13694,quad,13694 13695 13711 13710
13695,quad,13695 13680 13696 13711
13696,quad,13696 13697 13713 13712
13697,quad,13697 13698 13714 13713
13698,quad,13698 13699 13715 13714
13699,quad,13699 13700 13716 13715
13700,quad,13700 13701 13717 13716
13701,quad,13701 13702 13718 13717
13702,quad,13702 13703 13719 13718
13703,quad,13703 13704 13720 13719
13704,quad,13704 13705 13721 13720
13705,quad,13705 13706 13722 13721
13706,quad,13706 13707 13723 13722
13707,quad,13707 13708 13724 13723
13708,quad,13708 13709 13725 13724
13709,quad,13709 13710 13726 13725
13710,quad,13710 13711 13727 13726
13711,quad,13711 13696 13712 13727
13712,quad,13712 13713 13729 13728
13713,quad,13713 13714 13730 13729
13714,quad,13714 13715 13731 13730
13715,quad,13715 13716 13732 13731
13716,quad,13716 13717 13733 13732
13717,quad,13717 13718 13734 13733
13718,quad,13718 13719 13735 13734
13719,quad,13719 13720 13736 13735
13720,quad,13720 13721 13737 13736
13721,quad,13721 13722 13738 13737
13722,quad,13722 13723 13739 13738
13723,quad,13723 13724 13740 13739
13724,quad,13724 13725 13741 13740
13725,quad,13725 13726 13742 13741
13726,quad,13726 13727 13743 13742
13727,quad,13727 13712 13728 13743
13728,quad,13728 13729 13745 13744
13729,quad,13729 13730 13746 13745
13730,quad,13730 13731 13747 13746
13731,quad,13731 13732 13748 13747
13732,quad,13732 13733 13749 13748
13733,quad,13733 13734 13750 13749
13734,quad,13734 13735 13751 13750
13735,quad,13735 13736 13752 13751
13736,quad,13736 13737 13753 13752
13737,quad,13737 13738 13754 13753
13738,quad,13738 13739 13755 13754
13739,quad,13739 13740 13756 13755
13740,quad,13740 13741 13757 13756
13741,quad,13741 13742 13758 13757
13742,quad,13742 13743 13759 13758
13743,quad,13743 13728 13744 13759
13744,quad,13744 13745 13761 13760
13745,quad,13745 13746 13762 13761
13746,quad,13746 13747 13763 13762
13747,quad,13747 13748 13764 13763
13748,quad,13748 13749 13765 13764
13749,quad,13749 13750 13766 13765
13750,quad,13750 13751 13767 13766
13751,quad,13751 13752 13768 13767
13752,quad,13752 13753 13769 13768
13753,quad,13753 13754 13770 13769
13754,quad,13754 13755 13771 13770
13755,quad,13755 13756 13772 13771
13756,quad,13756 13757 13773 13772
13757,quad,13757 13758 13774 13773
13758,quad,13758 13759 13775 13774
13759,quad,13759 13744 13760 13775
13760,quad,13760 13761 13777 13776
13761,quad,13761 13762 13778 13777
13762,quad,13762 13763 13779 13778
13763,quad,13763 13764 13780 13779
13764,quad,13764 13765 13781 13780
13765,quad,13765 13766 13782 13781
13766,quad,13766 13767 13783 13782
13767,quad,13767 13768 13784 13783
13768,quad,13768 13769 13785 13784
13769,quad,13769 13770 13786 13785
13770,quad,13770 13771 13787 13786
13771,quad,13771 13772 13788 13787
13772,quad,13772 13773 13789 13788
13773,quad,13773 13774 13790 13789
13774,quad,13774 13775 13791 13790
13775,quad,13775 13760 13776 13791
13776,quad,13776 13777 13793 13792
13777,quad,13777 13778 13794 13793
13778,quad,13778 13779 13795 13794
13779,quad,13779 13780 13796 13795
13780,quad,13780 13781 13797 13796
13781,quad,13781 13782 13798 13797
13782,quad,13782 13783 13799 13798
13783,quad,13783 13784 13800 13799
13784,quad,13784 13785 13801 13800
13785,quad,13785 13786 13802 13801
13786,quad,13786 13787 13803 13802
13787,quad,13787 13788 13804 13803
13788,quad,13788 13789 13805 13804
13789,quad,13789 13790 13806 13805
13790,quad,13790 13791 13807 13806
13791,quad,13791 13776 13792 13807
13792,quad,13792 13793 13809 13808
13793,quad,13793 13794 13810 13809
13794,quad,13794 13795 13811 13810
13795,quad,13795 13796 13812 13811
13796,quad,13796 13797 13813 13812
13797,quad,13797 13798 13814 13813
13798,quad,13798 13799 13815 13814
13799,quad,13799 13800 13816 13815
13800,quad,13800 13801 13817 13816
13801,quad,13801 13802 13818 13817
13802,quad,13802 13803 13819 13818
13803,quad,13803 13804 13820 13819
13804,quad,13804 13805 13821 13820
13805,quad,13805 13806 13822 13821
13806,quad,13806 13807 13823 13822
13807,quad,13807 13792 13808 13823
13808,quad,13808 13809 13825 13824
13809,quad,13809 13810 13826 13825
13810,quad,13810 13811 13827 13826
13811,quad,13811 13812 13828 13827
13812,quad,13812 13813 13829 13828
13813,quad,13813 13814 13830 13829
13814,quad,13814 13815 13831 13830
13815,quad,13815 13816 13832 13831
13816,quad,13816 13817 13833 13832
13817,quad,13817 13818 13834 13833
13818,quad,13818 13819 13835 13834
13819,quad,13819 13820 13836 13835
13820,quad,13820 13821 13837 13836
13821,quad,13821 13822 13838 13837
13822,quad,13822 13823 13839 13838
13823,quad,13823 13808 13824 13839
13824,quad,13824 13825 13841 13840
13825,quad,13825 13826 13842 13841
13826,quad,13826 13827 13843 13842
13827,quad,13827 13828 13844 13843
13828,quad,13828 13829 13845 13844
13829,quad,13829 13830 13846 13845
13830,quad,13830 13831 13847 13846
13831,quad,13831 13832 13848 13847
13832,quad,13832 13833 13849 13848
13833,quad,13833 13834 13850 13849
13834,quad,13834 13835 13851 13850
13835,quad,13835 13836 13852 13851
13836,quad,13836 13837 13853 13852
13837,quad,13837 13838 13854 13853
13838,quad,13838 13839 13855 13854
13839,quad,13839 13824 13840 13855
13840,quad,13840 13841 13857 13856
13841,quad,13841 13842 13858 13857
13842,quad,13842 13843 13859 13858
13843,quad,13843 13844 13860 13859
13844,quad,13844 13845 13861 13860
13845,quad,13845 13846 13862 13861
13846,quad,13846 13847 13863 13862
13847,quad,13847 13848 13864 13863
13848,quad,13848 13849 13865 13864
13849,quad,13849 13850 13866 13865
13850,quad,13850 13851 13867 13866
13851,quad,13851 13852 13868 13867
13852,quad,13852 13853 13869 13868
13853,quad,13853 13854 13870 13869
13854,quad,13854 13855 13871 13870
13855,quad,13855 13840 13856 13871
13856,quad,13856 13857 13873 13872
13857,quad,13857 13858 13874 13873
13858,quad,13858 13859 13875 13874
13859,quad,13859 13860 13876 13875
13860,quad,13860 13861 13877 13876
13861,quad,13861 13862 13878 13877
13862,quad,13862 13863 13879 13878
13863,quad,13863 13864 13880 13879
13864,quad,13864 13865 13881 13880
13865,quad,13865 13866 13882 13881
13866,quad,13866 13867 13883 13882
13867,quad,13867 13868 13884 13883
13868,quad,13868 13869 13885 13884
13869,quad,13869 13870 13886 13885
13870,quad,13870 13871 13887 13886
13871,quad,13871 13856 13872 13887
13872,quad,13872 13873 13889 13888
13873,quad,13873 13874 13890 13889
13874,quad,13874 13875 13891 13890
13875,quad,13875 13876 13892 13891
13876,quad,13876 13877 13893 13892
13877,quad,13877 13878 13894 13893
13878,quad,13878 13879 13895 13894
13879,quad,13879 13880 13896 13895
13880,quad,13880 13881 13897 13896
13881,quad,13881 13882 13898 13897
13882,quad,13882 13883 13899 13898
13883,quad,13883 13884 13900 13899
13884,quad,13884 13885 13901 13900
13885,quad,13885 13886 13902 13901
13886,quad,13886 13887 13903 13902
13887,quad,13887 13872 13888 13903
13888,quad,13888 13889 13905 13904
13889,quad,13889 13890 13906 13905
13890,quad,13890 13891 13907 13906
13891,quad,13891 13892 13908 13907
13892,quad,13892 13893 13909 13908
13893,quad,13893 13894 13910 13909
13894,quad,13894 13895 13911 13910
13895,quad,13895 13896 13912 13911
13896,quad,13896 13897 13913 13912
13897,quad,13897 13898 13914 13913
13898,quad,13898 13899 13915 13914
13899,quad,13899 13900 13916 13915
13900,quad,13900 13901 13917 13916
13901,quad,13901 13902 13918 13917
13902,quad,13902 13903 13919 13918
13903,quad,13903 13888 13904 13919
13904,quad,13904 13905 13921 13920
13905,quad,13905 13906 13922 13921
13906,quad,13906 13907 13923 13922
13907,quad,13907 13908 13924 13923
13908,quad,13908 13909 13925 13924
13909,quad,13909 13910 13926 13925
13910,quad,13910 13911 13927 13926
13911,quad,13911 13912 13928 13927
13912,quad,13912 13913 13929 13928
13913,quad,13913 13914 13930 13929
13914,quad,13914 13915 13931 13930
13915,quad,13915 13916 13932 13931
13916,quad,13916 13917 13933 13932
13917,quad,13917 13918 13934 13933
13918,quad,13918 13919 13935 13934
13919,quad,13919 13904 13920 13935
13920,quad,13920 13921 13937 13936
13921,quad,13921 13922 13938 13937
13922,quad,13922 13923 13939 13938
13923,quad,13923 13924 13940 13939
13924,quad,13924 13925 13941 13940
13925,quad,13925 13926 13942 13941
13926,quad,13926 13927 13943 13942
13927,quad,13927 13928 13944 13943
13928,quad,13928 13929 13945 13944
13929,quad,13929 13930 13946 13945
13930,quad,13930 13931 13947 13946
13931,quad,13931 13932 13948 13947
13932,quad,13932 13933 13949 13948
13933,quad,13933 13934 13950 13949
13934,quad,13934 13935 13951 13950
13935,quad,13935 13920 13936 13951
13936,quad,13936 13937 13953 13952
13937,quad,13937 13938 13954 13953
13938,quad,13938 13939 13955 13954
13939,quad,13939 13940 13956 13955
13940,quad,13940 13941 13957 13956
13941,quad,13941 13942 13958 13957
13942,quad,13942 13943 13959 13958
13943,quad,13943 13944 13960 13959
13944,quad,13944 13945 13961 13960
13945,quad,13945 13946 13962 13961
13946,quad,13946 13947 13963 13962
13947,quad,13947 13948 13964 13963
13948,quad,13948 13949 13965 13964
13949,quad,13949 13950 13966 13965
13950,quad,13950 13951 13967 13966
13951,quad,13951 13936 13952 13967
13952,quad,13952 13953 13969 13968
13953,quad,13953 13954 13970 13969
13954,quad,13954 13955 13971 13970
13955,quad,13955 13956 13972 13971
13956,quad,13956 13957 13973 13972
13957,quad,13957 13958 13974 13973
13958,quad,13958 13959 13975 13974
13959,quad,13959 13960 13976 13975
13960,quad,13960 13961 13977 13976
13961,quad,13961 13962 13978 13977
13962,quad,13962 13963 13979 13978
13963,quad,13963 13964 13980 13979
13964,quad,13964 13965 13981 13980
13965,quad,13965 13966 13982 13981
13966,quad,13966 13967 13983 13982
13967,quad,13967 13952 13968 13983
13968,quad,13968 13969 13985 13984
13969,quad,13969 13970 13986 13985
13970,quad,13970 13971 13987 13986
13971,quad,13971 13972 13988 13987
13972,quad,13972 13973 13989 13988
13973,quad,13973 13974 13990 13989
13974,quad,13974 13975 13991 13990
13975,quad,13975 13976 13992 13991
13976,quad,13976 13977 13993 13992
13977,quad,13977 13978 13994 13993
13978,quad,13978 13979 13995 13994
13979,quad,13979 13980 13996 13995
13980,quad,13980 13981 13997 13996
13981,quad,13981 13982 13998 13997
13982,quad,13982 13983 13999 13998
13983,quad,13983 13968 13984 13999
13984,quad,13984 13985 14001 14000
13985,quad,13985 13986 14002 14001
13986,quad,13986 13987 14003 14002
13987,quad,13987 13988 14004 14003
13988,quad,13988 13989 14005 14004
13989,quad,13989 13990 14006 14005
13990,quad,13990 13991 14007 14006
13991,quad,13991 13992 14008 14007
13992,quad,13992 13993 14009 14008
13993,quad,13993 13994 14010 14009
13994,quad,13994 13995 14011 14010
13995,quad,13995 13996 14012 14011
13996,quad,13996 13997 14013 14012
13997,quad,13997 13998 14014 14013
13998,quad,13998 13999 14015 14014
13999,quad,13999 13984 14000 14015
14000,quad,14000 14001 14017 14016
14001,quad,14001 14002 14018 14017
14002,quad,14002 14003 14019 14018
14003,quad,14003 14004 14020 14019
14004,quad,14004 14005 14021 14020
14005,quad,14005 14006 14022 14021
14006,quad,14006 14007 14023 14022
14007,quad,14007 14008 14024 14023
14008,quad,14008 14009 14025 14024
14009,quad,14009 14010 14026 14025
14010,quad,14010 14011 14027 14026
14011,quad,14011 14012 14028 14027
14012,quad,14012 14013 14029 14028
14013,quad,14013 14014 14030 14029
14014,quad,14014 14015 14031 14030
14015,quad,14015 14000 14016 14031
14016,quad,14016 14017 14033 14032
14017,quad,14017 14018 14034 14033
14018,quad,14018 14019 14035 14034
14019,quad,14019 14020 14036 14035
14020,quad,14020 14021 14037 14036
14021,quad,14021 14022 14038 14037
14022,quad,14022 14023 14039 14038
14023,quad,14023 14024 14040 14039
14024,quad,14024 14025 14041 14040
14025,quad,14025 14026 14042 14041
14026,quad,14026 14027 14043 14042
14027,quad,14027 14028 14044 14043
14028,quad,14028 14029 14045 14044
14029,quad,14029 14030 14046 14045
14030,quad,14030 14031 14047 14046
14031,quad,14031 14016 14032 14047
14032,quad,14032 14033 14049 14048
14033,quad,14033 14034 14050 14049
14034,quad,14034 14035 14051 14050
14035,quad,14035 14036 14052 14051
14036,quad,14036 14037 14053 14052
14037,quad,14037 14038 14054 14053
14038,quad,14038 14039 14055 14054
14039,quad,14039 14040 14056 14055
14040,quad,14040 14041 14057 14056
14041,quad,14041 14042 14058 14057
14042,quad,14042 14043 14059 14058
14043,quad,14043 14044 14060 14059
14044,quad,14044 14045 14061 14060
14045,quad,14045 14046 14062 14061
14046,quad,14046 14047 14063 14062
14047,quad,14047 14032 14048 14063
14048,quad,14048 14049 14065 14064
14049,quad,14049 14050 14066 14065
14050,quad,14050 14051 14067 14066
14051,quad,14051 14052 14068 14067
14052,quad,14052 14053 14069 14068
14053,quad,14053 14054 14070 14069
14054,quad,14054 14055 14071 14070
14055,quad,14055 14056 14072 14071
14056,quad,14056 14057 14073 14072
14057,quad,14057 14058 14074 14073
14058,quad,14058 14059 14075 14074
14059,quad,14059 14060 14076 14075
14060,quad,14060 14061 14077 14076
14061,quad,14061 14062 14078 14077
14062,quad,14062 14063 14079 14078
14063,quad,14063 14048 14064 14079
14064,quad,14064 14065 14081 14080
14065,quad,14065 14066 14082 14081
14066,quad,14066 14067 14083 14082
14067,quad,14067 14068 14084 14083
14068,quad,14068 14069 14085 14084
14069,quad,14069 14070 14086 14085
14070,quad,14070 14071 14087 14086
14071,quad,14071 14072 14088 14087
14072,quad,14072 14073 14089 14088
14073,quad,14073 14074 14090 14089
14074,quad,14074 14075 14091 14090
14075,quad,14075 14076 14092 14091
14076,quad,14076 14077 14093 14092
14077,quad,14077 14078 14094 14093
14078,quad,14078 14079 14095 14094
14079,quad,14079 14064 14080 14095
14080,quad,14080 14081 14097 14096
14081,quad,14081 14082 14098 14097
14082,quad,14082 14083 14099 14098
14083,quad,14083 14084 14100 14099
14084,quad,14084 14085 14101 14100
14085,quad,14085 14086 14102 14101
14086,quad,14086 14087 14103 14102
14087,quad,14087 14088 14104 14103
14088,quad,14088 14089 14105 14104
14089,quad,14089 14090 14106 14105
14090,quad,14090 14091 14107 14106
14091,quad,14091 14092 14108 14107
14092,quad,14092 14093 14109 14108
14093,quad,14093 14094 14110 14109
14094,quad,14094 14095 14111 14110
14095,quad,14095 14080 14096 14111
14096,quad,14096 14097 14113 14112
14097,quad,14097 14098 14114 14113
14098,quad,14098 14099 14115 14114
14099,quad,14099 14100 14116 14115
14100,quad,14100 14101 14117 14116
14101,quad,14101 14102 14118 14117
14102,quad,14102 14103 14119 14118
14103,quad,14103 14104 14120 14119
14104,quad,14104 14105 14121 14120
14105,quad,14105 14106 14122 14121
14106,quad,14106 14107 14123 14122
14107,quad,14107 14108 14124 14123
14108,quad,14108 14109 14125 14124
14109,quad,14109 14110 14126 14125
14110,quad,14110 14111 14127 14126
14111,quad,14111 14096 14112 14127
14112,quad,14112 14113 14129 14128
14113,quad,14113 14114 14130 14129
14114,quad,14114 14115 14131 14130
14115,quad,14115 14116 14132 14131
14116,quad,14116 14117 14133 14132
14117,quad,14117 14118 14134 14133
14118,quad,14118 14119 14135 14134
14119,quad,14119 14120 14136 14135
14120,quad,14120 14121 14137 14136
14121,quad,14121 14122 14138 14137
14122,quad,14122 14123 14139 14138
14123,quad,14123 14124 14140 14139
14124,quad,14124 14125 14141 14140
14125,quad,14125 14126 14142 14141
14126,quad,14126 14127 14143 14142
14127,quad,14127 14112 14128 14143
14128,quad,14128 14129 14145 14144
14129,quad,14129 14130 14146 14145
14130,quad,14130 14131 14147 14146
14131,quad,14131 14132 14148 14147
14132,quad,14132 14133 14149 14148
14133,quad,14133 14134 14150 14149
14134,quad,14134 14135 14151 14150
14135,quad,14135 14136 14152 14151
14136,quad,14136 14137 14153 14152
14137,quad,14137 14138 14154 14153
14138,quad,14138 14139 14155 14154
14139,quad,14139 14140 14156 14155
14140,quad,14140 14141 14157 14156
14141,quad,14141 14142 14158 14157
14142,quad,14142 14143 14159 14158
14143,quad,14143 14128 14144 14159
14144,quad,14144 14145 14161 14160
14145,quad,14145 14146 14162 14161
14146,quad,14146 14147 14163 14162
14147,quad,14147 14148 14164 14163
14148,quad,14148 14149 14165 14164
14149,quad,14149 14150 14166 14165
14150,quad,14150 14151 14167 14166
14151,quad,14151 14152 14168 14167
14152,quad,14152 14153 14169 14168
14153,quad,14153 14154 14170 14169
14154,quad,14154 14155 14171 14170
14155,quad,14155 14156 14172 14171
14156,quad,14156 14157 14173 14172
14157,quad,14157 14158 14174 14173
14158,quad,14158 14159 14175 14174
14159,quad,14159 14144 14160 14175
14160,quad,14160 14161 14177 14176
14161,quad,14161 14162 14178 14177
14162,quad,14162 14163 14179 14178
14163,quad,14163 14164 14180 14179
14164,quad,14164 14165 14181 14180
14165,quad,14165 14166 14182 14181
14166,quad,14166 14167 14183 14182
14167,quad,14167 14168 14184 14183
14168,quad,14168 14169 14185 14184
14169,quad,14169 14170 14186 14185
14170,quad,14170 14171 14187 14186
14171,quad,14171 14172 14188 14187
14172,quad,14172 14173 14189 14188
14173,quad,14173 14174 14190 14189
14174,quad,14174 14175 14191 14190
14175,quad,14175 14160 14176 14191
14176,quad,14176 14177 14193 14192
14177,quad,14177 14178 14194 14193
14178,quad,14178 14179 14195 14194
14179,quad,14179 14180 14196 14195
14180,quad,14180 14181 14197 14196
14181,quad,14181 14182 14198 14197
14182,quad,14182 14183 14199 14198
14183,quad,14183 14184 14200 14199
14184,quad,14184 14185 14201 14200
14185,quad,14185 14186 14202 14201
14186,quad,14186 14187 14203 14202
14187,quad,14187 14188 14204 14203
14188,quad,14188 14189 14205 14204
14189,quad,14189 14190 14206 14205
14190,quad,14190 14191 14207 14206
14191,quad,14191 14176 14192 14207
14192,quad,14192 14193 14209 14208
14193,quad,14193 14194 14210 14209
14194,quad,14194 14195 14211 14210
14195,quad,14195 14196 14212 14211
14196,quad,14196 14197 14213 14212
14197,quad,14197 14198 14214 14213
14198,quad,14198 14199 14215 14214
14199,quad,14199 14200 14216 14215
14200,quad,14200 14201 14217 14216
14201,quad,14201 14202 14218 14217
14202,quad,14202 14203 14219 14218
14203,quad,14203 14204 14220 14219
14204,quad,14204 14205 14221 14220
14205,quad,14205 14206 14222 14221
14206,quad,14206 14207 14223 14222
14207,quad,14207 14192 14208 14223
14208,quad,14208 14209 14225 14224
14209,quad,14209 14210 14226 14225
14210,quad,14210 14211 14227 14226
14211,quad,14211 14212 14228 14227
14212,quad,14212 14213 14229 14228
14213,quad,14213 14214 14230 14229
14214,quad,14214 14215 14231 14230
14215,quad,14215 14216 14232 14231
14216,quad,14216 14217 14233 14232
14217,quad,14217 14218 14234 14233
14218,quad,14218 14219 14235 14234
14219,quad,14219 14220 14236 14235
14220,quad,14220 14221 14237 14236
14221,quad,14221 14222 14238 14237
14222,quad,14222 14223 14239 14238
14223,quad,14223 14208 14224 14239
14224,quad,14224 14225 14241 14240
14225,quad,14225 14226 14242 14241
14226,quad,14226 14227 14243 14242
14227,quad,14227 14228 14244 14243
14228,quad,14228 14229 14245 14244
14229,quad,14229 14230 14246 14245
14230,quad,14230 14231 14247 14246
14231,quad,14231 14232 14248 14247
14232,quad,14232 14233 14249 14248
14233,quad,14233 14234 14250 14249
14234,quad,14234 14235 14251 14250
14235,quad,14235 14236 14252 14251
14236,quad,14236 14237 14253 14252
14237,quad,14237 14238 14254 14253
14238,quad,14238 14239 14255 14254
14239,quad,14239 14224 14240 14255
14240,quad,14240 14241 14257 14256
14241,quad,14241 14242 14258 14257
14242,quad,14242 14243 14259 14258
14243,quad,14243 14244 14260 14259
14244,quad,14244 14245 14261 14260
14245,quad,14245 14246 14262 14261
14246,quad,14246 14247 14263 14262
14247,quad,14247 14248 14264 14263
14248,quad,14248 14249 14265 14264
14249,quad,14249 14250 14266 14265
14250,quad,14250 14251 14267 14266
14251,quad,14251 14252 14268 14267
14252,quad,14252 14253 14269 14268
14253,quad,14253 14254 14270 14269
14254,quad,14254 14255 14271 14270
14255,quad,14255 14240 14256 14271
14256,quad,14256 14257 14273 14272
14257,quad,14257 14258 14274 14273
14258,quad,14258 14259 14275 14274
14259,quad,14259 14260 14276 14275
14260,quad,14260 14261 14277 14276
14261,quad,14261 14262 14278 14277
14262,quad,14262 14263 14279 14278
14263,quad,14263 14264 14280 14279
14264,quad,14264 14265 14281 14280
14265,quad,14265 14266 14282 14281
14266,quad,14266 14267 14283 14282
14267,quad,14267 14268 14284 14283
14268,quad,14268 14269 14285 14284
14269,quad,14269 14270 14286 14285
14270,quad,14270 14271 14287 14286
14271,quad,14271 14256 14272 14287
14272,quad,14272 14273 14289 14288
14273,quad,14273 14274 14290 14289
14274,quad,14274 14275 14291 14290
14275,quad,14275 14276 14292 14291
14276,quad,14276 14277 14293 14292
14277,quad,14277 14278 14294 14293
14278,quad,14278 14279 14295 14294
14279,quad,14279 14280 14296 14295
14280,quad,14280 14281 14297 14296
14281,quad,14281 14282 14298 14297
14282,quad,14282 14283 14299 14298
14283,quad,14283 14284 14300 14299
14284,quad,14284 14285 14301 14300
14285,quad,14285 14286 14302 14301
14286,quad,14286 14287 14303 14302
14287,quad,14287 14272 14288 14303
14288,quad,14288 14289 14305 14304
14289,quad,14289 14290 14306 14305
14290,quad,14290 14291 14307 14306
14291,quad,14291 14292 14308 14307
14292,quad,14292 14293 14309 14308
14293,quad,14293 14294 14310 14309
14294,quad,14294 14295 14311 14310
14295,quad,14295 14296 14312 14311
14296,quad,14296 14297 14313 14312
14297,quad,14297 14298 14314 14313
14298,quad,14298 14299 14315 14314
14299,quad,14299 14300 14316 14315
14300,quad,14300 14301 14317 14316
14301,quad,14301 14302 14318 14317
14302,quad,14302 14303 14319 14318
14303,quad,14303 14288 14304 14319
14304,quad,14304 14305 14321 14320
14305,quad,14305 14306 14322 14321
14306,quad,14306 14307 14323 14322
14307,quad,14307 14308 14324 14323
14308,quad,14308 14309 14325 14324
14309,quad,14309 14310 14326 14325
14310,quad,14310 14311 14327 14326
14311,quad,14311 14312 14328 14327
14312,quad,14312 14313 14329 14328
14313,quad,14313 14314 14330 14329
14314,quad,14314 14315 14331 14330
14315,quad,14315 14316 14332 14331
14316,quad,14316 14317 14333 14332
14317,quad,14317 14318 14334 14333
14318,quad,14318 14319 14335 14334
14319,quad,14319 14304 14320 14335
14320,quad,14320 14321 14337 14336
14321,quad,14321 14322 14338 14337
14322,quad,14322 14323 14339 14338
14323,quad,14323 14324 14340 14339
14324,quad,14324 14325 14341 14340
14325,quad,14325 14326 14342 14341
14326,quad,14326 14327 14343 14342
14327,quad,14327 14328 14344 14343
14328,quad,14328 14329 14345 14344
14329,quad,14329 14330 14346 14345
14330,quad,14330 14331 14347 14346
14331,quad,14331 14332 14348 14347
14332,quad,14332 14333 14349 14348
14333,quad,14333 14334 14350 14349
14334,quad,14334 14335 14351 14350
14335,quad,14335 14320 14336 14351
14336,quad,14336 14337 14353 14352
14337,quad,14337 14338 14354 14353
14338,quad,14338 14339 14355 14354
14339,quad,14339 14340 14356 14355
14340,quad,14340 14341 14357 14356
14341,quad,14341 14342 14358 14357
14342,quad,14342 14343 14359 14358
14343,quad,14343 14344 14360 14359
14344,quad,14344 14345 14361 14360
14345,quad,14345 14346 14362 14361
14346,quad,14346 14347 14363 14362
14347,quad,14347 14348 14364 14363
14348,quad,14348 14349 14365 14364
14349,quad,14349 14350 14366 14365
14350,quad,14350 14351 14367 14366
14351,quad,14351 14336 14352 14367
14352,quad,14352 14353 14369 14368
14353,quad,14353 14354 14370 14369
14354,quad,14354 14355 14371 14370
14355,quad,14355 14356 14372 14371
14356,quad,14356 14357 14373 14372
14357,quad,14357 14358 14374 14373
14358,quad,14358 14359 14375 14374
14359,quad,14359 14360 14376 14375
14360,quad,14360 14361 14377 14376
14361,quad,14361 14362 14378 14377
14362,quad,14362 14363 14379 14378
14363,quad,14363 14364 14380 14379
14364,quad,14364 14365 14381 14380
14365,quad,14365 14366 14382 14381
14366,quad,14366 14367 14383 14382
14367,quad,14367 14352 14368 14383
14368,quad,14368 14369 14385 14384
14369,quad,14369 14370 14386 14385
14370,quad,14370 14371 14387 14386
14371,quad,14371 14372 14388 14387
14372,quad,14372 14373 14389 14388
14373,quad,14373 14374 14390 14389
14374,quad,14374 14375 14391 14390
14375,quad,14375 14376 14392 14391
14376,quad,14376 14377 14393 14392
14377,quad,14377 14378 14394 14393
14378,quad,14378 14379 14395 14394
14379,quad,14379 14380 14396 14395
14380,quad,14380 14381 14397 14396
14381,quad,14381 14382 14398 14397
14382,quad,14382 14383 14399 14398
14383,quad,14383 14368 14384 14399
14384,quad,14384 14385 14401 14400
14385,quad,14385 14386 14402 14401
14386,quad,14386 14387 14403 14402
14387,quad,14387 14388 14404 14403
14388,quad,14388 14389 14405 14404
14389,quad,14389 14390 14406 14405
14390,quad,14390 14391 14407 14406
14391,quad,14391 14392 14408 14407
14392,quad,14392 14393 14409 14408
14393,quad,14393 14394 14410 14409
14394,quad,14394 14395 14411 14410
14395,quad,14395 14396 14412 14411
14396,quad,14396 14397 14413 14412
14397,quad,14397 14398 14414 14413
14398,quad,14398 14399 14415 14414
14399,quad,14399 14384 14400 14415
14400,quad,14400 14401 14417 14416
14401,quad,14401 14402 14418 14417
14402,quad,14402 14403 14419 14418
14403,quad,14403 14404 14420 14419
14404,quad,14404 14405 14421 14420
14405,quad,14405 14406 14422 14421
14406,quad,14406 14407 14423 14422
14407,quad,14407 14408 14424 14423
14408,quad,14408 14409 14425 14424
14409,quad,14409 14410 14426 14425
14410,quad,14410 14411 14427 14426
14411,quad,14411 14412 14428 14427
14412,quad,14412 14413 14429 14428
14413,quad,14413 14414 14430 14429
14414,quad,14414 14415 14431 14430
14415,quad,14415 14400 14416 14431
14416,quad,14416 14417 14433 14432
14417,quad,14417 14418 14434 14433
14418,quad,14418 14419 14435 14434
14419,quad,14419 14420 14436 14435
14420,quad,14420 14421 14437 14436
14421,quad,14421 14422 14438 14437
14422,quad,14422 14423 14439 14438
14423,quad,14423 14424 14440 14439
14424,quad,14424 14425 14441 14440
14425,quad,14425 14426 14442 14441
14426,quad,14426 14427 14443 14442
14427,quad,14427 14428 14444 14443
14428,quad,14428 14429 14445 14444
14429,quad,14429 14430 14446 14445
14430,quad,14430 14431 14447 14446
14431,quad,14431 14416 14432 14447
14432,quad,14432 14433 14449 14448
14433,quad,14433 14434 14450 14449
14434,quad,14434 14435 14451 14450
14435,quad,14435 14436 14452 14451
14436,quad,14436 14437 14453 14452
14437,quad,14437 14438 14454 14453
14438,quad,14438 14439 14455 14454
14439,quad,14439 14440 14456 14455
14440,quad,14440 14441 14457 14456
14441,quad,14441 14442 14458 14457
14442,quad,14442 14443 14459 14458
14443,quad,14443 14444 14460 14459
14444,quad,14444 14445 14461 14460
14445,quad,14445 14446 14462 14461
14446,quad,14446 14447 14463 14462
14447,quad,14447 14432 14448 14463
14448,quad,14448 14449 14465 14464
14449,quad,14449 14450 14466 14465
14450,quad,14450 14451 14467 14466
14451,quad,14451 14452 14468 14467
14452,quad,14452 14453 14469 14468
14453,quad,14453 14454 14470 14469
14454,quad,14454 14455 14471 14470
14455,quad,14455 14456 14472 14471
14456,quad,14456 14457 14473 14472
14457,quad,14457 14458 14474 14473
14458,quad,14458 14459 14475 14474
14459,quad,14459 14460 14476 14475
14460,quad,14460 14461 14477 14476
14461,quad,14461 14462 14478 14477
14462,quad,14462 14463 14479 14478
14463,quad,14463 14448 14464 14479
14464,quad,14464 14465 14481 14480
14465,quad,14465 14466 14482 14481
14466,quad,14466 14467 14483 14482
14467,quad,14467 14468 14484 14483
14468,quad,14468 14469 14485 14484
14469,quad,14469 14470 14486 14485
14470,quad,14470 14471 14487 14486
14471,quad,14471 14472 14488 14487
14472,quad,14472 14473 14489 14488
14473,quad,14473 14474 14490 14489
14474,quad,14474 14475 14491 14490
14475,quad,14475 14476 14492 14491
14476,quad,14476 14477 14493 14492
14477,quad,14477 14478 14494 14493
14478,quad,14478 14479 14495 14494
14479,quad,14479 14464 14480 14495
14480,quad,14480 14481 14497 14496
14481,quad,14481 14482 14498 14497
14482,quad,14482 14483 14499 14498
14483,quad,14483 14484 14500 14499
14484,quad,14484 14485 14501 14500
14485,quad,14485 14486 14502 14501
14486,quad,14486 14487 14503 14502
14487,quad,14487 14488 14504 14503
14488,quad,14488 14489 14505 14504
14489,quad,14489 14490 14506 14505
14490,quad,14490 14491 14507 14506
14491,quad,14491 14492 14508 14507
14492,quad,14492 14493 14509 14508
14493,quad,14493 14494 14510 14509
14494,quad,14494 14495 14511 14510
14495,quad,14495 14480 14496 14511
14496,quad,14496 14497 14513 14512
14497,quad,14497 14498 14514 14513
14498,quad,14498 14499 14515 14514
14499,quad,14499 14500 14516 14515
14500,quad,14500 14501 14517 14516
14501,quad,14501 14502 14518 14517
14502,quad,14502 14503 14519 14518
14503,quad,14503 14504 14520 14519
14504,quad,14504 14505 14521 14520
14505,quad,14505 14506 14522 14521
14506,quad,14506 14507 14523 14522
14507,quad,14507 14508 14524 14523
14508,quad,14508 14509 14525 14524
14509,quad,14509 14510 14526 14525
14510,quad,14510 14511 14527 14526
14511,quad,14511 14496 14512 14527
14512,quad,14512 14513 14529 14528
14513,quad,14513 14514 14530 14529
14514,quad,14514 14515 14531 14530
14515,quad,14515 14516 14532 14531
14516,quad,14516 14517 14533 14532
14517,quad,14517 14518 14534 14533
14518,quad,14518 14519 14535 14534
14519,quad,14519 14520 14536 14535
14520,quad,14520 14521 14537 14536
14521,quad,14521 14522 14538 14537
14522,quad,14522 14523 14539 14538
14523,quad,14523 14524 14540 14539
14524,quad,14524 14525 14541 14540
14525,quad,14525 14526 14542 14541
14526,quad,14526 14527 14543 14542
14527,quad,14527 14512 14528 14543
14528,quad,14528 14529 14545 14544
14529,quad,14529 14530 14546 14545
14530,quad,14530 14531 14547 14546
14531,quad,14531 14532 14548 14547
14532,quad,14532 14533 14549 14548
14533,quad,14533 14534 14550 14549
14534,quad,14534 14535 14551 14550
14535,quad,14535 14536 14552 14551
14536,quad,14536 14537 14553 14552
14537,quad,14537 14538 14554 14553
14538,quad,14538 14539 14555 14554
14539,quad,14539 14540 14556 14555
14540,quad,14540 14541 14557 14556
14541,quad,14541 14542 14558 14557
14542,quad,14542 14543 14559 14558
14543,quad,14543 14528 14544 14559
14544,quad,14544 14545 14561 14560
14545,quad,14545 14546 14562 14561
14546,quad,14546 14547 14563 14562
14547,quad,14547 14548 14564 14563
14548,quad,14548 14549 14565 14564
14549,quad,14549 14550 14566 14565
14550,quad,14550 14551 14567 14566
14551,quad,14551 14552 14568 14567
14552,quad,14552 14553 14569 14568
14553,quad,14553 14554 14570 14569
14554,quad,14554 14555 14571 14570
14555,quad,14555 14556 14572 14571
14556,quad,14556 14557 14573 14572
14557,quad,14557 14558 14574 14573
14558,quad,14558 14559 14575 14574
14559,quad,14559 14544 14560 14575
14560,quad,14560 14561 14577 14576
14561,quad,14561 14562 14578 14577
14562,quad,14562 14563 14579 14578
14563,quad,14563 14564 14580 14579
14564,quad,14564 14565 14581 14580
14565,quad,14565 14566 14582 14581
14566,quad,14566 14567 14583 14582
14567,quad,14567 14568 14584 14583
14568,quad,14568 14569 14585 14584
14569,quad,14569 14570 14586 14585
14570,quad,14570 14571 14587 14586
14571,quad,14571 14572 14588 14587
14572,quad,14572 14573 14589 14588
14573,quad,14573 14574 14590 14589
14574,quad,14574 14575 14591 14590
14575,quad,14575 14560 14576 14591
14576,quad,14576 14577 14593 14592
14577,quad,14577 14578 14594 14593
14578,quad,14578 14579 14595 14594
14579,quad,14579 14580 14596 14595
14580,quad,14580 14581 14597 14596
14581,quad,14581 14582 14598 14597
14582,quad,14582 14583 14599 14598
14583,quad,14583 14584 14600 14599
14584,quad,14584 14585 14601 14600
14585,quad,14585 14586 14602 14601
14586,quad,14586 14587 14603 14602
14587,quad,14587 14588 14604 14603
14588,quad,14588 14589 14605 14604
14589,quad,14589 14590 14606 14605
14590,quad,14590 14591 14607 14606
14591,quad,14591 14576 14592 14607
14592,quad,14592 14593 14609 14608
14593,quad,14593 14594 14610 14609
14594,quad,14594 14595 14611 14610
14595,quad,14595 14596 14612 14611
14596,quad,14596 14597 14613 14612
14597,quad,14597 14598 14614 14613
14598,quad,14598 14599 14615 14614
14599,quad,14599 14600 14616 14615
14600,quad,14600 14601 14617 14616
14601,quad,14601 14602 14618 14617
14602,quad,14602 14603 14619 14618
14603,quad,14603 14604 14620 14619
14604,quad,14604 14605 14621 14620
14605,quad,14605 14606 14622 14621
14606,quad,14606 14607 14623 14622
14607,quad,14607 14592 14608 14623
14608,quad,14608 14609 14625 14624
14609,quad,14609 14610 14626 14625
14610,quad,14610 14611 14627 14626
14611,quad,14611 14612 14628 14627
14612,quad,14612 14613 14629 14628
14613,quad,14613 14614 14630 14629
14614,quad,14614 14615 14631 14630
14615,quad,14615 14616 14632 14631
14616,quad,14616 14617 14633 14632
14617,quad,14617 14618 14634 14633
14618,quad,14618 14619 14635 14634
14619,quad,14619 14620 14636 14635
14620,quad,14620 14621 14637 14636
14621,quad,14621 14622 14638 14637
14622,quad,14622 14623 14639 14638
14623,quad,14623 14608 14624 14639
14624,quad,14624 14625 14641 14640
14625,quad,14625 14626 14642 14641
14626,quad,14626 14627 14643 14642
14627,quad,14627 14628 14644 14643
14628,quad,14628 14629 14645 14644
14629,quad,14629 14630 14646 14645
14630,quad,14630 14631 14647 14646
14631,quad,14631 14632 14648 14647
14632,quad,14632 14633 14649 14648
14633,quad,14633 14634 14650 14649
14634,quad,14634 14635 14651 14650
14635,quad,14635 14636 14652 14651
14636,quad,14636 14637 14653 14652
14637,quad,14637 14638 14654 14653
14638,quad,14638 14639 14655 14654
14639,quad,14639 14624 14640 14655
14640,quad,14640 14641 14657 14656
14641,quad,14641 14642 14658 14657
14642,quad,14642 14643 14659 14658
14643,quad,14643 14644 14660 14659
14644,quad,14644 14645 14661 14660
14645,quad,14645 14646 14662 14661
14646,quad,14646 14647 14663 14662
14647,quad,14647 14648 14664 14663
14648,quad,14648 14649 14665 14664
14649,quad,14649 14650 14666 14665
14650,quad,14650 14651 14667 14666
14651,quad,14651 14652 14668 14667
14652,quad,14652 14653 14669 14668
14653,quad,14653 14654 14670 14669
14654,quad,14654 14655 14671 14670
14655,quad,14655 14640 14656 14671
14656,quad,14656 14657 14673 14672
14657,quad,14657 14658 14674 14673
14658,quad,14658 14659 14675 14674
14659,quad,14659 14660 14676 14675
14660,quad,14660 14661 14677 14676
14661,quad,14661 14662 14678 14677
14662,quad,14662 14663 14679 14678
14663,quad,14663 14664 14680 14679
14664,quad,14664 14665 14681 14680
14665,quad,14665 14666 14682 14681
14666,quad,14666 14667 14683 14682
14667,quad,14667 14668 14684 14683
14668,quad,14668 14669 14685 14684
14669,quad,14669 14670 14686 14685
14670,quad,14670 14671 14687 14686
14671,quad,14671 14656 14672 14687
14672,quad,14672 14673 14689 14688
14673,quad,14673 14674 14690 14689
14674,quad,14674 14675 14691 14690
14675,quad,14675 14676 14692 14691
14676,quad,14676 14677 14693 14692
14677,quad,14677 14678 14694 14693
14678,quad,14678 14679 14695 14694
14679,quad,14679 14680 14696 14695
14680,quad,14680 14681 14697 14696
14681,quad,14681 14682 14698 14697
14682,quad,14682 14683 14699 14698
14683,quad,14683 14684 14700 14699
14684,quad,14684 14685 14701 14700
14685,quad,14685 14686 14702 14701
14686,quad,14686 14687 14703 14702
14687,quad,14687 14672 14688 14703
14688,quad,14688 14689 14705 14704
14689,quad,14689 14690 14706 14705
14690,quad,14690 14691 14707 14706
14691,quad,14691 14692 14708 14707
14692,quad,14692 14693 14709 14708
14693,quad,14693 14694 14710 14709
14694,quad,14694 14695 14711 14710
14695,quad,14695 14696 14712 14711
14696,quad,14696 14697 14713 14712
14697,quad,14697 14698 14714 14713
14698,quad,14698 14699 14715 14714
14699,quad,14699 14700 14716 14715
14700,quad,14700 14701 14717 14716
14701,quad,14701 14702 14718 14717
14702,quad,14702 14703 14719 14718
14703,quad,14703 14688 14704 14719
14704,quad,14704 14705 14721 14720
14705,quad,14705 14706 14722 14721
14706,quad,14706 14707 14723 14722
14707,quad,14707 14708 14724 14723
14708,quad,14708 14709 14725 14724
14709,quad,14709 14710 14726 14725
14710,quad,14710 14711 14727 14726
14711,quad,14711 14712 14728 14727
14712,quad,14712 14713 14729 14728
14713,quad,14713 14714 14730 14729
14714,quad,14714 14715 14731 14730
14715,quad,14715 14716 14732 14731
14716,quad,14716 14717 14733 14732
14717,quad,14717 14718 14734 14733
14718,quad,14718 14719 14735 14734
14719,quad,14719 14704 14720 14735
14720,quad,14720 14721 14737 14736
14721,quad,14721 14722 14738 14737
14722,quad,14722 14723 14739 14738
14723,quad,14723 14724 14740 14739
14724,quad,14724 14725 14741 14740
14725,quad,14725 14726 14742 14741
14726,quad,14726 14727 14743 14742
14727,quad,14727 14728 14744 14743
14728,quad,14728 14729 14745 14744
14729,quad,14729 14730 14746 14745
14730,quad,14730 14731 14747 14746
14731,quad,14731 14732 14748 14747
14732,quad,14732 14733 14749 14748
14733,quad,14733 14734 14750 14749
14734,quad,14734 14735 14751 14750
14735,quad,14735 14720 14736 14751
14736,quad,14736 14737 14753 14752
14737,quad,14737 14738 14754 14753
14738,quad,14738 14739 14755 14754
14739,quad,14739 14740 14756 14755
14740,quad,14740 14741 14757 14756
14741,quad,14741 14742 14758 14757
14742,quad,14742 14743 14759 14758
14743,quad,14743 14744 14760 14759
14744,quad,14744 14745 14761 14760
14745,quad,14745 14746 14762 14761
14746,quad,14746 14747 14763 14762
14747,quad,14747 14748 14764 14763
14748,quad,14748 14749 14765 14764
14749,quad,14749 14750 14766 14765
14750,quad,14750 14751 14767 14766
14751,quad,14751 14736 14752 14767
14752,quad,14752 14753 14769 14768
14753,quad,14753 14754 14770 14769
14754,quad,14754 14755 14771 14770
14755,quad,14755 14756 14772 14771
14756,quad,14756 14757 14773 14772
14757,quad,14757 14758 14774 14773
14758,quad,14758 14759 14775 14774
14759,quad,14759 14760 14776 14775
14760,quad,14760 14761 14777 14776
14761,quad,14761 14762 14778 14777
14762,quad,14762 14763 14779 14778
14763,quad,14763 14764 14780 14779
14764,quad,14764 14765 14781 14780
14765,quad,14765 14766 14782 14781
14766,quad,14766 14767 14783 14782
14767,quad,14767 14752 14768 14783
14768,quad,14768 14769 14785 14784
14769,quad,14769 14770 14786 14785
14770,quad,14770 14771 14787 14786
14771,quad,14771 14772 14788 14787
14772,quad,14772 14773 14789 14788
14773,quad,14773 14774 14790 14789
14774,quad,14774 14775 14791 14790
14775,quad,14775 14776 14792 14791
14776,quad,14776 14777 14793 14792
14777,quad,14777 14778 14794 14793
14778,quad,14778 14779 14795 14794
14779,quad,14779 14780 14796 14795
14780,quad,14780 14781 14797 14796
14781,quad,14781 14782 14798 14797
14782,quad,14782 14783 14799 14798
14783,quad,14783 14768 14784 14799
14784,quad,14784 14785 14801 14800
14785,quad,14785 14786 14802 14801
14786,quad,14786 14787 14803 14802
14787,quad,14787 14788 14804 14803
14788,quad,14788 14789 14805 14804
14789,quad,14789 14790 14806 14805
14790,quad,14790 14791 14807 14806
14791,quad,14791 14792 14808 14807
14792,quad,14792 14793 14809 14808
14793,quad,14793 14794 14810 14809
14794,quad,14794 14795 14811 14810
14795,quad,14795 14796 14812 14811
14796,quad,14796 14797 14813 14812
14797,quad,14797 14798 14814 14813
14798,quad,14798 14799 14815 14814
14799,quad,14799 14784 14800 14815
14800,quad,14800 14801 14817 14816
14801,quad,14801 14802 14818 14817
14802,quad,14802 14803 14819 14818
14803,quad,14803 14804 14820 14819
14804,quad,14804 14805 14821 14820
14805,quad,14805 14806 14822 14821
14806,quad,14806 14807 14823 14822
14807,quad,14807 14808 14824 14823
14808,quad,14808 14809 14825 14824
14809,quad,14809 14810 14826 14825
14810,quad,14810 14811 14827 14826
14811,quad,14811 14812 14828 14827
14812,quad,14812 14813 14829 14828
14813,quad,14813 14814 14830 14829
14814,quad,14814 14815 14831 14830
14815,quad,14815 14800 14816 14831
14816,quad,14816 14817 14833 14832
14817,quad,14817 14818 14834 14833
14818,quad,14818 14819 14835 14834
14819,quad,14819 14820 14836 14835
14820,quad,14820 14821 14837 14836
14821,quad,14821 14822 14838 14837
14822,quad,14822 14823 14839 14838
14823,quad,14823 14824 14840 14839
14824,quad,14824 14825 14841 14840
14825,quad,14825 14826 14842 14841
14826,quad,14826 14827 14843 14842
14827,quad,14827 14828 14844 14843
14828,quad,14828 14829 14845 14844
14829,quad,14829 14830 14846 14845
14830,quad,14830 14831 14847 14846
14831,quad,14831 14816 14832 14847
14832,quad,14832 14833 14849 14848
14833,quad,14833 14834 14850 14849
14834,quad,14834 14835 14851 14850
14835,quad,14835 14836 14852 14851
14836,quad,14836 14837 14853 14852
14837,quad,14837 14838 14854 14853
14838,quad,14838 14839 14855 14854
14839,quad,14839 14840 14856 14855
14840,quad,14840 14841 14857 14856
14841,quad,14841 14842 14858 14857
14842,quad,14842 14843 14859 14858
14843,quad,14843 14844 14860 14859
14844,quad,14844 14845 14861 14860
14845,quad,14845 14846 14862 14861
14846,quad,14846 14847 14863 14862
14847,quad,14847 14832 14848 14863
14848,quad,14848 14849 14865 14864
14849,quad,14849 14850 14866 14865
14850,quad,14850 14851 14867 14866
14851,quad,14851 14852 14868 14867
14852,quad,14852 14853 14869 14868
14853,quad,14853 14854 14870 14869
14854,quad,14854 14855 14871 14870
14855,quad,14855 14856 14872 14871
14856,quad,14856 14857 14873 14872
14857,quad,14857 14858 14874 14873
14858,quad,14858 14859 14875 14874
14859,quad,14859 14860 14876 14875
14860,quad,14860 14861 14877 14876
14861,quad,14861 14862 14878 14877
14862,quad,14862 14863 14879 14878
14863,quad,14863 14848 14864 14879
14864,quad,14864 14865 14881 14880
14865,quad,14865 14866 14882 14881
14866,quad,14866 14867 14883 14882
14867,quad,14867 14868 14884 14883
14868,quad,14868 14869 14885 14884
14869,quad,14869 14870 14886 14885
14870,quad,14870 14871 14887 14886
14871,quad,14871 14872 14888 14887
14872,quad,14872 14873 14889 14888
14873,quad,14873 14874 14890 14889
14874,quad,14874 14875 14891 14890
14875,quad,14875 14876 14892 14891
14876,quad,14876 14877 14893 14892
14877,quad,14877 14878 14894 14893
14878,quad,14878 14879 14895 14894
14879,quad,14879 14864 14880 14895
14880,quad,14880 14881 14897 14896
14881,quad,14881 14882 14898 14897
14882,quad,14882 14883 14899 14898
14883,quad,14883 14884 14900 14899
14884,quad,14884 14885 14901 14900
14885,quad,14885 14886 14902 14901
14886,quad,14886 14887 14903 14902
14887,quad,14887 14888 14904 14903
14888,quad,14888 14889 14905 14904
14889,quad,14889 14890 14906 14905
14890,quad,14890 14891 14907 14906
14891,quad,14891 14892 14908 14907
14892,quad,14892 14893 14909 14908
14893,quad,14893 14894 14910 14909
14894,quad,14894 14895 14911 14910
14895,quad,14895 14880 14896 14911
14896,quad,14896 14897 14913 14912
14897,quad,14897 14898 14914 14913
14898,quad,14898 14899 14915 14914
14899,quad,14899 14900 14916 14915
14900,quad,14900 14901 14917 14916
14901,quad,14901 14902 14918 14917
14902,quad,14902 14903 14919 14918
14903,quad,14903 14904 14920 14919
14904,quad,14904 14905 14921 14920
14905,quad,14905 14906 14922 14921
14906,quad,14906 14907 14923 14922
14907,quad,14907 14908 14924 14923
14908,quad,14908 14909 14925 14924
14909,quad,14909 14910 14926 14925
14910,quad,14910 14911 14927 14926
14911,quad,14911 14896 14912 14927
14912,quad,14912 14913 14929 14928
14913,quad,14913 14914 14930 14929
14914,quad,14914 14915 14931 14930
14915,quad,14915 14916 14932 14931
14916,quad,14916 14917 14933 14932
14917,quad,14917 14918 14934 14933
14918,quad,14918 14919 14935 14934
14919,quad,14919 14920 14936 14935
14920,quad,14920 14921 14937 14936
14921,quad,14921 14922 14938 14937
14922,quad,14922 14923 14939 14938
14923,quad,14923 14924 14940 14939
14924,quad,14924 14925 14941 14940
14925,quad,14925 14926 14942 14941
14926,quad,14926 14927 14943 14942
14927,quad,14927 14912 14928 14943
14928,quad,14928 14929 14945 14944
14929,quad,14929 14930 14946 14945
14930,quad,14930 14931 14947 14946
14931,quad,14931 14932 14948 14947
14932,quad,14932 14933 14949 14948
14933,quad,14933 14934 14950 14949
14934,quad,14934 14935 14951 14950
14935,quad,14935 14936 14952 14951
14936,quad,14936 14937 14953 14952
14937,quad,14937 14938 14954 14953
14938,quad,14938 14939 14955 14954
14939,quad,14939 14940 14956 14955
14940,quad,14940 14941 14957 14956
14941,quad,14941 14942 14958 14957
14942,quad,14942 14943 14959 14958
14943,quad,14943 14928 14944 14959
14944,quad,14944 14945 14961 14960
14945,quad,14945 14946 14962 14961
14946,quad,14946 14947 14963 14962
14947,quad,14947 14948 14964 14963
14948,quad,14948 14949 14965 14964
14949,quad,14949 14950 14966 14965
14950,quad,14950 14951 14967 14966
14951,quad,14951 14952 14968 14967
14952,quad,14952 14953 14969 14968
14953,quad,14953 14954 14970 14969
14954,quad,14954 14955 14971 14970
14955,quad,14955 14956 14972 14971
14956,quad,14956 14957 14973 14972
14957,quad,14957 14958 14974 14973
14958,quad,14958 14959 14975 14974
14959,quad,14959 14944 14960 14975
14960,quad,14960 14961 14977 14976
14961,quad,14961 14962 14978 14977
14962,quad,14962 14963 14979 14978
14963,quad,14963 14964 14980 14979
14964,quad,14964 14965 14981 14980
14965,quad,14965 14966 14982 14981
14966,quad,14966 14967 14983 14982
14967,quad,14967 14968 14984 14983
14968,quad,14968 14969 14985 14984
14969,quad,14969 14970 14986 14985
14970,quad,14970 14971 14987 14986
14971,quad,14971 14972 14988 14987
14972,quad,14972 14973 14989 14988
14973,quad,14973 14974 14990 14989
14974,quad,14974 14975 14991 14990
14975,quad,14975 14960 14976 14991
14976,quad,14976 14977 14993 14992
14977,quad,14977 14978 14994 14993
14978,quad,14978 14979 14995 14994
14979,quad,14979 14980 14996 14995
14980,quad,14980 14981 14997 14996
14981,quad,14981 14982 14998 14997
14982,quad,14982 14983 14999 14998
14983,quad,14983 14984 15000 14999
14984,quad,14984 14985 15001 15000
14985,quad,14985 14986 15002 15001
14986,quad,14986 14987 15003 15002
14987,quad,14987 14988 15004 15003
14988,quad,14988 14989 15005 15004
14989,quad,14989 14990 15006 15005
14990,quad,14990 14991 15007 15006
14991,quad,14991 14976 14992 15007
14992,quad,14992 14993 15009 15008
14993,quad,14993 14994 15010 15009
14994,quad,14994 14995 15011 15010
14995,quad,14995 14996 15012 15011
14996,quad,14996 14997 15013 15012
14997,quad,14997 14998 15014 15013
14998,quad,14998 14999 15015 15014
14999,quad,14999 15000 15016 15015
15000,quad,15000 15001 15017 15016
15001,quad,15001 15002 15018 15017
15002,quad,15002 15003 15019 15018
15003,quad,15003 15004 15020 15019
15004,quad,15004 15005 15021 15020
15005,quad,15005 15006 15022 15021
15006,quad,15006 15007 15023 15022
15007,quad,15007 14992 15008 15023
15008,quad,15008 15009 15025 15024
15009,quad,15009 15010 15026 15025
15010,quad,15010 15011 15027 15026
15011,quad,15011 15012 15028 15027
15012,quad,15012 15013 15029 15028
15013,quad,15013 15014 15030 15029
15014,quad,15014 15015 15031 15030
15015,quad,15015 15016 15032 15031
15016,quad,15016 15017 15033 15032
15017,quad,15017 15018 15034 15033
15018,quad,15018 15019 15035 15034
15019,quad,15019 15020 15036 15035
15020,quad,15020 15021 15037 15036
15021,quad,15021 15022 15038 15037
15022,quad,15022 15023 15039 15038
15023,quad,15023 15008 15024 15039
15024,quad,15024 15025 15041 15040
15025,quad,15025 15026 15042 15041
15026,quad,15026 15027 15043 15042
15027,quad,15027 15028 15044 15043
15028,quad,15028 15029 15045 15044
15029,quad,15029 15030 15046 15045
15030,quad,15030 15031 15047 15046
15031,quad,15031 15032 15048 15047
15032,quad,15032 15033 15049 15048
15033,quad,15033 15034 15050 15049
15034,quad,15034 15035 15051 15050
15035,quad,15035 15036 15052 15051
15036,quad,15036 15037 15053 15052
15037,quad,15037 15038 15054 15053
15038,quad,15038 15039 15055 15054
15039,quad,15039 15024 15040 15055
15040,quad,15040 15041 15057 15056
15041,quad,15041 15042 15058 15057
15042,quad,15042 15043 15059 15058
15043,quad,15043 15044 15060 15059
15044,quad,15044 15045 15061 15060
15045,quad,15045 15046 15062 15061
15046,quad,15046 15047 15063 15062
15047,quad,15047 15048 15064 15063
15048,quad,15048 15049 15065 15064
15049,quad,15049 15050 15066 15065
15050,quad,15050 15051 15067 15066
15051,quad,15051 15052 15068 15067
15052,quad,15052 15053 15069 15068
15053,quad,15053 15054 15070 15069
15054,quad,15054 15055 15071 15070
15055,quad,15055 15040 15056 15071
15056,quad,15056 15057 15073 15072
15057,quad,15057 15058 15074 15073
15058,quad,15058 15059 15075 15074
15059,quad,15059 15060 15076 15075
15060,quad,15060 15061 15077 15076
15061,quad,15061 15062 15078 15077
15062,quad,15062 15063 15079 15078
15063,quad,15063 15064 15080 15079
15064,quad,15064 15065 15081 15080
15065,quad,15065 15066 15082 15081
15066,quad,15066 15067 15083 15082
15067,quad,15067 15068 15084 15083
15068,quad,15068 15069 15085 15084
15069,quad,15069 15070 15086 15085
15070,quad,15070 15071 15087 15086
15071,quad,15071 15056 15072 15087
15072,quad,15072 15073 15089 15088
15073,quad,15073 15074 15090 15089
15074,quad,15074 15075 15091 15090
15075,quad,15075 15076 15092 15091
15076,quad,15076 15077 15093 15092
15077,quad,15077 15078 15094 15093
15078,quad,15078 15079 15095 15094
15079,quad,15079 15080 15096 15095
15080,quad,15080 15081 15097 15096
15081,quad,15081 15082 15098 15097
15082,quad,15082 15083 15099 15098
15083,quad,15083 15084 15100 15099
15084,quad,15084 15085 15101 15100
15085,quad,15085 15086 15102 15101
15086,quad,15086 15087 15103 15102
15087,quad,15087 15072 15088 15103
15088,quad,15088 15089 15105 15104
15089,quad,15089 15090 15106 15105
15090,quad,15090 15091 15107 15106
15091,quad,15091 15092 15108 15107
15092,quad,15092 15093 15109 15108
15093,quad,15093 15094 15110 15109
15094,quad,15094 15095 15111 15110
15095,quad,15095 15096 15112 15111
15096,quad,15096 15097 15113 15112
15097,quad,15097 15098 15114 15113
15098,quad,15098 15099 15115 15114
15099,quad,15099 15100 15116 15115
15100,quad,15100 15101 15117 15116
15101,quad,15101 15102 15118 15117
15102,quad,15102 15103 15119 15118
15103,quad,15103 15088 15104 15119
15104,quad,15104 15105 15121 15120
15105,quad,15105 15106 15122 15121
15106,quad,15106 15107 15123 15122
15107,quad,15107 15108 15124 15123
15108,quad,15108 15109 15125 15124
15109,quad,15109 15110 15126 15125
15110,quad,15110 15111 15127 15126
15111,quad,15111 15112 15128 15127
15112,quad,15112 15113 15129 15128
15113,quad,15113 15114 15130 15129
15114,quad,15114 15115 15131 15130
15115,quad,15115 15116 15132 15131
15116,quad,15116 15117 15133 15132
15117,quad,15117 15118 15134 15133
15118,quad,15118 15119 15135 15134
15119,quad,15119 15104 15120 15135
15120,quad,15120 15121 15137 15136
15121,quad,15121 15122 15138 15137
15122,quad,15122 15123 15139 15138
15123,quad,15123 15124 15140 15139
15124,quad,15124 15125 15141 15140
15125,quad,15125 15126 15142 15141
15126,quad,15126 15127 15143 15142
15127,quad,15127 15128 15144 15143
15128,quad,15128 15129 15145 15144
15129,quad,15129 15130 15146 15145
15130,quad,15130 15131 15147 15146
15131,quad,15131 15132 15148 15147
15132,quad,15132 15133 15149 15148
15133,quad,15133 15134 15150 15149
15134,quad,15134 15135 15151 15150
15135,quad,15135 15120 15136 15151
15136,quad,15136 15137 15153 15152
15137,quad,15137 15138 15154 15153
15138,quad,15138 15139 15155 15154
15139,quad,15139 15140 15156 15155
15140,quad,15140 15141 15157 15156
15141,quad,15141 15142 15158 15157
15142,quad,15142 15143 15159 15158
15143,quad,15143 15144 15160 15159
15144,quad,15144 15145 15161 15160
15145,quad,15145 15146 15162 15161
15146,quad,15146 15147 15163 15162
15147,quad,15147 15148 15164 15163
15148,quad,15148 15149 15165 15164
15149,quad,15149 15150 15166 15165
15150,quad,15150 15151 15167 15166
15151,quad,15151 15136 15152 15167
15152,quad,15152 15153 15169 15168
15153,quad,15153 15154 15170 15169
15154,quad,15154 15155 15171 15170
15155,quad,15155 15156 15172 15171
15156,quad,15156 15157 15173 15172
15157,quad,15157 15158 15174 15173
15158,quad,15158 15159 15175 15174
15159,quad,15159 15160 15176 15175
15160,quad,15160 15161 15177 15176
15161,quad,15161 15162 15178 15177
15162,quad,15162 15163 15179 15178
15163,quad,15163 15164 15180 15179
15164,quad,15164 15165 15181 15180
15165,quad,15165 15166 15182 15181
15166,quad,15166 15167 15183 15182
15167,quad,15167 15152 15168 15183
15168,quad,15168 15169 15185 15184
15169,quad,15169 15170 15186 15185
15170,quad,15170 15171 15187 15186
15171,quad,15171 15172 15188 15187
15172,quad,15172 15173 15189 15188
15173,quad,15173 15174 15190 15189
15174,quad,15174 15175 15191 15190
15175,quad,15175 15176 15192 15191
15176,quad,15176 15177 15193 15192
15177,quad,15177 15178 15194 15193
15178,quad,15178 15179 15195 15194
15179,quad,15179 15180 15196 15195
15180,quad,15180 15181 15197 15196
15181,quad,15181 15182 15198 15197
15182,quad,15182 15183 15199 15198
15183,quad,15183 15168 15184 15199
15184,quad,15184 15185 15201 15200
15185,quad,15185 15186 15202 15201
15186,quad,15186 15187 15203 15202
15187,quad,15187 15188 15204 15203
15188,quad,15188 15189 15205 15204
15189,quad,15189 15190 15206 15205
15190,quad,15190 15191 15207 15206
15191,quad,15191 15192 15208 15207
15192,quad,15192 15193 15209 15208
15193,quad,15193 15194 15210 15209
15194,quad,15194 15195 15211 15210
15195,quad,15195 15196 15212 15211
15196,quad,15196 15197 15213 15212
15197,quad,15197 15198 15214 15213
15198,quad,15198 15199 15215 15214
15199,quad,15199 15184 15200 15215
15200,quad,15200 15201 15217 15216
15201,quad,15201 15202 15218 15217
15202,quad,15202 15203 15219 15218
15203,quad,15203 15204 15220 15219
15204,quad,15204 15205 15221 15220
15205,quad,15205 15206 15222 15221
15206,quad,15206 15207 15223 15222
15207,quad,15207 15208 15224 15223
15208,quad,15208 15209 15225 15224
15209,quad,15209 15210 15226 15225
15210,quad,15210 15211 15227 15226
15211,quad,15211 15212 15228 15227
15212,quad,15212 15213 15229 15228
15213,quad,15213 15214 15230 15229
15214,quad,15214 15215 15231 15230
15215,quad,15215 15200 15216 15231
15216,quad,15216 15217 15233 15232
15217,quad,15217 15218 15234 15233
15218,quad,15218 15219 15235 15234
15219,quad,15219 15220 15236 15235
15220,quad,15220 15221 15237 15236
15221,quad,15221 15222 15238 15237
15222,quad,15222 15223 15239 15238
15223,quad,15223 15224 15240 15239
15224,quad,15224 15225 15241 15240
15225,quad,15225 15226 15242 15241
15226,quad,15226 15227 15243 15242
15227,quad,15227 15228 15244 15243
15228,quad,15228 15229 15245 15244
15229,quad,15229 15230 15246 15245
15230,quad,15230 15231 15247 15246
15231,quad,15231 15216 15232 15247
15232,quad,15232 15233 15249 15248
15233,quad,15233 15234 15250 15249
15234,quad,15234 15235 15251 15250
15235,quad,15235 15236 15252 15251
15236,quad,15236 15237 15253 15252
15237,quad,15237 15238 15254 15253
15238,quad,15238 15239 15255 15254
15239,quad,15239 15240 15256 15255
15240,quad,15240 15241 15257 15256
15241,quad,15241 15242 15258 15257
15242,quad,15242 15243 15259 15258
15243,quad,15243 15244 15260 15259
15244,quad,15244 15245 15261 15260
15245,quad,15245 15246 15262 15261
15246,quad,15246 15247 15263 15262
15247,quad,15247 15232 15248 15263
15248,quad,15248 15249 15265 15264
15249,quad,15249 15250 15266 15265
15250,quad,15250 15251 15267 15266
15251,quad,15251 15252 15268 15267
15252,quad,15252 15253 15269 15268
15253,quad,15253 15254 15270 15269
15254,quad,15254 15255 15271 15270
15255,quad,15255 15256 15272 15271
15256,quad,15256 15257 15273 15272
15257,quad,15257 15258 15274 15273
15258,quad,15258 15259 15275 15274
15259,quad,15259 15260 15276 15275
15260,quad,15260 15261 15277 15276
15261,quad,15261 15262 15278 15277
15262,quad,15262 15263 15279 15278
15263,quad,15263 15248 15264 15279
15264,quad,15264 15265 15281 15280
15265,quad,15265 15266 15282 15281
15266,quad,15266 15267 15283 15282
15267,quad,15267 15268 15284 15283
15268,quad,15268 15269 15285 15284
15269,quad,15269 15270 15286 15285
15270,quad,15270 15271 15287 15286
15271,quad,15271 15272 15288 15287
15272,quad,15272 15273 15289 15288
15273,quad,15273 15274 15290 15289
15274,quad,15274 15275 15291 15290
15275,quad,15275 15276 15292 15291
15276,quad,15276 15277 15293 15292
15277,quad,15277 15278 15294 15293
15278,quad,15278 15279 15295 15294
15279,quad,15279 15264 15280 15295
15280,quad,15280 15281 15297 15296
15281,quad,15281 15282 15298 15297
15282,quad,15282 15283 15299 15298
15283,quad,15283 15284 15300 15299
15284,quad,15284 15285 15301 15300
15285,quad,15285 15286 15302 15301
15286,quad,15286 15287 15303 15302
15287,quad,15287 15288 15304 15303
15288,quad,15288 15289 15305 15304
15289,quad,15289 15290 15306 15305
15290,quad,15290 15291 15307 15306
15291,quad,15291 15292 15308 15307
15292,quad,15292 15293 15309 15308
15293,quad,15293 15294 15310 15309
15294,quad,15294 15295 15311 15310
15295,quad,15295 15280 15296 15311
15296,quad,15296 15297 15313 15312
15297,quad,15297 15298 15314 15313
15298,quad,15298 15299 15315 15314
15299,quad,15299 15300 15316 15315
15300,quad,15300 15301 15317 15316
15301,quad,15301 15302 15318 15317
15302,quad,15302 15303 15319 15318
15303,quad,15303 15304 15320 15319
15304,quad,15304 15305 15321 15320
15305,quad,15305 15306 15322 15321
15306,quad,15306 15307 15323 15322
15307,quad,15307 15308 15324 15323
15308,quad,15308 15309 15325 15324
15309,quad,15309 15310 15326 15325
15310,quad,15310 15311 15327 15326
15311,quad,15311 15296 15312 15327
15312,quad,15312 15313 15329 15328
15313,quad,15313 15314 15330 15329
15314,quad,15314 15315 15331 15330
15315,quad,15315 15316 15332 15331
15316,quad,15316 15317 15333 15332
15317,quad,15317 15318 15334 15333
15318,quad,15318 15319 15335 15334
15319,quad,15319 15320 15336 15335
15320,quad,15320 15321 15337 15336
15321,quad,15321 15322 15338 15337
15322,quad,15322 15323 15339 15338
15323,quad,15323 15324 15340 15339
15324,quad,15324 15325 15341 15340
15325,quad,15325 15326 15342 15341
15326,quad,15326 15327 15343 15342
15327,quad,15327 15312 15328 15343
15328,quad,15328 15329 15345 15344
15329,quad,15329 15330 15346 15345
15330,quad,15330 15331 15347 15346
15331,quad,15331 15332 15348 15347
15332,quad,15332 15333 15349 15348
15333,quad,15333 15334 15350 15349
15334,quad,15334 15335 15351 15350
15335,quad,15335 15336 15352 15351
15336,quad,15336 15337 15353 15352
15337,quad,15337 15338 15354 15353
15338,quad,15338 15339 15355 15354
15339,quad,15339 15340 15356 15355
15340,quad,15340 15341 15357 15356
15341,quad,15341 15342 15358 15357
15342,quad,15342 15343 15359 15358
15343,quad,15343 15328 15344 15359
15344,quad,15344 15345 15361 15360
15345,quad,15345 15346 15362 15361
15346,quad,15346 15347 15363 15362
15347,quad,15347 15348 15364 15363
15348,quad,15348 15349 15365 15364
15349,quad,15349 15350 15366 15365
15350,quad,15350 15351 15367 15366
15351,quad,15351 15352 15368 15367
15352,quad,15352 15353 15369 15368
15353,quad,15353 15354 15370 15369
15354,quad,15354 15355 15371 15370
15355,quad,15355 15356 15372 15371
15356,quad,15356 15357 15373 15372
15357,quad,15357 15358 15374 15373
15358,quad,15358 15359 15375 15374
15359,quad,15359 15344 15360 15375
15360,quad,15360 15361 15377 15376
15361,quad,15361 15362 15378 15377
15362,quad,15362 15363 15379 15378
15363,quad,15363 15364 15380 15379
15364,quad,15364 15365 15381 15380
15365,quad,15365 15366 15382 15381
15366,quad,15366 15367 15383 15382
15367,quad,15367 15368 15384 15383
15368,quad,15368 15369 15385 15384
15369,quad,15369 15370 15386 15385
15370,quad,15370 15371 15387 15386
15371,quad,15371 15372 15388 15387
15372,quad,15372 15373 15389 15388
15373,quad,15373 15374 15390 15389
15374,quad,15374 15375 15391 15390
15375,quad,15375 15360 15376 15391
15376,quad,15376 15377 15393 15392
15377,quad,15377 15378 15394 15393
15378,quad,15378 15379 15395 15394
15379,quad,15379 15380 15396 15395
15380,quad,15380 15381 15397 15396
15381,quad,15381 15382 15398 15397
15382,quad,15382 15383 15399 15398
15383,quad,15383 15384 15400 15399
15384,quad,15384 15385 15401 15400
15385,quad,15385 15386 15402 15401
15386,quad,15386 15387 15403 15402
15387,quad,15387 15388 15404 15403
15388,quad,15388 15389 15405 15404
15389,quad,15389 15390 15406 15405
15390,quad,15390 15391 15407 15406
15391,quad,15391 15376 15392 15407
15392,quad,15392 15393 15409 15408
15393,quad,15393 15394 15410 15409
15394,quad,15394 15395 15411 15410
15395,quad,15395 15396 15412 15411
15396,quad,15396 15397 15413 15412
15397,quad,15397 15398 15414 15413
15398,quad,15398 15399 15415 15414
15399,quad,15399 15400 15416 15415
15400,quad,15400 15401 15417 15416
15401,quad,15401 15402 15418 15417
15402,quad,15402 15403 15419 15418
15403,quad,15403 15404 15420 15419
15404,quad,15404 15405 15421 15420
15405,quad,15405 15406 15422 15421
15406,quad,15406 15407 15423 15422
15407,quad,15407 15392 15408 15423
15408,quad,15408 15409 15425 15424
15409,quad,15409 15410 15426 15425
15410,quad,15410 15411 15427 15426
15411,quad,15411 15412 15428 15427
15412,quad,15412 15413 15429 15428
15413,quad,15413 15414 15430 15429
15414,quad,15414 15415 15431 15430
15415,quad,15415 15416 15432 15431
15416,quad,15416 15417 15433 15432
15417,quad,15417 15418 15434 15433
15418,quad,15418 15419 15435 15434
15419,quad,15419 15420 15436 15435
15420,quad,15420 15421 15437 15436
15421,quad,15421 15422 15438 15437
15422,quad,15422 15423 15439 15438
15423,quad,15423 15408 15424 15439
15424,quad,15424 15425 15441 15440
15425,quad,15425 15426 15442 15441
15426,quad,15426 15427 15443 15442
15427,quad,15427 15428 15444 15443
15428,quad,15428 15429 15445 15444
15429,quad,15429 15430 15446 15445
15430,quad,15430 15431 15447 15446
15431,quad,15431 15432 15448 15447
15432,quad,15432 15433 15449 15448
15433,quad,15433 15434 15450 15449
15434,quad,15434 15435 15451 15450
15435,quad,15435 15436 15452 15451
15436,quad,15436 15437 15453 15452
15437,quad,15437 15438 15454 15453
15438,quad,15438 15439 15455 15454
15439,quad,15439 15424 15440 15455
15440,quad,15440 15441 15457 15456
15441,quad,15441 15442 15458 15457
15442,quad,15442 15443 15459 15458
15443,quad,15443 15444 15460 15459
15444,quad,15444 15445 15461 15460
15445,quad,15445 15446 15462 15461
15446,quad,15446 15447 15463 15462
15447,quad,15447 15448 15464 15463
15448,quad,15448 15449 15465 15464
15449,quad,15449 15450 15466 15465
15450,quad,15450 15451 15467 15466
15451,quad,15451 15452 15468 15467
15452,quad,15452 15453 15469 15468
15453,quad,15453 15454 15470 15469
15454,quad,15454 15455 15471 15470
15455,quad,15455 15440 15456 15471
15456,quad,15456 15457 15473 15472
15457,quad,15457 15458 15474 15473
15458,quad,15458 15459 15475 15474
15459,quad,15459 15460 15476 15475
15460,quad,15460 15461 15477 15476
15461,quad,15461 15462 15478 15477
15462,quad,15462 15463 15479 15478
15463,quad,15463 15464 15480 15479
15464,quad,15464 15465 15481 15480
15465,quad,15465 15466 15482 15481
15466,quad,15466 15467 15483 15482
15467,quad,15467 15468 15484 15483
15468,quad,15468 15469 15485 15484
15469,quad,15469 15470 15486 15485
15470,quad,15470 15471 15487 15486
15471,quad,15471 15456 15472 15487
15472,quad,15472 15473 15489 15488
15473,quad,15473 15474 15490 15489
15474,quad,15474 15475 15491 15490
15475,quad,15475 15476 15492 15491
15476,quad,15476 15477 15493 15492
15477,quad,15477 15478 15494 15493
15478,quad,15478 15479 15495 15494
15479,quad,15479 15480 15496 15495
15480,quad,15480 15481 15497 15496
15481,quad,15481 15482 15498 15497
15482,quad,15482 15483 15499 15498
15483,quad,15483 15484 15500 15499
15484,quad,15484 15485 15501 15500
15485,quad,15485 15486 15502 15501
15486,quad,15486 15487 15503 15502
15487,quad,15487 15472 15488 15503
15488,quad,15488 15489 15505 15504
15489,quad,15489 15490 15506 15505
15490,quad,15490 15491 15507 15506
15491,quad,15491 15492 15508 15507
15492,quad,15492 15493 15509 15508
15493,quad,15493 15494 15510 15509
15494,quad,15494 15495 15511 15510
15495,quad,15495 15496 15512 15511
15496,quad,15496 15497 15513 15512
15497,quad,15497 15498 15514 15513
15498,quad,15498 15499 15515 15514
15499,quad,15499 15500 15516 15515
15500,quad,15500 15501 15517 15516
15501,quad,15501 15502 15518 15517
15502,quad,15502 15503 15519 15518
15503,quad,15503 15488 15504 15519
15504,quad,15504 15505 15521 15520
15505,quad,15505 15506 15522 15521
15506,quad,15506 15507 15523 15522
15507,quad,15507 15508 15524 15523
15508,quad,15508 15509 15525 15524
15509,quad,15509 15510 15526 15525
15510,quad,15510 15511 15527 15526
15511,quad,15511 15512 15528 15527
15512,quad,15512 15513 15529 15528
15513,quad,15513 15514 15530 15529
15514,quad,15514 15515 15531 15530
15515,quad,15515 15516 15532 15531
15516,quad,15516 15517 15533 15532
15517,quad,15517 15518 15534 15533
15518,quad,15518 15519 15535 15534
15519,quad,15519 15504 15520 15535
15520,quad,15520 15521 15537 15536
15521,quad,15521 15522 15538 15537
15522,quad,15522 15523 15539 15538
15523,quad,15523 15524 15540 15539
15524,quad,15524 15525 15541 15540
15525,quad,15525 15526 15542 15541
15526,quad,15526 15527 15543 15542
15527,quad,15527 15528 15544 15543
15528,quad,15528 15529 15545 15544
15529,quad,15529 15530 15546 15545
15530,quad,15530 15531 15547 15546
15531,quad,15531 15532 15548 15547
15532,quad,15532 15533 15549 15548
15533,quad,15533 15534 15550 15549
15534,quad,15534 15535 15551 15550
15535,quad,15535 15520 15536 15551
15536,quad,15536 15537 15553 15552
15537,quad,15537 15538 15554 15553
15538,quad,15538 15539 15555 15554
15539,quad,15539 15540 15556 15555
15540,quad,15540 15541 15557 15556
15541,quad,15541 15542 15558 15557
15542,quad,15542 15543 15559 15558
15543,quad,15543 15544 15560 15559
15544,quad,15544 15545 15561 15560
15545,quad,15545 15546 15562 15561
15546,quad,15546 15547 15563 15562
15547,quad,15547 15548 15564 15563
15548,quad,15548 15549 15565 15564
15549,quad,15549 15550 15566 15565
15550,quad,15550 15551 15567 15566
15551,quad,15551 15536 15552 15567
15552,quad,15552 15553 15569 15568
15553,quad,15553 15554 15570 15569
15554,quad,15554 15555 15571 15570
15555,quad,15555 15556 15572 15571
15556,quad,15556 15557 15573 15572
15557,quad,15557 15558 15574 15573
15558,quad,15558 15559 15575 15574
15559,quad,15559 15560 15576 15575
15560,quad,15560 15561 15577 15576
15561,quad,15561 15562 15578 15577
15562,quad,15562 15563 15579 15578
15563,quad,15563 15564 15580 15579
15564,quad,15564 15565 15581 15580
15565,quad,15565 15566 15582 15581
15566,quad,15566 15567 15583 15582
15567,quad,15567 15552 15568 15583
15568,quad,15568 15569 15585 15584
15569,quad,15569 15570 15586 15585
15570,quad,15570 15571 15587 15586
15571,quad,15571 15572 15588 15587
15572,quad,15572 15573 15589 15588
15573,quad,15573 15574 15590 15589
15574,quad,15574 15575 15591 15590
15575,quad,15575 15576 15592 15591
15576,quad,15576 15577 15593 15592
15577,quad,15577 15578 15594 15593
15578,quad,15578 15579 15595 15594
15579,quad,15579 15580 15596 15595
15580,quad,15580 15581 15597 15596
15581,quad,15581 15582 15598 15597
15582,quad,15582 15583 15599 15598
15583,quad,15583 15568 15584 15599
15584,quad,15584 15585 15601 15600
15585,quad,15585 15586 15602 15601
15586,quad,15586 15587 15603 15602
15587,quad,15587 15588 15604 15603
15588,quad,15588 15589 15605 15604
15589,quad,15589 15590 15606 15605
15590,quad,15590 15591 15607 15606
15591,quad,15591 15592 15608 15607
15592,quad,15592 15593 15609 15608
15593,quad,15593 15594 15610 15609
15594,quad,15594 15595 15611 15610
15595,quad,15595 15596 15612 15611
15596,quad,15596 15597 15613 15612
15597,quad,15597 15598 15614 15613
15598,quad,15598 15599 15615 15614
15599,quad,15599 15584 15600 15615
15600,quad,15600 15601 15617 15616
15601,quad,15601 15602 15618 15617
15602,quad,15602 15603 15619 15618
15603,quad,15603 15604 15620 15619
15604,quad,15604 15605 15621 15620
15605,quad,15605 15606 15622 15621
15606,quad,15606 15607 15623 15622
15607,quad,15607 15608 15624 15623
15608,quad,15608 15609 15625 15624
15609,quad,15609 15610 15626 15625
15610,quad,15610 15611 15627 15626
15611,quad,15611 15612 15628 15627
15612,quad,15612 15613 15629 15628
15613,quad,15613 15614 15630 15629
15614,quad,15614 15615 15631 15630
15615,quad,15615 15600 15616 15631
15616,quad,15616 15617 15633 15632
15617,quad,15617 15618 15634 15633
15618,quad,15618 15619 15635 15634
15619,quad,15619 15620 15636 15635
15620,quad,15620 15621 15637 15636
15621,quad,15621 15622 15638 15637
15622,quad,15622 15623 15639 15638
15623,quad,15623 15624 15640 15639
15624,quad,15624 15625 15641 15640
15625,quad,15625 15626 15642 15641
15626,quad,15626 15627 15643 15642
15627,quad,15627 15628 15644 15643
15628,quad,15628 15629 15645 15644
15629,quad,15629 15630 15646 15645
15630,quad,15630 15631 15647 15646
15631,quad,15631 15616 15632 15647
15632,quad,15632 15633 15649 15648
15633,quad,15633 15634 15650 15649
15634,quad,15634 15635 15651 15650
15635,quad,15635 15636 15652 15651
15636,quad,15636 15637 15653 15652
15637,quad,15637 15638 15654 15653
15638,quad,15638 15639 15655 15654
15639,quad,15639 15640 15656 15655
15640,quad,15640 15641 15657 15656
15641,quad,15641 15642 15658 15657
15642,quad,15642 15643 15659 15658
15643,quad,15643 15644 15660 15659
15644,quad,15644 15645 15661 15660
15645,quad,15645 15646 15662 15661
15646,quad,15646 15647 15663 15662
15647,quad,15647 15632 15648 15663
15648,quad,15648 15649 15665 15664
15649,quad,15649 15650 15666 15665
15650,quad,15650 15651 15667 15666
15651,quad,15651 15652 15668 15667
15652,quad,15652 15653 15669 15668
15653,quad,15653 15654 15670 15669
15654,quad,15654 15655 15671 15670
15655,quad,15655 15656 15672 15671
15656,quad,15656 15657 15673 15672
15657,quad,15657 15658 15674 15673
15658,quad,15658 15659 15675 15674
15659,quad,15659 15660 15676 15675
15660,quad,15660 15661 15677 15676
15661,quad,15661 15662 15678 15677
15662,quad,15662 15663 15679 15678
15663,quad,15663 15648 15664 15679
15664,quad,15664 15665 15681 15680
15665,quad,15665 15666 15682 15681
15666,quad,15666 15667 15683 15682
15667,quad,15667 15668 15684 15683
15668,quad,15668 15669 15685 15684
15669,quad,15669 15670 15686 15685
15670,quad,15670 15671 15687 15686
15671,quad,15671 15672 15688 15687
15672,quad,15672 15673 15689 15688
15673,quad,15673 15674 15690 15689
15674,quad,15674 15675 15691 15690
15675,quad,15675 15676 15692 15691
15676,quad,15676 15677 15693 15692
15677,quad,15677 15678 15694 15693
15678,quad,15678 15679 15695 15694
15679,quad,15679 15664 15680 15695
15680,quad,15680 15681 15697 15696
15681,quad,15681 15682 15698 15697
15682,quad,15682 15683 15699 15698
15683,quad,15683 15684 15700 15699
15684,quad,15684 15685 15701 15700
15685,quad,15685 15686 15702 15701
15686,quad,15686 15687 15703 15702
15687,quad,15687 15688 15704 15703
15688,quad,15688 15689 15705 15704
15689,quad,15689 15690 15706 15705
15690,quad,15690 15691 15707 15706
15691,quad,15691 15692 15708 15707
15692,quad,15692 15693 15709 15708
15693,quad,15693 15694 15710 15709
15694,quad,15694 15695 15711 15710
15695,quad,15695 15680 15696 15711
15696,quad,15696 15697 15713 15712
15697,quad,15697 15698 15714 15713
15698,quad,15698 15699 15715 15714
15699,quad,15699 15700 15716 15715
15700,quad,15700 15701 15717 15716
15701,quad,15701 15702 15718 15717
15702,quad,15702 15703 15719 15718
15703,quad,15703 15704 15720 15719
15704,quad,15704 15705 15721 15720
15705,quad,15705 15706 15722 15721
15706,quad,15706 15707 15723 15722
15707,quad,15707 15708 15724 15723
15708,quad,15708 15709 15725 15724
15709,quad,15709 15710 15726 15725
15710,quad,15710 15711 15727 15726
15711,quad,15711 15696 15712 15727
15712,quad,15712 15713 15729 15728
15713,quad,15713 15714 15730 15729
15714,quad,15714 15715 15731 15730
15715,quad,15715 15716 15732 15731
15716,quad,15716 15717 15733 15732
15717,quad,15717 15718 15734 15733
15718,quad,15718 15719 15735 15734
15719,quad,15719 15720 15736 15735
15720,quad,15720 15721 15737 15736
15721,quad,15721 15722 15738 15737
15722,quad,15722 15723 15739 15738
15723,quad,15723 15724 15740 15739
15724,quad,15724 15725 15741 15740
15725,quad,15725 15726 15742 15741
15726,quad,15726 15727 15743 15742
15727,quad,15727 15712 15728 15743
15728,quad,15728 15729 15745 15744
15729,quad,15729 15730 15746 15745
15730,quad,15730 15731 15747 15746
15731,quad,15731 15732 15748 15747
15732,quad,15732 15733 15749 15748
15733,quad,15733 15734 15750 15749
15734,quad,15734 15735 15751 15750
15735,quad,15735 15736 15752 15751
15736,quad,15736 15737 15753 15752
15737,quad,15737 15738 15754 15753
15738,quad,15738 15739 15755 15754
15739,quad,15739 15740 15756 15755
15740,quad,15740 15741 15757 15756
15741,quad,15741 15742 15758 15757
15742,quad,15742 15743 15759 15758
15743,quad,15743 15728 15744 15759
15744,quad,15744 15745 15761 15760
15745,quad,15745 15746 15762 15761
15746,quad,15746 15747 15763 15762
15747,quad,15747 15748 15764 15763
15748,quad,15748 15749 15765 15764
15749,quad,15749 15750 15766 15765
15750,quad,15750 15751 15767 15766
15751,quad,15751 15752 15768 15767
15752,quad,15752 15753 15769 15768
15753,quad,15753 15754 15770 15769
15754,quad,15754 15755 15771 15770
15755,quad,15755 15756 15772 15771
15756,quad,15756 15757 15773 15772
15757,quad,15757 15758 15774 15773
15758,quad,15758 15759 15775 15774
15759,quad,15759 15744 15760 15775
15760,quad,15760 15761 15777 15776
15761,quad,15761 15762 15778 15777
15762,quad,15762 15763 15779 15778
15763,quad,15763 15764 15780 15779
15764,quad,15764 15765 15781 15780
15765,quad,15765 15766 15782 15781
15766,quad,15766 15767 15783 15782
15767,quad,15767 15768 15784 15783
15768,quad,15768 15769 15785 15784
15769,quad,15769 15770 15786 15785
15770,quad,15770 15771 15787 15786
15771,quad,15771 15772 15788 15787
15772,quad,15772 15773 15789 15788
15773,quad,15773 15774 15790 15789
15774,quad,15774 15775 15791 15790
15775,quad,15775 15760 15776 15791
15776,quad,15776 15777 15793 15792
15777,quad,15777 15778 15794 15793
15778,quad,15778 15779 15795 15794
15779,quad,15779 15780 15796 15795
15780,quad,15780 15781 15797 15796
15781,quad,15781 15782 15798 15797
15782,quad,15782 15783 15799 15798
15783,quad,15783 15784 15800 15799
15784,quad,15784 15785 15801 15800
15785,quad,15785 15786 15802 15801
15786,quad,15786 15787 15803 15802
15787,quad,15787 15788 15804 15803
15788,quad,15788 15789 15805 15804
15789,quad,15789 15790 15806 15805
15790,quad,15790 15791 15807 15806
15791,quad,15791 15776 15792 15807
15792,quad,15792 15793 15809 15808
15793,quad,15793 15794 15810 15809
15794,quad,15794 15795 15811 15810
15795,quad,15795 15796 15812 15811
15796,quad,15796 15797 15813 15812
15797,quad,15797 15798 15814 15813
15798,quad,15798 15799 15815 15814
15799,quad,15799 15800 15816 15815
15800,quad,15800 15801 15817 15816
15801,quad,15801 15802 15818 15817
15802,quad,15802 15803 15819 15818
15803,quad,15803 15804 15820 15819
15804,quad,15804 15805 15821 15820
15805,quad,15805 15806 15822 15821
15806,quad,15806 15807 15823 15822
15807,quad,15807 15792 15808 15823
15808,quad,15808 15809 15825 15824
15809,quad,15809 15810 15826 15825
15810,quad,15810 15811 15827 15826
15811,quad,15811 15812 15828 15827
15812,quad,15812 15813 15829 15828
15813,quad,15813 15814 15830 15829
15814,quad,15814 15815 15831 15830
15815,quad,15815 15816 15832 15831
15816,quad,15816 15817 15833 15832
15817,quad,15817 15818 15834 15833
15818,quad,15818 15819 15835 15834
15819,quad,15819 15820 15836 15835
15820,quad,15820 15821 15837 15836
15821,quad,15821 15822 15838 15837
15822,quad,15822 15823 15839 15838
15823,quad,15823 15808 15824 15839
15824,quad,15824 15825 15841 15840
15825,quad,15825 15826 15842 15841
15826,quad,15826 15827 15843 15842
15827,quad,15827 15828 15844 15843
15828,quad,15828 15829 15845 15844
15829,quad,15829 15830 15846 15845
15830,quad,15830 15831 15847 15846
15831,quad,15831 15832 15848 15847
15832,quad,15832 15833 15849 15848
15833,quad,15833 15834 15850 15849
15834,quad,15834 15835 15851 15850
15835,quad,15835 15836 15852 15851
15836,quad,15836 15837 15853 15852
15837,quad,15837 15838 15854 15853
15838,quad,15838 15839 15855 15854
15839,quad,15839 15824 15840 15855
15840,quad,15840 15841 15857 15856
15841,quad,15841 15842 15858 15857
15842,quad,15842 15843 15859 15858
15843,quad,15843 15844 15860 15859
15844,quad,15844 15845 15861 15860
15845,quad,15845 15846 15862 15861
15846,quad,15846 15847 15863 15862
15847,quad,15847 15848 15864 15863
15848,quad,15848 15849 15865 15864
15849,quad,15849 15850 15866 15865
15850,quad,15850 15851 15867 15866
15851,quad,15851 15852 15868 15867
15852,quad,15852 15853 15869 15868
15853,quad,15853 15854 15870 15869
15854,quad,15854 15855 15871 15870
15855,quad,15855 15840 15856 15871
15856,quad,15856 15857 15873 15872
15857,quad,15857 15858 15874 15873
15858,quad,15858 15859 15875 15874
15859,quad,15859 15860 15876 15875
15860,quad,15860 15861 15877 15876
15861,quad,15861 15862 15878 15877
15862,quad,15862 15863 15879 15878
15863,quad,15863 15864 15880 15879
15864,quad,15864 15865 15881 15880
15865,quad,15865 15866 15882 15881
15866,quad,15866 15867 15883 15882
15867,quad,15867 15868 15884 15883
15868,quad,15868 15869 15885 15884
15869,quad,15869 15870 15886 15885
15870,quad,15870 15871 15887 15886
15871,quad,15871 15856 15872 15887
15872,quad,15872 15873 15889 15888
15873,quad,15873 15874 15890 15889
15874,quad,15874 15875 15891 15890
15875,quad,15875 15876 15892 15891
15876,quad,15876 15877 15893 15892
15877,quad,15877 15878 15894 15893
15878,quad,15878 15879 15895 15894
15879,quad,15879 15880 15896 15895
15880,quad,15880 15881 15897 15896
15881,quad,15881 15882 15898 15897
15882,quad,15882 15883 15899 15898
15883,quad,15883 15884 15900 15899
15884,quad,15884 15885 15901 15900
15885,quad,15885 15886 15902 15901
15886,quad,15886 15887 15903 15902
15887,quad,15887 15872 15888 15903
15888,quad,15888 15889 15905 15904
15889,quad,15889 15890 15906 15905
15890,quad,15890 15891 15907 15906
15891,quad,15891 15892 15908 15907
15892,quad,15892 15893 15909 15908
15893,quad,15893 15894 15910 15909
15894,quad,15894 15895 15911 15910
15895,quad,15895 15896 15912 15911
15896,quad,15896 15897 15913 15912
15897,quad,15897 15898 15914 15913
15898,quad,15898 15899 15915 15914
15899,quad,15899 15900 15916 15915
15900,quad,15900 15901 15917 15916
15901,quad,15901 15902 15918 15917
15902,quad,15902 15903 15919 15918
15903,quad,15903 15888 15904 15919
15904,quad,15904 15905 15921 15920
15905,quad,15905 15906 15922 15921
15906,quad,15906 15907 15923 15922
15907,quad,15907 15908 15924 15923
15908,quad,15908 15909 15925 15924
15909,quad,15909 15910 15926 15925
15910,quad,15910 15911 15927 15926
15911,quad,15911 15912 15928 15927
15912,quad,15912 15913 15929 15928
15913,quad,15913 15914 15930 15929
15914,quad,15914 15915 15931 15930
15915,quad,15915 15916 15932 15931
15916,quad,15916 15917 15933 15932
15917,quad,15917 15918 15934 15933
15918,quad,15918 15919 15935 15934
15919,quad,15919 15904 15920 15935
15920,quad,15920 15921 15937 15936
15921,quad,15921 15922 15938 15937
15922,quad,15922 15923 15939 15938
15923,quad,15923 15924 15940 15939
15924,quad,15924 15925 15941 15940
15925,quad,15925 15926 15942 15941
15926,quad,15926 15927 15943 15942
15927,quad,15927 15928 15944 15943
15928,quad,15928 15929 15945 15944
15929,quad,15929 15930 15946 15945
15930,quad,15930 15931 15947 15946
15931,quad,15931 15932 15948 15947
15932,quad,15932 15933 15949 15948
15933,quad,15933 15934 15950 15949
15934,quad,15934 15935 15951 15950
15935,quad,15935 15920 15936 15951
15936,quad,15936 15937 15953 15952
15937,quad,15937 15938 15954 15953
15938,quad,15938 15939 15955 15954
15939,quad,15939 15940 15956 15955
15940,quad,15940 15941 15957 15956
15941,quad,15941 15942 15958 15957
15942,quad,15942 15943 15959 15958
15943,quad,15943 15944 15960 15959
15944,quad,15944 15945 15961 15960
15945,quad,15945 15946 15962 15961
15946,quad,15946 15947 15963 15962
15947,quad,15947 15948 15964 15963
15948,quad,15948 15949 15965 15964
15949,quad,15949 15950 15966 15965
15950,quad,15950 15951 15967 15966
15951,quad,15951 15936 15952 15967
15952,tri,15968 15969 15970
15953,tri,15968 15970 15971
15954,tri,15968 15971 15972
15955,tri,15968 15972 15973
15956,tri,15968 15973 15974
15957,tri,15968 15974 15975
15958,tri,15968 15975 15976
15959,tri,15968 15976 15977
15960,tri,15968 15977 15978
15961,tri,15968 15978 15979
15962,tri,15968 15979 15980
15963,tri,15968 15980 15981
15964,tri,15968 15981 15982
15965,tri,15968 15982 15983
15966,tri,15968 15983 15984
15967,tri,15968 15984 15969
15968,quad,15969 15970 15986 15985
15969,quad,15970 15971 15987 15986
15970,quad,15971 15972 15988 15987
15971,quad,15972 15973 15989 15988
15972,quad,15973 15974 15990 15989
15973,quad,15974 15975 15991 15990
15974,quad,15975 15976 15992 15991
15975,quad,15976 15977 15993 15992
15976,quad,15977 15978 15994 15993
15977,quad,15978 15979 15995 15994
15978,quad,15979 15980 15996 15995
15979,quad,15980 15981 15997 15996
15980,quad,15981 15982 15998 15997
15981,quad,15982 15983 15999 15998
15982,quad,15983 15984 16000 15999
15983,quad,15984 15969 15985 16000
15984,quad,15985 15986 16002 16001
15985,quad,15986 15987 16003 16002
15986,quad,15987 15988 16004 16003
15987,quad,15988 15989 16005 16004
15988,quad,15989 15990 16006 16005
15989,quad,15990 15991 16007 16006
15990,quad,15991 15992 16008 16007
15991,quad,15992 15993 16009 16008
15992,quad,15993 15994 16010 16009
15993,quad,15994 15995 16011 16010
15994,quad,15995 15996 16012 16011
15995,quad,15996 15997 16013 16012
15996,quad,15997 15998 16014 16013
15997,quad,15998 15999 16015 16014
15998,quad,15999 16000 16016 16015
15999,quad,16000 15985 16001 16016
16000,quad,16001 16002 16018 16017
16001,quad,16002 16003 16019 16018
16002,quad,16003 16004 16020 16019
16003,quad,16004 16005 16021 16020
16004,quad,16005 16006 16022 16021
16005,quad,16006 16007 16023 16022
16006,quad,16007 16008 16024 16023
16007,quad,16008 16009 16025 16024
16008,quad,16009 16010 16026 16025
16009,quad,16010 16011 16027 16026
16010,quad,16011 16012 16028 16027
16011,quad,16012 16013 16029 16028
16012,quad,16013 16014 16030 16029
16013,quad,16014 16015 16031 16030
16014,quad,16015 16016 16032 16031
16015,quad,16016 16001 16017 16032
16016,quad,16017 16018 16034 16033
16017,quad,16018 16019 16035 16034
16018,quad,16019 16020 16036 16035
16019,quad,16020 16021 16037 16036
16020,quad,16021 16022 16038 16037
16021,quad,16022 16023 16039 16038
16022,quad,16023 16024 16040 16039
16023,quad,16024 16025 16041 16040
16024,quad,16025 16026 16042 16041
16025,quad,16026 16027 16043 16042
16026,quad,16027 16028 16044 16043
16027,quad,16028 16029 16045 16044
16028,quad,16029 16030 16046 16045
16029,quad,16030 16031 16047 16046
16030,quad,16031 16032 16048 16047
16031,quad,16032 16017 16033 16048
16032,quad,16033 16034 16050 16049
16033,quad,16034 16035 16051 16050
16034,quad,16035 16036 16052 16051
16035,quad,16036 16037 16053 16052
16036,quad,16037 16038 16054 16053
16037,quad,16038 16039 16055 16054
16038,quad,16039 16040 16056 16055
16039,quad,16040 16041 16057 16056
16040,quad,16041 16042 16058 16057
16041,quad,16042 16043 16059 16058
16042,quad,16043 16044 16060 16059
16043,quad,16044 16045 16061 16060
16044,quad,16045 16046 16062 16061
16045,quad,16046 16047 16063 16062
16046,quad,16047 16048 16064 16063
16047,quad,16048 16033 16049 16064
16048,quad,16049 16050 16066 16065
16049,quad,16050 16051 16067 16066
16050,quad,16051 16052 16068 16067
16051,quad,16052 16053 16069 16068
16052,quad,16053 16054 16070 16069
16053,quad,16054 16055 16071 16070
16054,quad,16055 16056 16072 16071
16055,quad,16056 16057 16073 16072
16056,quad,16057 16058 16074 16073
16057,quad,16058 16059 16075 16074
16058,quad,16059 16060 16076 16075
16059,quad,16060 16061 16077 16076
16060,quad,16061 16062 16078 16077
16061,quad,16062 16063 16079 16078
16062,quad,16063 16064 16080 16079
16063,quad,16064 16049 16065 16080
16064,quad,16065 16066 16082 16081
16065,quad,16066 16067 16083 16082
16066,quad,16067 16068 16084 16083
16067,quad,16068 16069 16085 16084
16068,quad,16069 16070 16086 16085
16069,quad,16070 16071 16087 16086
16070,quad,16071 16072 16088 16087
16071,quad,16072 16073 16089 16088
16072,quad,16073 16074 16090 16089
16073,quad,16074 16075 16091 16090
16074,quad,16075 16076 16092 16091
16075,quad,16076 16077 16093 16092
16076,quad,16077 16078 16094 16093
16077,quad,16078 16079 16095 16094
16078,quad,16079 16080 16096 16095
16079,quad,16080 16065 16081 16096
16080,quad,16081 16082 16098 16097
16081,quad,16082 16083 16099 16098
16082,quad,16083 16084 16100 16099
16083,quad,16084 16085 16101 16100
16084,quad,16085 16086 16102 16101
16085,quad,16086 16087 16103 16102
16086,quad,16087 16088 16104 16103
16087,quad,16088 16089 16105 16104
16088,quad,16089 16090 16106 16105
16089,quad,16090 16091 16107 16106
16090,quad,16091 16092 16108 16107
16091,quad,16092 16093 16109 16108
16092,quad,16093 16094 16110 16109
16093,quad,16094 16095 16111 16110
16094,quad,16095 16096 16112 16111
16095,quad,16096 16081 16097 16112
16096,quad,16097 16098 16114 16113
16097,quad,16098 16099 16115 16114
16098,quad,16099 16100 16116 16115
16099,quad,16100 16101 16117 16116
16100,quad,16101 16102 16118 16117
16101,quad,16102 16103 16119 16118
16102,quad,16103 16104 16120 16119
16103,quad,16104 16105 16121 16120
16104,quad,16105 16106 16122 16121
16105,quad,16106 16107 16123 16122
16106,quad,16107 16108 16124 16123
16107,quad,16108 16109 16125 16124
16108,quad,16109 16110 16126 16125
16109,quad,16110 16111 16127 16126
16110,quad,16111 16112 16128 16127
16111,quad,16112 16097 16113 16128
16112,quad,16113 16114 16130 16129
16113,quad,16114 16115 16131 16130
16114,quad,16115 16116 16132 16131
16115,quad,16116 16117 16133 16132
16116,quad,16117 16118 16134 16133
16117,quad,16118 16119 16135 16134
16118,quad,16119 16120 16136 16135
16119,quad,16120 16121 16137 16136
16120,quad,16121 16122 16138 16137
16121,quad,16122 16123 16139 16138
16122,quad,16123 16124 16140 16139
16123,quad,16124 16125 16141 16140
16124,quad,16125 16126 16142 16141
16125,quad,16126 16127 16143 16142
16126,quad,16127 16128 16144 16143
16127,quad,16128 16113 16129 16144
16128,quad,16129 16130 16146 16145
16129,quad,16130 16131 16147 16146
16130,quad,16131 16132 16148 16147
16131,quad,16132 16133 16149 16148
16132,quad,16133 16134 16150 16149
16133,quad,16134 16135 16151 16150
16134,quad,16135 16136 16152 16151
16135,quad,16136 16137 16153 16152
16136,quad,16137 16138 16154 16153
16137,quad,16138 16139 16155 16154
16138,quad,16139 16140 16156 16155
16139,quad,16140 16141 16157 16156
16140,quad,16141 16142 16158 16157
16141,quad,16142 16143 16159 16158
16142,quad,16143 16144 16160 16159
16143,quad,16144 16129 16145 16160
16144,quad,16145 16146 16162 16161
16145,quad,16146 16147 16163 16162
16146,quad,16147 16148 16164 16163
16147,quad,16148 16149 16165 16164
16148,quad,16149 16150 16166 16165
16149,quad,16150 16151 16167 16166
16150,quad,16151 16152 16168 16167
16151,quad,16152 16153 16169 16168
16152,quad,16153 16154 16170 16169
16153,quad,16154 16155 16171 16170
16154,quad,16155 16156 16172 16171
16155,quad,16156 16157 16173 16172
16156,quad,16157 16158 16174 16173
16157,quad,16158 16159 16175 16174
16158,quad,16159 16160 16176 16175
16159,quad,16160 16145 16161 16176
16160,quad,16161 16162 16178 16177
16161,quad,16162 16163 16179 16178
16162,quad,16163 16164 16180 16179
16163,quad,16164 16165 16181 16180
16164,quad,16165 16166 16182 16181
16165,quad,16166 16167 16183 16182
16166,quad,16167 16168 16184 16183
16167,quad,16168 16169 16185 16184
16168,quad,16169 16170 16186 16185
16169,quad,16170 16171 16187 16186
16170,quad,16171 16172 16188 16187
16171,quad,16172 16173 16189 16188
16172,quad,16173 16174 16190 16189
16173,quad,16174 16175 16191 16190
16174,quad,16175 16176 16192 16191
16175,quad,16176 16161 16177 16192
16176,quad,16177 16178 16194 16193
16177,quad,16178 16179 16195 16194
16178,quad,16179 16180 16196 16195
16179,quad,16180 16181 16197 16196
16180,quad,16181 16182 16198 16197
16181,quad,16182 16183 16199 16198
16182,quad,16183 16184 16200 16199
16183,quad,16184 16185 16201 16200
16184,quad,16185 16186 16202 16201
16185,quad,16186 16187 16203 16202
16186,quad,16187 16188 16204 16203
16187,quad,16188 16189 16205 16204
16188,quad,16189 16190 16206 16205
16189,quad,16190 16191 16207 16206
16190,quad,16191 16192 16208 16207
16191,quad,16192 16177 16193 16208
16192,quad,16193 16194 16210 16209
16193,quad,16194 16195 16211 16210
16194,quad,16195 16196 16212 16211
16195,quad,16196 16197 16213 16212
16196,quad,16197 16198 16214 16213
16197,quad,16198 16199 16215 16214
16198,quad,16199 16200 16216 16215
16199,quad,16200 16201 16217 16216
16200,quad,16201 16202 16218 16217
16201,quad,16202 16203 16219 16218
16202,quad,16203 16204 16220 16219
16203,quad,16204 16205 16221 16220
16204,quad,16205 16206 16222 16221
16205,quad,16206 16207 16223 16222
16206,quad,16207 16208 16224 16223
16207,quad,16208 16193 16209 16224
16208,quad,16209 16210 16226 16225
16209,quad,16210 16211 16227 16226
16210,quad,16211 16212 16228 16227
16211,quad,16212 16213 16229 16228
16212,quad,16213 16214 16230 16229
16213,quad,16214 16215 16231 16230
16214,quad,16215 16216 16232 16231
16215,quad,16216 16217 16233 16232
16216,quad,16217 16218 16234 16233
16217,quad,16218 16219 16235 16234
16218,quad,16219 16220 16236 16235
16219,quad,16220 16221 16237 16236
16220,quad,16221 16222 16238 16237
16221,quad,16222 16223 16239 16238
16222,quad,16223 16224 16240 16239
16223,quad,16224 16209 16225 16240
16224,quad,16225 16226 16242 16241
16225,quad,16226 16227 16243 16242
16226,quad,16227 16228 16244 16243
16227,quad,16228 16229 16245 16244
16228,quad,16229 16230 16246 16245
16229,quad,16230 16231 16247 16246
16230,quad,16231 16232 16248 16247
16231,quad,16232 16233 16249 16248
16232,quad,16233 16234 16250 16249
16233,quad,16234 16235 16251 16250
16234,quad,16235 16236 16252 16251
16235,quad,16236 16237 16253 16252
16236,quad,16237 16238 16254 16253
16237,quad,16238 16239 16255 16254
16238,quad,16239 16240 16256 16255
16239,quad,16240 16225 16241 16256
16240,quad,16241 16242 16258 16257
16241,quad,16242 16243 16259 16258
16242,quad,16243 16244 16260 16259
16243,quad,16244 16245 16261 16260
16244,quad,16245 16246 16262 16261
16245,quad,16246 16247 16263 16262
16246,quad,16247 16248 16264 16263
16247,quad,16248 16249 16265 16264
16248,quad,16249 16250 16266 16265
16249,quad,16250 16251 16267 16266
16250,quad,16251 16252 16268 16267
16251,quad,16252 16253 16269 16268
16252,quad,16253 16254 16270 16269
16253,quad,16254 16255 16271 16270
16254,quad,16255 16256 16272 16271
16255,quad,16256 16241 16257 16272
16256,quad,16257 16258 16274 16273
16257,quad,16258 16259 16275 16274
16258,quad,16259 16260 16276 16275
16259,quad,16260 16261 16277 16276
16260,quad,16261 16262 16278 16277
16261,quad,16262 16263 16279 16278
16262,quad,16263 16264 16280 16279
16263,quad,16264 16265 16281 16280
16264,quad,16265 16266 16282 16281
16265,quad,16266 16267 16283 16282
16266,quad,16267 16268 16284 16283
16267,quad,16268 16269 16285 16284
16268,quad,16269 16270 16286 16285
16269,quad,16270 16271 16287 16286
16270,quad,16271 16272 16288 16287
16271,quad,16272 16257 16273 16288
